#! /usr/bin/vvp
:ivl_version "12.0 (stable)" "(v12_0-dirty)";
:ivl_delay_selection "TYPICAL";
:vpi_time_precision - 12;
:vpi_module "/usr/lib/ivl/system.vpi";
:vpi_module "/usr/lib/ivl/vhdl_sys.vpi";
:vpi_module "/usr/lib/ivl/vhdl_textio.vpi";
:vpi_module "/usr/lib/ivl/v2005_math.vpi";
:vpi_module "/usr/lib/ivl/va_math.vpi";
S_0x55ab27b221b0 .scope module, "bench" "bench" 2 2;
 .timescale -9 -12;
P_0x55ab27a59510 .param/l "c_BIT_PERIOD" 0 2 7, +C4<00000000000000000010000111101000>;
P_0x55ab27a59550 .param/l "tck" 0 2 6, +C4<00000000000000000000000000101000>;
v0x55ab27b65a70_0 .var "CLK", 0 0;
v0x55ab27b65b30_0 .net "LEDS", 0 0, v0x55ab27b635c0_0;  1 drivers
v0x55ab27b65c40_0 .var "RESET", 0 0;
v0x55ab27b65ce0_0 .var "RXD", 0 0;
v0x55ab27b65d80_0 .net "TXD", 0 0, v0x55ab27b62ea0_0;  1 drivers
v0x55ab27b65e20_0 .var "prev_LEDS", 4 0;
v0x55ab27b65ec0_0 .net "spi_clk", 0 0, v0x55ab27b5e5a0_0;  1 drivers
v0x55ab27b65f60_0 .net "spi_cs", 0 0, v0x55ab27b5e670_0;  1 drivers
v0x55ab27b66000_0 .net "spi_miso", 0 0, L_0x55ab27b89b30;  1 drivers
v0x55ab27b66130_0 .net "spi_mosi", 0 0, L_0x55ab27b889a0;  1 drivers
S_0x55ab27af2ce0 .scope task, "UART_WRITE_BYTE" "UART_WRITE_BYTE" 2 23, 2 23 0, S_0x55ab27b221b0;
 .timescale -9 -12;
v0x55ab27b0c730_0 .var "i_Data", 7 0;
v0x55ab27b04640_0 .var/i "ii", 31 0;
TD_bench.UART_WRITE_BYTE ;
    %pushi/vec4 0, 0, 1;
    %assign/vec4 v0x55ab27b65ce0_0, 0;
    %delay 8680000, 0;
    %delay 1000000, 0;
    %pushi/vec4 0, 0, 32;
    %store/vec4 v0x55ab27b04640_0, 0, 32;
T_0.0 ;
    %load/vec4 v0x55ab27b04640_0;
    %cmpi/s 8, 0, 32;
    %jmp/0xz T_0.1, 5;
    %load/vec4 v0x55ab27b0c730_0;
    %load/vec4 v0x55ab27b04640_0;
    %part/s 1;
    %assign/vec4 v0x55ab27b65ce0_0, 0;
    %delay 8680000, 0;
    %load/vec4 v0x55ab27b04640_0;
    %addi 1, 0, 32;
    %store/vec4 v0x55ab27b04640_0, 0, 32;
    %jmp T_0.0;
T_0.1 ;
    %pushi/vec4 1, 0, 1;
    %assign/vec4 v0x55ab27b65ce0_0, 0;
    %delay 8680000, 0;
    %end;
S_0x55ab27b4b600 .scope module, "flash0" "spiflash" 2 60, 3 39 0, S_0x55ab27b221b0;
 .timescale -9 -12;
    .port_info 0 /INPUT 1 "csb";
    .port_info 1 /INPUT 1 "clk";
    .port_info 2 /INOUT 1 "io0";
    .port_info 3 /INOUT 1 "io1";
    .port_info 4 /INOUT 1 "io2";
    .port_info 5 /INOUT 1 "io3";
P_0x55ab27b1ed10 .param/l "latency" 1 3 48, +C4<00000000000000000000000000001000>;
P_0x55ab27b1ed50 .param/l "mode_dspi_rd" 1 3 66, C4<0010>;
P_0x55ab27b1ed90 .param/l "mode_dspi_wr" 1 3 67, C4<0011>;
P_0x55ab27b1edd0 .param/l "mode_qspi_ddr_rd" 1 3 70, C4<0110>;
P_0x55ab27b1ee10 .param/l "mode_qspi_ddr_wr" 1 3 71, C4<0111>;
P_0x55ab27b1ee50 .param/l "mode_qspi_rd" 1 3 68, C4<0100>;
P_0x55ab27b1ee90 .param/l "mode_qspi_wr" 1 3 69, C4<0101>;
P_0x55ab27b1eed0 .param/l "mode_spi" 1 3 65, C4<0001>;
P_0x55ab27b1ef10 .param/l "verbose" 1 3 47, +C4<00000000000000000000000000000000>;
L_0x55ab27b89f00/d .functor BUFZ 1, L_0x55ab27b889a0, C4<0>, C4<0>, C4<0>;
L_0x55ab27b89f00 .delay 1 (1000,1000,1000) L_0x55ab27b89f00/d;
L_0x55ab27b8a010/d .functor BUFZ 1, L_0x55ab27b89b30, C4<0>, C4<0>, C4<0>;
L_0x55ab27b8a010 .delay 1 (1000,1000,1000) L_0x55ab27b8a010/d;
L_0x55ab27b8a120/d .functor BUFZ 1, L_0x55ab27b89d70, C4<0>, C4<0>, C4<0>;
L_0x55ab27b8a120 .delay 1 (1000,1000,1000) L_0x55ab27b8a120/d;
L_0x55ab27b8a280/d .functor BUFZ 1, L_0x55ab27b89e10, C4<0>, C4<0>, C4<0>;
L_0x55ab27b8a280 .delay 1 (1000,1000,1000) L_0x55ab27b8a280/d;
o0x7f49c9bae078 .functor BUFZ 1, C4<z>; HiZ drive
; Elide local net with no drivers, v0x55ab27b07810_0 name=_ivl_0
o0x7f49c9bae0a8 .functor BUFZ 1, C4<z>; HiZ drive
; Elide local net with no drivers, v0x55ab27b09c90_0 name=_ivl_4
o0x7f49c9bae0d8 .functor BUFZ 1, C4<z>; HiZ drive
; Elide local net with no drivers, v0x55ab27af5170_0 name=_ivl_8
v0x55ab27af5e40_0 .var/i "bitcount", 31 0;
v0x55ab27af9f40_0 .var "buffer", 7 0;
v0x55ab27afdbd0_0 .var/i "bytecount", 31 0;
v0x55ab27afe8a0_0 .net "clk", 0 0, v0x55ab27b5e5a0_0;  alias, 1 drivers
v0x55ab27b01c40_0 .net "csb", 0 0, v0x55ab27b5e670_0;  alias, 1 drivers
v0x55ab27ae5a50_0 .var/i "dummycount", 31 0;
v0x55ab27ae73a0_0 .var "firmware_file", 1023 0;
v0x55ab27b1b5b0_0 .net "io0", 0 0, L_0x55ab27b889a0;  alias, 1 drivers
v0x55ab27b1ab90_0 .net "io0_delayed", 0 0, L_0x55ab27b89f00;  1 drivers
v0x55ab27b1a1d0_0 .var "io0_dout", 0 0;
v0x55ab27b4c4a0_0 .var "io0_oe", 0 0;
v0x55ab27b4c560_0 .net "io1", 0 0, L_0x55ab27b89b30;  alias, 1 drivers
v0x55ab27b4c620_0 .net "io1_delayed", 0 0, L_0x55ab27b8a010;  1 drivers
v0x55ab27b4c6e0_0 .var "io1_dout", 0 0;
v0x55ab27b4c7a0_0 .var "io1_oe", 0 0;
v0x55ab27b4c860_0 .net "io2", 0 0, L_0x55ab27b89d70;  1 drivers
v0x55ab27b4c920_0 .net "io2_delayed", 0 0, L_0x55ab27b8a120;  1 drivers
v0x55ab27b4c9e0_0 .var "io2_dout", 0 0;
v0x55ab27b4caa0_0 .var "io2_oe", 0 0;
v0x55ab27b4cb60_0 .net "io3", 0 0, L_0x55ab27b89e10;  1 drivers
v0x55ab27b4cc20_0 .net "io3_delayed", 0 0, L_0x55ab27b8a280;  1 drivers
v0x55ab27b4cce0_0 .var "io3_dout", 0 0;
v0x55ab27b4cda0_0 .var "io3_oe", 0 0;
v0x55ab27b4ce60 .array "memory", 4095 0, 7 0;
v0x55ab27b4cf20_0 .var "mode", 3 0;
v0x55ab27b4d000_0 .var "next_mode", 3 0;
v0x55ab27b4d0e0_0 .var "powered_up", 0 0;
v0x55ab27b4d1a0_0 .var "spi_addr", 23 0;
v0x55ab27b4d280_0 .var "spi_cmd", 7 0;
v0x55ab27b4d360_0 .var "spi_in", 7 0;
v0x55ab27b4d650_0 .var "spi_io_vld", 0 0;
v0x55ab27b4d710_0 .var "spi_out", 7 0;
v0x55ab27b4d7f0_0 .var "xip_cmd", 7 0;
E_0x55ab279ee150 .event negedge, v0x55ab27afe8a0_0;
E_0x55ab279e0f60 .event anyedge, v0x55ab27afe8a0_0, v0x55ab27b01c40_0;
E_0x55ab279ccab0 .event anyedge, v0x55ab27b01c40_0;
L_0x55ab27b89b30 .delay 1 (1000,1000,1000) L_0x55ab27b89b30/d;
L_0x55ab27b89b30/d .functor MUXZ 1, o0x7f49c9bae078, v0x55ab27b4c6e0_0, v0x55ab27b4c7a0_0, C4<>;
L_0x55ab27b89d70 .delay 1 (1000,1000,1000) L_0x55ab27b89d70/d;
L_0x55ab27b89d70/d .functor MUXZ 1, o0x7f49c9bae0a8, v0x55ab27b4c9e0_0, v0x55ab27b4caa0_0, C4<>;
L_0x55ab27b89e10 .delay 1 (1000,1000,1000) L_0x55ab27b89e10/d;
L_0x55ab27b89e10/d .functor MUXZ 1, o0x7f49c9bae0d8, v0x55ab27b4cce0_0, v0x55ab27b4cda0_0, C4<>;
S_0x55ab27b4bc10 .scope task, "ddr_rd_edge" "ddr_rd_edge" 3 235, 3 235 0, S_0x55ab27b4b600;
 .timescale -9 -12;
TD_bench.flash0.ddr_rd_edge ;
    %load/vec4 v0x55ab27af9f40_0;
    %load/vec4 v0x55ab27b4cc20_0;
    %concat/vec4; draw_concat_vec4
    %load/vec4 v0x55ab27b4c920_0;
    %concat/vec4; draw_concat_vec4
    %load/vec4 v0x55ab27b4c620_0;
    %concat/vec4; draw_concat_vec4
    %load/vec4 v0x55ab27b1ab90_0;
    %concat/vec4; draw_concat_vec4
    %pad/u 8;
    %store/vec4 v0x55ab27af9f40_0, 0, 8;
    %load/vec4 v0x55ab27af5e40_0;
    %addi 4, 0, 32;
    %store/vec4 v0x55ab27af5e40_0, 0, 32;
    %load/vec4 v0x55ab27af5e40_0;
    %cmpi/e 8, 0, 32;
    %jmp/0xz  T_1.2, 4;
    %pushi/vec4 0, 0, 32;
    %store/vec4 v0x55ab27af5e40_0, 0, 32;
    %load/vec4 v0x55ab27afdbd0_0;
    %addi 1, 0, 32;
    %store/vec4 v0x55ab27afdbd0_0, 0, 32;
    %fork TD_bench.flash0.spi_action, S_0x55ab27b4c010;
    %join;
T_1.2 ;
    %end;
S_0x55ab27b4be10 .scope task, "ddr_wr_edge" "ddr_wr_edge" 3 247, 3 247 0, S_0x55ab27b4b600;
 .timescale -9 -12;
TD_bench.flash0.ddr_wr_edge ;
    %pushi/vec4 1, 0, 1;
    %store/vec4 v0x55ab27b4c4a0_0, 0, 1;
    %pushi/vec4 1, 0, 1;
    %store/vec4 v0x55ab27b4c7a0_0, 0, 1;
    %pushi/vec4 1, 0, 1;
    %store/vec4 v0x55ab27b4caa0_0, 0, 1;
    %pushi/vec4 1, 0, 1;
    %store/vec4 v0x55ab27b4cda0_0, 0, 1;
    %load/vec4 v0x55ab27af9f40_0;
    %parti/s 1, 4, 4;
    %store/vec4 v0x55ab27b1a1d0_0, 0, 1;
    %load/vec4 v0x55ab27af9f40_0;
    %parti/s 1, 5, 4;
    %store/vec4 v0x55ab27b4c6e0_0, 0, 1;
    %load/vec4 v0x55ab27af9f40_0;
    %parti/s 1, 6, 4;
    %store/vec4 v0x55ab27b4c9e0_0, 0, 1;
    %load/vec4 v0x55ab27af9f40_0;
    %parti/s 1, 7, 4;
    %store/vec4 v0x55ab27b4cce0_0, 0, 1;
    %load/vec4 v0x55ab27af9f40_0;
    %concati/vec4 0, 0, 4;
    %pad/u 8;
    %store/vec4 v0x55ab27af9f40_0, 0, 8;
    %load/vec4 v0x55ab27af5e40_0;
    %addi 4, 0, 32;
    %store/vec4 v0x55ab27af5e40_0, 0, 32;
    %load/vec4 v0x55ab27af5e40_0;
    %cmpi/e 8, 0, 32;
    %jmp/0xz  T_2.4, 4;
    %pushi/vec4 0, 0, 32;
    %store/vec4 v0x55ab27af5e40_0, 0, 32;
    %load/vec4 v0x55ab27afdbd0_0;
    %addi 1, 0, 32;
    %store/vec4 v0x55ab27afdbd0_0, 0, 32;
    %fork TD_bench.flash0.spi_action, S_0x55ab27b4c010;
    %join;
T_2.4 ;
    %end;
S_0x55ab27b4c010 .scope task, "spi_action" "spi_action" 3 115, 3 115 0, S_0x55ab27b4b600;
 .timescale -9 -12;
TD_bench.flash0.spi_action ;
    %load/vec4 v0x55ab27af9f40_0;
    %store/vec4 v0x55ab27b4d360_0, 0, 8;
    %load/vec4 v0x55ab27afdbd0_0;
    %cmpi/e 1, 0, 32;
    %jmp/0xz  T_3.6, 4;
    %load/vec4 v0x55ab27af9f40_0;
    %store/vec4 v0x55ab27b4d280_0, 0, 8;
    %load/vec4 v0x55ab27b4d280_0;
    %cmpi/e 171, 0, 8;
    %jmp/0xz  T_3.8, 4;
    %pushi/vec4 1, 0, 1;
    %store/vec4 v0x55ab27b4d0e0_0, 0, 1;
T_3.8 ;
    %load/vec4 v0x55ab27b4d280_0;
    %cmpi/e 185, 0, 8;
    %jmp/0xz  T_3.10, 4;
    %pushi/vec4 0, 0, 1;
    %store/vec4 v0x55ab27b4d0e0_0, 0, 1;
T_3.10 ;
    %load/vec4 v0x55ab27b4d280_0;
    %cmpi/e 255, 0, 8;
    %jmp/0xz  T_3.12, 4;
    %pushi/vec4 0, 0, 8;
    %store/vec4 v0x55ab27b4d7f0_0, 0, 8;
T_3.12 ;
T_3.6 ;
    %load/vec4 v0x55ab27b4d0e0_0;
    %flag_set/vec4 9;
    %flag_get/vec4 9;
    %jmp/0 T_3.16, 9;
    %load/vec4 v0x55ab27b4d280_0;
    %pad/u 32;
    %pushi/vec4 3, 0, 32;
    %cmp/e;
    %flag_get/vec4 4;
    %and;
T_3.16;
    %flag_set/vec4 8;
    %jmp/0xz  T_3.14, 8;
    %load/vec4 v0x55ab27afdbd0_0;
    %cmpi/e 2, 0, 32;
    %jmp/0xz  T_3.17, 4;
    %load/vec4 v0x55ab27af9f40_0;
    %ix/load 4, 16, 0;
    %flag_set/imm 4, 0;
    %store/vec4 v0x55ab27b4d1a0_0, 4, 8;
T_3.17 ;
    %load/vec4 v0x55ab27afdbd0_0;
    %cmpi/e 3, 0, 32;
    %jmp/0xz  T_3.19, 4;
    %load/vec4 v0x55ab27af9f40_0;
    %ix/load 4, 8, 0;
    %flag_set/imm 4, 0;
    %store/vec4 v0x55ab27b4d1a0_0, 4, 8;
T_3.19 ;
    %load/vec4 v0x55ab27afdbd0_0;
    %cmpi/e 4, 0, 32;
    %jmp/0xz  T_3.21, 4;
    %load/vec4 v0x55ab27af9f40_0;
    %ix/load 4, 0, 0;
    %flag_set/imm 4, 0;
    %store/vec4 v0x55ab27b4d1a0_0, 4, 8;
T_3.21 ;
    %load/vec4 v0x55ab27afdbd0_0;
    %cmpi/s 4, 0, 32;
    %flag_inv 5; GE is !LT
    %jmp/0xz  T_3.23, 5;
    %ix/getv 4, v0x55ab27b4d1a0_0;
    %load/vec4a v0x55ab27b4ce60, 4;
    %store/vec4 v0x55ab27af9f40_0, 0, 8;
    %load/vec4 v0x55ab27b4d1a0_0;
    %addi 1, 0, 24;
    %store/vec4 v0x55ab27b4d1a0_0, 0, 24;
T_3.23 ;
T_3.14 ;
    %load/vec4 v0x55ab27b4d0e0_0;
    %flag_set/vec4 9;
    %flag_get/vec4 9;
    %jmp/0 T_3.27, 9;
    %load/vec4 v0x55ab27b4d280_0;
    %pad/u 32;
    %pushi/vec4 187, 0, 32;
    %cmp/e;
    %flag_get/vec4 4;
    %and;
T_3.27;
    %flag_set/vec4 8;
    %jmp/0xz  T_3.25, 8;
    %load/vec4 v0x55ab27afdbd0_0;
    %cmpi/e 1, 0, 32;
    %jmp/0xz  T_3.28, 4;
    %pushi/vec4 2, 0, 4;
    %store/vec4 v0x55ab27b4cf20_0, 0, 4;
T_3.28 ;
    %load/vec4 v0x55ab27afdbd0_0;
    %cmpi/e 2, 0, 32;
    %jmp/0xz  T_3.30, 4;
    %load/vec4 v0x55ab27af9f40_0;
    %ix/load 4, 16, 0;
    %flag_set/imm 4, 0;
    %store/vec4 v0x55ab27b4d1a0_0, 4, 8;
T_3.30 ;
    %load/vec4 v0x55ab27afdbd0_0;
    %cmpi/e 3, 0, 32;
    %jmp/0xz  T_3.32, 4;
    %load/vec4 v0x55ab27af9f40_0;
    %ix/load 4, 8, 0;
    %flag_set/imm 4, 0;
    %store/vec4 v0x55ab27b4d1a0_0, 4, 8;
T_3.32 ;
    %load/vec4 v0x55ab27afdbd0_0;
    %cmpi/e 4, 0, 32;
    %jmp/0xz  T_3.34, 4;
    %load/vec4 v0x55ab27af9f40_0;
    %ix/load 4, 0, 0;
    %flag_set/imm 4, 0;
    %store/vec4 v0x55ab27b4d1a0_0, 4, 8;
T_3.34 ;
    %load/vec4 v0x55ab27afdbd0_0;
    %cmpi/e 5, 0, 32;
    %jmp/0xz  T_3.36, 4;
    %load/vec4 v0x55ab27af9f40_0;
    %cmpi/e 165, 0, 8;
    %flag_mov 8, 4;
    %jmp/0 T_3.38, 8;
    %load/vec4 v0x55ab27b4d280_0;
    %jmp/1 T_3.39, 8;
T_3.38 ; End of true expr.
    %pushi/vec4 0, 0, 8;
    %jmp/0 T_3.39, 8;
 ; End of false expr.
    %blend;
T_3.39;
    %store/vec4 v0x55ab27b4d7f0_0, 0, 8;
    %pushi/vec4 3, 0, 4;
    %store/vec4 v0x55ab27b4cf20_0, 0, 4;
    %pushi/vec4 8, 0, 32;
    %store/vec4 v0x55ab27ae5a50_0, 0, 32;
T_3.36 ;
    %load/vec4 v0x55ab27afdbd0_0;
    %cmpi/s 5, 0, 32;
    %flag_inv 5; GE is !LT
    %jmp/0xz  T_3.40, 5;
    %ix/getv 4, v0x55ab27b4d1a0_0;
    %load/vec4a v0x55ab27b4ce60, 4;
    %store/vec4 v0x55ab27af9f40_0, 0, 8;
    %load/vec4 v0x55ab27b4d1a0_0;
    %addi 1, 0, 24;
    %store/vec4 v0x55ab27b4d1a0_0, 0, 24;
T_3.40 ;
T_3.25 ;
    %load/vec4 v0x55ab27b4d0e0_0;
    %flag_set/vec4 9;
    %flag_get/vec4 9;
    %jmp/0 T_3.44, 9;
    %load/vec4 v0x55ab27b4d280_0;
    %pad/u 32;
    %pushi/vec4 235, 0, 32;
    %cmp/e;
    %flag_get/vec4 4;
    %and;
T_3.44;
    %flag_set/vec4 8;
    %jmp/0xz  T_3.42, 8;
    %load/vec4 v0x55ab27afdbd0_0;
    %cmpi/e 1, 0, 32;
    %jmp/0xz  T_3.45, 4;
    %pushi/vec4 4, 0, 4;
    %store/vec4 v0x55ab27b4cf20_0, 0, 4;
T_3.45 ;
    %load/vec4 v0x55ab27afdbd0_0;
    %cmpi/e 2, 0, 32;
    %jmp/0xz  T_3.47, 4;
    %load/vec4 v0x55ab27af9f40_0;
    %ix/load 4, 16, 0;
    %flag_set/imm 4, 0;
    %store/vec4 v0x55ab27b4d1a0_0, 4, 8;
T_3.47 ;
    %load/vec4 v0x55ab27afdbd0_0;
    %cmpi/e 3, 0, 32;
    %jmp/0xz  T_3.49, 4;
    %load/vec4 v0x55ab27af9f40_0;
    %ix/load 4, 8, 0;
    %flag_set/imm 4, 0;
    %store/vec4 v0x55ab27b4d1a0_0, 4, 8;
T_3.49 ;
    %load/vec4 v0x55ab27afdbd0_0;
    %cmpi/e 4, 0, 32;
    %jmp/0xz  T_3.51, 4;
    %load/vec4 v0x55ab27af9f40_0;
    %ix/load 4, 0, 0;
    %flag_set/imm 4, 0;
    %store/vec4 v0x55ab27b4d1a0_0, 4, 8;
T_3.51 ;
    %load/vec4 v0x55ab27afdbd0_0;
    %cmpi/e 5, 0, 32;
    %jmp/0xz  T_3.53, 4;
    %load/vec4 v0x55ab27af9f40_0;
    %cmpi/e 165, 0, 8;
    %flag_mov 8, 4;
    %jmp/0 T_3.55, 8;
    %load/vec4 v0x55ab27b4d280_0;
    %jmp/1 T_3.56, 8;
T_3.55 ; End of true expr.
    %pushi/vec4 0, 0, 8;
    %jmp/0 T_3.56, 8;
 ; End of false expr.
    %blend;
T_3.56;
    %store/vec4 v0x55ab27b4d7f0_0, 0, 8;
    %pushi/vec4 5, 0, 4;
    %store/vec4 v0x55ab27b4cf20_0, 0, 4;
    %pushi/vec4 8, 0, 32;
    %store/vec4 v0x55ab27ae5a50_0, 0, 32;
T_3.53 ;
    %load/vec4 v0x55ab27afdbd0_0;
    %cmpi/s 5, 0, 32;
    %flag_inv 5; GE is !LT
    %jmp/0xz  T_3.57, 5;
    %ix/getv 4, v0x55ab27b4d1a0_0;
    %load/vec4a v0x55ab27b4ce60, 4;
    %store/vec4 v0x55ab27af9f40_0, 0, 8;
    %load/vec4 v0x55ab27b4d1a0_0;
    %addi 1, 0, 24;
    %store/vec4 v0x55ab27b4d1a0_0, 0, 24;
T_3.57 ;
T_3.42 ;
    %load/vec4 v0x55ab27b4d0e0_0;
    %flag_set/vec4 9;
    %flag_get/vec4 9;
    %jmp/0 T_3.61, 9;
    %load/vec4 v0x55ab27b4d280_0;
    %pad/u 32;
    %pushi/vec4 237, 0, 32;
    %cmp/e;
    %flag_get/vec4 4;
    %and;
T_3.61;
    %flag_set/vec4 8;
    %jmp/0xz  T_3.59, 8;
    %load/vec4 v0x55ab27afdbd0_0;
    %cmpi/e 1, 0, 32;
    %jmp/0xz  T_3.62, 4;
    %pushi/vec4 6, 0, 4;
    %store/vec4 v0x55ab27b4d000_0, 0, 4;
T_3.62 ;
    %load/vec4 v0x55ab27afdbd0_0;
    %cmpi/e 2, 0, 32;
    %jmp/0xz  T_3.64, 4;
    %load/vec4 v0x55ab27af9f40_0;
    %ix/load 4, 16, 0;
    %flag_set/imm 4, 0;
    %store/vec4 v0x55ab27b4d1a0_0, 4, 8;
T_3.64 ;
    %load/vec4 v0x55ab27afdbd0_0;
    %cmpi/e 3, 0, 32;
    %jmp/0xz  T_3.66, 4;
    %load/vec4 v0x55ab27af9f40_0;
    %ix/load 4, 8, 0;
    %flag_set/imm 4, 0;
    %store/vec4 v0x55ab27b4d1a0_0, 4, 8;
T_3.66 ;
    %load/vec4 v0x55ab27afdbd0_0;
    %cmpi/e 4, 0, 32;
    %jmp/0xz  T_3.68, 4;
    %load/vec4 v0x55ab27af9f40_0;
    %ix/load 4, 0, 0;
    %flag_set/imm 4, 0;
    %store/vec4 v0x55ab27b4d1a0_0, 4, 8;
T_3.68 ;
    %load/vec4 v0x55ab27afdbd0_0;
    %cmpi/e 5, 0, 32;
    %jmp/0xz  T_3.70, 4;
    %load/vec4 v0x55ab27af9f40_0;
    %cmpi/e 165, 0, 8;
    %flag_mov 8, 4;
    %jmp/0 T_3.72, 8;
    %load/vec4 v0x55ab27b4d280_0;
    %jmp/1 T_3.73, 8;
T_3.72 ; End of true expr.
    %pushi/vec4 0, 0, 8;
    %jmp/0 T_3.73, 8;
 ; End of false expr.
    %blend;
T_3.73;
    %store/vec4 v0x55ab27b4d7f0_0, 0, 8;
    %pushi/vec4 7, 0, 4;
    %store/vec4 v0x55ab27b4cf20_0, 0, 4;
    %pushi/vec4 8, 0, 32;
    %store/vec4 v0x55ab27ae5a50_0, 0, 32;
T_3.70 ;
    %load/vec4 v0x55ab27afdbd0_0;
    %cmpi/s 5, 0, 32;
    %flag_inv 5; GE is !LT
    %jmp/0xz  T_3.74, 5;
    %ix/getv 4, v0x55ab27b4d1a0_0;
    %load/vec4a v0x55ab27b4ce60, 4;
    %store/vec4 v0x55ab27af9f40_0, 0, 8;
    %load/vec4 v0x55ab27b4d1a0_0;
    %addi 1, 0, 24;
    %store/vec4 v0x55ab27b4d1a0_0, 0, 24;
T_3.74 ;
T_3.59 ;
    %load/vec4 v0x55ab27af9f40_0;
    %store/vec4 v0x55ab27b4d710_0, 0, 8;
    %pushi/vec4 1, 0, 1;
    %store/vec4 v0x55ab27b4d650_0, 0, 1;
    %end;
S_0x55ab27b4d990 .scope module, "uut" "femto" 2 48, 4 1 0, S_0x55ab27b221b0;
 .timescale -9 -12;
    .port_info 0 /INPUT 1 "clk";
    .port_info 1 /INPUT 1 "resetn";
    .port_info 2 /OUTPUT 1 "spi_mosi";
    .port_info 3 /INPUT 1 "spi_miso";
    .port_info 4 /OUTPUT 1 "spi_cs_n";
    .port_info 5 /OUTPUT 1 "spi_clk";
    .port_info 6 /OUTPUT 1 "spi_clk_ram";
    .port_info 7 /OUTPUT 1 "spi_cs_n_ram";
    .port_info 8 /INPUT 1 "spi_miso_ram";
    .port_info 9 /OUTPUT 1 "spi_mosi_ram";
    .port_info 10 /OUTPUT 1 "LEDS";
    .port_info 11 /INPUT 1 "RXD";
    .port_info 12 /OUTPUT 1 "TXD";
L_0x55ab27b87ca0 .functor OR 1, v0x55ab27b5ef40_0, v0x55ab27b605f0_0, C4<0>, C4<0>;
L_0x55ab27b87ef0 .functor BUFZ 1, v0x55ab27b5cd50_0, C4<0>, C4<0>, C4<0>;
L_0x55ab27b885f0 .functor AND 1, L_0x55ab27b88550, L_0x55ab27b87ef0, C4<1>, C4<1>;
L_0x55ab27b887f0 .functor AND 1, L_0x55ab27b88700, L_0x55ab27b87db0, C4<1>, C4<1>;
L_0x55ab27b890a0 .functor AND 1, L_0x55ab27b89000, L_0x55ab27b87ef0, C4<1>, C4<1>;
v0x55ab27b640d0_0 .net "LEDS", 0 0, v0x55ab27b635c0_0;  alias, 1 drivers
v0x55ab27b641c0_0 .net "RAM_rdata", 31 0, L_0x55ab27b88de0;  1 drivers
v0x55ab27b64290_0 .net "RXD", 0 0, v0x55ab27b65ce0_0;  1 drivers
v0x55ab27b64360_0 .net "TXD", 0 0, v0x55ab27b62ea0_0;  alias, 1 drivers
v0x55ab27b64400_0 .net *"_ivl_11", 0 0, L_0x55ab27b88700;  1 drivers
v0x55ab27b644f0_0 .net *"_ivl_17", 0 0, L_0x55ab27b89000;  1 drivers
v0x55ab27b645d0_0 .net *"_ivl_7", 0 0, L_0x55ab27b88550;  1 drivers
v0x55ab27b646b0_0 .net "clk", 0 0, v0x55ab27b65a70_0;  1 drivers
v0x55ab27b64750_0 .var "cs", 6 0;
v0x55ab27b64830_0 .net "dpram_dout", 31 0, L_0x55ab27b88370;  1 drivers
v0x55ab27b648f0_0 .net "mapped_spi_flash_rbusy", 0 0, v0x55ab27b5ef40_0;  1 drivers
v0x55ab27b64990_0 .net "mem_address", 31 0, v0x55ab27b5c950_0;  1 drivers
v0x55ab27b64a30_0 .var "mem_rdata", 31 0;
v0x55ab27b64b00_0 .net "mem_rstrb", 0 0, v0x55ab27b5cd50_0;  1 drivers
v0x55ab27b64bd0_0 .net "mem_wdata", 31 0, L_0x55ab27b85e20;  1 drivers
v0x55ab27b64c70_0 .net "mem_wmask", 3 0, v0x55ab27b5cfb0_0;  1 drivers
o0x7f49c9bb3148 .functor BUFZ 32, C4<zzzzzzzzzzzzzzzzzzzzzzzzzzzzzzzz>; HiZ drive
v0x55ab27b64d10_0 .net "mult_dout", 31 0, o0x7f49c9bb3148;  0 drivers
v0x55ab27b64ec0_0 .net "rd", 0 0, L_0x55ab27b87ef0;  1 drivers
v0x55ab27b64f80_0 .net "resetn", 0 0, v0x55ab27b65c40_0;  1 drivers
v0x55ab27b65020_0 .net "spi_clk", 0 0, v0x55ab27b5e5a0_0;  alias, 1 drivers
v0x55ab27b65110_0 .net "spi_clk_ram", 0 0, v0x55ab27b5fbf0_0;  1 drivers
v0x55ab27b651b0_0 .net "spi_cs_n", 0 0, v0x55ab27b5e670_0;  alias, 1 drivers
v0x55ab27b652a0_0 .net "spi_cs_n_ram", 0 0, v0x55ab27b5fcb0_0;  1 drivers
v0x55ab27b65340_0 .net "spi_miso", 0 0, L_0x55ab27b89b30;  alias, 1 drivers
o0x7f49c9bb2098 .functor BUFZ 1, C4<z>; HiZ drive
v0x55ab27b65430_0 .net "spi_miso_ram", 0 0, o0x7f49c9bb2098;  0 drivers
v0x55ab27b654d0_0 .net "spi_mosi", 0 0, L_0x55ab27b889a0;  alias, 1 drivers
v0x55ab27b655c0_0 .net "spi_mosi_ram", 0 0, L_0x55ab27b87fb0;  1 drivers
v0x55ab27b65660_0 .net "spi_ram_rbusy", 0 0, v0x55ab27b605f0_0;  1 drivers
v0x55ab27b65730_0 .net "spi_ram_wbusy", 0 0, v0x55ab27b60cc0_0;  1 drivers
v0x55ab27b65820_0 .net "uart_dout", 31 0, v0x55ab27b63500_0;  1 drivers
v0x55ab27b658c0_0 .net "wr", 0 0, L_0x55ab27b87db0;  1 drivers
E_0x55ab279cb380/0 .event anyedge, v0x55ab27b64750_0, v0x55ab27b60930_0, v0x55ab27b63500_0, v0x55ab27b64d10_0;
E_0x55ab279cb380/1 .event anyedge, v0x55ab27b5f1c0_0;
E_0x55ab279cb380 .event/or E_0x55ab279cb380/0, E_0x55ab279cb380/1;
E_0x55ab279cc220 .event anyedge, v0x55ab27b5c950_0;
L_0x55ab27b87db0 .reduce/or v0x55ab27b5cfb0_0;
L_0x55ab27b88550 .part v0x55ab27b64750_0, 6, 1;
L_0x55ab27b88700 .part v0x55ab27b64750_0, 6, 1;
L_0x55ab27b888b0 .part v0x55ab27b5c950_0, 2, 20;
L_0x55ab27b89000 .part v0x55ab27b64750_0, 0, 1;
L_0x55ab27b89160 .part v0x55ab27b5c950_0, 2, 20;
L_0x55ab27b89600 .reduce/nor v0x55ab27b65c40_0;
L_0x55ab27b896f0 .part L_0x55ab27b85e20, 0, 8;
L_0x55ab27b89870 .part v0x55ab27b64750_0, 5, 1;
L_0x55ab27b899a0 .part v0x55ab27b5c950_0, 0, 5;
S_0x55ab27b4db40 .scope module, "CPU" "FemtoRV32" 4 30, 5 37 0, S_0x55ab27b4d990;
 .timescale -9 -12;
    .port_info 0 /INPUT 1 "clk";
    .port_info 1 /OUTPUT 32 "mem_addr";
    .port_info 2 /OUTPUT 32 "mem_wdata";
    .port_info 3 /OUTPUT 4 "mem_wmask";
    .port_info 4 /INPUT 32 "mem_rdata";
    .port_info 5 /OUTPUT 1 "mem_rstrb";
    .port_info 6 /INPUT 1 "mem_rbusy";
    .port_info 7 /INPUT 1 "mem_wbusy";
    .port_info 8 /INPUT 1 "reset";
P_0x55ab27b4dd40 .param/l "ADDR_WIDTH" 0 5 52, +C4<00000000000000000000000000011000>;
P_0x55ab27b4dd80 .param/l "EXECUTE" 1 5 300, +C4<0000000000000000000000000000000100>;
P_0x55ab27b4ddc0 .param/l "EXECUTE_bit" 1 5 294, +C4<00000000000000000000000000000010>;
P_0x55ab27b4de00 .param/l "FETCH_INSTR" 1 5 298, +C4<00000000000000000000000000000001>;
P_0x55ab27b4de40 .param/l "FETCH_INSTR_bit" 1 5 292, +C4<00000000000000000000000000000000>;
P_0x55ab27b4de80 .param/l "NB_STATES" 1 5 296, +C4<00000000000000000000000000000100>;
P_0x55ab27b4dec0 .param/l "RESET_ADDR" 0 5 51, C4<00000000000000000000000000000000>;
P_0x55ab27b4df00 .param/l "WAIT_ALU_OR_MEM" 1 5 301, +C4<00000000000000000000000000000001000>;
P_0x55ab27b4df40 .param/l "WAIT_ALU_OR_MEM_bit" 1 5 295, +C4<00000000000000000000000000000011>;
P_0x55ab27b4df80 .param/l "WAIT_INSTR" 1 5 299, +C4<000000000000000000000000000000010>;
P_0x55ab27b4dfc0 .param/l "WAIT_INSTR_bit" 1 5 293, +C4<00000000000000000000000000000001>;
L_0x55ab27b076f0 .functor OR 1, L_0x55ab27b7bf40, L_0x55ab27b7c3b0, C4<0>, C4<0>;
L_0x55ab27b09b70 .functor BUFZ 32, v0x55ab27b55f00_0, C4<00000000000000000000000000000000>, C4<00000000000000000000000000000000>, C4<00000000000000000000000000000000>;
L_0x55ab27af4fd0 .functor OR 1, L_0x55ab27b7c3b0, L_0x55ab27b7ce80, C4<0>, C4<0>;
L_0x55ab27af5ce0 .functor NOT 32, L_0x55ab27b7d3d0, C4<00000000000000000000000000000000>, C4<00000000000000000000000000000000>, C4<00000000000000000000000000000000>;
L_0x55ab27af9e20 .functor XOR 1, L_0x55ab27b7dc80, L_0x55ab27b7dad0, C4<0>, C4<0>;
L_0x55ab27af28b0 .functor AND 1, L_0x55ab27b7e620, L_0x55ab27b7e6c0, C4<1>, C4<1>;
L_0x55ab27afe740 .functor OR 32, L_0x55ab27b7e800, L_0x55ab27b7eb50, C4<00000000000000000000000000000000>, C4<00000000000000000000000000000000>;
L_0x55ab27b01b20 .functor OR 32, L_0x55ab27afe740, L_0x55ab27b7ed20, C4<00000000000000000000000000000000>, C4<00000000000000000000000000000000>;
L_0x55ab27ae5930 .functor XOR 32, L_0x55ab27b09b70, L_0x55ab27b7d3d0, C4<00000000000000000000000000000000>, C4<00000000000000000000000000000000>;
L_0x55ab27ae79f0 .functor OR 32, L_0x55ab27b01b20, L_0x55ab27b7f280, C4<00000000000000000000000000000000>, C4<00000000000000000000000000000000>;
L_0x55ab279bf870 .functor OR 32, L_0x55ab27b09b70, L_0x55ab27b7d3d0, C4<00000000000000000000000000000000>, C4<00000000000000000000000000000000>;
L_0x55ab27a44340 .functor OR 32, L_0x55ab27ae79f0, L_0x55ab27b7f5c0, C4<00000000000000000000000000000000>, C4<00000000000000000000000000000000>;
L_0x55ab27b7f7f0 .functor AND 32, L_0x55ab27b09b70, L_0x55ab27b7d3d0, C4<11111111111111111111111111111111>, C4<11111111111111111111111111111111>;
L_0x55ab27b7ff00 .functor OR 32, L_0x55ab27a44340, L_0x55ab27b7fa30, C4<00000000000000000000000000000000>, C4<00000000000000000000000000000000>;
L_0x55ab27b7fc30 .functor OR 32, L_0x55ab27b7ff00, L_0x55ab27b80090, C4<00000000000000000000000000000000>, C4<00000000000000000000000000000000>;
L_0x55ab27b80130 .functor OR 1, L_0x55ab27b7fd40, L_0x55ab27b7fde0, C4<0>, C4<0>;
L_0x55ab27b80010 .functor AND 1, L_0x55ab27b80320, L_0x55ab27b7df80, C4<1>, C4<1>;
L_0x55ab27b80570 .functor AND 1, L_0x55ab27b80810, L_0x55ab27b804d0, C4<1>, C4<1>;
L_0x55ab27b80290 .functor OR 1, L_0x55ab27b80010, L_0x55ab27b80570, C4<0>, C4<0>;
L_0x55ab27b808b0 .functor AND 1, L_0x55ab27b80bb0, L_0x55ab27b7de10, C4<1>, C4<1>;
L_0x55ab27b80a20 .functor OR 1, L_0x55ab27b80290, L_0x55ab27b808b0, C4<0>, C4<0>;
L_0x55ab27b80c50 .functor AND 1, L_0x55ab27b80680, L_0x55ab27b80f10, C4<1>, C4<1>;
L_0x55ab27b80dd0 .functor OR 1, L_0x55ab27b80a20, L_0x55ab27b80c50, C4<0>, C4<0>;
L_0x55ab27b81280 .functor AND 1, L_0x55ab27b80970, L_0x55ab27b7e250, C4<1>, C4<1>;
L_0x55ab27b80d10 .functor OR 1, L_0x55ab27b80dd0, L_0x55ab27b81280, C4<0>, C4<0>;
L_0x55ab27b81050 .functor AND 1, L_0x55ab27b81460, L_0x55ab27b80fb0, C4<1>, C4<1>;
L_0x55ab27b811f0 .functor OR 1, L_0x55ab27b80d10, L_0x55ab27b81050, C4<0>, C4<0>;
L_0x55ab27b81880 .functor OR 32, L_0x55ab27b82230, L_0x55ab27b82370, C4<00000000000000000000000000000000>, C4<00000000000000000000000000000000>;
L_0x55ab27b82da0 .functor OR 32, L_0x55ab27b81880, L_0x55ab27b81110, C4<00000000000000000000000000000000>, C4<00000000000000000000000000000000>;
L_0x55ab27b82a30 .functor OR 32, L_0x55ab27b82da0, L_0x55ab27b828a0, C4<00000000000000000000000000000000>, C4<00000000000000000000000000000000>;
L_0x55ab27b82b40 .functor OR 1, L_0x55ab27b7cad0, L_0x55ab27b7c8f0, C4<0>, C4<0>;
L_0x55ab27b83180 .functor OR 32, L_0x55ab27b82a30, L_0x55ab27b82ff0, C4<00000000000000000000000000000000>, C4<00000000000000000000000000000000>;
L_0x55ab27b834c0 .functor OR 32, L_0x55ab27b83180, L_0x55ab27b83290, C4<00000000000000000000000000000000>, C4<00000000000000000000000000000000>;
L_0x55ab27b842d0 .functor AND 1, L_0x55ab27b83a00, L_0x55ab27b83c30, C4<1>, C4<1>;
L_0x55ab27b871f0 .functor AND 1, L_0x55ab27b7ce80, L_0x55ab27b811f0, C4<1>, C4<1>;
L_0x55ab27b872b0 .functor OR 1, L_0x55ab27b7c8f0, L_0x55ab27b871f0, C4<0>, C4<0>;
L_0x55ab27b87370 .functor OR 1, L_0x55ab27b7c030, L_0x55ab27b7c1c0, C4<0>, C4<0>;
L_0x55ab27b84430 .functor AND 1, L_0x55ab27b076f0, L_0x55ab27b80130, C4<1>, C4<1>;
L_0x55ab27b87be0 .functor OR 1, L_0x55ab27b87370, L_0x55ab27b84430, C4<0>, C4<0>;
v0x55ab27b4e290_0 .net "Bimm", 31 0, L_0x55ab27b7b270;  1 drivers
v0x55ab27b4e660_0 .net "EQ", 0 0, L_0x55ab27b7df80;  1 drivers
v0x55ab27b4e720_0 .net "Iimm", 31 0, L_0x55ab27b7a470;  1 drivers
v0x55ab27b4e810_0 .net "Jimm", 31 0, L_0x55ab27b7b8c0;  1 drivers
v0x55ab27b4e8f0_0 .net "LOAD_byte", 7 0, L_0x55ab27b85a10;  1 drivers
v0x55ab27b4ea20_0 .net "LOAD_data", 31 0, L_0x55ab27b84910;  1 drivers
v0x55ab27b4eb00_0 .net "LOAD_halfword", 15 0, L_0x55ab27b85070;  1 drivers
v0x55ab27b4ebe0_0 .net "LOAD_sign", 0 0, L_0x55ab27b842d0;  1 drivers
v0x55ab27b4eca0_0 .net "LT", 0 0, L_0x55ab27b7de10;  1 drivers
v0x55ab27b4ed60_0 .net "LTU", 0 0, L_0x55ab27b7e250;  1 drivers
v0x55ab27b4ee20_0 .var "PC", 23 0;
v0x55ab27b4ef00_0 .net "PCplus4", 23 0, L_0x55ab27b817e0;  1 drivers
v0x55ab27b4efe0_0 .net "PCplusImm", 23 0, L_0x55ab27b820f0;  1 drivers
v0x55ab27b4f0c0_0 .net "STORE_wmask", 3 0, L_0x55ab27b87100;  1 drivers
v0x55ab27b4f1a0_0 .net "Simm", 31 0, L_0x55ab27b7ab40;  1 drivers
v0x55ab27b4f280_0 .net "Uimm", 31 0, L_0x55ab27b79e70;  1 drivers
v0x55ab27b4f360_0 .net *"_ivl_101", 4 0, L_0x55ab27b7c990;  1 drivers
L_0x7f49c9b652e8 .functor BUFT 1, C4<01101>, C4<0>, C4<0>, C4<0>;
v0x55ab27b4f440_0 .net/2u *"_ivl_102", 4 0, L_0x7f49c9b652e8;  1 drivers
v0x55ab27b4f520_0 .net *"_ivl_107", 4 0, L_0x55ab27b7cbc0;  1 drivers
L_0x7f49c9b65330 .functor BUFT 1, C4<00101>, C4<0>, C4<0>, C4<0>;
v0x55ab27b4f600_0 .net/2u *"_ivl_108", 4 0, L_0x7f49c9b65330;  1 drivers
v0x55ab27b4f6e0_0 .net *"_ivl_11", 18 0, L_0x55ab27b69d00;  1 drivers
v0x55ab27b4f7c0_0 .net *"_ivl_113", 4 0, L_0x55ab27b7cde0;  1 drivers
L_0x7f49c9b65378 .functor BUFT 1, C4<11000>, C4<0>, C4<0>, C4<0>;
v0x55ab27b4f8a0_0 .net/2u *"_ivl_114", 4 0, L_0x7f49c9b65378;  1 drivers
L_0x7f49c9b65060 .functor BUFT 1, C4<000000000000>, C4<0>, C4<0>, C4<0>;
v0x55ab27b4f980_0 .net/2u *"_ivl_12", 11 0, L_0x7f49c9b65060;  1 drivers
v0x55ab27b4fa60_0 .net *"_ivl_122", 0 0, L_0x55ab27af4fd0;  1 drivers
L_0x7f49c9b653c0 .functor BUFT 1, C4<1>, C4<0>, C4<0>, C4<0>;
v0x55ab27b4fb40_0 .net/2u *"_ivl_130", 0 0, L_0x7f49c9b653c0;  1 drivers
v0x55ab27b4fc20_0 .net *"_ivl_132", 31 0, L_0x55ab27af5ce0;  1 drivers
v0x55ab27b4fd00_0 .net *"_ivl_134", 32 0, L_0x55ab27b7d720;  1 drivers
L_0x7f49c9b65408 .functor BUFT 1, C4<0>, C4<0>, C4<0>, C4<0>;
v0x55ab27b4fde0_0 .net/2u *"_ivl_136", 0 0, L_0x7f49c9b65408;  1 drivers
v0x55ab27b4fec0_0 .net *"_ivl_138", 32 0, L_0x55ab27b7d560;  1 drivers
v0x55ab27b4ffa0_0 .net *"_ivl_140", 32 0, L_0x55ab27b7d650;  1 drivers
L_0x7f49c9b65450 .functor BUFT 1, C4<000000000000000000000000000000001>, C4<0>, C4<0>, C4<0>;
v0x55ab27b50080_0 .net/2u *"_ivl_142", 32 0, L_0x7f49c9b65450;  1 drivers
v0x55ab27b50160_0 .net *"_ivl_147", 0 0, L_0x55ab27b7dc80;  1 drivers
v0x55ab27b50450_0 .net *"_ivl_149", 0 0, L_0x55ab27b7dad0;  1 drivers
v0x55ab27b50530_0 .net *"_ivl_150", 0 0, L_0x55ab27af9e20;  1 drivers
v0x55ab27b50610_0 .net *"_ivl_153", 0 0, L_0x55ab27b7dee0;  1 drivers
v0x55ab27b506f0_0 .net *"_ivl_155", 0 0, L_0x55ab27b7dd20;  1 drivers
v0x55ab27b507d0_0 .net *"_ivl_161", 31 0, L_0x55ab27b7e2f0;  1 drivers
L_0x7f49c9b65498 .functor BUFT 1, C4<00000000000000000000000000000000>, C4<0>, C4<0>, C4<0>;
v0x55ab27b508b0_0 .net/2u *"_ivl_162", 31 0, L_0x7f49c9b65498;  1 drivers
v0x55ab27b50990_0 .net *"_ivl_167", 0 0, L_0x55ab27b7e070;  1 drivers
v0x55ab27b50a70_0 .net *"_ivl_169", 0 0, L_0x55ab27b7e620;  1 drivers
v0x55ab27b50b50_0 .net *"_ivl_17", 0 0, L_0x55ab27b7a050;  1 drivers
v0x55ab27b50c30_0 .net *"_ivl_171", 0 0, L_0x55ab27b7e6c0;  1 drivers
v0x55ab27b50d10_0 .net *"_ivl_172", 0 0, L_0x55ab27af28b0;  1 drivers
v0x55ab27b50df0_0 .net *"_ivl_175", 31 0, L_0x55ab27b7e500;  1 drivers
v0x55ab27b50ed0_0 .net *"_ivl_176", 31 0, L_0x55ab27b7e970;  1 drivers
L_0x7f49c9b654e0 .functor BUFT 1, C4<00000000000000000000000000000000>, C4<0>, C4<0>, C4<0>;
v0x55ab27b50fb0_0 .net/2u *"_ivl_178", 31 0, L_0x7f49c9b654e0;  1 drivers
v0x55ab27b51090_0 .net *"_ivl_18", 20 0, L_0x55ab27b7a0f0;  1 drivers
v0x55ab27b51170_0 .net *"_ivl_180", 31 0, L_0x55ab27b7e800;  1 drivers
v0x55ab27b51250_0 .net *"_ivl_183", 0 0, L_0x55ab27b7ec80;  1 drivers
L_0x7f49c9b65528 .functor BUFT 1, C4<0000000000000000000000000000000>, C4<0>, C4<0>, C4<0>;
v0x55ab27b51330_0 .net/2u *"_ivl_184", 30 0, L_0x7f49c9b65528;  1 drivers
v0x55ab27b51410_0 .net *"_ivl_186", 31 0, L_0x55ab27b7ea10;  1 drivers
L_0x7f49c9b65570 .functor BUFT 1, C4<00000000000000000000000000000000>, C4<0>, C4<0>, C4<0>;
v0x55ab27b514f0_0 .net/2u *"_ivl_188", 31 0, L_0x7f49c9b65570;  1 drivers
v0x55ab27b515d0_0 .net *"_ivl_190", 31 0, L_0x55ab27b7eb50;  1 drivers
v0x55ab27b516b0_0 .net *"_ivl_192", 31 0, L_0x55ab27afe740;  1 drivers
v0x55ab27b51790_0 .net *"_ivl_195", 0 0, L_0x55ab27b7f0f0;  1 drivers
L_0x7f49c9b655b8 .functor BUFT 1, C4<0000000000000000000000000000000>, C4<0>, C4<0>, C4<0>;
v0x55ab27b51870_0 .net/2u *"_ivl_196", 30 0, L_0x7f49c9b655b8;  1 drivers
v0x55ab27b51950_0 .net *"_ivl_198", 31 0, L_0x55ab27b7f190;  1 drivers
L_0x7f49c9b65018 .functor BUFT 1, C4<00000001>, C4<0>, C4<0>, C4<0>;
v0x55ab27b51a30_0 .net/2u *"_ivl_2", 7 0, L_0x7f49c9b65018;  1 drivers
L_0x7f49c9b65600 .functor BUFT 1, C4<00000000000000000000000000000000>, C4<0>, C4<0>, C4<0>;
v0x55ab27b51b10_0 .net/2u *"_ivl_200", 31 0, L_0x7f49c9b65600;  1 drivers
v0x55ab27b51bf0_0 .net *"_ivl_202", 31 0, L_0x55ab27b7ed20;  1 drivers
v0x55ab27b51cd0_0 .net *"_ivl_204", 31 0, L_0x55ab27b01b20;  1 drivers
v0x55ab27b51db0_0 .net *"_ivl_207", 0 0, L_0x55ab27b7f520;  1 drivers
v0x55ab27b51e90_0 .net *"_ivl_208", 31 0, L_0x55ab27ae5930;  1 drivers
v0x55ab27b51f70_0 .net *"_ivl_21", 10 0, L_0x55ab27b7a3d0;  1 drivers
L_0x7f49c9b65648 .functor BUFT 1, C4<00000000000000000000000000000000>, C4<0>, C4<0>, C4<0>;
v0x55ab27b52460_0 .net/2u *"_ivl_210", 31 0, L_0x7f49c9b65648;  1 drivers
v0x55ab27b52540_0 .net *"_ivl_212", 31 0, L_0x55ab27b7f280;  1 drivers
v0x55ab27b52620_0 .net *"_ivl_214", 31 0, L_0x55ab27ae79f0;  1 drivers
v0x55ab27b52700_0 .net *"_ivl_217", 0 0, L_0x55ab27b7f880;  1 drivers
v0x55ab27b527e0_0 .net *"_ivl_218", 31 0, L_0x55ab279bf870;  1 drivers
L_0x7f49c9b65690 .functor BUFT 1, C4<00000000000000000000000000000000>, C4<0>, C4<0>, C4<0>;
v0x55ab27b528c0_0 .net/2u *"_ivl_220", 31 0, L_0x7f49c9b65690;  1 drivers
v0x55ab27b529a0_0 .net *"_ivl_222", 31 0, L_0x55ab27b7f5c0;  1 drivers
v0x55ab27b52a80_0 .net *"_ivl_224", 31 0, L_0x55ab27a44340;  1 drivers
v0x55ab27b52b60_0 .net *"_ivl_227", 0 0, L_0x55ab27b7fb90;  1 drivers
v0x55ab27b52c40_0 .net *"_ivl_228", 31 0, L_0x55ab27b7f7f0;  1 drivers
L_0x7f49c9b656d8 .functor BUFT 1, C4<00000000000000000000000000000000>, C4<0>, C4<0>, C4<0>;
v0x55ab27b52d20_0 .net/2u *"_ivl_230", 31 0, L_0x7f49c9b656d8;  1 drivers
v0x55ab27b52e00_0 .net *"_ivl_232", 31 0, L_0x55ab27b7fa30;  1 drivers
v0x55ab27b52ee0_0 .net *"_ivl_234", 31 0, L_0x55ab27b7ff00;  1 drivers
L_0x7f49c9b65720 .functor BUFT 1, C4<00000000000000000000000000000000>, C4<0>, C4<0>, C4<0>;
v0x55ab27b52fc0_0 .net/2u *"_ivl_236", 31 0, L_0x7f49c9b65720;  1 drivers
v0x55ab27b530a0_0 .net *"_ivl_238", 31 0, L_0x55ab27b80090;  1 drivers
v0x55ab27b53180_0 .net *"_ivl_243", 0 0, L_0x55ab27b7fd40;  1 drivers
v0x55ab27b53260_0 .net *"_ivl_245", 0 0, L_0x55ab27b7fde0;  1 drivers
v0x55ab27b53340_0 .net *"_ivl_249", 0 0, L_0x55ab27b80320;  1 drivers
v0x55ab27b53420_0 .net *"_ivl_25", 0 0, L_0x55ab27b7a5c0;  1 drivers
v0x55ab27b53500_0 .net *"_ivl_250", 0 0, L_0x55ab27b80010;  1 drivers
v0x55ab27b535e0_0 .net *"_ivl_253", 0 0, L_0x55ab27b80810;  1 drivers
v0x55ab27b536c0_0 .net *"_ivl_255", 0 0, L_0x55ab27b804d0;  1 drivers
v0x55ab27b53780_0 .net *"_ivl_256", 0 0, L_0x55ab27b80570;  1 drivers
v0x55ab27b53860_0 .net *"_ivl_258", 0 0, L_0x55ab27b80290;  1 drivers
v0x55ab27b53940_0 .net *"_ivl_26", 20 0, L_0x55ab27b7a660;  1 drivers
v0x55ab27b53a20_0 .net *"_ivl_261", 0 0, L_0x55ab27b80bb0;  1 drivers
v0x55ab27b53b00_0 .net *"_ivl_262", 0 0, L_0x55ab27b808b0;  1 drivers
v0x55ab27b53be0_0 .net *"_ivl_264", 0 0, L_0x55ab27b80a20;  1 drivers
v0x55ab27b53cc0_0 .net *"_ivl_267", 0 0, L_0x55ab27b80680;  1 drivers
v0x55ab27b53da0_0 .net *"_ivl_269", 0 0, L_0x55ab27b80f10;  1 drivers
v0x55ab27b53e60_0 .net *"_ivl_270", 0 0, L_0x55ab27b80c50;  1 drivers
v0x55ab27b53f40_0 .net *"_ivl_272", 0 0, L_0x55ab27b80dd0;  1 drivers
v0x55ab27b54020_0 .net *"_ivl_275", 0 0, L_0x55ab27b80970;  1 drivers
v0x55ab27b54100_0 .net *"_ivl_276", 0 0, L_0x55ab27b81280;  1 drivers
v0x55ab27b541e0_0 .net *"_ivl_278", 0 0, L_0x55ab27b80d10;  1 drivers
v0x55ab27b542c0_0 .net *"_ivl_281", 0 0, L_0x55ab27b81460;  1 drivers
v0x55ab27b543a0_0 .net *"_ivl_283", 0 0, L_0x55ab27b80fb0;  1 drivers
v0x55ab27b54460_0 .net *"_ivl_284", 0 0, L_0x55ab27b81050;  1 drivers
L_0x7f49c9b65768 .functor BUFT 1, C4<000000000000000000000100>, C4<0>, C4<0>, C4<0>;
v0x55ab27b54540_0 .net/2u *"_ivl_288", 23 0, L_0x7f49c9b65768;  1 drivers
v0x55ab27b54620_0 .net *"_ivl_29", 5 0, L_0x55ab27b7a980;  1 drivers
v0x55ab27b54700_0 .net *"_ivl_293", 0 0, L_0x55ab27b81500;  1 drivers
v0x55ab27b547e0_0 .net *"_ivl_295", 23 0, L_0x55ab27b815a0;  1 drivers
v0x55ab27b548c0_0 .net *"_ivl_297", 0 0, L_0x55ab27b81690;  1 drivers
v0x55ab27b549a0_0 .net *"_ivl_299", 23 0, L_0x55ab27b81730;  1 drivers
v0x55ab27b54a80_0 .net *"_ivl_301", 23 0, L_0x55ab27b81940;  1 drivers
v0x55ab27b54b60_0 .net *"_ivl_302", 23 0, L_0x55ab27b81a30;  1 drivers
v0x55ab27b54c40_0 .net *"_ivl_304", 23 0, L_0x55ab27b81fb0;  1 drivers
v0x55ab27b54d20_0 .net *"_ivl_309", 23 0, L_0x55ab27b81c90;  1 drivers
v0x55ab27b54e00_0 .net *"_ivl_31", 4 0, L_0x55ab27b7aa20;  1 drivers
v0x55ab27b54ee0_0 .net *"_ivl_311", 0 0, L_0x55ab27b81d80;  1 drivers
v0x55ab27b54fc0_0 .net *"_ivl_313", 23 0, L_0x55ab27b81e20;  1 drivers
v0x55ab27b550a0_0 .net *"_ivl_315", 23 0, L_0x55ab27b81f10;  1 drivers
v0x55ab27b55180_0 .net *"_ivl_316", 23 0, L_0x55ab27b82580;  1 drivers
L_0x7f49c9b657b0 .functor BUFT 1, C4<00000000000000000000000000000000>, C4<0>, C4<0>, C4<0>;
v0x55ab27b55260_0 .net/2u *"_ivl_320", 31 0, L_0x7f49c9b657b0;  1 drivers
v0x55ab27b55340_0 .net *"_ivl_322", 31 0, L_0x55ab27b82230;  1 drivers
L_0x7f49c9b657f8 .functor BUFT 1, C4<00000000000000000000000000000000>, C4<0>, C4<0>, C4<0>;
v0x55ab27b55420_0 .net/2u *"_ivl_324", 31 0, L_0x7f49c9b657f8;  1 drivers
v0x55ab27b55500_0 .net *"_ivl_326", 31 0, L_0x55ab27b82370;  1 drivers
v0x55ab27b555e0_0 .net *"_ivl_328", 31 0, L_0x55ab27b81880;  1 drivers
L_0x7f49c9b65840 .functor BUFT 1, C4<00000000000000000000000000000000>, C4<0>, C4<0>, C4<0>;
v0x55ab27b556c0_0 .net/2u *"_ivl_330", 31 0, L_0x7f49c9b65840;  1 drivers
v0x55ab27b557a0_0 .net *"_ivl_332", 31 0, L_0x55ab27b81110;  1 drivers
v0x55ab27b55880_0 .net *"_ivl_334", 31 0, L_0x55ab27b82da0;  1 drivers
v0x55ab27b55960_0 .net *"_ivl_336", 31 0, L_0x55ab27b82eb0;  1 drivers
L_0x7f49c9b65888 .functor BUFT 1, C4<00000000>, C4<0>, C4<0>, C4<0>;
v0x55ab27b55a40_0 .net *"_ivl_339", 7 0, L_0x7f49c9b65888;  1 drivers
L_0x7f49c9b658d0 .functor BUFT 1, C4<00000000000000000000000000000000>, C4<0>, C4<0>, C4<0>;
v0x55ab27b55b20_0 .net/2u *"_ivl_340", 31 0, L_0x7f49c9b658d0;  1 drivers
v0x55ab27b56410_0 .net *"_ivl_342", 31 0, L_0x55ab27b828a0;  1 drivers
v0x55ab27b564f0_0 .net *"_ivl_344", 31 0, L_0x55ab27b82a30;  1 drivers
v0x55ab27b565d0_0 .net *"_ivl_346", 0 0, L_0x55ab27b82b40;  1 drivers
v0x55ab27b566b0_0 .net *"_ivl_348", 31 0, L_0x55ab27b83420;  1 drivers
v0x55ab27b56790_0 .net *"_ivl_35", 0 0, L_0x55ab27b7ac30;  1 drivers
L_0x7f49c9b65918 .functor BUFT 1, C4<00000000>, C4<0>, C4<0>, C4<0>;
v0x55ab27b56870_0 .net *"_ivl_351", 7 0, L_0x7f49c9b65918;  1 drivers
L_0x7f49c9b65960 .functor BUFT 1, C4<00000000000000000000000000000000>, C4<0>, C4<0>, C4<0>;
v0x55ab27b56950_0 .net/2u *"_ivl_352", 31 0, L_0x7f49c9b65960;  1 drivers
v0x55ab27b56a30_0 .net *"_ivl_354", 31 0, L_0x55ab27b82ff0;  1 drivers
v0x55ab27b56b10_0 .net *"_ivl_356", 31 0, L_0x55ab27b83180;  1 drivers
L_0x7f49c9b659a8 .functor BUFT 1, C4<00000000000000000000000000000000>, C4<0>, C4<0>, C4<0>;
v0x55ab27b56bf0_0 .net/2u *"_ivl_358", 31 0, L_0x7f49c9b659a8;  1 drivers
v0x55ab27b56cd0_0 .net *"_ivl_36", 19 0, L_0x55ab27b7ad60;  1 drivers
v0x55ab27b56db0_0 .net *"_ivl_360", 31 0, L_0x55ab27b83290;  1 drivers
v0x55ab27b56e90_0 .net *"_ivl_365", 1 0, L_0x55ab27b83580;  1 drivers
L_0x7f49c9b659f0 .functor BUFT 1, C4<00>, C4<0>, C4<0>, C4<0>;
v0x55ab27b56f70_0 .net/2u *"_ivl_366", 1 0, L_0x7f49c9b659f0;  1 drivers
v0x55ab27b57050_0 .net *"_ivl_371", 1 0, L_0x55ab27b83760;  1 drivers
L_0x7f49c9b65a38 .functor BUFT 1, C4<01>, C4<0>, C4<0>, C4<0>;
v0x55ab27b57130_0 .net/2u *"_ivl_372", 1 0, L_0x7f49c9b65a38;  1 drivers
v0x55ab27b57210_0 .net *"_ivl_377", 0 0, L_0x55ab27b83960;  1 drivers
v0x55ab27b572f0_0 .net *"_ivl_379", 0 0, L_0x55ab27b83a00;  1 drivers
v0x55ab27b573b0_0 .net *"_ivl_381", 0 0, L_0x55ab27b83af0;  1 drivers
v0x55ab27b57490_0 .net *"_ivl_383", 0 0, L_0x55ab27b83b90;  1 drivers
v0x55ab27b57570_0 .net *"_ivl_384", 0 0, L_0x55ab27b83c30;  1 drivers
v0x55ab27b57650_0 .net *"_ivl_388", 23 0, L_0x55ab27b83850;  1 drivers
v0x55ab27b57730_0 .net *"_ivl_39", 0 0, L_0x55ab27b7b1d0;  1 drivers
v0x55ab27b57810_0 .net *"_ivl_390", 31 0, L_0x55ab27b83e00;  1 drivers
v0x55ab27b578f0_0 .net *"_ivl_392", 15 0, L_0x55ab27b83ef0;  1 drivers
v0x55ab27b579d0_0 .net *"_ivl_394", 31 0, L_0x55ab27b83f90;  1 drivers
v0x55ab27b57ab0_0 .net *"_ivl_396", 31 0, L_0x55ab27b840d0;  1 drivers
v0x55ab27b57b90_0 .net *"_ivl_401", 0 0, L_0x55ab27b84aa0;  1 drivers
v0x55ab27b57c70_0 .net *"_ivl_403", 15 0, L_0x55ab27b84b90;  1 drivers
v0x55ab27b57d50_0 .net *"_ivl_405", 15 0, L_0x55ab27b85490;  1 drivers
v0x55ab27b57e30_0 .net *"_ivl_409", 0 0, L_0x55ab27b851b0;  1 drivers
v0x55ab27b57f10_0 .net *"_ivl_41", 5 0, L_0x55ab27b7b310;  1 drivers
v0x55ab27b57ff0_0 .net *"_ivl_411", 7 0, L_0x55ab27b85250;  1 drivers
v0x55ab27b580d0_0 .net *"_ivl_413", 7 0, L_0x55ab27b85380;  1 drivers
v0x55ab27b581b0_0 .net *"_ivl_419", 7 0, L_0x55ab27b85b00;  1 drivers
v0x55ab27b58290_0 .net *"_ivl_423", 0 0, L_0x55ab27b855c0;  1 drivers
v0x55ab27b58370_0 .net *"_ivl_425", 7 0, L_0x55ab27b856f0;  1 drivers
v0x55ab27b58450_0 .net *"_ivl_427", 7 0, L_0x55ab27b85790;  1 drivers
v0x55ab27b58530_0 .net *"_ivl_428", 7 0, L_0x55ab27b858c0;  1 drivers
v0x55ab27b58610_0 .net *"_ivl_43", 3 0, L_0x55ab27b7b3b0;  1 drivers
v0x55ab27b586f0_0 .net *"_ivl_433", 0 0, L_0x55ab27b86070;  1 drivers
v0x55ab27b587d0_0 .net *"_ivl_435", 7 0, L_0x55ab27b86110;  1 drivers
v0x55ab27b588b0_0 .net *"_ivl_437", 7 0, L_0x55ab27b85bf0;  1 drivers
v0x55ab27b58990_0 .net *"_ivl_438", 7 0, L_0x55ab27b85c90;  1 drivers
L_0x7f49c9b650a8 .functor BUFT 1, C4<0>, C4<0>, C4<0>, C4<0>;
v0x55ab27b58a70_0 .net/2u *"_ivl_44", 0 0, L_0x7f49c9b650a8;  1 drivers
v0x55ab27b58b50_0 .net *"_ivl_444", 0 0, L_0x55ab27b85fb0;  1 drivers
v0x55ab27b58c30_0 .net *"_ivl_446", 7 0, L_0x55ab27b86660;  1 drivers
v0x55ab27b58d10_0 .net *"_ivl_448", 0 0, L_0x55ab27b86700;  1 drivers
v0x55ab27b58df0_0 .net *"_ivl_450", 7 0, L_0x55ab27b861b0;  1 drivers
v0x55ab27b58ed0_0 .net *"_ivl_452", 7 0, L_0x55ab27b86250;  1 drivers
v0x55ab27b58fb0_0 .net *"_ivl_453", 7 0, L_0x55ab27b862f0;  1 drivers
v0x55ab27b59090_0 .net *"_ivl_455", 7 0, L_0x55ab27b86480;  1 drivers
v0x55ab27b59170_0 .net *"_ivl_458", 0 0, L_0x55ab27b86c80;  1 drivers
v0x55ab27b59250_0 .net *"_ivl_460", 0 0, L_0x55ab27b86e30;  1 drivers
L_0x7f49c9b65a80 .functor BUFT 1, C4<1000>, C4<0>, C4<0>, C4<0>;
v0x55ab27b59330_0 .net/2u *"_ivl_461", 3 0, L_0x7f49c9b65a80;  1 drivers
L_0x7f49c9b65ac8 .functor BUFT 1, C4<0100>, C4<0>, C4<0>, C4<0>;
v0x55ab27b59410_0 .net/2u *"_ivl_463", 3 0, L_0x7f49c9b65ac8;  1 drivers
v0x55ab27b594f0_0 .net *"_ivl_465", 3 0, L_0x55ab27b867a0;  1 drivers
v0x55ab27b595d0_0 .net *"_ivl_468", 0 0, L_0x55ab27b86930;  1 drivers
L_0x7f49c9b65b10 .functor BUFT 1, C4<0010>, C4<0>, C4<0>, C4<0>;
v0x55ab27b596b0_0 .net/2u *"_ivl_469", 3 0, L_0x7f49c9b65b10;  1 drivers
L_0x7f49c9b65b58 .functor BUFT 1, C4<0001>, C4<0>, C4<0>, C4<0>;
v0x55ab27b59790_0 .net/2u *"_ivl_471", 3 0, L_0x7f49c9b65b58;  1 drivers
v0x55ab27b59870_0 .net *"_ivl_473", 3 0, L_0x55ab27b869d0;  1 drivers
v0x55ab27b59950_0 .net *"_ivl_475", 3 0, L_0x55ab27b86b60;  1 drivers
v0x55ab27b59a30_0 .net *"_ivl_478", 0 0, L_0x55ab27b87430;  1 drivers
L_0x7f49c9b65ba0 .functor BUFT 1, C4<1100>, C4<0>, C4<0>, C4<0>;
v0x55ab27b59b10_0 .net/2u *"_ivl_479", 3 0, L_0x7f49c9b65ba0;  1 drivers
L_0x7f49c9b65be8 .functor BUFT 1, C4<0011>, C4<0>, C4<0>, C4<0>;
v0x55ab27b59bf0_0 .net/2u *"_ivl_481", 3 0, L_0x7f49c9b65be8;  1 drivers
v0x55ab27b59cd0_0 .net *"_ivl_483", 3 0, L_0x55ab27b874d0;  1 drivers
L_0x7f49c9b65c30 .functor BUFT 1, C4<1111>, C4<0>, C4<0>, C4<0>;
v0x55ab27b59db0_0 .net/2u *"_ivl_485", 3 0, L_0x7f49c9b65c30;  1 drivers
v0x55ab27b59e90_0 .net *"_ivl_487", 3 0, L_0x55ab27b86fc0;  1 drivers
v0x55ab27b59f70_0 .net *"_ivl_49", 0 0, L_0x55ab27b7b670;  1 drivers
v0x55ab27b5a050_0 .net *"_ivl_491", 0 0, L_0x55ab27b871f0;  1 drivers
v0x55ab27b5a130_0 .net *"_ivl_495", 0 0, L_0x55ab27b87370;  1 drivers
v0x55ab27b5a210_0 .net *"_ivl_497", 0 0, L_0x55ab27b84430;  1 drivers
v0x55ab27b5a2f0_0 .net *"_ivl_5", 2 0, L_0x55ab27b69a20;  1 drivers
v0x55ab27b5a3d0_0 .net *"_ivl_50", 11 0, L_0x55ab27b7b450;  1 drivers
v0x55ab27b5a4b0_0 .net *"_ivl_53", 7 0, L_0x55ab27b7b820;  1 drivers
v0x55ab27b5a590_0 .net *"_ivl_55", 0 0, L_0x55ab27b7b710;  1 drivers
v0x55ab27b5a670_0 .net *"_ivl_57", 9 0, L_0x55ab27b7bba0;  1 drivers
L_0x7f49c9b650f0 .functor BUFT 1, C4<0>, C4<0>, C4<0>, C4<0>;
v0x55ab27b5a750_0 .net/2u *"_ivl_58", 0 0, L_0x7f49c9b650f0;  1 drivers
v0x55ab27b5a830_0 .net *"_ivl_63", 4 0, L_0x55ab27b7bea0;  1 drivers
L_0x7f49c9b65138 .functor BUFT 1, C4<00000>, C4<0>, C4<0>, C4<0>;
v0x55ab27b5a910_0 .net/2u *"_ivl_64", 4 0, L_0x7f49c9b65138;  1 drivers
v0x55ab27b5a9f0_0 .net *"_ivl_69", 4 0, L_0x55ab27b7c120;  1 drivers
L_0x7f49c9b65180 .functor BUFT 1, C4<00100>, C4<0>, C4<0>, C4<0>;
v0x55ab27b5aad0_0 .net/2u *"_ivl_70", 4 0, L_0x7f49c9b65180;  1 drivers
v0x55ab27b5abb0_0 .net *"_ivl_75", 4 0, L_0x55ab27b7c310;  1 drivers
L_0x7f49c9b651c8 .functor BUFT 1, C4<01000>, C4<0>, C4<0>, C4<0>;
v0x55ab27b5ac90_0 .net/2u *"_ivl_76", 4 0, L_0x7f49c9b651c8;  1 drivers
v0x55ab27b5ad70_0 .net *"_ivl_81", 4 0, L_0x55ab27b7c510;  1 drivers
L_0x7f49c9b65210 .functor BUFT 1, C4<01100>, C4<0>, C4<0>, C4<0>;
v0x55ab27b5ae50_0 .net/2u *"_ivl_82", 4 0, L_0x7f49c9b65210;  1 drivers
v0x55ab27b5af30_0 .net *"_ivl_87", 4 0, L_0x55ab27b7c720;  1 drivers
L_0x7f49c9b65258 .functor BUFT 1, C4<11100>, C4<0>, C4<0>, C4<0>;
v0x55ab27b5b010_0 .net/2u *"_ivl_88", 4 0, L_0x7f49c9b65258;  1 drivers
v0x55ab27b5b0f0_0 .net *"_ivl_9", 0 0, L_0x55ab27b69c30;  1 drivers
v0x55ab27b5b1d0_0 .net *"_ivl_95", 4 0, L_0x55ab27b7c7c0;  1 drivers
L_0x7f49c9b652a0 .functor BUFT 1, C4<11001>, C4<0>, C4<0>, C4<0>;
v0x55ab27b5b2b0_0 .net/2u *"_ivl_96", 4 0, L_0x7f49c9b652a0;  1 drivers
v0x55ab27b5b390_0 .net "aluBusy", 0 0, L_0x55ab27b7d4c0;  1 drivers
v0x55ab27b5b450_0 .net "aluIn1", 31 0, L_0x55ab27b09b70;  1 drivers
v0x55ab27b5b530_0 .net "aluIn2", 31 0, L_0x55ab27b7d3d0;  1 drivers
v0x55ab27b5b610_0 .net "aluMinus", 32 0, L_0x55ab27b7d8c0;  1 drivers
v0x55ab27b5b6f0_0 .net "aluOut", 31 0, L_0x55ab27b7fc30;  1 drivers
v0x55ab27b5b7d0_0 .net "aluPlus", 31 0, L_0x55ab27b7d250;  1 drivers
v0x55ab27b5b8b0_0 .var "aluReg", 31 0;
v0x55ab27b5b990_0 .var "aluShamt", 4 0;
v0x55ab27b5ba70_0 .var "aluWr", 0 0;
v0x55ab27b5bb30_0 .net "clk", 0 0, v0x55ab27b65a70_0;  alias, 1 drivers
v0x55ab27b5bbf0_0 .var "cycles", 31 0;
v0x55ab27b5bcd0_0 .net "funct3Is", 7 0, L_0x55ab27b69af0;  1 drivers
v0x55ab27b5bdd0_0 .net "funct3IsShift", 0 0, L_0x55ab27b80130;  1 drivers
v0x55ab27b5be90_0 .var "instr", 31 2;
v0x55ab27b5bf70_0 .net "isALU", 0 0, L_0x55ab27b076f0;  1 drivers
v0x55ab27b5c030_0 .net "isALUimm", 0 0, L_0x55ab27b7bf40;  1 drivers
v0x55ab27b5c0f0_0 .net "isALUreg", 0 0, L_0x55ab27b7c3b0;  1 drivers
v0x55ab27b5c1b0_0 .net "isAUIPC", 0 0, L_0x55ab27b7cc60;  1 drivers
v0x55ab27b5c270_0 .net "isBranch", 0 0, L_0x55ab27b7ce80;  1 drivers
v0x55ab27b5c330_0 .net "isJAL", 0 0, L_0x55ab27b7c8f0;  1 drivers
v0x55ab27b5c3f0_0 .net "isJALR", 0 0, L_0x55ab27b7cad0;  1 drivers
v0x55ab27b5c4b0_0 .net "isLUI", 0 0, L_0x55ab27b7ca30;  1 drivers
v0x55ab27b5c570_0 .net "isLoad", 0 0, L_0x55ab27b7c030;  1 drivers
v0x55ab27b5c630_0 .net "isSYSTEM", 0 0, L_0x55ab27b7c5b0;  1 drivers
v0x55ab27b5c6f0_0 .net "isStore", 0 0, L_0x55ab27b7c1c0;  1 drivers
v0x55ab27b5c7b0_0 .net "jumpToPCplusImm", 0 0, L_0x55ab27b872b0;  1 drivers
v0x55ab27b5c870_0 .net "loadstore_addr", 23 0, L_0x55ab27b82710;  1 drivers
v0x55ab27b5c950_0 .var "mem_addr", 31 0;
v0x55ab27b5ca30_0 .net "mem_byteAccess", 0 0, L_0x55ab27b83620;  1 drivers
v0x55ab27b5caf0_0 .net "mem_halfwordAccess", 0 0, L_0x55ab27b83d10;  1 drivers
v0x55ab27b5cbb0_0 .net "mem_rbusy", 0 0, L_0x55ab27b87ca0;  1 drivers
v0x55ab27b5cc70_0 .net "mem_rdata", 31 0, v0x55ab27b64a30_0;  1 drivers
v0x55ab27b5cd50_0 .var "mem_rstrb", 0 0;
v0x55ab27b5ce10_0 .net "mem_wbusy", 0 0, v0x55ab27b60cc0_0;  alias, 1 drivers
v0x55ab27b5ced0_0 .net "mem_wdata", 31 0, L_0x55ab27b85e20;  alias, 1 drivers
v0x55ab27b5cfb0_0 .var "mem_wmask", 3 0;
v0x55ab27b5d090_0 .net "needToWait", 0 0, L_0x55ab27b87be0;  1 drivers
v0x55ab27b55be0_0 .net "predicate", 0 0, L_0x55ab27b811f0;  1 drivers
v0x55ab27b55ca0_0 .net "rdId", 4 0, L_0x55ab27b69920;  1 drivers
v0x55ab27b55d80 .array "registerFile", 0 31, 31 0;
v0x55ab27b55e40_0 .net "reset", 0 0, v0x55ab27b65c40_0;  alias, 1 drivers
v0x55ab27b55f00_0 .var "rs1", 31 0;
v0x55ab27b55fe0_0 .var "rs2", 31 0;
v0x55ab27b560c0_0 .var "state", 3 0;
v0x55ab27b561a0_0 .var "writeBack", 0 0;
v0x55ab27b56260_0 .net "writeBackData", 31 0, L_0x55ab27b834c0;  1 drivers
E_0x55ab279d5430 .event posedge, v0x55ab27b5bb30_0;
E_0x55ab279d57a0 .event anyedge, v0x55ab27b55e40_0, v0x55ab27b560c0_0, v0x55ab27b4ee20_0, v0x55ab27b5c870_0;
E_0x55ab279ed420/0 .event anyedge, v0x55ab27b55e40_0, v0x55ab27b560c0_0, v0x55ab27b5c570_0, v0x55ab27b5c270_0;
E_0x55ab279ed420/1 .event anyedge, v0x55ab27b5c6f0_0;
E_0x55ab279ed420 .event/or E_0x55ab279ed420/0, E_0x55ab279ed420/1;
E_0x55ab279ed640 .event negedge, v0x55ab27b5bb30_0;
L_0x55ab27b69920 .part v0x55ab27b5be90_0, 5, 5;
L_0x55ab27b69a20 .part v0x55ab27b5be90_0, 10, 3;
L_0x55ab27b69af0 .shift/l 8, L_0x7f49c9b65018, L_0x55ab27b69a20;
L_0x55ab27b69c30 .part v0x55ab27b5be90_0, 29, 1;
L_0x55ab27b69d00 .part v0x55ab27b5be90_0, 10, 19;
L_0x55ab27b79e70 .concat [ 12 19 1 0], L_0x7f49c9b65060, L_0x55ab27b69d00, L_0x55ab27b69c30;
L_0x55ab27b7a050 .part v0x55ab27b5be90_0, 29, 1;
LS_0x55ab27b7a0f0_0_0 .concat [ 1 1 1 1], L_0x55ab27b7a050, L_0x55ab27b7a050, L_0x55ab27b7a050, L_0x55ab27b7a050;
LS_0x55ab27b7a0f0_0_4 .concat [ 1 1 1 1], L_0x55ab27b7a050, L_0x55ab27b7a050, L_0x55ab27b7a050, L_0x55ab27b7a050;
LS_0x55ab27b7a0f0_0_8 .concat [ 1 1 1 1], L_0x55ab27b7a050, L_0x55ab27b7a050, L_0x55ab27b7a050, L_0x55ab27b7a050;
LS_0x55ab27b7a0f0_0_12 .concat [ 1 1 1 1], L_0x55ab27b7a050, L_0x55ab27b7a050, L_0x55ab27b7a050, L_0x55ab27b7a050;
LS_0x55ab27b7a0f0_0_16 .concat [ 1 1 1 1], L_0x55ab27b7a050, L_0x55ab27b7a050, L_0x55ab27b7a050, L_0x55ab27b7a050;
LS_0x55ab27b7a0f0_0_20 .concat [ 1 0 0 0], L_0x55ab27b7a050;
LS_0x55ab27b7a0f0_1_0 .concat [ 4 4 4 4], LS_0x55ab27b7a0f0_0_0, LS_0x55ab27b7a0f0_0_4, LS_0x55ab27b7a0f0_0_8, LS_0x55ab27b7a0f0_0_12;
LS_0x55ab27b7a0f0_1_4 .concat [ 4 1 0 0], LS_0x55ab27b7a0f0_0_16, LS_0x55ab27b7a0f0_0_20;
L_0x55ab27b7a0f0 .concat [ 16 5 0 0], LS_0x55ab27b7a0f0_1_0, LS_0x55ab27b7a0f0_1_4;
L_0x55ab27b7a3d0 .part v0x55ab27b5be90_0, 18, 11;
L_0x55ab27b7a470 .concat [ 11 21 0 0], L_0x55ab27b7a3d0, L_0x55ab27b7a0f0;
L_0x55ab27b7a5c0 .part v0x55ab27b5be90_0, 29, 1;
LS_0x55ab27b7a660_0_0 .concat [ 1 1 1 1], L_0x55ab27b7a5c0, L_0x55ab27b7a5c0, L_0x55ab27b7a5c0, L_0x55ab27b7a5c0;
LS_0x55ab27b7a660_0_4 .concat [ 1 1 1 1], L_0x55ab27b7a5c0, L_0x55ab27b7a5c0, L_0x55ab27b7a5c0, L_0x55ab27b7a5c0;
LS_0x55ab27b7a660_0_8 .concat [ 1 1 1 1], L_0x55ab27b7a5c0, L_0x55ab27b7a5c0, L_0x55ab27b7a5c0, L_0x55ab27b7a5c0;
LS_0x55ab27b7a660_0_12 .concat [ 1 1 1 1], L_0x55ab27b7a5c0, L_0x55ab27b7a5c0, L_0x55ab27b7a5c0, L_0x55ab27b7a5c0;
LS_0x55ab27b7a660_0_16 .concat [ 1 1 1 1], L_0x55ab27b7a5c0, L_0x55ab27b7a5c0, L_0x55ab27b7a5c0, L_0x55ab27b7a5c0;
LS_0x55ab27b7a660_0_20 .concat [ 1 0 0 0], L_0x55ab27b7a5c0;
LS_0x55ab27b7a660_1_0 .concat [ 4 4 4 4], LS_0x55ab27b7a660_0_0, LS_0x55ab27b7a660_0_4, LS_0x55ab27b7a660_0_8, LS_0x55ab27b7a660_0_12;
LS_0x55ab27b7a660_1_4 .concat [ 4 1 0 0], LS_0x55ab27b7a660_0_16, LS_0x55ab27b7a660_0_20;
L_0x55ab27b7a660 .concat [ 16 5 0 0], LS_0x55ab27b7a660_1_0, LS_0x55ab27b7a660_1_4;
L_0x55ab27b7a980 .part v0x55ab27b5be90_0, 23, 6;
L_0x55ab27b7aa20 .part v0x55ab27b5be90_0, 5, 5;
L_0x55ab27b7ab40 .concat [ 5 6 21 0], L_0x55ab27b7aa20, L_0x55ab27b7a980, L_0x55ab27b7a660;
L_0x55ab27b7ac30 .part v0x55ab27b5be90_0, 29, 1;
LS_0x55ab27b7ad60_0_0 .concat [ 1 1 1 1], L_0x55ab27b7ac30, L_0x55ab27b7ac30, L_0x55ab27b7ac30, L_0x55ab27b7ac30;
LS_0x55ab27b7ad60_0_4 .concat [ 1 1 1 1], L_0x55ab27b7ac30, L_0x55ab27b7ac30, L_0x55ab27b7ac30, L_0x55ab27b7ac30;
LS_0x55ab27b7ad60_0_8 .concat [ 1 1 1 1], L_0x55ab27b7ac30, L_0x55ab27b7ac30, L_0x55ab27b7ac30, L_0x55ab27b7ac30;
LS_0x55ab27b7ad60_0_12 .concat [ 1 1 1 1], L_0x55ab27b7ac30, L_0x55ab27b7ac30, L_0x55ab27b7ac30, L_0x55ab27b7ac30;
LS_0x55ab27b7ad60_0_16 .concat [ 1 1 1 1], L_0x55ab27b7ac30, L_0x55ab27b7ac30, L_0x55ab27b7ac30, L_0x55ab27b7ac30;
LS_0x55ab27b7ad60_1_0 .concat [ 4 4 4 4], LS_0x55ab27b7ad60_0_0, LS_0x55ab27b7ad60_0_4, LS_0x55ab27b7ad60_0_8, LS_0x55ab27b7ad60_0_12;
LS_0x55ab27b7ad60_1_4 .concat [ 4 0 0 0], LS_0x55ab27b7ad60_0_16;
L_0x55ab27b7ad60 .concat [ 16 4 0 0], LS_0x55ab27b7ad60_1_0, LS_0x55ab27b7ad60_1_4;
L_0x55ab27b7b1d0 .part v0x55ab27b5be90_0, 5, 1;
L_0x55ab27b7b310 .part v0x55ab27b5be90_0, 23, 6;
L_0x55ab27b7b3b0 .part v0x55ab27b5be90_0, 6, 4;
LS_0x55ab27b7b270_0_0 .concat [ 1 4 6 1], L_0x7f49c9b650a8, L_0x55ab27b7b3b0, L_0x55ab27b7b310, L_0x55ab27b7b1d0;
LS_0x55ab27b7b270_0_4 .concat [ 20 0 0 0], L_0x55ab27b7ad60;
L_0x55ab27b7b270 .concat [ 12 20 0 0], LS_0x55ab27b7b270_0_0, LS_0x55ab27b7b270_0_4;
L_0x55ab27b7b670 .part v0x55ab27b5be90_0, 29, 1;
LS_0x55ab27b7b450_0_0 .concat [ 1 1 1 1], L_0x55ab27b7b670, L_0x55ab27b7b670, L_0x55ab27b7b670, L_0x55ab27b7b670;
LS_0x55ab27b7b450_0_4 .concat [ 1 1 1 1], L_0x55ab27b7b670, L_0x55ab27b7b670, L_0x55ab27b7b670, L_0x55ab27b7b670;
LS_0x55ab27b7b450_0_8 .concat [ 1 1 1 1], L_0x55ab27b7b670, L_0x55ab27b7b670, L_0x55ab27b7b670, L_0x55ab27b7b670;
L_0x55ab27b7b450 .concat [ 4 4 4 0], LS_0x55ab27b7b450_0_0, LS_0x55ab27b7b450_0_4, LS_0x55ab27b7b450_0_8;
L_0x55ab27b7b820 .part v0x55ab27b5be90_0, 10, 8;
L_0x55ab27b7b710 .part v0x55ab27b5be90_0, 18, 1;
L_0x55ab27b7bba0 .part v0x55ab27b5be90_0, 19, 10;
LS_0x55ab27b7b8c0_0_0 .concat [ 1 10 1 8], L_0x7f49c9b650f0, L_0x55ab27b7bba0, L_0x55ab27b7b710, L_0x55ab27b7b820;
LS_0x55ab27b7b8c0_0_4 .concat [ 12 0 0 0], L_0x55ab27b7b450;
L_0x55ab27b7b8c0 .concat [ 20 12 0 0], LS_0x55ab27b7b8c0_0_0, LS_0x55ab27b7b8c0_0_4;
L_0x55ab27b7bea0 .part v0x55ab27b5be90_0, 0, 5;
L_0x55ab27b7c030 .cmp/eq 5, L_0x55ab27b7bea0, L_0x7f49c9b65138;
L_0x55ab27b7c120 .part v0x55ab27b5be90_0, 0, 5;
L_0x55ab27b7bf40 .cmp/eq 5, L_0x55ab27b7c120, L_0x7f49c9b65180;
L_0x55ab27b7c310 .part v0x55ab27b5be90_0, 0, 5;
L_0x55ab27b7c1c0 .cmp/eq 5, L_0x55ab27b7c310, L_0x7f49c9b651c8;
L_0x55ab27b7c510 .part v0x55ab27b5be90_0, 0, 5;
L_0x55ab27b7c3b0 .cmp/eq 5, L_0x55ab27b7c510, L_0x7f49c9b65210;
L_0x55ab27b7c720 .part v0x55ab27b5be90_0, 0, 5;
L_0x55ab27b7c5b0 .cmp/eq 5, L_0x55ab27b7c720, L_0x7f49c9b65258;
L_0x55ab27b7c8f0 .part v0x55ab27b5be90_0, 1, 1;
L_0x55ab27b7c7c0 .part v0x55ab27b5be90_0, 0, 5;
L_0x55ab27b7cad0 .cmp/eq 5, L_0x55ab27b7c7c0, L_0x7f49c9b652a0;
L_0x55ab27b7c990 .part v0x55ab27b5be90_0, 0, 5;
L_0x55ab27b7ca30 .cmp/eq 5, L_0x55ab27b7c990, L_0x7f49c9b652e8;
L_0x55ab27b7cbc0 .part v0x55ab27b5be90_0, 0, 5;
L_0x55ab27b7cc60 .cmp/eq 5, L_0x55ab27b7cbc0, L_0x7f49c9b65330;
L_0x55ab27b7cde0 .part v0x55ab27b5be90_0, 0, 5;
L_0x55ab27b7ce80 .cmp/eq 5, L_0x55ab27b7cde0, L_0x7f49c9b65378;
L_0x55ab27b7d3d0 .functor MUXZ 32, L_0x55ab27b7a470, v0x55ab27b55fe0_0, L_0x55ab27af4fd0, C4<>;
L_0x55ab27b7d4c0 .reduce/or v0x55ab27b5b990_0;
L_0x55ab27b7d250 .arith/sum 32, L_0x55ab27b09b70, L_0x55ab27b7d3d0;
L_0x55ab27b7d720 .concat [ 32 1 0 0], L_0x55ab27af5ce0, L_0x7f49c9b653c0;
L_0x55ab27b7d560 .concat [ 32 1 0 0], L_0x55ab27b09b70, L_0x7f49c9b65408;
L_0x55ab27b7d650 .arith/sum 33, L_0x55ab27b7d720, L_0x55ab27b7d560;
L_0x55ab27b7d8c0 .arith/sum 33, L_0x55ab27b7d650, L_0x7f49c9b65450;
L_0x55ab27b7dc80 .part L_0x55ab27b09b70, 31, 1;
L_0x55ab27b7dad0 .part L_0x55ab27b7d3d0, 31, 1;
L_0x55ab27b7dee0 .part L_0x55ab27b09b70, 31, 1;
L_0x55ab27b7dd20 .part L_0x55ab27b7d8c0, 32, 1;
L_0x55ab27b7de10 .functor MUXZ 1, L_0x55ab27b7dd20, L_0x55ab27b7dee0, L_0x55ab27af9e20, C4<>;
L_0x55ab27b7e250 .part L_0x55ab27b7d8c0, 32, 1;
L_0x55ab27b7e2f0 .part L_0x55ab27b7d8c0, 0, 32;
L_0x55ab27b7df80 .cmp/eq 32, L_0x55ab27b7e2f0, L_0x7f49c9b65498;
L_0x55ab27b7e070 .part L_0x55ab27b69af0, 0, 1;
L_0x55ab27b7e620 .part v0x55ab27b5be90_0, 28, 1;
L_0x55ab27b7e6c0 .part v0x55ab27b5be90_0, 3, 1;
L_0x55ab27b7e500 .part L_0x55ab27b7d8c0, 0, 32;
L_0x55ab27b7e970 .functor MUXZ 32, L_0x55ab27b7d250, L_0x55ab27b7e500, L_0x55ab27af28b0, C4<>;
L_0x55ab27b7e800 .functor MUXZ 32, L_0x7f49c9b654e0, L_0x55ab27b7e970, L_0x55ab27b7e070, C4<>;
L_0x55ab27b7ec80 .part L_0x55ab27b69af0, 2, 1;
L_0x55ab27b7ea10 .concat [ 1 31 0 0], L_0x55ab27b7de10, L_0x7f49c9b65528;
L_0x55ab27b7eb50 .functor MUXZ 32, L_0x7f49c9b65570, L_0x55ab27b7ea10, L_0x55ab27b7ec80, C4<>;
L_0x55ab27b7f0f0 .part L_0x55ab27b69af0, 3, 1;
L_0x55ab27b7f190 .concat [ 1 31 0 0], L_0x55ab27b7e250, L_0x7f49c9b655b8;
L_0x55ab27b7ed20 .functor MUXZ 32, L_0x7f49c9b65600, L_0x55ab27b7f190, L_0x55ab27b7f0f0, C4<>;
L_0x55ab27b7f520 .part L_0x55ab27b69af0, 4, 1;
L_0x55ab27b7f280 .functor MUXZ 32, L_0x7f49c9b65648, L_0x55ab27ae5930, L_0x55ab27b7f520, C4<>;
L_0x55ab27b7f880 .part L_0x55ab27b69af0, 6, 1;
L_0x55ab27b7f5c0 .functor MUXZ 32, L_0x7f49c9b65690, L_0x55ab279bf870, L_0x55ab27b7f880, C4<>;
L_0x55ab27b7fb90 .part L_0x55ab27b69af0, 7, 1;
L_0x55ab27b7fa30 .functor MUXZ 32, L_0x7f49c9b656d8, L_0x55ab27b7f7f0, L_0x55ab27b7fb90, C4<>;
L_0x55ab27b80090 .functor MUXZ 32, L_0x7f49c9b65720, v0x55ab27b5b8b0_0, L_0x55ab27b80130, C4<>;
L_0x55ab27b7fd40 .part L_0x55ab27b69af0, 1, 1;
L_0x55ab27b7fde0 .part L_0x55ab27b69af0, 5, 1;
L_0x55ab27b80320 .part L_0x55ab27b69af0, 0, 1;
L_0x55ab27b80810 .part L_0x55ab27b69af0, 1, 1;
L_0x55ab27b804d0 .reduce/nor L_0x55ab27b7df80;
L_0x55ab27b80bb0 .part L_0x55ab27b69af0, 4, 1;
L_0x55ab27b80680 .part L_0x55ab27b69af0, 5, 1;
L_0x55ab27b80f10 .reduce/nor L_0x55ab27b7de10;
L_0x55ab27b80970 .part L_0x55ab27b69af0, 6, 1;
L_0x55ab27b81460 .part L_0x55ab27b69af0, 7, 1;
L_0x55ab27b80fb0 .reduce/nor L_0x55ab27b7e250;
L_0x55ab27b817e0 .arith/sum 24, v0x55ab27b4ee20_0, L_0x7f49c9b65768;
L_0x55ab27b81500 .part v0x55ab27b5be90_0, 1, 1;
L_0x55ab27b815a0 .part L_0x55ab27b7b8c0, 0, 24;
L_0x55ab27b81690 .part v0x55ab27b5be90_0, 2, 1;
L_0x55ab27b81730 .part L_0x55ab27b79e70, 0, 24;
L_0x55ab27b81940 .part L_0x55ab27b7b270, 0, 24;
L_0x55ab27b81a30 .functor MUXZ 24, L_0x55ab27b81940, L_0x55ab27b81730, L_0x55ab27b81690, C4<>;
L_0x55ab27b81fb0 .functor MUXZ 24, L_0x55ab27b81a30, L_0x55ab27b815a0, L_0x55ab27b81500, C4<>;
L_0x55ab27b820f0 .arith/sum 24, v0x55ab27b4ee20_0, L_0x55ab27b81fb0;
L_0x55ab27b81c90 .part v0x55ab27b55f00_0, 0, 24;
L_0x55ab27b81d80 .part v0x55ab27b5be90_0, 3, 1;
L_0x55ab27b81e20 .part L_0x55ab27b7ab40, 0, 24;
L_0x55ab27b81f10 .part L_0x55ab27b7a470, 0, 24;
L_0x55ab27b82580 .functor MUXZ 24, L_0x55ab27b81f10, L_0x55ab27b81e20, L_0x55ab27b81d80, C4<>;
L_0x55ab27b82710 .arith/sum 24, L_0x55ab27b81c90, L_0x55ab27b82580;
L_0x55ab27b82230 .functor MUXZ 32, L_0x7f49c9b657b0, v0x55ab27b5bbf0_0, L_0x55ab27b7c5b0, C4<>;
L_0x55ab27b82370 .functor MUXZ 32, L_0x7f49c9b657f8, L_0x55ab27b79e70, L_0x55ab27b7ca30, C4<>;
L_0x55ab27b81110 .functor MUXZ 32, L_0x7f49c9b65840, L_0x55ab27b7fc30, L_0x55ab27b076f0, C4<>;
L_0x55ab27b82eb0 .concat [ 24 8 0 0], L_0x55ab27b820f0, L_0x7f49c9b65888;
L_0x55ab27b828a0 .functor MUXZ 32, L_0x7f49c9b658d0, L_0x55ab27b82eb0, L_0x55ab27b7cc60, C4<>;
L_0x55ab27b83420 .concat [ 24 8 0 0], L_0x55ab27b817e0, L_0x7f49c9b65918;
L_0x55ab27b82ff0 .functor MUXZ 32, L_0x7f49c9b65960, L_0x55ab27b83420, L_0x55ab27b82b40, C4<>;
L_0x55ab27b83290 .functor MUXZ 32, L_0x7f49c9b659a8, L_0x55ab27b84910, L_0x55ab27b7c030, C4<>;
L_0x55ab27b83580 .part v0x55ab27b5be90_0, 10, 2;
L_0x55ab27b83620 .cmp/eq 2, L_0x55ab27b83580, L_0x7f49c9b659f0;
L_0x55ab27b83760 .part v0x55ab27b5be90_0, 10, 2;
L_0x55ab27b83d10 .cmp/eq 2, L_0x55ab27b83760, L_0x7f49c9b65a38;
L_0x55ab27b83960 .part v0x55ab27b5be90_0, 12, 1;
L_0x55ab27b83a00 .reduce/nor L_0x55ab27b83960;
L_0x55ab27b83af0 .part L_0x55ab27b85a10, 7, 1;
L_0x55ab27b83b90 .part L_0x55ab27b85070, 15, 1;
L_0x55ab27b83c30 .functor MUXZ 1, L_0x55ab27b83b90, L_0x55ab27b83af0, L_0x55ab27b83620, C4<>;
LS_0x55ab27b83850_0_0 .concat [ 1 1 1 1], L_0x55ab27b842d0, L_0x55ab27b842d0, L_0x55ab27b842d0, L_0x55ab27b842d0;
LS_0x55ab27b83850_0_4 .concat [ 1 1 1 1], L_0x55ab27b842d0, L_0x55ab27b842d0, L_0x55ab27b842d0, L_0x55ab27b842d0;
LS_0x55ab27b83850_0_8 .concat [ 1 1 1 1], L_0x55ab27b842d0, L_0x55ab27b842d0, L_0x55ab27b842d0, L_0x55ab27b842d0;
LS_0x55ab27b83850_0_12 .concat [ 1 1 1 1], L_0x55ab27b842d0, L_0x55ab27b842d0, L_0x55ab27b842d0, L_0x55ab27b842d0;
LS_0x55ab27b83850_0_16 .concat [ 1 1 1 1], L_0x55ab27b842d0, L_0x55ab27b842d0, L_0x55ab27b842d0, L_0x55ab27b842d0;
LS_0x55ab27b83850_0_20 .concat [ 1 1 1 1], L_0x55ab27b842d0, L_0x55ab27b842d0, L_0x55ab27b842d0, L_0x55ab27b842d0;
LS_0x55ab27b83850_1_0 .concat [ 4 4 4 4], LS_0x55ab27b83850_0_0, LS_0x55ab27b83850_0_4, LS_0x55ab27b83850_0_8, LS_0x55ab27b83850_0_12;
LS_0x55ab27b83850_1_4 .concat [ 4 4 0 0], LS_0x55ab27b83850_0_16, LS_0x55ab27b83850_0_20;
L_0x55ab27b83850 .concat [ 16 8 0 0], LS_0x55ab27b83850_1_0, LS_0x55ab27b83850_1_4;
L_0x55ab27b83e00 .concat [ 8 24 0 0], L_0x55ab27b85a10, L_0x55ab27b83850;
LS_0x55ab27b83ef0_0_0 .concat [ 1 1 1 1], L_0x55ab27b842d0, L_0x55ab27b842d0, L_0x55ab27b842d0, L_0x55ab27b842d0;
LS_0x55ab27b83ef0_0_4 .concat [ 1 1 1 1], L_0x55ab27b842d0, L_0x55ab27b842d0, L_0x55ab27b842d0, L_0x55ab27b842d0;
LS_0x55ab27b83ef0_0_8 .concat [ 1 1 1 1], L_0x55ab27b842d0, L_0x55ab27b842d0, L_0x55ab27b842d0, L_0x55ab27b842d0;
LS_0x55ab27b83ef0_0_12 .concat [ 1 1 1 1], L_0x55ab27b842d0, L_0x55ab27b842d0, L_0x55ab27b842d0, L_0x55ab27b842d0;
L_0x55ab27b83ef0 .concat [ 4 4 4 4], LS_0x55ab27b83ef0_0_0, LS_0x55ab27b83ef0_0_4, LS_0x55ab27b83ef0_0_8, LS_0x55ab27b83ef0_0_12;
L_0x55ab27b83f90 .concat [ 16 16 0 0], L_0x55ab27b85070, L_0x55ab27b83ef0;
L_0x55ab27b840d0 .functor MUXZ 32, v0x55ab27b64a30_0, L_0x55ab27b83f90, L_0x55ab27b83d10, C4<>;
L_0x55ab27b84910 .functor MUXZ 32, L_0x55ab27b840d0, L_0x55ab27b83e00, L_0x55ab27b83620, C4<>;
L_0x55ab27b84aa0 .part L_0x55ab27b82710, 1, 1;
L_0x55ab27b84b90 .part v0x55ab27b64a30_0, 16, 16;
L_0x55ab27b85490 .part v0x55ab27b64a30_0, 0, 16;
L_0x55ab27b85070 .functor MUXZ 16, L_0x55ab27b85490, L_0x55ab27b84b90, L_0x55ab27b84aa0, C4<>;
L_0x55ab27b851b0 .part L_0x55ab27b82710, 0, 1;
L_0x55ab27b85250 .part L_0x55ab27b85070, 8, 8;
L_0x55ab27b85380 .part L_0x55ab27b85070, 0, 8;
L_0x55ab27b85a10 .functor MUXZ 8, L_0x55ab27b85380, L_0x55ab27b85250, L_0x55ab27b851b0, C4<>;
L_0x55ab27b85b00 .part v0x55ab27b55fe0_0, 0, 8;
L_0x55ab27b855c0 .part L_0x55ab27b82710, 0, 1;
L_0x55ab27b856f0 .part v0x55ab27b55fe0_0, 0, 8;
L_0x55ab27b85790 .part v0x55ab27b55fe0_0, 8, 8;
L_0x55ab27b858c0 .functor MUXZ 8, L_0x55ab27b85790, L_0x55ab27b856f0, L_0x55ab27b855c0, C4<>;
L_0x55ab27b86070 .part L_0x55ab27b82710, 1, 1;
L_0x55ab27b86110 .part v0x55ab27b55fe0_0, 0, 8;
L_0x55ab27b85bf0 .part v0x55ab27b55fe0_0, 16, 8;
L_0x55ab27b85c90 .functor MUXZ 8, L_0x55ab27b85bf0, L_0x55ab27b86110, L_0x55ab27b86070, C4<>;
L_0x55ab27b85e20 .concat8 [ 8 8 8 8], L_0x55ab27b85b00, L_0x55ab27b858c0, L_0x55ab27b85c90, L_0x55ab27b86480;
L_0x55ab27b85fb0 .part L_0x55ab27b82710, 0, 1;
L_0x55ab27b86660 .part v0x55ab27b55fe0_0, 0, 8;
L_0x55ab27b86700 .part L_0x55ab27b82710, 1, 1;
L_0x55ab27b861b0 .part v0x55ab27b55fe0_0, 8, 8;
L_0x55ab27b86250 .part v0x55ab27b55fe0_0, 24, 8;
L_0x55ab27b862f0 .functor MUXZ 8, L_0x55ab27b86250, L_0x55ab27b861b0, L_0x55ab27b86700, C4<>;
L_0x55ab27b86480 .functor MUXZ 8, L_0x55ab27b862f0, L_0x55ab27b86660, L_0x55ab27b85fb0, C4<>;
L_0x55ab27b86c80 .part L_0x55ab27b82710, 1, 1;
L_0x55ab27b86e30 .part L_0x55ab27b82710, 0, 1;
L_0x55ab27b867a0 .functor MUXZ 4, L_0x7f49c9b65ac8, L_0x7f49c9b65a80, L_0x55ab27b86e30, C4<>;
L_0x55ab27b86930 .part L_0x55ab27b82710, 0, 1;
L_0x55ab27b869d0 .functor MUXZ 4, L_0x7f49c9b65b58, L_0x7f49c9b65b10, L_0x55ab27b86930, C4<>;
L_0x55ab27b86b60 .functor MUXZ 4, L_0x55ab27b869d0, L_0x55ab27b867a0, L_0x55ab27b86c80, C4<>;
L_0x55ab27b87430 .part L_0x55ab27b82710, 1, 1;
L_0x55ab27b874d0 .functor MUXZ 4, L_0x7f49c9b65be8, L_0x7f49c9b65ba0, L_0x55ab27b87430, C4<>;
L_0x55ab27b86fc0 .functor MUXZ 4, L_0x7f49c9b65c30, L_0x55ab27b874d0, L_0x55ab27b83d10, C4<>;
L_0x55ab27b87100 .functor MUXZ 4, L_0x55ab27b86fc0, L_0x55ab27b86b60, L_0x55ab27b83620, C4<>;
S_0x55ab27b5e1e0 .scope module, "mapped_spi_flash" "MappedSPIFlash" 4 84, 6 3 0, S_0x55ab27b4d990;
 .timescale -9 -12;
    .port_info 0 /INPUT 1 "clk";
    .port_info 1 /INPUT 1 "reset";
    .port_info 2 /INPUT 1 "rstrb";
    .port_info 3 /INPUT 20 "word_address";
    .port_info 4 /OUTPUT 32 "rdata";
    .port_info 5 /OUTPUT 1 "rbusy";
    .port_info 6 /OUTPUT 1 "CLK";
    .port_info 7 /OUTPUT 1 "CS_N";
    .port_info 8 /OUTPUT 1 "MOSI";
    .port_info 9 /INPUT 1 "MISO";
P_0x55ab27b217a0 .param/l "RECEIVE" 0 6 23, C4<011>;
P_0x55ab27b217e0 .param/l "SEND" 0 6 22, C4<010>;
P_0x55ab27b21820 .param/l "START" 0 6 20, C4<000>;
P_0x55ab27b21860 .param/l "WAIT_STRB" 0 6 21, C4<001>;
P_0x55ab27b218a0 .param/l "divisor" 0 6 26, +C4<00000000000000000000000000000010>;
v0x55ab27b5e5a0_0 .var "CLK", 0 0;
v0x55ab27b5e670_0 .var "CS_N", 0 0;
v0x55ab27b5e740_0 .net "MISO", 0 0, L_0x55ab27b89b30;  alias, 1 drivers
v0x55ab27b5e840_0 .net "MOSI", 0 0, L_0x55ab27b889a0;  alias, 1 drivers
v0x55ab27b5e910_0 .net *"_ivl_3", 7 0, L_0x55ab27b88ad0;  1 drivers
v0x55ab27b5ea00_0 .net *"_ivl_5", 7 0, L_0x55ab27b88b70;  1 drivers
v0x55ab27b5eaa0_0 .net *"_ivl_7", 7 0, L_0x55ab27b88c10;  1 drivers
v0x55ab27b5eb60_0 .net *"_ivl_9", 7 0, L_0x55ab27b88cb0;  1 drivers
v0x55ab27b5ec40_0 .net "clk", 0 0, v0x55ab27b65a70_0;  alias, 1 drivers
v0x55ab27b5ece0_0 .var "clk_div", 0 0;
v0x55ab27b5ed80_0 .var "cmd_addr", 31 0;
v0x55ab27b5ee60_0 .var "div_counter", 5 0;
v0x55ab27b5ef40_0 .var "rbusy", 0 0;
v0x55ab27b5f000_0 .var "rcv_bitcount", 5 0;
v0x55ab27b5f0e0_0 .var "rcv_data", 31 0;
v0x55ab27b5f1c0_0 .net "rdata", 31 0, L_0x55ab27b88de0;  alias, 1 drivers
v0x55ab27b5f2a0_0 .net "reset", 0 0, v0x55ab27b65c40_0;  alias, 1 drivers
v0x55ab27b5f370_0 .net "rstrb", 0 0, L_0x55ab27b890a0;  1 drivers
v0x55ab27b5f410_0 .var "snd_bitcount", 5 0;
v0x55ab27b5f4f0_0 .var "state", 2 0;
v0x55ab27b5f5d0_0 .net "word_address", 19 0, L_0x55ab27b89160;  1 drivers
L_0x55ab27b889a0 .part v0x55ab27b5ed80_0, 31, 1;
L_0x55ab27b88ad0 .part v0x55ab27b5f0e0_0, 0, 8;
L_0x55ab27b88b70 .part v0x55ab27b5f0e0_0, 8, 8;
L_0x55ab27b88c10 .part v0x55ab27b5f0e0_0, 16, 8;
L_0x55ab27b88cb0 .part v0x55ab27b5f0e0_0, 24, 8;
L_0x55ab27b88de0 .concat [ 8 8 8 8], L_0x55ab27b88cb0, L_0x55ab27b88c10, L_0x55ab27b88b70, L_0x55ab27b88ad0;
S_0x55ab27b5f7f0 .scope module, "mapped_spi_ram" "MappedSPIRAM" 4 62, 7 3 0, S_0x55ab27b4d990;
 .timescale -9 -12;
    .port_info 0 /INPUT 1 "clk";
    .port_info 1 /INPUT 1 "reset";
    .port_info 2 /INPUT 1 "rd";
    .port_info 3 /INPUT 1 "wr";
    .port_info 4 /INPUT 20 "word_address";
    .port_info 5 /INPUT 32 "wdata";
    .port_info 6 /OUTPUT 32 "rdata";
    .port_info 7 /OUTPUT 1 "rbusy";
    .port_info 8 /OUTPUT 1 "wbusy";
    .port_info 9 /OUTPUT 1 "CLK";
    .port_info 10 /OUTPUT 1 "CS_N";
    .port_info 11 /OUTPUT 1 "MOSI";
    .port_info 12 /INPUT 1 "MISO";
P_0x55ab27b21650 .param/l "RECEIVE" 0 7 26, C4<11>;
P_0x55ab27b21690 .param/l "SEND" 0 7 25, C4<10>;
P_0x55ab27b216d0 .param/l "START" 0 7 23, C4<00>;
P_0x55ab27b21710 .param/l "WAIT_INST" 0 7 24, C4<01>;
P_0x55ab27b21750 .param/l "divisor" 0 7 28, +C4<00000000000000000000000000000010>;
v0x55ab27b5fbf0_0 .var "CLK", 0 0;
v0x55ab27b5fcb0_0 .var "CS_N", 0 0;
v0x55ab27b5fd70_0 .net "MISO", 0 0, o0x7f49c9bb2098;  alias, 0 drivers
v0x55ab27b5fe40_0 .net "MOSI", 0 0, L_0x55ab27b87fb0;  alias, 1 drivers
v0x55ab27b5ff00_0 .net *"_ivl_3", 7 0, L_0x55ab27b880a0;  1 drivers
v0x55ab27b60030_0 .net *"_ivl_5", 7 0, L_0x55ab27b88140;  1 drivers
v0x55ab27b60110_0 .net *"_ivl_7", 7 0, L_0x55ab27b88230;  1 drivers
v0x55ab27b601f0_0 .net *"_ivl_9", 7 0, L_0x55ab27b882d0;  1 drivers
v0x55ab27b602d0_0 .net "clk", 0 0, v0x55ab27b65a70_0;  alias, 1 drivers
v0x55ab27b60370_0 .var "clk_div", 0 0;
v0x55ab27b60430_0 .var "cmd_addr", 31 0;
v0x55ab27b60510_0 .var "div_counter", 5 0;
v0x55ab27b605f0_0 .var "rbusy", 0 0;
v0x55ab27b606b0_0 .var "rcv_bitcount", 5 0;
v0x55ab27b60790_0 .var "rcv_data", 31 0;
v0x55ab27b60870_0 .net "rd", 0 0, L_0x55ab27b885f0;  1 drivers
v0x55ab27b60930_0 .net "rdata", 31 0, L_0x55ab27b88370;  alias, 1 drivers
v0x55ab27b60a10_0 .net "reset", 0 0, v0x55ab27b65c40_0;  alias, 1 drivers
v0x55ab27b60b00_0 .var "snd_bitcount", 5 0;
v0x55ab27b60be0_0 .var "state", 1 0;
v0x55ab27b60cc0_0 .var "wbusy", 0 0;
v0x55ab27b60d60_0 .net "wdata", 31 0, L_0x55ab27b85e20;  alias, 1 drivers
v0x55ab27b60e00_0 .net "word_address", 19 0, L_0x55ab27b888b0;  1 drivers
v0x55ab27b60ec0_0 .net "wr", 0 0, L_0x55ab27b887f0;  1 drivers
L_0x55ab27b87fb0 .part v0x55ab27b60430_0, 31, 1;
L_0x55ab27b880a0 .part v0x55ab27b60790_0, 0, 8;
L_0x55ab27b88140 .part v0x55ab27b60790_0, 8, 8;
L_0x55ab27b88230 .part v0x55ab27b60790_0, 16, 8;
L_0x55ab27b882d0 .part v0x55ab27b60790_0, 24, 8;
L_0x55ab27b88370 .concat [ 8 8 8 8], L_0x55ab27b882d0, L_0x55ab27b88230, L_0x55ab27b88140, L_0x55ab27b880a0;
S_0x55ab27b61120 .scope module, "per_uart" "peripheral_uart" 4 112, 8 1 0, S_0x55ab27b4d990;
 .timescale -9 -12;
    .port_info 0 /INPUT 1 "clk";
    .port_info 1 /INPUT 1 "rst";
    .port_info 2 /INPUT 8 "d_in";
    .port_info 3 /INPUT 1 "cs";
    .port_info 4 /INPUT 5 "addr";
    .port_info 5 /INPUT 1 "wr";
    .port_info 6 /OUTPUT 32 "d_out";
    .port_info 7 /OUTPUT 1 "uart_tx";
    .port_info 8 /INPUT 1 "uart_rx";
    .port_info 9 /OUTPUT 1 "ledout";
P_0x55ab27b3bb30 .param/l "baud" 0 8 3, +C4<00000000000000011100001000000000>;
P_0x55ab27b3bb70 .param/l "clk_freq" 0 8 2, +C4<00000001100110111111110011000000>;
v0x55ab27b63120_0 .net "addr", 4 0, L_0x55ab27b899a0;  1 drivers
v0x55ab27b63220_0 .net "clk", 0 0, v0x55ab27b65a70_0;  alias, 1 drivers
v0x55ab27b632e0_0 .net "cs", 0 0, L_0x55ab27b89870;  1 drivers
v0x55ab27b63380_0 .net "d_in", 7 0, L_0x55ab27b896f0;  1 drivers
v0x55ab27b63440_0 .var "d_in_uart", 7 0;
v0x55ab27b63500_0 .var "d_out", 31 0;
v0x55ab27b635c0_0 .var "ledout", 0 0;
v0x55ab27b63680_0 .net "rst", 0 0, L_0x55ab27b89600;  1 drivers
v0x55ab27b63750_0 .net "rx_avail", 0 0, v0x55ab27b62090_0;  1 drivers
v0x55ab27b638b0_0 .net "rx_data", 7 0, v0x55ab27b623d0_0;  1 drivers
v0x55ab27b63980_0 .net "rx_error", 0 0, v0x55ab27b624b0_0;  1 drivers
v0x55ab27b63a50_0 .var "s", 1 0;
v0x55ab27b63af0_0 .net "tx_busy", 0 0, v0x55ab27b62840_0;  1 drivers
v0x55ab27b63bc0_0 .var "uart_ctrl", 7 0;
v0x55ab27b63c60_0 .net "uart_rx", 0 0, v0x55ab27b65ce0_0;  alias, 1 drivers
v0x55ab27b63d30_0 .net "uart_tx", 0 0, v0x55ab27b62ea0_0;  alias, 1 drivers
v0x55ab27b63e00_0 .net "wr", 0 0, L_0x55ab27b87db0;  alias, 1 drivers
E_0x55ab279e5680/0 .event anyedge, v0x55ab27b63a50_0, v0x55ab27b623d0_0, v0x55ab27b62840_0, v0x55ab27b62090_0;
E_0x55ab279e5680/1 .event anyedge, v0x55ab27b624b0_0;
E_0x55ab279e5680 .event/or E_0x55ab279e5680/0, E_0x55ab279e5680/1;
E_0x55ab279a0780 .event anyedge, v0x55ab27b63120_0, v0x55ab27b632e0_0;
L_0x55ab27b89470 .part v0x55ab27b63bc0_0, 0, 1;
L_0x55ab27b89510 .part v0x55ab27b63bc0_0, 3, 1;
S_0x55ab27b61440 .scope module, "uart0" "uart" 8 61, 9 5 0, S_0x55ab27b61120;
 .timescale -9 -12;
    .port_info 0 /INPUT 1 "reset";
    .port_info 1 /INPUT 1 "clk";
    .port_info 2 /INPUT 1 "uart_rxd";
    .port_info 3 /OUTPUT 1 "uart_txd";
    .port_info 4 /OUTPUT 8 "rx_data";
    .port_info 5 /OUTPUT 1 "rx_avail";
    .port_info 6 /OUTPUT 1 "rx_error";
    .port_info 7 /INPUT 1 "rx_ack";
    .port_info 8 /INPUT 8 "tx_data";
    .port_info 9 /INPUT 1 "tx_wr";
    .port_info 10 /OUTPUT 1 "tx_busy";
P_0x55ab27b206e0 .param/l "baud" 0 9 7, +C4<00000000000000011100001000000000>;
P_0x55ab27b20720 .param/l "divisor" 1 9 24, +C4<00000000000000000000000000001110>;
P_0x55ab27b20760 .param/l "freq_hz" 0 9 6, +C4<00000001100110111111110011000000>;
v0x55ab27b618d0_0 .net *"_ivl_2", 31 0, L_0x55ab27b89240;  1 drivers
L_0x7f49c9b65cc0 .functor BUFT 1, C4<0000000000000000>, C4<0>, C4<0>, C4<0>;
v0x55ab27b619d0_0 .net *"_ivl_5", 15 0, L_0x7f49c9b65cc0;  1 drivers
L_0x7f49c9b65d08 .functor BUFT 1, C4<00000000000000000000000000000000>, C4<0>, C4<0>, C4<0>;
v0x55ab27b61ab0_0 .net/2u *"_ivl_6", 31 0, L_0x7f49c9b65d08;  1 drivers
v0x55ab27b61ba0_0 .net "clk", 0 0, v0x55ab27b65a70_0;  alias, 1 drivers
L_0x7f49c9b65c78 .functor BUFT 1, C4<0000000000001101>, C4<0>, C4<0>, C4<0>;
v0x55ab27b61c40_0 .net "divisor_trunc", 15 0, L_0x7f49c9b65c78;  1 drivers
v0x55ab27b61d70_0 .net "enable16", 0 0, L_0x55ab27b89330;  1 drivers
v0x55ab27b61e30_0 .var "enable16_counter", 15 0;
v0x55ab27b61f10_0 .net "reset", 0 0, L_0x55ab27b89600;  alias, 1 drivers
v0x55ab27b61fd0_0 .net "rx_ack", 0 0, L_0x55ab27b89470;  1 drivers
v0x55ab27b62090_0 .var "rx_avail", 0 0;
v0x55ab27b62150_0 .var "rx_bitcount", 3 0;
v0x55ab27b62230_0 .var "rx_busy", 0 0;
v0x55ab27b622f0_0 .var "rx_count16", 3 0;
v0x55ab27b623d0_0 .var "rx_data", 7 0;
v0x55ab27b624b0_0 .var "rx_error", 0 0;
v0x55ab27b62570_0 .var "rxd_reg", 9 0;
v0x55ab27b62650_0 .var "tx_bitcount", 3 0;
v0x55ab27b62840_0 .var "tx_busy", 0 0;
v0x55ab27b62900_0 .var "tx_count16", 3 0;
v0x55ab27b629e0_0 .net "tx_data", 7 0, v0x55ab27b63440_0;  1 drivers
v0x55ab27b62ac0_0 .net "tx_wr", 0 0, L_0x55ab27b89510;  1 drivers
v0x55ab27b62b80_0 .var "txd_reg", 7 0;
v0x55ab27b62c60_0 .net "uart_rxd", 0 0, v0x55ab27b65ce0_0;  alias, 1 drivers
v0x55ab27b62d20_0 .var "uart_rxd1", 0 0;
v0x55ab27b62de0_0 .var "uart_rxd2", 0 0;
v0x55ab27b62ea0_0 .var "uart_txd", 0 0;
L_0x55ab27b89240 .concat [ 16 16 0 0], v0x55ab27b61e30_0, L_0x7f49c9b65cc0;
L_0x55ab27b89330 .cmp/eq 32, L_0x55ab27b89240, L_0x7f49c9b65d08;
S_0x55ab27b22020 .scope module, "bram" "bram" 10 3;
 .timescale -9 -12;
    .port_info 0 /INPUT 1 "clk";
    .port_info 1 /INPUT 5 "mem_addr";
    .port_info 2 /OUTPUT 32 "mem_rdata";
    .port_info 3 /INPUT 1 "cs";
    .port_info 4 /INPUT 1 "rd";
    .port_info 5 /INPUT 1 "wr";
    .port_info 6 /INPUT 32 "mem_wdata";
o0x7f49c9bb34a8 .functor BUFZ 5, C4<zzzzz>; HiZ drive
L_0x55ab27b8a3e0 .functor BUFZ 5, o0x7f49c9bb34a8, C4<00000>, C4<00000>, C4<00000>;
v0x55ab27b66210 .array "MEM", 31 0, 31 0;
o0x7f49c9bb3448 .functor BUFZ 1, C4<z>; HiZ drive
v0x55ab27b662f0_0 .net "clk", 0 0, o0x7f49c9bb3448;  0 drivers
o0x7f49c9bb3478 .functor BUFZ 1, C4<z>; HiZ drive
v0x55ab27b663b0_0 .net "cs", 0 0, o0x7f49c9bb3478;  0 drivers
v0x55ab27b66450_0 .net "mem_addr", 6 2, o0x7f49c9bb34a8;  0 drivers
v0x55ab27b66530_0 .var "mem_rdata", 31 0;
o0x7f49c9bb3508 .functor BUFZ 32, C4<zzzzzzzzzzzzzzzzzzzzzzzzzzzzzzzz>; HiZ drive
v0x55ab27b66610_0 .net "mem_wdata", 31 0, o0x7f49c9bb3508;  0 drivers
o0x7f49c9bb3538 .functor BUFZ 1, C4<z>; HiZ drive
v0x55ab27b666f0_0 .net "rd", 0 0, o0x7f49c9bb3538;  0 drivers
v0x55ab27b667b0_0 .net "word_addr", 4 0, L_0x55ab27b8a3e0;  1 drivers
o0x7f49c9bb3598 .functor BUFZ 1, C4<z>; HiZ drive
v0x55ab27b66890_0 .net "wr", 0 0, o0x7f49c9bb3598;  0 drivers
E_0x55ab27b3f730 .event posedge, v0x55ab27b662f0_0;
S_0x55ab27ab8890 .scope module, "peripheral_mult" "peripheral_mult" 11 1;
 .timescale -9 -12;
    .port_info 0 /INPUT 1 "clk";
    .port_info 1 /INPUT 1 "reset";
    .port_info 2 /INPUT 16 "d_in";
    .port_info 3 /INPUT 1 "cs";
    .port_info 4 /INPUT 5 "addr";
    .port_info 5 /INPUT 1 "rd";
    .port_info 6 /INPUT 1 "wr";
    .port_info 7 /OUTPUT 32 "d_out";
v0x55ab27b67eb0_0 .var "A", 15 0;
v0x55ab27b67f90_0 .var "B", 15 0;
o0x7f49c9bb3aa8 .functor BUFZ 5, C4<zzzzz>; HiZ drive
v0x55ab27b68060_0 .net "addr", 4 0, o0x7f49c9bb3aa8;  0 drivers
o0x7f49c9bb3778 .functor BUFZ 1, C4<z>; HiZ drive
v0x55ab27b68130_0 .net "clk", 0 0, o0x7f49c9bb3778;  0 drivers
o0x7f49c9bb3ad8 .functor BUFZ 1, C4<z>; HiZ drive
v0x55ab27b68200_0 .net "cs", 0 0, o0x7f49c9bb3ad8;  0 drivers
o0x7f49c9bb3b08 .functor BUFZ 16, C4<zzzzzzzzzzzzzzzz>; HiZ drive
v0x55ab27b682a0_0 .net "d_in", 15 0, o0x7f49c9bb3b08;  0 drivers
v0x55ab27b68380_0 .var "d_out", 31 0;
v0x55ab27b68460_0 .net "done", 0 0, v0x55ab27b67610_0;  1 drivers
v0x55ab27b68500_0 .var "init", 0 0;
o0x7f49c9bb3b68 .functor BUFZ 1, C4<z>; HiZ drive
v0x55ab27b68660_0 .net "rd", 0 0, o0x7f49c9bb3b68;  0 drivers
o0x7f49c9bb3898 .functor BUFZ 1, C4<z>; HiZ drive
v0x55ab27b68700_0 .net "reset", 0 0, o0x7f49c9bb3898;  0 drivers
v0x55ab27b687d0_0 .net "result", 31 0, v0x55ab27b67af0_0;  1 drivers
v0x55ab27b688a0_0 .var "s", 4 0;
o0x7f49c9bb3bc8 .functor BUFZ 1, C4<z>; HiZ drive
v0x55ab27b68940_0 .net "wr", 0 0, o0x7f49c9bb3bc8;  0 drivers
E_0x55ab279caf00 .event anyedge, v0x55ab27b68200_0, v0x55ab27b68060_0;
S_0x55ab27b66b00 .scope module, "mult1" "mult" 11 71, 12 1 0, S_0x55ab27ab8890;
 .timescale -9 -12;
    .port_info 0 /INPUT 1 "reset";
    .port_info 1 /INPUT 1 "clk";
    .port_info 2 /INPUT 1 "init";
    .port_info 3 /OUTPUT 1 "done";
    .port_info 4 /OUTPUT 32 "result";
    .port_info 5 /INPUT 16 "op_A";
    .port_info 6 /INPUT 16 "op_B";
P_0x55ab27b66cb0 .param/l "ADD" 0 12 16, C4<011>;
P_0x55ab27b66cf0 .param/l "CHECK" 0 12 14, C4<001>;
P_0x55ab27b66d30 .param/l "END" 0 12 17, C4<100>;
P_0x55ab27b66d70 .param/l "SHIFT" 0 12 15, C4<010>;
P_0x55ab27b66db0 .param/l "START" 0 12 13, C4<000>;
P_0x55ab27b66df0 .param/l "START1" 0 12 18, C4<101>;
v0x55ab27b672b0_0 .var "A", 15 0;
v0x55ab27b673b0_0 .var "B", 15 0;
v0x55ab27b67490_0 .net "clk", 0 0, o0x7f49c9bb3778;  alias, 0 drivers
v0x55ab27b67530_0 .var "count", 10 0;
v0x55ab27b67610_0 .var "done", 0 0;
v0x55ab27b67720_0 .net "init", 0 0, v0x55ab27b68500_0;  1 drivers
v0x55ab27b677e0_0 .net "op_A", 15 0, v0x55ab27b67eb0_0;  1 drivers
v0x55ab27b678c0_0 .net "op_B", 15 0, v0x55ab27b67f90_0;  1 drivers
v0x55ab27b679a0_0 .net "reset", 0 0, o0x7f49c9bb3898;  alias, 0 drivers
v0x55ab27b67af0_0 .var "result", 31 0;
v0x55ab27b67bd0_0 .var "state", 2 0;
v0x55ab27b67cb0_0 .var "state_name", 320 1;
E_0x55ab27b671f0 .event anyedge, v0x55ab27b67bd0_0;
E_0x55ab27b67250 .event posedge, v0x55ab27b67490_0;
S_0x55ab27b02850 .scope module, "spiram" "spiram" 13 3;
 .timescale -9 -12;
    .port_info 0 /INPUT 1 "CS";
    .port_info 1 /INPUT 1 "SCK";
    .port_info 2 /INPUT 1 "SI";
    .port_info 3 /OUTPUT 1 "SO";
P_0x55ab27b0a370 .param/l "ADDR1" 1 13 21, C4<010>;
P_0x55ab27b0a3b0 .param/l "ADDR2" 1 13 22, C4<011>;
P_0x55ab27b0a3f0 .param/l "CMD" 1 13 20, C4<001>;
P_0x55ab27b0a430 .param/l "IDLE" 1 13 19, C4<000>;
P_0x55ab27b0a470 .param/l "READ" 1 13 23, C4<100>;
P_0x55ab27b0a4b0 .param/l "WRITE" 1 13 24, C4<101>;
o0x7f49c9bb3d78 .functor BUFZ 1, C4<z>; HiZ drive
v0x55ab27b68ba0_0 .net "CS", 0 0, o0x7f49c9bb3d78;  0 drivers
o0x7f49c9bb3da8 .functor BUFZ 1, C4<z>; HiZ drive
v0x55ab27b68c80_0 .net "SCK", 0 0, o0x7f49c9bb3da8;  0 drivers
o0x7f49c9bb3dd8 .functor BUFZ 1, C4<z>; HiZ drive
v0x55ab27b68d40_0 .net "SI", 0 0, o0x7f49c9bb3dd8;  0 drivers
v0x55ab27b68e10_0 .net "SO", 0 0, L_0x55ab27b8a520;  1 drivers
v0x55ab27b68ed0_0 .net *"_ivl_1", 0 0, L_0x55ab27b8a450;  1 drivers
L_0x7f49c9b65d50 .functor BUFT 1, C4<1>, C4<0>, C4<0>, C4<0>;
v0x55ab27b68f90_0 .net/2u *"_ivl_2", 0 0, L_0x7f49c9b65d50;  1 drivers
v0x55ab27b69070_0 .var "addr", 14 0;
v0x55ab27b69150_0 .var "bit_cnt", 2 0;
v0x55ab27b69230_0 .var "cmd", 7 0;
v0x55ab27b693a0_0 .var "data_out", 7 0;
v0x55ab27b69480_0 .var/i "i", 31 0;
v0x55ab27b69560 .array "mem", 32767 0, 7 0;
v0x55ab27b69620_0 .var "shift_reg", 7 0;
v0x55ab27b69700_0 .var "so_reg", 0 0;
v0x55ab27b697c0_0 .var "state", 2 0;
E_0x55ab27b67100 .event negedge, v0x55ab27b68c80_0;
E_0x55ab27b68b40 .event posedge, v0x55ab27b68ba0_0, v0x55ab27b68c80_0;
L_0x55ab27b8a450 .reduce/nor o0x7f49c9bb3d78;
L_0x55ab27b8a520 .functor MUXZ 1, L_0x7f49c9b65d50, v0x55ab27b69700_0, L_0x55ab27b8a450, C4<>;
    .scope S_0x55ab27b4db40;
T_4 ;
    %wait E_0x55ab279ed640;
    %pushi/vec4 0, 0, 32;
    %ix/load 3, 0, 0;
    %flag_set/imm 4, 0;
    %ix/load 4, 0, 0; Constant delay
    %assign/vec4/a/d v0x55ab27b55d80, 0, 4;
    %load/vec4 v0x55ab27b561a0_0;
    %flag_set/vec4 8;
    %jmp/0xz  T_4.0, 8;
    %load/vec4 v0x55ab27b55ca0_0;
    %pad/u 32;
    %cmpi/ne 0, 0, 32;
    %jmp/0xz  T_4.2, 4;
    %load/vec4 v0x55ab27b56260_0;
    %load/vec4 v0x55ab27b55ca0_0;
    %pad/u 7;
    %ix/vec4 3;
    %ix/load 4, 0, 0; Constant delay
    %assign/vec4/a/d v0x55ab27b55d80, 0, 4;
T_4.2 ;
T_4.0 ;
    %jmp T_4;
    .thread T_4;
    .scope S_0x55ab27b4db40;
T_5 ;
    %wait E_0x55ab279ed640;
    %load/vec4 v0x55ab27b55e40_0;
    %nor/r;
    %flag_set/vec4 8;
    %jmp/0xz  T_5.0, 8;
    %pushi/vec4 0, 0, 5;
    %assign/vec4 v0x55ab27b5b990_0, 0;
    %jmp T_5.1;
T_5.0 ;
    %load/vec4 v0x55ab27b5ba70_0;
    %flag_set/vec4 8;
    %jmp/0xz  T_5.2, 8;
    %load/vec4 v0x55ab27b5bdd0_0;
    %flag_set/vec4 8;
    %jmp/0xz  T_5.4, 8;
    %load/vec4 v0x55ab27b5b450_0;
    %assign/vec4 v0x55ab27b5b8b0_0, 0;
    %load/vec4 v0x55ab27b5b530_0;
    %parti/s 5, 0, 2;
    %assign/vec4 v0x55ab27b5b990_0, 0;
T_5.4 ;
T_5.2 ;
    %load/vec4 v0x55ab27b5b990_0;
    %or/r;
    %flag_set/vec4 8;
    %jmp/0xz  T_5.6, 8;
    %load/vec4 v0x55ab27b5b990_0;
    %subi 1, 0, 5;
    %assign/vec4 v0x55ab27b5b990_0, 0;
    %load/vec4 v0x55ab27b5bcd0_0;
    %parti/s 1, 1, 2;
    %flag_set/vec4 8;
    %jmp/0 T_5.8, 8;
    %load/vec4 v0x55ab27b5b8b0_0;
    %ix/load 4, 1, 0;
    %flag_set/imm 4, 0;
    %shiftl 4;
    %jmp/1 T_5.9, 8;
T_5.8 ; End of true expr.
    %load/vec4 v0x55ab27b5be90_0;
    %parti/s 1, 28, 6;
    %load/vec4 v0x55ab27b5b8b0_0;
    %parti/s 1, 31, 6;
    %and;
    %load/vec4 v0x55ab27b5b8b0_0;
    %parti/s 31, 1, 2;
    %concat/vec4; draw_concat_vec4
    %jmp/0 T_5.9, 8;
 ; End of false expr.
    %blend;
T_5.9;
    %assign/vec4 v0x55ab27b5b8b0_0, 0;
T_5.6 ;
T_5.1 ;
    %jmp T_5;
    .thread T_5;
    .scope S_0x55ab27b4db40;
T_6 ;
    %wait E_0x55ab279d5430;
    %load/vec4 v0x55ab27b55e40_0;
    %nor/r;
    %flag_set/vec4 8;
    %jmp/0xz  T_6.0, 8;
    %pushi/vec4 8, 0, 4;
    %assign/vec4 v0x55ab27b560c0_0, 0;
    %pushi/vec4 0, 0, 24;
    %assign/vec4 v0x55ab27b4ee20_0, 0;
    %pushi/vec4 0, 0, 32;
    %assign/vec4 v0x55ab27b55f00_0, 0;
    %pushi/vec4 0, 0, 32;
    %assign/vec4 v0x55ab27b55fe0_0, 0;
    %pushi/vec4 0, 0, 1;
    %assign/vec4 v0x55ab27b5ba70_0, 0;
    %pushi/vec4 0, 0, 4;
    %assign/vec4 v0x55ab27b5cfb0_0, 0;
    %jmp T_6.1;
T_6.0 ;
    %load/vec4 v0x55ab27b560c0_0;
    %dup/vec4;
    %pushi/vec4 1, 0, 4;
    %cmp/u;
    %jmp/1 T_6.2, 6;
    %dup/vec4;
    %pushi/vec4 2, 0, 4;
    %cmp/u;
    %jmp/1 T_6.3, 6;
    %dup/vec4;
    %pushi/vec4 4, 0, 4;
    %cmp/u;
    %jmp/1 T_6.4, 6;
    %dup/vec4;
    %pushi/vec4 8, 0, 4;
    %cmp/u;
    %jmp/1 T_6.5, 6;
    %pushi/vec4 0, 0, 1;
    %assign/vec4 v0x55ab27b5ba70_0, 0;
    %pushi/vec4 0, 0, 4;
    %assign/vec4 v0x55ab27b5cfb0_0, 0;
    %pushi/vec4 2, 0, 4;
    %assign/vec4 v0x55ab27b560c0_0, 0;
    %jmp T_6.7;
T_6.2 ;
    %pushi/vec4 0, 0, 1;
    %assign/vec4 v0x55ab27b5ba70_0, 0;
    %pushi/vec4 0, 0, 4;
    %assign/vec4 v0x55ab27b5cfb0_0, 0;
    %pushi/vec4 2, 0, 4;
    %assign/vec4 v0x55ab27b560c0_0, 0;
    %jmp T_6.7;
T_6.3 ;
    %pushi/vec4 0, 0, 1;
    %assign/vec4 v0x55ab27b5ba70_0, 0;
    %pushi/vec4 0, 0, 4;
    %assign/vec4 v0x55ab27b5cfb0_0, 0;
    %load/vec4 v0x55ab27b5cbb0_0;
    %nor/r;
    %flag_set/vec4 8;
    %jmp/0xz  T_6.8, 8;
    %load/vec4 v0x55ab27b5cc70_0;
    %parti/s 5, 15, 5;
    %pad/u 7;
    %ix/vec4 4;
    %load/vec4a v0x55ab27b55d80, 4;
    %assign/vec4 v0x55ab27b55f00_0, 0;
    %load/vec4 v0x55ab27b5cc70_0;
    %parti/s 5, 20, 6;
    %pad/u 7;
    %ix/vec4 4;
    %load/vec4a v0x55ab27b55d80, 4;
    %assign/vec4 v0x55ab27b55fe0_0, 0;
    %load/vec4 v0x55ab27b5cc70_0;
    %parti/s 30, 2, 3;
    %assign/vec4 v0x55ab27b5be90_0, 0;
    %pushi/vec4 4, 0, 4;
    %assign/vec4 v0x55ab27b560c0_0, 0;
    %jmp T_6.9;
T_6.8 ;
    %pushi/vec4 2, 0, 4;
    %assign/vec4 v0x55ab27b560c0_0, 0;
T_6.9 ;
    %jmp T_6.7;
T_6.4 ;
    %load/vec4 v0x55ab27b5bf70_0;
    %assign/vec4 v0x55ab27b5ba70_0, 0;
    %load/vec4 v0x55ab27b5c6f0_0;
    %replicate 4;
    %load/vec4 v0x55ab27b4f0c0_0;
    %and;
    %assign/vec4 v0x55ab27b5cfb0_0, 0;
    %load/vec4 v0x55ab27b5c3f0_0;
    %flag_set/vec4 8;
    %jmp/0xz  T_6.10, 8;
    %load/vec4 v0x55ab27b5b7d0_0;
    %parti/s 23, 1, 2;
    %concati/vec4 0, 0, 1;
    %assign/vec4 v0x55ab27b4ee20_0, 0;
    %jmp T_6.11;
T_6.10 ;
    %load/vec4 v0x55ab27b5c7b0_0;
    %flag_set/vec4 8;
    %jmp/0xz  T_6.12, 8;
    %load/vec4 v0x55ab27b4efe0_0;
    %assign/vec4 v0x55ab27b4ee20_0, 0;
    %jmp T_6.13;
T_6.12 ;
    %load/vec4 v0x55ab27b4ef00_0;
    %assign/vec4 v0x55ab27b4ee20_0, 0;
T_6.13 ;
T_6.11 ;
    %load/vec4 v0x55ab27b5d090_0;
    %flag_set/vec4 8;
    %jmp/0xz  T_6.14, 8;
    %pushi/vec4 8, 0, 4;
    %assign/vec4 v0x55ab27b560c0_0, 0;
    %jmp T_6.15;
T_6.14 ;
    %pushi/vec4 1, 0, 4;
    %assign/vec4 v0x55ab27b560c0_0, 0;
T_6.15 ;
    %jmp T_6.7;
T_6.5 ;
    %pushi/vec4 0, 0, 1;
    %assign/vec4 v0x55ab27b5ba70_0, 0;
    %pushi/vec4 0, 0, 4;
    %assign/vec4 v0x55ab27b5cfb0_0, 0;
    %load/vec4 v0x55ab27b5cbb0_0;
    %nor/r;
    %load/vec4 v0x55ab27b5ce10_0;
    %nor/r;
    %and;
    %load/vec4 v0x55ab27b5b390_0;
    %nor/r;
    %and;
    %flag_set/vec4 8;
    %jmp/0xz  T_6.16, 8;
    %pushi/vec4 1, 0, 4;
    %assign/vec4 v0x55ab27b560c0_0, 0;
T_6.16 ;
    %jmp T_6.7;
T_6.7 ;
    %pop/vec4 1;
T_6.1 ;
    %jmp T_6;
    .thread T_6;
    .scope S_0x55ab27b4db40;
T_7 ;
    %wait E_0x55ab279ed420;
    %load/vec4 v0x55ab27b55e40_0;
    %nor/r;
    %flag_set/vec4 8;
    %jmp/0xz  T_7.0, 8;
    %pushi/vec4 0, 0, 1;
    %store/vec4 v0x55ab27b5cd50_0, 0, 1;
    %pushi/vec4 0, 0, 1;
    %store/vec4 v0x55ab27b561a0_0, 0, 1;
    %jmp T_7.1;
T_7.0 ;
    %load/vec4 v0x55ab27b560c0_0;
    %dup/vec4;
    %pushi/vec4 1, 0, 4;
    %cmp/u;
    %jmp/1 T_7.2, 6;
    %dup/vec4;
    %pushi/vec4 2, 0, 4;
    %cmp/u;
    %jmp/1 T_7.3, 6;
    %dup/vec4;
    %pushi/vec4 4, 0, 4;
    %cmp/u;
    %jmp/1 T_7.4, 6;
    %dup/vec4;
    %pushi/vec4 8, 0, 4;
    %cmp/u;
    %jmp/1 T_7.5, 6;
    %jmp T_7.6;
T_7.2 ;
    %pushi/vec4 1, 0, 1;
    %store/vec4 v0x55ab27b5cd50_0, 0, 1;
    %pushi/vec4 0, 0, 1;
    %store/vec4 v0x55ab27b561a0_0, 0, 1;
    %jmp T_7.6;
T_7.3 ;
    %pushi/vec4 0, 0, 1;
    %store/vec4 v0x55ab27b5cd50_0, 0, 1;
    %pushi/vec4 0, 0, 1;
    %store/vec4 v0x55ab27b561a0_0, 0, 1;
    %jmp T_7.6;
T_7.4 ;
    %load/vec4 v0x55ab27b5c570_0;
    %store/vec4 v0x55ab27b5cd50_0, 0, 1;
    %load/vec4 v0x55ab27b5c270_0;
    %load/vec4 v0x55ab27b5c6f0_0;
    %or;
    %inv;
    %store/vec4 v0x55ab27b561a0_0, 0, 1;
    %jmp T_7.6;
T_7.5 ;
    %pushi/vec4 0, 0, 1;
    %store/vec4 v0x55ab27b5cd50_0, 0, 1;
    %load/vec4 v0x55ab27b5c270_0;
    %load/vec4 v0x55ab27b5c6f0_0;
    %or;
    %inv;
    %store/vec4 v0x55ab27b561a0_0, 0, 1;
    %jmp T_7.6;
T_7.6 ;
    %pop/vec4 1;
T_7.1 ;
    %jmp T_7;
    .thread T_7, $push;
    .scope S_0x55ab27b4db40;
T_8 ;
    %wait E_0x55ab279d57a0;
    %load/vec4 v0x55ab27b55e40_0;
    %nor/r;
    %flag_set/vec4 8;
    %jmp/0xz  T_8.0, 8;
    %pushi/vec4 0, 0, 32;
    %store/vec4 v0x55ab27b5c950_0, 0, 32;
    %jmp T_8.1;
T_8.0 ;
    %load/vec4 v0x55ab27b560c0_0;
    %pad/u 33;
    %pushi/vec4 2, 0, 33;
    %cmp/e;
    %flag_get/vec4 4;
    %load/vec4 v0x55ab27b560c0_0;
    %pad/u 32;
    %pushi/vec4 1, 0, 32;
    %cmp/e;
    %flag_get/vec4 4;
    %or;
    %flag_set/vec4 8;
    %jmp/0xz  T_8.2, 8;
    %load/vec4 v0x55ab27b4ee20_0;
    %pad/u 32;
    %store/vec4 v0x55ab27b5c950_0, 0, 32;
    %jmp T_8.3;
T_8.2 ;
    %load/vec4 v0x55ab27b5c870_0;
    %pad/u 32;
    %store/vec4 v0x55ab27b5c950_0, 0, 32;
T_8.3 ;
T_8.1 ;
    %jmp T_8;
    .thread T_8, $push;
    .scope S_0x55ab27b4db40;
T_9 ;
    %wait E_0x55ab279d5430;
    %load/vec4 v0x55ab27b5bbf0_0;
    %addi 1, 0, 32;
    %assign/vec4 v0x55ab27b5bbf0_0, 0;
    %jmp T_9;
    .thread T_9;
    .scope S_0x55ab27b4db40;
T_10 ;
    %pushi/vec4 0, 0, 32;
    %store/vec4 v0x55ab27b5bbf0_0, 0, 32;
    %pushi/vec4 0, 0, 5;
    %store/vec4 v0x55ab27b5b990_0, 0, 5;
    %pushi/vec4 0, 0, 32;
    %ix/load 4, 0, 0;
    %flag_set/imm 4, 0;
    %store/vec4a v0x55ab27b55d80, 4, 0;
    %pushi/vec4 0, 0, 32;
    %ix/load 4, 1, 0;
    %flag_set/imm 4, 0;
    %store/vec4a v0x55ab27b55d80, 4, 0;
    %pushi/vec4 0, 0, 32;
    %ix/load 4, 2, 0;
    %flag_set/imm 4, 0;
    %store/vec4a v0x55ab27b55d80, 4, 0;
    %pushi/vec4 0, 0, 32;
    %ix/load 4, 3, 0;
    %flag_set/imm 4, 0;
    %store/vec4a v0x55ab27b55d80, 4, 0;
    %pushi/vec4 0, 0, 32;
    %ix/load 4, 5, 0;
    %flag_set/imm 4, 0;
    %store/vec4a v0x55ab27b55d80, 4, 0;
    %pushi/vec4 0, 0, 32;
    %ix/load 4, 6, 0;
    %flag_set/imm 4, 0;
    %store/vec4a v0x55ab27b55d80, 4, 0;
    %pushi/vec4 0, 0, 32;
    %ix/load 4, 7, 0;
    %flag_set/imm 4, 0;
    %store/vec4a v0x55ab27b55d80, 4, 0;
    %pushi/vec4 0, 0, 32;
    %ix/load 4, 8, 0;
    %flag_set/imm 4, 0;
    %store/vec4a v0x55ab27b55d80, 4, 0;
    %pushi/vec4 0, 0, 32;
    %ix/load 4, 9, 0;
    %flag_set/imm 4, 0;
    %store/vec4a v0x55ab27b55d80, 4, 0;
    %pushi/vec4 0, 0, 32;
    %ix/load 4, 10, 0;
    %flag_set/imm 4, 0;
    %store/vec4a v0x55ab27b55d80, 4, 0;
    %pushi/vec4 0, 0, 32;
    %ix/load 4, 11, 0;
    %flag_set/imm 4, 0;
    %store/vec4a v0x55ab27b55d80, 4, 0;
    %pushi/vec4 0, 0, 32;
    %ix/load 4, 12, 0;
    %flag_set/imm 4, 0;
    %store/vec4a v0x55ab27b55d80, 4, 0;
    %pushi/vec4 0, 0, 32;
    %ix/load 4, 13, 0;
    %flag_set/imm 4, 0;
    %store/vec4a v0x55ab27b55d80, 4, 0;
    %pushi/vec4 0, 0, 32;
    %ix/load 4, 14, 0;
    %flag_set/imm 4, 0;
    %store/vec4a v0x55ab27b55d80, 4, 0;
    %pushi/vec4 0, 0, 32;
    %ix/load 4, 15, 0;
    %flag_set/imm 4, 0;
    %store/vec4a v0x55ab27b55d80, 4, 0;
    %pushi/vec4 0, 0, 32;
    %ix/load 4, 16, 0;
    %flag_set/imm 4, 0;
    %store/vec4a v0x55ab27b55d80, 4, 0;
    %pushi/vec4 0, 0, 32;
    %ix/load 4, 17, 0;
    %flag_set/imm 4, 0;
    %store/vec4a v0x55ab27b55d80, 4, 0;
    %pushi/vec4 0, 0, 32;
    %ix/load 4, 18, 0;
    %flag_set/imm 4, 0;
    %store/vec4a v0x55ab27b55d80, 4, 0;
    %pushi/vec4 0, 0, 32;
    %ix/load 4, 19, 0;
    %flag_set/imm 4, 0;
    %store/vec4a v0x55ab27b55d80, 4, 0;
    %pushi/vec4 0, 0, 32;
    %ix/load 4, 20, 0;
    %flag_set/imm 4, 0;
    %store/vec4a v0x55ab27b55d80, 4, 0;
    %pushi/vec4 0, 0, 32;
    %ix/load 4, 21, 0;
    %flag_set/imm 4, 0;
    %store/vec4a v0x55ab27b55d80, 4, 0;
    %pushi/vec4 0, 0, 32;
    %ix/load 4, 22, 0;
    %flag_set/imm 4, 0;
    %store/vec4a v0x55ab27b55d80, 4, 0;
    %pushi/vec4 0, 0, 32;
    %ix/load 4, 23, 0;
    %flag_set/imm 4, 0;
    %store/vec4a v0x55ab27b55d80, 4, 0;
    %pushi/vec4 0, 0, 32;
    %ix/load 4, 24, 0;
    %flag_set/imm 4, 0;
    %store/vec4a v0x55ab27b55d80, 4, 0;
    %pushi/vec4 0, 0, 32;
    %ix/load 4, 25, 0;
    %flag_set/imm 4, 0;
    %store/vec4a v0x55ab27b55d80, 4, 0;
    %pushi/vec4 0, 0, 32;
    %ix/load 4, 26, 0;
    %flag_set/imm 4, 0;
    %store/vec4a v0x55ab27b55d80, 4, 0;
    %pushi/vec4 0, 0, 32;
    %ix/load 4, 27, 0;
    %flag_set/imm 4, 0;
    %store/vec4a v0x55ab27b55d80, 4, 0;
    %pushi/vec4 0, 0, 32;
    %ix/load 4, 28, 0;
    %flag_set/imm 4, 0;
    %store/vec4a v0x55ab27b55d80, 4, 0;
    %pushi/vec4 0, 0, 32;
    %ix/load 4, 29, 0;
    %flag_set/imm 4, 0;
    %store/vec4a v0x55ab27b55d80, 4, 0;
    %pushi/vec4 0, 0, 32;
    %ix/load 4, 30, 0;
    %flag_set/imm 4, 0;
    %store/vec4a v0x55ab27b55d80, 4, 0;
    %end;
    .thread T_10;
    .scope S_0x55ab27b5f7f0;
T_11 ;
    %wait E_0x55ab279ed640;
    %load/vec4 v0x55ab27b60a10_0;
    %nor/r;
    %flag_set/vec4 8;
    %jmp/0xz  T_11.0, 8;
    %pushi/vec4 0, 0, 1;
    %assign/vec4 v0x55ab27b60370_0, 0;
    %pushi/vec4 0, 0, 6;
    %assign/vec4 v0x55ab27b60510_0, 0;
    %jmp T_11.1;
T_11.0 ;
    %load/vec4 v0x55ab27b60510_0;
    %pad/u 32;
    %cmpi/u 2, 0, 32;
    %flag_inv 5; GE is !LT
    %jmp/0xz  T_11.2, 5;
    %pushi/vec4 1, 0, 1;
    %assign/vec4 v0x55ab27b60370_0, 0;
    %pushi/vec4 0, 0, 6;
    %assign/vec4 v0x55ab27b60510_0, 0;
    %jmp T_11.3;
T_11.2 ;
    %pushi/vec4 0, 0, 1;
    %assign/vec4 v0x55ab27b60370_0, 0;
    %load/vec4 v0x55ab27b60510_0;
    %addi 1, 0, 6;
    %assign/vec4 v0x55ab27b60510_0, 0;
T_11.3 ;
T_11.1 ;
    %jmp T_11;
    .thread T_11;
    .scope S_0x55ab27b5f7f0;
T_12 ;
    %wait E_0x55ab279ed640;
    %load/vec4 v0x55ab27b60a10_0;
    %nor/r;
    %flag_set/vec4 8;
    %jmp/0xz  T_12.0, 8;
    %pushi/vec4 0, 0, 1;
    %assign/vec4 v0x55ab27b5fbf0_0, 0;
    %jmp T_12.1;
T_12.0 ;
    %load/vec4 v0x55ab27b60510_0;
    %pad/u 32;
    %pushi/vec4 1, 0, 32;
    %cmp/e;
    %flag_get/vec4 4;
    %load/vec4 v0x55ab27b60510_0;
    %pad/u 32;
    %pushi/vec4 2, 0, 32;
    %cmp/e;
    %flag_get/vec4 4;
    %or;
    %flag_set/vec4 8;
    %jmp/0xz  T_12.2, 8;
    %load/vec4 v0x55ab27b5fbf0_0;
    %inv;
    %assign/vec4 v0x55ab27b5fbf0_0, 0;
T_12.2 ;
T_12.1 ;
    %jmp T_12;
    .thread T_12;
    .scope S_0x55ab27b5f7f0;
T_13 ;
    %wait E_0x55ab279ed640;
    %load/vec4 v0x55ab27b60a10_0;
    %nor/r;
    %flag_set/vec4 8;
    %jmp/0xz  T_13.0, 8;
    %pushi/vec4 0, 0, 2;
    %assign/vec4 v0x55ab27b60be0_0, 0;
    %pushi/vec4 0, 0, 1;
    %assign/vec4 v0x55ab27b605f0_0, 0;
    %pushi/vec4 0, 0, 1;
    %assign/vec4 v0x55ab27b60cc0_0, 0;
    %pushi/vec4 0, 0, 32;
    %assign/vec4 v0x55ab27b60790_0, 0;
    %pushi/vec4 1, 0, 1;
    %assign/vec4 v0x55ab27b5fcb0_0, 0;
    %pushi/vec4 0, 0, 32;
    %assign/vec4 v0x55ab27b60430_0, 0;
    %jmp T_13.1;
T_13.0 ;
    %load/vec4 v0x55ab27b60be0_0;
    %dup/vec4;
    %pushi/vec4 0, 0, 2;
    %cmp/u;
    %jmp/1 T_13.2, 6;
    %dup/vec4;
    %pushi/vec4 1, 0, 2;
    %cmp/u;
    %jmp/1 T_13.3, 6;
    %dup/vec4;
    %pushi/vec4 2, 0, 2;
    %cmp/u;
    %jmp/1 T_13.4, 6;
    %dup/vec4;
    %pushi/vec4 3, 0, 2;
    %cmp/u;
    %jmp/1 T_13.5, 6;
    %pushi/vec4 0, 0, 2;
    %assign/vec4 v0x55ab27b60be0_0, 0;
    %jmp T_13.7;
T_13.2 ;
    %pushi/vec4 1, 0, 1;
    %assign/vec4 v0x55ab27b5fcb0_0, 0;
    %pushi/vec4 0, 0, 1;
    %assign/vec4 v0x55ab27b605f0_0, 0;
    %pushi/vec4 0, 0, 1;
    %assign/vec4 v0x55ab27b60cc0_0, 0;
    %pushi/vec4 0, 0, 6;
    %assign/vec4 v0x55ab27b60b00_0, 0;
    %pushi/vec4 0, 0, 6;
    %assign/vec4 v0x55ab27b606b0_0, 0;
    %pushi/vec4 1, 0, 2;
    %assign/vec4 v0x55ab27b60be0_0, 0;
    %jmp T_13.7;
T_13.3 ;
    %load/vec4 v0x55ab27b60870_0;
    %flag_set/vec4 8;
    %jmp/0xz  T_13.8, 8;
    %pushi/vec4 0, 0, 1;
    %assign/vec4 v0x55ab27b5fcb0_0, 0;
    %pushi/vec4 1, 0, 1;
    %assign/vec4 v0x55ab27b605f0_0, 0;
    %pushi/vec4 0, 0, 1;
    %assign/vec4 v0x55ab27b60cc0_0, 0;
    %pushi/vec4 24, 0, 6;
    %assign/vec4 v0x55ab27b60b00_0, 0;
    %pushi/vec4 32, 0, 6;
    %assign/vec4 v0x55ab27b606b0_0, 0;
    %pushi/vec4 3, 0, 8;
    %load/vec4 v0x55ab27b60e00_0;
    %parti/s 16, 0, 2;
    %concat/vec4; draw_concat_vec4
    %concati/vec4 0, 0, 8;
    %assign/vec4 v0x55ab27b60430_0, 0;
    %pushi/vec4 2, 0, 2;
    %assign/vec4 v0x55ab27b60be0_0, 0;
    %jmp T_13.9;
T_13.8 ;
    %load/vec4 v0x55ab27b60ec0_0;
    %flag_set/vec4 8;
    %jmp/0xz  T_13.10, 8;
    %pushi/vec4 0, 0, 1;
    %assign/vec4 v0x55ab27b5fcb0_0, 0;
    %pushi/vec4 0, 0, 1;
    %assign/vec4 v0x55ab27b605f0_0, 0;
    %pushi/vec4 1, 0, 1;
    %assign/vec4 v0x55ab27b60cc0_0, 0;
    %pushi/vec4 32, 0, 6;
    %assign/vec4 v0x55ab27b60b00_0, 0;
    %pushi/vec4 0, 0, 6;
    %assign/vec4 v0x55ab27b606b0_0, 0;
    %pushi/vec4 2, 0, 8;
    %load/vec4 v0x55ab27b60e00_0;
    %parti/s 16, 0, 2;
    %concat/vec4; draw_concat_vec4
    %load/vec4 v0x55ab27b60d60_0;
    %parti/s 8, 0, 2;
    %concat/vec4; draw_concat_vec4
    %assign/vec4 v0x55ab27b60430_0, 0;
    %pushi/vec4 2, 0, 2;
    %assign/vec4 v0x55ab27b60be0_0, 0;
    %jmp T_13.11;
T_13.10 ;
    %pushi/vec4 1, 0, 2;
    %assign/vec4 v0x55ab27b60be0_0, 0;
T_13.11 ;
T_13.9 ;
    %jmp T_13.7;
T_13.4 ;
    %load/vec4 v0x55ab27b5fbf0_0;
    %flag_set/vec4 8;
    %jmp/0xz  T_13.12, 8;
    %load/vec4 v0x55ab27b60b00_0;
    %pad/u 32;
    %cmpi/e 1, 0, 32;
    %jmp/0xz  T_13.14, 4;
    %pushi/vec4 3, 0, 2;
    %assign/vec4 v0x55ab27b60be0_0, 0;
    %jmp T_13.15;
T_13.14 ;
    %load/vec4 v0x55ab27b60b00_0;
    %subi 1, 0, 6;
    %assign/vec4 v0x55ab27b60b00_0, 0;
    %load/vec4 v0x55ab27b60430_0;
    %parti/s 31, 0, 2;
    %concati/vec4 1, 0, 1;
    %assign/vec4 v0x55ab27b60430_0, 0;
    %pushi/vec4 2, 0, 2;
    %assign/vec4 v0x55ab27b60be0_0, 0;
T_13.15 ;
T_13.12 ;
    %jmp T_13.7;
T_13.5 ;
    %load/vec4 v0x55ab27b5fbf0_0;
    %flag_set/vec4 8;
    %jmp/0xz  T_13.16, 8;
    %load/vec4 v0x55ab27b606b0_0;
    %pad/u 32;
    %cmpi/e 0, 0, 32;
    %jmp/0xz  T_13.18, 4;
    %pushi/vec4 0, 0, 2;
    %assign/vec4 v0x55ab27b60be0_0, 0;
    %jmp T_13.19;
T_13.18 ;
    %load/vec4 v0x55ab27b606b0_0;
    %subi 1, 0, 6;
    %assign/vec4 v0x55ab27b606b0_0, 0;
    %load/vec4 v0x55ab27b60790_0;
    %parti/s 31, 0, 2;
    %load/vec4 v0x55ab27b5fd70_0;
    %concat/vec4; draw_concat_vec4
    %assign/vec4 v0x55ab27b60790_0, 0;
    %pushi/vec4 3, 0, 2;
    %assign/vec4 v0x55ab27b60be0_0, 0;
T_13.19 ;
T_13.16 ;
    %jmp T_13.7;
T_13.7 ;
    %pop/vec4 1;
T_13.1 ;
    %jmp T_13;
    .thread T_13;
    .scope S_0x55ab27b5e1e0;
T_14 ;
    %wait E_0x55ab279ed640;
    %load/vec4 v0x55ab27b5f2a0_0;
    %nor/r;
    %flag_set/vec4 8;
    %jmp/0xz  T_14.0, 8;
    %pushi/vec4 0, 0, 1;
    %assign/vec4 v0x55ab27b5ece0_0, 0;
    %pushi/vec4 0, 0, 6;
    %assign/vec4 v0x55ab27b5ee60_0, 0;
    %jmp T_14.1;
T_14.0 ;
    %load/vec4 v0x55ab27b5ee60_0;
    %pad/u 32;
    %cmpi/u 2, 0, 32;
    %flag_inv 5; GE is !LT
    %jmp/0xz  T_14.2, 5;
    %pushi/vec4 1, 0, 1;
    %assign/vec4 v0x55ab27b5ece0_0, 0;
    %pushi/vec4 0, 0, 6;
    %assign/vec4 v0x55ab27b5ee60_0, 0;
    %jmp T_14.3;
T_14.2 ;
    %pushi/vec4 0, 0, 1;
    %assign/vec4 v0x55ab27b5ece0_0, 0;
    %load/vec4 v0x55ab27b5ee60_0;
    %addi 1, 0, 6;
    %assign/vec4 v0x55ab27b5ee60_0, 0;
T_14.3 ;
T_14.1 ;
    %jmp T_14;
    .thread T_14;
    .scope S_0x55ab27b5e1e0;
T_15 ;
    %wait E_0x55ab279ed640;
    %load/vec4 v0x55ab27b5f2a0_0;
    %nor/r;
    %flag_set/vec4 8;
    %jmp/0xz  T_15.0, 8;
    %pushi/vec4 0, 0, 1;
    %assign/vec4 v0x55ab27b5e5a0_0, 0;
    %jmp T_15.1;
T_15.0 ;
    %load/vec4 v0x55ab27b5ee60_0;
    %pad/u 32;
    %pushi/vec4 1, 0, 32;
    %cmp/e;
    %flag_get/vec4 4;
    %load/vec4 v0x55ab27b5ee60_0;
    %pad/u 32;
    %pushi/vec4 2, 0, 32;
    %cmp/e;
    %flag_get/vec4 4;
    %or;
    %flag_set/vec4 8;
    %jmp/0xz  T_15.2, 8;
    %load/vec4 v0x55ab27b5e5a0_0;
    %inv;
    %assign/vec4 v0x55ab27b5e5a0_0, 0;
T_15.2 ;
T_15.1 ;
    %jmp T_15;
    .thread T_15;
    .scope S_0x55ab27b5e1e0;
T_16 ;
    %wait E_0x55ab279ed640;
    %load/vec4 v0x55ab27b5f2a0_0;
    %nor/r;
    %flag_set/vec4 8;
    %jmp/0xz  T_16.0, 8;
    %pushi/vec4 0, 0, 3;
    %assign/vec4 v0x55ab27b5f4f0_0, 0;
    %pushi/vec4 0, 0, 1;
    %assign/vec4 v0x55ab27b5ef40_0, 0;
    %pushi/vec4 0, 0, 32;
    %assign/vec4 v0x55ab27b5f0e0_0, 0;
    %pushi/vec4 1, 0, 1;
    %assign/vec4 v0x55ab27b5e670_0, 0;
    %pushi/vec4 0, 0, 32;
    %assign/vec4 v0x55ab27b5ed80_0, 0;
    %jmp T_16.1;
T_16.0 ;
    %load/vec4 v0x55ab27b5f4f0_0;
    %dup/vec4;
    %pushi/vec4 0, 0, 3;
    %cmp/u;
    %jmp/1 T_16.2, 6;
    %dup/vec4;
    %pushi/vec4 1, 0, 3;
    %cmp/u;
    %jmp/1 T_16.3, 6;
    %dup/vec4;
    %pushi/vec4 2, 0, 3;
    %cmp/u;
    %jmp/1 T_16.4, 6;
    %dup/vec4;
    %pushi/vec4 3, 0, 3;
    %cmp/u;
    %jmp/1 T_16.5, 6;
    %pushi/vec4 0, 0, 3;
    %assign/vec4 v0x55ab27b5f4f0_0, 0;
    %jmp T_16.7;
T_16.2 ;
    %pushi/vec4 1, 0, 1;
    %assign/vec4 v0x55ab27b5e670_0, 0;
    %pushi/vec4 0, 0, 1;
    %assign/vec4 v0x55ab27b5ef40_0, 0;
    %pushi/vec4 0, 0, 6;
    %assign/vec4 v0x55ab27b5f410_0, 0;
    %pushi/vec4 0, 0, 6;
    %assign/vec4 v0x55ab27b5f000_0, 0;
    %pushi/vec4 1, 0, 3;
    %assign/vec4 v0x55ab27b5f4f0_0, 0;
    %jmp T_16.7;
T_16.3 ;
    %load/vec4 v0x55ab27b5f370_0;
    %flag_set/vec4 8;
    %jmp/0xz  T_16.8, 8;
    %pushi/vec4 1, 0, 1;
    %assign/vec4 v0x55ab27b5e670_0, 0;
    %pushi/vec4 1, 0, 1;
    %assign/vec4 v0x55ab27b5ef40_0, 0;
    %pushi/vec4 32, 0, 6;
    %assign/vec4 v0x55ab27b5f410_0, 0;
    %pushi/vec4 3, 0, 8;
    %concati/vec4 0, 0, 2;
    %load/vec4 v0x55ab27b5f5d0_0;
    %concat/vec4; draw_concat_vec4
    %concati/vec4 0, 0, 2;
    %assign/vec4 v0x55ab27b5ed80_0, 0;
    %pushi/vec4 0, 0, 1;
    %assign/vec4 v0x55ab27b5e670_0, 0;
    %pushi/vec4 2, 0, 3;
    %assign/vec4 v0x55ab27b5f4f0_0, 0;
    %jmp T_16.9;
T_16.8 ;
    %pushi/vec4 1, 0, 3;
    %assign/vec4 v0x55ab27b5f4f0_0, 0;
T_16.9 ;
    %jmp T_16.7;
T_16.4 ;
    %load/vec4 v0x55ab27b5ece0_0;
    %flag_set/vec4 8;
    %jmp/0xz  T_16.10, 8;
    %load/vec4 v0x55ab27b5f410_0;
    %pad/u 32;
    %cmpi/e 1, 0, 32;
    %jmp/0xz  T_16.12, 4;
    %pushi/vec4 32, 0, 6;
    %assign/vec4 v0x55ab27b5f000_0, 0;
    %pushi/vec4 3, 0, 3;
    %assign/vec4 v0x55ab27b5f4f0_0, 0;
    %jmp T_16.13;
T_16.12 ;
    %load/vec4 v0x55ab27b5f410_0;
    %subi 1, 0, 6;
    %assign/vec4 v0x55ab27b5f410_0, 0;
    %load/vec4 v0x55ab27b5ed80_0;
    %parti/s 31, 0, 2;
    %concati/vec4 1, 0, 1;
    %assign/vec4 v0x55ab27b5ed80_0, 0;
    %pushi/vec4 2, 0, 3;
    %assign/vec4 v0x55ab27b5f4f0_0, 0;
T_16.13 ;
T_16.10 ;
    %jmp T_16.7;
T_16.5 ;
    %load/vec4 v0x55ab27b5ece0_0;
    %flag_set/vec4 8;
    %jmp/0xz  T_16.14, 8;
    %load/vec4 v0x55ab27b5f000_0;
    %pad/u 32;
    %cmpi/e 0, 0, 32;
    %jmp/0xz  T_16.16, 4;
    %pushi/vec4 0, 0, 3;
    %assign/vec4 v0x55ab27b5f4f0_0, 0;
    %jmp T_16.17;
T_16.16 ;
    %load/vec4 v0x55ab27b5f000_0;
    %subi 1, 0, 6;
    %assign/vec4 v0x55ab27b5f000_0, 0;
    %load/vec4 v0x55ab27b5f0e0_0;
    %parti/s 31, 0, 2;
    %load/vec4 v0x55ab27b5e740_0;
    %concat/vec4; draw_concat_vec4
    %assign/vec4 v0x55ab27b5f0e0_0, 0;
    %pushi/vec4 3, 0, 3;
    %assign/vec4 v0x55ab27b5f4f0_0, 0;
T_16.17 ;
T_16.14 ;
    %jmp T_16.7;
T_16.7 ;
    %pop/vec4 1;
T_16.1 ;
    %jmp T_16;
    .thread T_16;
    .scope S_0x55ab27b61440;
T_17 ;
    %wait E_0x55ab279d5430;
    %load/vec4 v0x55ab27b61f10_0;
    %flag_set/vec4 8;
    %jmp/0xz  T_17.0, 8;
    %load/vec4 v0x55ab27b61c40_0;
    %assign/vec4 v0x55ab27b61e30_0, 0;
    %jmp T_17.1;
T_17.0 ;
    %load/vec4 v0x55ab27b61e30_0;
    %subi 1, 0, 16;
    %assign/vec4 v0x55ab27b61e30_0, 0;
    %load/vec4 v0x55ab27b61e30_0;
    %pad/u 32;
    %cmpi/e 0, 0, 32;
    %jmp/0xz  T_17.2, 4;
    %load/vec4 v0x55ab27b61c40_0;
    %subi 1, 0, 16;
    %assign/vec4 v0x55ab27b61e30_0, 0;
T_17.2 ;
T_17.1 ;
    %jmp T_17;
    .thread T_17;
    .scope S_0x55ab27b61440;
T_18 ;
    %wait E_0x55ab279d5430;
    %load/vec4 v0x55ab27b62c60_0;
    %assign/vec4 v0x55ab27b62d20_0, 0;
    %load/vec4 v0x55ab27b62d20_0;
    %assign/vec4 v0x55ab27b62de0_0, 0;
    %jmp T_18;
    .thread T_18;
    .scope S_0x55ab27b61440;
T_19 ;
    %wait E_0x55ab279d5430;
    %load/vec4 v0x55ab27b61f10_0;
    %flag_set/vec4 8;
    %jmp/0xz  T_19.0, 8;
    %pushi/vec4 0, 0, 1;
    %assign/vec4 v0x55ab27b62230_0, 0;
    %pushi/vec4 0, 0, 4;
    %assign/vec4 v0x55ab27b622f0_0, 0;
    %pushi/vec4 0, 0, 4;
    %assign/vec4 v0x55ab27b62150_0, 0;
    %pushi/vec4 0, 0, 1;
    %assign/vec4 v0x55ab27b62090_0, 0;
    %pushi/vec4 0, 0, 1;
    %assign/vec4 v0x55ab27b624b0_0, 0;
    %pushi/vec4 0, 0, 10;
    %assign/vec4 v0x55ab27b62570_0, 0;
    %jmp T_19.1;
T_19.0 ;
    %load/vec4 v0x55ab27b61fd0_0;
    %flag_set/vec4 8;
    %jmp/0xz  T_19.2, 8;
    %pushi/vec4 0, 0, 1;
    %assign/vec4 v0x55ab27b62090_0, 0;
    %pushi/vec4 0, 0, 1;
    %assign/vec4 v0x55ab27b624b0_0, 0;
    %pushi/vec4 0, 0, 10;
    %assign/vec4 v0x55ab27b62570_0, 0;
T_19.2 ;
    %load/vec4 v0x55ab27b61d70_0;
    %flag_set/vec4 8;
    %jmp/0xz  T_19.4, 8;
    %load/vec4 v0x55ab27b62230_0;
    %nor/r;
    %flag_set/vec4 8;
    %jmp/0xz  T_19.6, 8;
    %load/vec4 v0x55ab27b62de0_0;
    %nor/r;
    %flag_set/vec4 8;
    %jmp/0xz  T_19.8, 8;
    %pushi/vec4 1, 0, 1;
    %assign/vec4 v0x55ab27b62230_0, 0;
    %pushi/vec4 7, 0, 4;
    %assign/vec4 v0x55ab27b622f0_0, 0;
    %pushi/vec4 0, 0, 4;
    %assign/vec4 v0x55ab27b62150_0, 0;
T_19.8 ;
    %jmp T_19.7;
T_19.6 ;
    %load/vec4 v0x55ab27b622f0_0;
    %addi 1, 0, 4;
    %assign/vec4 v0x55ab27b622f0_0, 0;
    %load/vec4 v0x55ab27b622f0_0;
    %pad/u 32;
    %cmpi/e 0, 0, 32;
    %jmp/0xz  T_19.10, 4;
    %load/vec4 v0x55ab27b62150_0;
    %addi 1, 0, 4;
    %assign/vec4 v0x55ab27b62150_0, 0;
    %load/vec4 v0x55ab27b62150_0;
    %pad/u 32;
    %cmpi/e 0, 0, 32;
    %jmp/0xz  T_19.12, 4;
    %load/vec4 v0x55ab27b62de0_0;
    %flag_set/vec4 8;
    %jmp/0xz  T_19.14, 8;
    %pushi/vec4 0, 0, 1;
    %assign/vec4 v0x55ab27b62230_0, 0;
T_19.14 ;
    %jmp T_19.13;
T_19.12 ;
    %load/vec4 v0x55ab27b62150_0;
    %pad/u 32;
    %cmpi/e 10, 0, 32;
    %jmp/0xz  T_19.16, 4;
    %pushi/vec4 0, 0, 1;
    %assign/vec4 v0x55ab27b62230_0, 0;
    %load/vec4 v0x55ab27b62de0_0;
    %flag_set/vec4 8;
    %jmp/0xz  T_19.18, 8;
    %load/vec4 v0x55ab27b62570_0;
    %parti/s 8, 1, 2;
    %assign/vec4 v0x55ab27b623d0_0, 0;
    %pushi/vec4 1, 0, 1;
    %assign/vec4 v0x55ab27b62090_0, 0;
    %pushi/vec4 0, 0, 1;
    %assign/vec4 v0x55ab27b624b0_0, 0;
    %jmp T_19.19;
T_19.18 ;
    %pushi/vec4 1, 0, 1;
    %assign/vec4 v0x55ab27b624b0_0, 0;
T_19.19 ;
    %jmp T_19.17;
T_19.16 ;
    %load/vec4 v0x55ab27b62de0_0;
    %load/vec4 v0x55ab27b62570_0;
    %parti/s 9, 1, 2;
    %concat/vec4; draw_concat_vec4
    %assign/vec4 v0x55ab27b62570_0, 0;
T_19.17 ;
T_19.13 ;
T_19.10 ;
T_19.7 ;
T_19.4 ;
T_19.1 ;
    %jmp T_19;
    .thread T_19;
    .scope S_0x55ab27b61440;
T_20 ;
    %wait E_0x55ab279d5430;
    %load/vec4 v0x55ab27b61f10_0;
    %flag_set/vec4 8;
    %jmp/0xz  T_20.0, 8;
    %pushi/vec4 0, 0, 1;
    %assign/vec4 v0x55ab27b62840_0, 0;
    %pushi/vec4 1, 0, 1;
    %assign/vec4 v0x55ab27b62ea0_0, 0;
    %pushi/vec4 0, 0, 4;
    %assign/vec4 v0x55ab27b62900_0, 0;
    %jmp T_20.1;
T_20.0 ;
    %load/vec4 v0x55ab27b62ac0_0;
    %flag_set/vec4 9;
    %flag_get/vec4 9;
    %jmp/0 T_20.4, 9;
    %load/vec4 v0x55ab27b62840_0;
    %nor/r;
    %and;
T_20.4;
    %flag_set/vec4 8;
    %jmp/0xz  T_20.2, 8;
    %load/vec4 v0x55ab27b629e0_0;
    %assign/vec4 v0x55ab27b62b80_0, 0;
    %pushi/vec4 0, 0, 4;
    %assign/vec4 v0x55ab27b62650_0, 0;
    %pushi/vec4 0, 0, 4;
    %assign/vec4 v0x55ab27b62900_0, 0;
    %pushi/vec4 1, 0, 1;
    %assign/vec4 v0x55ab27b62840_0, 0;
T_20.2 ;
    %load/vec4 v0x55ab27b61d70_0;
    %flag_set/vec4 8;
    %jmp/0xz  T_20.5, 8;
    %load/vec4 v0x55ab27b62900_0;
    %addi 1, 0, 4;
    %assign/vec4 v0x55ab27b62900_0, 0;
    %load/vec4 v0x55ab27b62900_0;
    %pad/u 32;
    %cmpi/e 0, 0, 32;
    %flag_get/vec4 4;
    %jmp/0 T_20.9, 4;
    %load/vec4 v0x55ab27b62840_0;
    %and;
T_20.9;
    %flag_set/vec4 8;
    %jmp/0xz  T_20.7, 8;
    %load/vec4 v0x55ab27b62650_0;
    %addi 1, 0, 4;
    %assign/vec4 v0x55ab27b62650_0, 0;
    %load/vec4 v0x55ab27b62650_0;
    %pad/u 32;
    %cmpi/e 0, 0, 32;
    %jmp/0xz  T_20.10, 4;
    %pushi/vec4 0, 0, 1;
    %assign/vec4 v0x55ab27b62ea0_0, 0;
    %jmp T_20.11;
T_20.10 ;
    %load/vec4 v0x55ab27b62650_0;
    %pad/u 32;
    %cmpi/e 9, 0, 32;
    %jmp/0xz  T_20.12, 4;
    %pushi/vec4 1, 0, 1;
    %assign/vec4 v0x55ab27b62ea0_0, 0;
    %jmp T_20.13;
T_20.12 ;
    %load/vec4 v0x55ab27b62650_0;
    %pad/u 32;
    %cmpi/e 10, 0, 32;
    %jmp/0xz  T_20.14, 4;
    %pushi/vec4 0, 0, 4;
    %assign/vec4 v0x55ab27b62650_0, 0;
    %pushi/vec4 0, 0, 1;
    %assign/vec4 v0x55ab27b62840_0, 0;
    %jmp T_20.15;
T_20.14 ;
    %load/vec4 v0x55ab27b62b80_0;
    %parti/s 1, 0, 2;
    %assign/vec4 v0x55ab27b62ea0_0, 0;
    %pushi/vec4 0, 0, 1;
    %load/vec4 v0x55ab27b62b80_0;
    %parti/s 7, 1, 2;
    %concat/vec4; draw_concat_vec4
    %assign/vec4 v0x55ab27b62b80_0, 0;
T_20.15 ;
T_20.13 ;
T_20.11 ;
T_20.7 ;
T_20.5 ;
T_20.1 ;
    %jmp T_20;
    .thread T_20;
    .scope S_0x55ab27b61120;
T_21 ;
    %pushi/vec4 0, 0, 1;
    %store/vec4 v0x55ab27b635c0_0, 0, 1;
    %pushi/vec4 0, 0, 8;
    %store/vec4 v0x55ab27b63440_0, 0, 8;
    %pushi/vec4 0, 0, 8;
    %store/vec4 v0x55ab27b63bc0_0, 0, 8;
    %end;
    .thread T_21;
    .scope S_0x55ab27b61120;
T_22 ;
    %wait E_0x55ab279a0780;
    %load/vec4 v0x55ab27b63120_0;
    %dup/vec4;
    %pushi/vec4 8, 0, 5;
    %cmp/u;
    %jmp/1 T_22.0, 6;
    %dup/vec4;
    %pushi/vec4 16, 0, 5;
    %cmp/u;
    %jmp/1 T_22.1, 6;
    %pushi/vec4 0, 0, 2;
    %store/vec4 v0x55ab27b63a50_0, 0, 2;
    %jmp T_22.3;
T_22.0 ;
    %load/vec4 v0x55ab27b632e0_0;
    %flag_set/vec4 8;
    %jmp/0 T_22.4, 8;
    %pushi/vec4 1, 0, 2;
    %jmp/1 T_22.5, 8;
T_22.4 ; End of true expr.
    %pushi/vec4 0, 0, 2;
    %jmp/0 T_22.5, 8;
 ; End of false expr.
    %blend;
T_22.5;
    %store/vec4 v0x55ab27b63a50_0, 0, 2;
    %jmp T_22.3;
T_22.1 ;
    %load/vec4 v0x55ab27b632e0_0;
    %flag_set/vec4 8;
    %jmp/0 T_22.6, 8;
    %pushi/vec4 2, 0, 2;
    %jmp/1 T_22.7, 8;
T_22.6 ; End of true expr.
    %pushi/vec4 0, 0, 2;
    %jmp/0 T_22.7, 8;
 ; End of false expr.
    %blend;
T_22.7;
    %store/vec4 v0x55ab27b63a50_0, 0, 2;
    %jmp T_22.3;
T_22.3 ;
    %pop/vec4 1;
    %jmp T_22;
    .thread T_22, $push;
    .scope S_0x55ab27b61120;
T_23 ;
    %wait E_0x55ab279d5430;
    %load/vec4 v0x55ab27b63680_0;
    %flag_set/vec4 8;
    %jmp/0xz  T_23.0, 8;
    %pushi/vec4 0, 0, 8;
    %assign/vec4 v0x55ab27b63440_0, 0;
    %pushi/vec4 0, 0, 8;
    %assign/vec4 v0x55ab27b63bc0_0, 0;
    %jmp T_23.1;
T_23.0 ;
    %load/vec4 v0x55ab27b63a50_0;
    %parti/s 1, 0, 2;
    %load/vec4 v0x55ab27b63e00_0;
    %and;
    %flag_set/vec4 8;
    %jmp/0 T_23.2, 8;
    %load/vec4 v0x55ab27b63380_0;
    %jmp/1 T_23.3, 8;
T_23.2 ; End of true expr.
    %load/vec4 v0x55ab27b63440_0;
    %jmp/0 T_23.3, 8;
 ; End of false expr.
    %blend;
T_23.3;
    %assign/vec4 v0x55ab27b63440_0, 0;
    %load/vec4 v0x55ab27b63a50_0;
    %parti/s 1, 1, 2;
    %load/vec4 v0x55ab27b63e00_0;
    %and;
    %flag_set/vec4 8;
    %jmp/0 T_23.4, 8;
    %load/vec4 v0x55ab27b63380_0;
    %jmp/1 T_23.5, 8;
T_23.4 ; End of true expr.
    %load/vec4 v0x55ab27b63bc0_0;
    %jmp/0 T_23.5, 8;
 ; End of false expr.
    %blend;
T_23.5;
    %assign/vec4 v0x55ab27b63bc0_0, 0;
    %load/vec4 v0x55ab27b63bc0_0;
    %parti/s 1, 2, 3;
    %assign/vec4 v0x55ab27b635c0_0, 0;
T_23.1 ;
    %jmp T_23;
    .thread T_23;
    .scope S_0x55ab27b61120;
T_24 ;
    %wait E_0x55ab279e5680;
    %load/vec4 v0x55ab27b63a50_0;
    %dup/vec4;
    %pushi/vec4 1, 0, 2;
    %cmp/u;
    %jmp/1 T_24.0, 6;
    %dup/vec4;
    %pushi/vec4 2, 0, 2;
    %cmp/u;
    %jmp/1 T_24.1, 6;
    %pushi/vec4 0, 0, 32;
    %store/vec4 v0x55ab27b63500_0, 0, 32;
    %jmp T_24.3;
T_24.0 ;
    %pushi/vec4 0, 0, 24;
    %load/vec4 v0x55ab27b638b0_0;
    %concat/vec4; draw_concat_vec4
    %store/vec4 v0x55ab27b63500_0, 0, 32;
    %jmp T_24.3;
T_24.1 ;
    %pushi/vec4 0, 0, 22;
    %load/vec4 v0x55ab27b63af0_0;
    %concat/vec4; draw_concat_vec4
    %load/vec4 v0x55ab27b63750_0;
    %concat/vec4; draw_concat_vec4
    %load/vec4 v0x55ab27b63980_0;
    %concat/vec4; draw_concat_vec4
    %concati/vec4 0, 0, 7;
    %store/vec4 v0x55ab27b63500_0, 0, 32;
    %jmp T_24.3;
T_24.3 ;
    %pop/vec4 1;
    %jmp T_24;
    .thread T_24, $push;
    .scope S_0x55ab27b4d990;
T_25 ;
    %wait E_0x55ab279cc220;
    %load/vec4 v0x55ab27b64990_0;
    %parti/s 16, 16, 6;
    %dup/vec4;
    %pushi/vec4 0, 0, 16;
    %cmp/u;
    %jmp/1 T_25.0, 6;
    %dup/vec4;
    %pushi/vec4 64, 0, 16;
    %cmp/u;
    %jmp/1 T_25.1, 6;
    %dup/vec4;
    %pushi/vec4 65, 0, 16;
    %cmp/u;
    %jmp/1 T_25.2, 6;
    %dup/vec4;
    %pushi/vec4 66, 0, 16;
    %cmp/u;
    %jmp/1 T_25.3, 6;
    %dup/vec4;
    %pushi/vec4 67, 0, 16;
    %cmp/u;
    %jmp/1 T_25.4, 6;
    %dup/vec4;
    %pushi/vec4 68, 0, 16;
    %cmp/u;
    %jmp/1 T_25.5, 6;
    %dup/vec4;
    %pushi/vec4 1, 0, 16;
    %cmp/u;
    %jmp/1 T_25.6, 6;
    %pushi/vec4 1, 0, 7;
    %store/vec4 v0x55ab27b64750_0, 0, 7;
    %jmp T_25.8;
T_25.0 ;
    %pushi/vec4 1, 0, 7;
    %store/vec4 v0x55ab27b64750_0, 0, 7;
    %jmp T_25.8;
T_25.1 ;
    %pushi/vec4 32, 0, 7;
    %store/vec4 v0x55ab27b64750_0, 0, 7;
    %jmp T_25.8;
T_25.2 ;
    %pushi/vec4 16, 0, 7;
    %store/vec4 v0x55ab27b64750_0, 0, 7;
    %jmp T_25.8;
T_25.3 ;
    %pushi/vec4 8, 0, 7;
    %store/vec4 v0x55ab27b64750_0, 0, 7;
    %jmp T_25.8;
T_25.4 ;
    %pushi/vec4 4, 0, 7;
    %store/vec4 v0x55ab27b64750_0, 0, 7;
    %jmp T_25.8;
T_25.5 ;
    %pushi/vec4 2, 0, 7;
    %store/vec4 v0x55ab27b64750_0, 0, 7;
    %jmp T_25.8;
T_25.6 ;
    %pushi/vec4 64, 0, 7;
    %store/vec4 v0x55ab27b64750_0, 0, 7;
    %jmp T_25.8;
T_25.8 ;
    %pop/vec4 1;
    %jmp T_25;
    .thread T_25, $push;
    .scope S_0x55ab27b4d990;
T_26 ;
    %wait E_0x55ab279cb380;
    %load/vec4 v0x55ab27b64750_0;
    %dup/vec4;
    %pushi/vec4 64, 0, 7;
    %cmp/u;
    %jmp/1 T_26.0, 6;
    %dup/vec4;
    %pushi/vec4 32, 0, 7;
    %cmp/u;
    %jmp/1 T_26.1, 6;
    %dup/vec4;
    %pushi/vec4 8, 0, 7;
    %cmp/u;
    %jmp/1 T_26.2, 6;
    %dup/vec4;
    %pushi/vec4 1, 0, 7;
    %cmp/u;
    %jmp/1 T_26.3, 6;
    %pushi/vec4 0, 0, 32;
    %store/vec4 v0x55ab27b64a30_0, 0, 32;
    %jmp T_26.5;
T_26.0 ;
    %load/vec4 v0x55ab27b64830_0;
    %store/vec4 v0x55ab27b64a30_0, 0, 32;
    %jmp T_26.5;
T_26.1 ;
    %load/vec4 v0x55ab27b65820_0;
    %store/vec4 v0x55ab27b64a30_0, 0, 32;
    %jmp T_26.5;
T_26.2 ;
    %load/vec4 v0x55ab27b64d10_0;
    %store/vec4 v0x55ab27b64a30_0, 0, 32;
    %jmp T_26.5;
T_26.3 ;
    %load/vec4 v0x55ab27b641c0_0;
    %store/vec4 v0x55ab27b64a30_0, 0, 32;
    %jmp T_26.5;
T_26.5 ;
    %pop/vec4 1;
    %jmp T_26;
    .thread T_26, $push;
    .scope S_0x55ab27b4d990;
T_27 ;
    %wait E_0x55ab279d5430;
    %load/vec4 v0x55ab27b64750_0;
    %parti/s 1, 5, 4;
    %load/vec4 v0x55ab27b658c0_0;
    %and;
    %flag_set/vec4 8;
    %jmp/0xz  T_27.0, 8;
    %vpi_call 4 187 "$write", "%c", &PV<v0x55ab27b64bd0_0, 0, 8> {0 0 0};
    %vpi_call 4 188 "$fflush", 32'b10000000000000000000000000000001 {0 0 0};
T_27.0 ;
    %jmp T_27;
    .thread T_27;
    .scope S_0x55ab27b4b600;
T_28 ;
    %pushi/vec4 0, 0, 32;
    %store/vec4 v0x55ab27af5e40_0, 0, 32;
    %pushi/vec4 0, 0, 32;
    %store/vec4 v0x55ab27afdbd0_0, 0, 32;
    %pushi/vec4 0, 0, 32;
    %store/vec4 v0x55ab27ae5a50_0, 0, 32;
    %pushi/vec4 0, 0, 8;
    %store/vec4 v0x55ab27b4d7f0_0, 0, 8;
    %pushi/vec4 1, 0, 1;
    %store/vec4 v0x55ab27b4d0e0_0, 0, 1;
    %pushi/vec4 0, 0, 4;
    %store/vec4 v0x55ab27b4cf20_0, 0, 4;
    %pushi/vec4 0, 0, 4;
    %store/vec4 v0x55ab27b4d000_0, 0, 4;
    %pushi/vec4 0, 0, 1;
    %store/vec4 v0x55ab27b4c4a0_0, 0, 1;
    %pushi/vec4 0, 0, 1;
    %store/vec4 v0x55ab27b4c7a0_0, 0, 1;
    %pushi/vec4 0, 0, 1;
    %store/vec4 v0x55ab27b4caa0_0, 0, 1;
    %pushi/vec4 0, 0, 1;
    %store/vec4 v0x55ab27b4cda0_0, 0, 1;
    %pushi/vec4 0, 0, 1;
    %store/vec4 v0x55ab27b1a1d0_0, 0, 1;
    %pushi/vec4 0, 0, 1;
    %store/vec4 v0x55ab27b4c6e0_0, 0, 1;
    %pushi/vec4 0, 0, 1;
    %store/vec4 v0x55ab27b4c9e0_0, 0, 1;
    %pushi/vec4 0, 0, 1;
    %store/vec4 v0x55ab27b4cce0_0, 0, 1;
    %end;
    .thread T_28;
    .scope S_0x55ab27b4b600;
T_29 ;
    %vpi_func 3 106 "$value$plusargs" 32, "firmware=%s", v0x55ab27ae73a0_0 {0 0 0};
    %nor/r;
    %flag_set/vec4 8;
    %jmp/0xz  T_29.0, 8;
    %pushi/vec4 0, 0, 32; draw_string_vec4
    %pushi/vec4 0, 0, 32; draw_string_vec4
    %concat/vec4; draw_string_vec4
    %pushi/vec4 0, 0, 32; draw_string_vec4
    %concat/vec4; draw_string_vec4
    %pushi/vec4 0, 0, 32; draw_string_vec4
    %concat/vec4; draw_string_vec4
    %pushi/vec4 0, 0, 32; draw_string_vec4
    %concat/vec4; draw_string_vec4
    %pushi/vec4 0, 0, 32; draw_string_vec4
    %concat/vec4; draw_string_vec4
    %pushi/vec4 0, 0, 32; draw_string_vec4
    %concat/vec4; draw_string_vec4
    %pushi/vec4 0, 0, 32; draw_string_vec4
    %concat/vec4; draw_string_vec4
    %pushi/vec4 0, 0, 32; draw_string_vec4
    %concat/vec4; draw_string_vec4
    %pushi/vec4 0, 0, 32; draw_string_vec4
    %concat/vec4; draw_string_vec4
    %pushi/vec4 0, 0, 32; draw_string_vec4
    %concat/vec4; draw_string_vec4
    %pushi/vec4 0, 0, 32; draw_string_vec4
    %concat/vec4; draw_string_vec4
    %pushi/vec4 0, 0, 32; draw_string_vec4
    %concat/vec4; draw_string_vec4
    %pushi/vec4 0, 0, 32; draw_string_vec4
    %concat/vec4; draw_string_vec4
    %pushi/vec4 0, 0, 32; draw_string_vec4
    %concat/vec4; draw_string_vec4
    %pushi/vec4 0, 0, 32; draw_string_vec4
    %concat/vec4; draw_string_vec4
    %pushi/vec4 0, 0, 32; draw_string_vec4
    %concat/vec4; draw_string_vec4
    %pushi/vec4 0, 0, 32; draw_string_vec4
    %concat/vec4; draw_string_vec4
    %pushi/vec4 0, 0, 32; draw_string_vec4
    %concat/vec4; draw_string_vec4
    %pushi/vec4 0, 0, 32; draw_string_vec4
    %concat/vec4; draw_string_vec4
    %pushi/vec4 0, 0, 32; draw_string_vec4
    %concat/vec4; draw_string_vec4
    %pushi/vec4 0, 0, 32; draw_string_vec4
    %concat/vec4; draw_string_vec4
    %pushi/vec4 0, 0, 32; draw_string_vec4
    %concat/vec4; draw_string_vec4
    %pushi/vec4 0, 0, 32; draw_string_vec4
    %concat/vec4; draw_string_vec4
    %pushi/vec4 0, 0, 32; draw_string_vec4
    %concat/vec4; draw_string_vec4
    %pushi/vec4 0, 0, 32; draw_string_vec4
    %concat/vec4; draw_string_vec4
    %pushi/vec4 0, 0, 32; draw_string_vec4
    %concat/vec4; draw_string_vec4
    %pushi/vec4 26217, 0, 32; draw_string_vec4
    %concat/vec4; draw_string_vec4
    %pushi/vec4 1919776609, 0, 32; draw_string_vec4
    %concat/vec4; draw_string_vec4
    %pushi/vec4 1919246182, 0, 32; draw_string_vec4
    %concat/vec4; draw_string_vec4
    %pushi/vec4 1818325864, 0, 32; draw_string_vec4
    %concat/vec4; draw_string_vec4
    %pushi/vec4 778593656, 0, 32; draw_string_vec4
    %concat/vec4; draw_string_vec4
    %store/vec4 v0x55ab27ae73a0_0, 0, 1024;
T_29.0 ;
    %vpi_call 3 108 "$readmemh", v0x55ab27ae73a0_0, v0x55ab27b4ce60 {0 0 0};
    %end;
    .thread T_29;
    .scope S_0x55ab27b4b600;
T_30 ;
    %wait E_0x55ab279ccab0;
    %load/vec4 v0x55ab27b01c40_0;
    %flag_set/vec4 8;
    %jmp/0xz  T_30.0, 8;
    %pushi/vec4 0, 0, 8;
    %store/vec4 v0x55ab27af9f40_0, 0, 8;
    %pushi/vec4 0, 0, 32;
    %store/vec4 v0x55ab27af5e40_0, 0, 32;
    %pushi/vec4 0, 0, 32;
    %store/vec4 v0x55ab27afdbd0_0, 0, 32;
    %pushi/vec4 1, 0, 4;
    %store/vec4 v0x55ab27b4cf20_0, 0, 4;
    %pushi/vec4 0, 0, 1;
    %store/vec4 v0x55ab27b4c4a0_0, 0, 1;
    %pushi/vec4 1, 0, 1;
    %store/vec4 v0x55ab27b4c7a0_0, 0, 1;
    %pushi/vec4 0, 0, 1;
    %store/vec4 v0x55ab27b4caa0_0, 0, 1;
    %pushi/vec4 0, 0, 1;
    %store/vec4 v0x55ab27b4cda0_0, 0, 1;
    %jmp T_30.1;
T_30.0 ;
    %load/vec4 v0x55ab27b4d7f0_0;
    %cmpi/ne 0, 0, 8;
    %jmp/0xz  T_30.2, 4;
    %load/vec4 v0x55ab27b4d7f0_0;
    %store/vec4 v0x55ab27af9f40_0, 0, 8;
    %pushi/vec4 0, 0, 32;
    %store/vec4 v0x55ab27af5e40_0, 0, 32;
    %pushi/vec4 1, 0, 32;
    %store/vec4 v0x55ab27afdbd0_0, 0, 32;
    %fork TD_bench.flash0.spi_action, S_0x55ab27b4c010;
    %join;
T_30.2 ;
T_30.1 ;
    %jmp T_30;
    .thread T_30, $push;
    .scope S_0x55ab27b4b600;
T_31 ;
    %wait E_0x55ab279e0f60;
    %pushi/vec4 0, 0, 1;
    %store/vec4 v0x55ab27b4d650_0, 0, 1;
    %load/vec4 v0x55ab27b01c40_0;
    %nor/r;
    %flag_set/vec4 9;
    %flag_get/vec4 9;
    %jmp/0 T_31.2, 9;
    %load/vec4 v0x55ab27afe8a0_0;
    %nor/r;
    %and;
T_31.2;
    %flag_set/vec4 8;
    %jmp/0xz  T_31.0, 8;
    %load/vec4 v0x55ab27ae5a50_0;
    %cmpi/s 0, 0, 32;
    %flag_or 5, 4; GT is !LE
    %flag_inv 5;
    %jmp/0xz  T_31.3, 5;
    %pushi/vec4 0, 0, 1;
    %store/vec4 v0x55ab27b4c4a0_0, 0, 1;
    %pushi/vec4 1, 0, 1;
    %store/vec4 v0x55ab27b4c7a0_0, 0, 1;
    %pushi/vec4 0, 0, 1;
    %store/vec4 v0x55ab27b4caa0_0, 0, 1;
    %pushi/vec4 0, 0, 1;
    %store/vec4 v0x55ab27b4cda0_0, 0, 1;
    %jmp T_31.4;
T_31.3 ;
    %load/vec4 v0x55ab27b4cf20_0;
    %dup/vec4;
    %pushi/vec4 1, 0, 4;
    %cmp/u;
    %jmp/1 T_31.5, 6;
    %dup/vec4;
    %pushi/vec4 2, 0, 4;
    %cmp/u;
    %jmp/1 T_31.6, 6;
    %dup/vec4;
    %pushi/vec4 3, 0, 4;
    %cmp/u;
    %jmp/1 T_31.7, 6;
    %dup/vec4;
    %pushi/vec4 4, 0, 4;
    %cmp/u;
    %jmp/1 T_31.8, 6;
    %dup/vec4;
    %pushi/vec4 5, 0, 4;
    %cmp/u;
    %jmp/1 T_31.9, 6;
    %dup/vec4;
    %pushi/vec4 6, 0, 4;
    %cmp/u;
    %jmp/1 T_31.10, 6;
    %dup/vec4;
    %pushi/vec4 7, 0, 4;
    %cmp/u;
    %jmp/1 T_31.11, 6;
    %jmp T_31.12;
T_31.5 ;
    %pushi/vec4 0, 0, 1;
    %store/vec4 v0x55ab27b4c4a0_0, 0, 1;
    %pushi/vec4 1, 0, 1;
    %store/vec4 v0x55ab27b4c7a0_0, 0, 1;
    %pushi/vec4 0, 0, 1;
    %store/vec4 v0x55ab27b4caa0_0, 0, 1;
    %pushi/vec4 0, 0, 1;
    %store/vec4 v0x55ab27b4cda0_0, 0, 1;
    %load/vec4 v0x55ab27af9f40_0;
    %parti/s 1, 7, 4;
    %store/vec4 v0x55ab27b4c6e0_0, 0, 1;
    %jmp T_31.12;
T_31.6 ;
    %pushi/vec4 0, 0, 1;
    %store/vec4 v0x55ab27b4c4a0_0, 0, 1;
    %pushi/vec4 1, 0, 1;
    %store/vec4 v0x55ab27b4c7a0_0, 0, 1;
    %pushi/vec4 0, 0, 1;
    %store/vec4 v0x55ab27b4caa0_0, 0, 1;
    %pushi/vec4 0, 0, 1;
    %store/vec4 v0x55ab27b4cda0_0, 0, 1;
    %jmp T_31.12;
T_31.7 ;
    %pushi/vec4 1, 0, 1;
    %store/vec4 v0x55ab27b4c4a0_0, 0, 1;
    %pushi/vec4 1, 0, 1;
    %store/vec4 v0x55ab27b4c7a0_0, 0, 1;
    %pushi/vec4 0, 0, 1;
    %store/vec4 v0x55ab27b4caa0_0, 0, 1;
    %pushi/vec4 0, 0, 1;
    %store/vec4 v0x55ab27b4cda0_0, 0, 1;
    %load/vec4 v0x55ab27af9f40_0;
    %parti/s 1, 6, 4;
    %store/vec4 v0x55ab27b1a1d0_0, 0, 1;
    %load/vec4 v0x55ab27af9f40_0;
    %parti/s 1, 7, 4;
    %store/vec4 v0x55ab27b4c6e0_0, 0, 1;
    %jmp T_31.12;
T_31.8 ;
    %pushi/vec4 0, 0, 1;
    %store/vec4 v0x55ab27b4c4a0_0, 0, 1;
    %pushi/vec4 0, 0, 1;
    %store/vec4 v0x55ab27b4c7a0_0, 0, 1;
    %pushi/vec4 0, 0, 1;
    %store/vec4 v0x55ab27b4caa0_0, 0, 1;
    %pushi/vec4 0, 0, 1;
    %store/vec4 v0x55ab27b4cda0_0, 0, 1;
    %jmp T_31.12;
T_31.9 ;
    %pushi/vec4 1, 0, 1;
    %store/vec4 v0x55ab27b4c4a0_0, 0, 1;
    %pushi/vec4 1, 0, 1;
    %store/vec4 v0x55ab27b4c7a0_0, 0, 1;
    %pushi/vec4 1, 0, 1;
    %store/vec4 v0x55ab27b4caa0_0, 0, 1;
    %pushi/vec4 1, 0, 1;
    %store/vec4 v0x55ab27b4cda0_0, 0, 1;
    %load/vec4 v0x55ab27af9f40_0;
    %parti/s 1, 4, 4;
    %store/vec4 v0x55ab27b1a1d0_0, 0, 1;
    %load/vec4 v0x55ab27af9f40_0;
    %parti/s 1, 5, 4;
    %store/vec4 v0x55ab27b4c6e0_0, 0, 1;
    %load/vec4 v0x55ab27af9f40_0;
    %parti/s 1, 6, 4;
    %store/vec4 v0x55ab27b4c9e0_0, 0, 1;
    %load/vec4 v0x55ab27af9f40_0;
    %parti/s 1, 7, 4;
    %store/vec4 v0x55ab27b4cce0_0, 0, 1;
    %jmp T_31.12;
T_31.10 ;
    %fork TD_bench.flash0.ddr_rd_edge, S_0x55ab27b4bc10;
    %join;
    %jmp T_31.12;
T_31.11 ;
    %fork TD_bench.flash0.ddr_wr_edge, S_0x55ab27b4be10;
    %join;
    %jmp T_31.12;
T_31.12 ;
    %pop/vec4 1;
T_31.4 ;
    %load/vec4 v0x55ab27b4d000_0;
    %cmpi/ne 0, 0, 4;
    %jmp/0xz  T_31.13, 4;
    %load/vec4 v0x55ab27b4d000_0;
    %dup/vec4;
    %pushi/vec4 6, 0, 4;
    %cmp/u;
    %jmp/1 T_31.15, 6;
    %dup/vec4;
    %pushi/vec4 7, 0, 4;
    %cmp/u;
    %jmp/1 T_31.16, 6;
    %jmp T_31.17;
T_31.15 ;
    %pushi/vec4 0, 0, 1;
    %store/vec4 v0x55ab27b4c4a0_0, 0, 1;
    %pushi/vec4 0, 0, 1;
    %store/vec4 v0x55ab27b4c7a0_0, 0, 1;
    %pushi/vec4 0, 0, 1;
    %store/vec4 v0x55ab27b4caa0_0, 0, 1;
    %pushi/vec4 0, 0, 1;
    %store/vec4 v0x55ab27b4cda0_0, 0, 1;
    %jmp T_31.17;
T_31.16 ;
    %pushi/vec4 1, 0, 1;
    %store/vec4 v0x55ab27b4c4a0_0, 0, 1;
    %pushi/vec4 1, 0, 1;
    %store/vec4 v0x55ab27b4c7a0_0, 0, 1;
    %pushi/vec4 1, 0, 1;
    %store/vec4 v0x55ab27b4caa0_0, 0, 1;
    %pushi/vec4 1, 0, 1;
    %store/vec4 v0x55ab27b4cda0_0, 0, 1;
    %load/vec4 v0x55ab27af9f40_0;
    %parti/s 1, 4, 4;
    %store/vec4 v0x55ab27b1a1d0_0, 0, 1;
    %load/vec4 v0x55ab27af9f40_0;
    %parti/s 1, 5, 4;
    %store/vec4 v0x55ab27b4c6e0_0, 0, 1;
    %load/vec4 v0x55ab27af9f40_0;
    %parti/s 1, 6, 4;
    %store/vec4 v0x55ab27b4c9e0_0, 0, 1;
    %load/vec4 v0x55ab27af9f40_0;
    %parti/s 1, 7, 4;
    %store/vec4 v0x55ab27b4cce0_0, 0, 1;
    %jmp T_31.17;
T_31.17 ;
    %pop/vec4 1;
    %load/vec4 v0x55ab27b4d000_0;
    %store/vec4 v0x55ab27b4cf20_0, 0, 4;
    %pushi/vec4 0, 0, 4;
    %store/vec4 v0x55ab27b4d000_0, 0, 4;
T_31.13 ;
T_31.0 ;
    %jmp T_31;
    .thread T_31, $push;
    .scope S_0x55ab27b4b600;
T_32 ;
    %wait E_0x55ab279ee150;
    %load/vec4 v0x55ab27b01c40_0;
    %nor/r;
    %flag_set/vec4 8;
    %jmp/0xz  T_32.0, 8;
    %load/vec4 v0x55ab27ae5a50_0;
    %cmpi/s 0, 0, 32;
    %flag_or 5, 4; GT is !LE
    %flag_inv 5;
    %jmp/0xz  T_32.2, 5;
    %load/vec4 v0x55ab27ae5a50_0;
    %subi 1, 0, 32;
    %store/vec4 v0x55ab27ae5a50_0, 0, 32;
    %jmp T_32.3;
T_32.2 ;
    %load/vec4 v0x55ab27b4cf20_0;
    %dup/vec4;
    %pushi/vec4 1, 0, 4;
    %cmp/u;
    %jmp/1 T_32.4, 6;
    %dup/vec4;
    %pushi/vec4 2, 0, 4;
    %cmp/u;
    %jmp/1 T_32.5, 6;
    %dup/vec4;
    %pushi/vec4 3, 0, 4;
    %cmp/u;
    %jmp/1 T_32.6, 6;
    %dup/vec4;
    %pushi/vec4 4, 0, 4;
    %cmp/u;
    %jmp/1 T_32.7, 6;
    %dup/vec4;
    %pushi/vec4 5, 0, 4;
    %cmp/u;
    %jmp/1 T_32.8, 6;
    %dup/vec4;
    %pushi/vec4 6, 0, 4;
    %cmp/u;
    %jmp/1 T_32.9, 6;
    %dup/vec4;
    %pushi/vec4 7, 0, 4;
    %cmp/u;
    %jmp/1 T_32.10, 6;
    %jmp T_32.11;
T_32.4 ;
    %load/vec4 v0x55ab27af9f40_0;
    %load/vec4 v0x55ab27b1b5b0_0;
    %concat/vec4; draw_concat_vec4
    %pad/u 8;
    %store/vec4 v0x55ab27af9f40_0, 0, 8;
    %load/vec4 v0x55ab27af5e40_0;
    %addi 1, 0, 32;
    %store/vec4 v0x55ab27af5e40_0, 0, 32;
    %load/vec4 v0x55ab27af5e40_0;
    %cmpi/e 8, 0, 32;
    %jmp/0xz  T_32.12, 4;
    %pushi/vec4 0, 0, 32;
    %store/vec4 v0x55ab27af5e40_0, 0, 32;
    %load/vec4 v0x55ab27afdbd0_0;
    %addi 1, 0, 32;
    %store/vec4 v0x55ab27afdbd0_0, 0, 32;
    %fork TD_bench.flash0.spi_action, S_0x55ab27b4c010;
    %join;
T_32.12 ;
    %jmp T_32.11;
T_32.5 ;
    %load/vec4 v0x55ab27af9f40_0;
    %load/vec4 v0x55ab27b4c560_0;
    %concat/vec4; draw_concat_vec4
    %load/vec4 v0x55ab27b1b5b0_0;
    %concat/vec4; draw_concat_vec4
    %pad/u 8;
    %store/vec4 v0x55ab27af9f40_0, 0, 8;
    %load/vec4 v0x55ab27af5e40_0;
    %addi 2, 0, 32;
    %store/vec4 v0x55ab27af5e40_0, 0, 32;
    %load/vec4 v0x55ab27af5e40_0;
    %cmpi/e 8, 0, 32;
    %jmp/0xz  T_32.14, 4;
    %pushi/vec4 0, 0, 32;
    %store/vec4 v0x55ab27af5e40_0, 0, 32;
    %load/vec4 v0x55ab27afdbd0_0;
    %addi 1, 0, 32;
    %store/vec4 v0x55ab27afdbd0_0, 0, 32;
    %fork TD_bench.flash0.spi_action, S_0x55ab27b4c010;
    %join;
T_32.14 ;
    %jmp T_32.11;
T_32.6 ;
    %load/vec4 v0x55ab27af9f40_0;
    %load/vec4 v0x55ab27b4c560_0;
    %concat/vec4; draw_concat_vec4
    %load/vec4 v0x55ab27b1b5b0_0;
    %concat/vec4; draw_concat_vec4
    %pad/u 8;
    %store/vec4 v0x55ab27af9f40_0, 0, 8;
    %load/vec4 v0x55ab27af5e40_0;
    %addi 2, 0, 32;
    %store/vec4 v0x55ab27af5e40_0, 0, 32;
    %load/vec4 v0x55ab27af5e40_0;
    %cmpi/e 8, 0, 32;
    %jmp/0xz  T_32.16, 4;
    %pushi/vec4 0, 0, 32;
    %store/vec4 v0x55ab27af5e40_0, 0, 32;
    %load/vec4 v0x55ab27afdbd0_0;
    %addi 1, 0, 32;
    %store/vec4 v0x55ab27afdbd0_0, 0, 32;
    %fork TD_bench.flash0.spi_action, S_0x55ab27b4c010;
    %join;
T_32.16 ;
    %jmp T_32.11;
T_32.7 ;
    %load/vec4 v0x55ab27af9f40_0;
    %load/vec4 v0x55ab27b4cb60_0;
    %concat/vec4; draw_concat_vec4
    %load/vec4 v0x55ab27b4c860_0;
    %concat/vec4; draw_concat_vec4
    %load/vec4 v0x55ab27b4c560_0;
    %concat/vec4; draw_concat_vec4
    %load/vec4 v0x55ab27b1b5b0_0;
    %concat/vec4; draw_concat_vec4
    %pad/u 8;
    %store/vec4 v0x55ab27af9f40_0, 0, 8;
    %load/vec4 v0x55ab27af5e40_0;
    %addi 4, 0, 32;
    %store/vec4 v0x55ab27af5e40_0, 0, 32;
    %load/vec4 v0x55ab27af5e40_0;
    %cmpi/e 8, 0, 32;
    %jmp/0xz  T_32.18, 4;
    %pushi/vec4 0, 0, 32;
    %store/vec4 v0x55ab27af5e40_0, 0, 32;
    %load/vec4 v0x55ab27afdbd0_0;
    %addi 1, 0, 32;
    %store/vec4 v0x55ab27afdbd0_0, 0, 32;
    %fork TD_bench.flash0.spi_action, S_0x55ab27b4c010;
    %join;
T_32.18 ;
    %jmp T_32.11;
T_32.8 ;
    %load/vec4 v0x55ab27af9f40_0;
    %load/vec4 v0x55ab27b4cb60_0;
    %concat/vec4; draw_concat_vec4
    %load/vec4 v0x55ab27b4c860_0;
    %concat/vec4; draw_concat_vec4
    %load/vec4 v0x55ab27b4c560_0;
    %concat/vec4; draw_concat_vec4
    %load/vec4 v0x55ab27b1b5b0_0;
    %concat/vec4; draw_concat_vec4
    %pad/u 8;
    %store/vec4 v0x55ab27af9f40_0, 0, 8;
    %load/vec4 v0x55ab27af5e40_0;
    %addi 4, 0, 32;
    %store/vec4 v0x55ab27af5e40_0, 0, 32;
    %load/vec4 v0x55ab27af5e40_0;
    %cmpi/e 8, 0, 32;
    %jmp/0xz  T_32.20, 4;
    %pushi/vec4 0, 0, 32;
    %store/vec4 v0x55ab27af5e40_0, 0, 32;
    %load/vec4 v0x55ab27afdbd0_0;
    %addi 1, 0, 32;
    %store/vec4 v0x55ab27afdbd0_0, 0, 32;
    %fork TD_bench.flash0.spi_action, S_0x55ab27b4c010;
    %join;
T_32.20 ;
    %jmp T_32.11;
T_32.9 ;
    %fork TD_bench.flash0.ddr_rd_edge, S_0x55ab27b4bc10;
    %join;
    %jmp T_32.11;
T_32.10 ;
    %fork TD_bench.flash0.ddr_wr_edge, S_0x55ab27b4be10;
    %join;
    %jmp T_32.11;
T_32.11 ;
    %pop/vec4 1;
T_32.3 ;
T_32.0 ;
    %jmp T_32;
    .thread T_32;
    .scope S_0x55ab27b221b0;
T_33 ;
    %pushi/vec4 0, 0, 1;
    %store/vec4 v0x55ab27b65ce0_0, 0, 1;
    %pushi/vec4 0, 0, 5;
    %store/vec4 v0x55ab27b65e20_0, 0, 5;
    %end;
    .thread T_33;
    .scope S_0x55ab27b221b0;
T_34 ;
    %pushi/vec4 0, 0, 1;
    %assign/vec4 v0x55ab27b65a70_0, 0;
    %end;
    .thread T_34;
    .scope S_0x55ab27b221b0;
T_35 ;
    %delay 20000, 0;
    %load/vec4 v0x55ab27b65a70_0;
    %inv;
    %assign/vec4 v0x55ab27b65a70_0, 0;
    %jmp T_35;
    .thread T_35;
    .scope S_0x55ab27b221b0;
T_36 ;
    %load/vec4 v0x55ab27b65b30_0;
    %pad/u 5;
    %load/vec4 v0x55ab27b65e20_0;
    %cmp/ne;
    %jmp/0xz  T_36.0, 4;
    %vpi_call 2 75 "$display", "LEDS = %b", v0x55ab27b65b30_0 {0 0 0};
T_36.0 ;
    %load/vec4 v0x55ab27b65b30_0;
    %pad/u 5;
    %assign/vec4 v0x55ab27b65e20_0, 0;
    %end;
    .thread T_36;
    .scope S_0x55ab27b221b0;
T_37 ;
    %vpi_call 2 86 "$dumpfile", "bench.vcd" {0 0 0};
    %vpi_call 2 87 "$dumpvars", 32'sb11111111111111111111111111111111, S_0x55ab27b221b0 {0 0 0};
    %delay 0, 0;
    %pushi/vec4 1, 0, 1;
    %store/vec4 v0x55ab27b65ce0_0, 0, 1;
    %delay 0, 0;
    %pushi/vec4 0, 0, 1;
    %store/vec4 v0x55ab27b65c40_0, 0, 1;
    %delay 80000, 0;
    %pushi/vec4 0, 0, 1;
    %store/vec4 v0x55ab27b65c40_0, 0, 1;
    %delay 160000, 0;
    %pushi/vec4 1, 0, 1;
    %store/vec4 v0x55ab27b65c40_0, 0, 1;
    %wait E_0x55ab279d5430;
    %delay 3705032704, 1;
    %pushi/vec4 52, 0, 8;
    %store/vec4 v0x55ab27b0c730_0, 0, 8;
    %fork TD_bench.UART_WRITE_BYTE, S_0x55ab27af2ce0;
    %join;
    %delay 160000000, 0;
    %pushi/vec4 42, 0, 8;
    %store/vec4 v0x55ab27b0c730_0, 0, 8;
    %fork TD_bench.UART_WRITE_BYTE, S_0x55ab27af2ce0;
    %join;
    %delay 160000000, 0;
    %pushi/vec4 52, 0, 8;
    %store/vec4 v0x55ab27b0c730_0, 0, 8;
    %fork TD_bench.UART_WRITE_BYTE, S_0x55ab27af2ce0;
    %join;
    %delay 160000000, 0;
    %pushi/vec4 57, 0, 8;
    %store/vec4 v0x55ab27b0c730_0, 0, 8;
    %fork TD_bench.UART_WRITE_BYTE, S_0x55ab27af2ce0;
    %join;
    %delay 160000000, 0;
    %pushi/vec4 47, 0, 8;
    %store/vec4 v0x55ab27b0c730_0, 0, 8;
    %fork TD_bench.UART_WRITE_BYTE, S_0x55ab27af2ce0;
    %join;
    %delay 160000000, 0;
    %pushi/vec4 48, 0, 8;
    %store/vec4 v0x55ab27b0c730_0, 0, 8;
    %fork TD_bench.UART_WRITE_BYTE, S_0x55ab27af2ce0;
    %join;
    %wait E_0x55ab279d5430;
    %delay 4000000000, 0;
    %vpi_call 2 114 "$finish" {0 0 0};
    %end;
    .thread T_37;
    .scope S_0x55ab27b22020;
T_38 ;
    %wait E_0x55ab27b3f730;
    %load/vec4 v0x55ab27b663b0_0;
    %load/vec4 v0x55ab27b666f0_0;
    %and;
    %flag_set/vec4 8;
    %jmp/0xz  T_38.0, 8;
    %load/vec4 v0x55ab27b667b0_0;
    %pad/u 7;
    %ix/vec4 4;
    %load/vec4a v0x55ab27b66210, 4;
    %assign/vec4 v0x55ab27b66530_0, 0;
T_38.0 ;
    %load/vec4 v0x55ab27b663b0_0;
    %load/vec4 v0x55ab27b66890_0;
    %and;
    %flag_set/vec4 8;
    %jmp/0xz  T_38.2, 8;
    %load/vec4 v0x55ab27b66610_0;
    %load/vec4 v0x55ab27b667b0_0;
    %pad/u 7;
    %ix/vec4 3;
    %ix/load 4, 0, 0; Constant delay
    %assign/vec4/a/d v0x55ab27b66210, 0, 4;
T_38.2 ;
    %jmp T_38;
    .thread T_38;
    .scope S_0x55ab27b66b00;
T_39 ;
    %pushi/vec4 0, 0, 32;
    %store/vec4 v0x55ab27b67af0_0, 0, 32;
    %pushi/vec4 0, 0, 1;
    %store/vec4 v0x55ab27b67610_0, 0, 1;
    %end;
    .thread T_39;
    .scope S_0x55ab27b66b00;
T_40 ;
    %wait E_0x55ab27b67250;
    %load/vec4 v0x55ab27b679a0_0;
    %flag_set/vec4 8;
    %jmp/0xz  T_40.0, 8;
    %pushi/vec4 0, 0, 1;
    %assign/vec4 v0x55ab27b67610_0, 0;
    %pushi/vec4 0, 0, 32;
    %assign/vec4 v0x55ab27b67af0_0, 0;
    %pushi/vec4 0, 0, 3;
    %assign/vec4 v0x55ab27b67bd0_0, 0;
    %jmp T_40.1;
T_40.0 ;
    %load/vec4 v0x55ab27b67bd0_0;
    %dup/vec4;
    %pushi/vec4 0, 0, 3;
    %cmp/u;
    %jmp/1 T_40.2, 6;
    %dup/vec4;
    %pushi/vec4 5, 0, 3;
    %cmp/u;
    %jmp/1 T_40.3, 6;
    %dup/vec4;
    %pushi/vec4 1, 0, 3;
    %cmp/u;
    %jmp/1 T_40.4, 6;
    %dup/vec4;
    %pushi/vec4 2, 0, 3;
    %cmp/u;
    %jmp/1 T_40.5, 6;
    %dup/vec4;
    %pushi/vec4 3, 0, 3;
    %cmp/u;
    %jmp/1 T_40.6, 6;
    %dup/vec4;
    %pushi/vec4 4, 0, 3;
    %cmp/u;
    %jmp/1 T_40.7, 6;
    %pushi/vec4 0, 0, 3;
    %assign/vec4 v0x55ab27b67bd0_0, 0;
    %jmp T_40.9;
T_40.2 ;
    %pushi/vec4 0, 0, 11;
    %assign/vec4 v0x55ab27b67530_0, 0;
    %pushi/vec4 0, 0, 1;
    %assign/vec4 v0x55ab27b67610_0, 0;
    %pushi/vec4 0, 0, 32;
    %assign/vec4 v0x55ab27b67af0_0, 0;
    %load/vec4 v0x55ab27b67720_0;
    %flag_set/vec4 8;
    %jmp/0xz  T_40.10, 8;
    %pushi/vec4 5, 0, 3;
    %assign/vec4 v0x55ab27b67bd0_0, 0;
    %jmp T_40.11;
T_40.10 ;
    %pushi/vec4 0, 0, 3;
    %assign/vec4 v0x55ab27b67bd0_0, 0;
T_40.11 ;
    %jmp T_40.9;
T_40.3 ;
    %load/vec4 v0x55ab27b677e0_0;
    %assign/vec4 v0x55ab27b672b0_0, 0;
    %load/vec4 v0x55ab27b678c0_0;
    %assign/vec4 v0x55ab27b673b0_0, 0;
    %pushi/vec4 0, 0, 1;
    %assign/vec4 v0x55ab27b67610_0, 0;
    %pushi/vec4 0, 0, 32;
    %assign/vec4 v0x55ab27b67af0_0, 0;
    %pushi/vec4 1, 0, 3;
    %assign/vec4 v0x55ab27b67bd0_0, 0;
    %jmp T_40.9;
T_40.4 ;
    %load/vec4 v0x55ab27b673b0_0;
    %parti/s 1, 0, 2;
    %flag_set/vec4 8;
    %jmp/0xz  T_40.12, 8;
    %pushi/vec4 3, 0, 3;
    %assign/vec4 v0x55ab27b67bd0_0, 0;
    %jmp T_40.13;
T_40.12 ;
    %pushi/vec4 2, 0, 3;
    %assign/vec4 v0x55ab27b67bd0_0, 0;
T_40.13 ;
    %jmp T_40.9;
T_40.5 ;
    %load/vec4 v0x55ab27b673b0_0;
    %ix/load 4, 1, 0;
    %flag_set/imm 4, 0;
    %shiftr 4;
    %assign/vec4 v0x55ab27b673b0_0, 0;
    %load/vec4 v0x55ab27b672b0_0;
    %ix/load 4, 1, 0;
    %flag_set/imm 4, 0;
    %shiftl 4;
    %assign/vec4 v0x55ab27b672b0_0, 0;
    %pushi/vec4 0, 0, 1;
    %assign/vec4 v0x55ab27b67610_0, 0;
    %load/vec4 v0x55ab27b673b0_0;
    %pad/u 32;
    %cmpi/e 0, 0, 32;
    %jmp/0xz  T_40.14, 4;
    %pushi/vec4 4, 0, 3;
    %assign/vec4 v0x55ab27b67bd0_0, 0;
    %jmp T_40.15;
T_40.14 ;
    %pushi/vec4 1, 0, 3;
    %assign/vec4 v0x55ab27b67bd0_0, 0;
T_40.15 ;
    %jmp T_40.9;
T_40.6 ;
    %load/vec4 v0x55ab27b67af0_0;
    %pushi/vec4 0, 0, 16;
    %load/vec4 v0x55ab27b672b0_0;
    %concat/vec4; draw_concat_vec4
    %add;
    %assign/vec4 v0x55ab27b67af0_0, 0;
    %pushi/vec4 0, 0, 1;
    %assign/vec4 v0x55ab27b67610_0, 0;
    %pushi/vec4 2, 0, 3;
    %assign/vec4 v0x55ab27b67bd0_0, 0;
    %jmp T_40.9;
T_40.7 ;
    %pushi/vec4 1, 0, 1;
    %assign/vec4 v0x55ab27b67610_0, 0;
    %load/vec4 v0x55ab27b67530_0;
    %addi 1, 0, 11;
    %assign/vec4 v0x55ab27b67530_0, 0;
    %load/vec4 v0x55ab27b67530_0;
    %pad/u 32;
    %cmpi/u 2000, 0, 32;
    %flag_or 5, 4; GT is !LE
    %flag_inv 5;
    %flag_mov 8, 5;
    %jmp/0 T_40.16, 8;
    %pushi/vec4 0, 0, 3;
    %jmp/1 T_40.17, 8;
T_40.16 ; End of true expr.
    %pushi/vec4 4, 0, 3;
    %jmp/0 T_40.17, 8;
 ; End of false expr.
    %blend;
T_40.17;
    %assign/vec4 v0x55ab27b67bd0_0, 0;
    %jmp T_40.9;
T_40.9 ;
    %pop/vec4 1;
T_40.1 ;
    %jmp T_40;
    .thread T_40;
    .scope S_0x55ab27b66b00;
T_41 ;
    %wait E_0x55ab27b671f0;
    %load/vec4 v0x55ab27b67bd0_0;
    %dup/vec4;
    %pushi/vec4 0, 0, 3;
    %cmp/u;
    %jmp/1 T_41.0, 6;
    %dup/vec4;
    %pushi/vec4 5, 0, 3;
    %cmp/u;
    %jmp/1 T_41.1, 6;
    %dup/vec4;
    %pushi/vec4 1, 0, 3;
    %cmp/u;
    %jmp/1 T_41.2, 6;
    %dup/vec4;
    %pushi/vec4 2, 0, 3;
    %cmp/u;
    %jmp/1 T_41.3, 6;
    %dup/vec4;
    %pushi/vec4 3, 0, 3;
    %cmp/u;
    %jmp/1 T_41.4, 6;
    %dup/vec4;
    %pushi/vec4 4, 0, 3;
    %cmp/u;
    %jmp/1 T_41.5, 6;
    %jmp T_41.6;
T_41.0 ;
    %pushi/vec4 0, 0, 32; draw_string_vec4
    %pushi/vec4 0, 0, 32; draw_string_vec4
    %concat/vec4; draw_string_vec4
    %pushi/vec4 0, 0, 32; draw_string_vec4
    %concat/vec4; draw_string_vec4
    %pushi/vec4 0, 0, 32; draw_string_vec4
    %concat/vec4; draw_string_vec4
    %pushi/vec4 0, 0, 32; draw_string_vec4
    %concat/vec4; draw_string_vec4
    %pushi/vec4 0, 0, 32; draw_string_vec4
    %concat/vec4; draw_string_vec4
    %pushi/vec4 0, 0, 32; draw_string_vec4
    %concat/vec4; draw_string_vec4
    %pushi/vec4 0, 0, 32; draw_string_vec4
    %concat/vec4; draw_string_vec4
    %pushi/vec4 83, 0, 32; draw_string_vec4
    %concat/vec4; draw_string_vec4
    %pushi/vec4 1413567060, 0, 32; draw_string_vec4
    %concat/vec4; draw_string_vec4
    %store/vec4 v0x55ab27b67cb0_0, 0, 320;
    %jmp T_41.6;
T_41.1 ;
    %pushi/vec4 0, 0, 32; draw_string_vec4
    %pushi/vec4 0, 0, 32; draw_string_vec4
    %concat/vec4; draw_string_vec4
    %pushi/vec4 0, 0, 32; draw_string_vec4
    %concat/vec4; draw_string_vec4
    %pushi/vec4 0, 0, 32; draw_string_vec4
    %concat/vec4; draw_string_vec4
    %pushi/vec4 0, 0, 32; draw_string_vec4
    %concat/vec4; draw_string_vec4
    %pushi/vec4 0, 0, 32; draw_string_vec4
    %concat/vec4; draw_string_vec4
    %pushi/vec4 0, 0, 32; draw_string_vec4
    %concat/vec4; draw_string_vec4
    %pushi/vec4 0, 0, 32; draw_string_vec4
    %concat/vec4; draw_string_vec4
    %pushi/vec4 21332, 0, 32; draw_string_vec4
    %concat/vec4; draw_string_vec4
    %pushi/vec4 1095914545, 0, 32; draw_string_vec4
    %concat/vec4; draw_string_vec4
    %store/vec4 v0x55ab27b67cb0_0, 0, 320;
    %jmp T_41.6;
T_41.2 ;
    %pushi/vec4 0, 0, 32; draw_string_vec4
    %pushi/vec4 0, 0, 32; draw_string_vec4
    %concat/vec4; draw_string_vec4
    %pushi/vec4 0, 0, 32; draw_string_vec4
    %concat/vec4; draw_string_vec4
    %pushi/vec4 0, 0, 32; draw_string_vec4
    %concat/vec4; draw_string_vec4
    %pushi/vec4 0, 0, 32; draw_string_vec4
    %concat/vec4; draw_string_vec4
    %pushi/vec4 0, 0, 32; draw_string_vec4
    %concat/vec4; draw_string_vec4
    %pushi/vec4 0, 0, 32; draw_string_vec4
    %concat/vec4; draw_string_vec4
    %pushi/vec4 0, 0, 32; draw_string_vec4
    %concat/vec4; draw_string_vec4
    %pushi/vec4 67, 0, 32; draw_string_vec4
    %concat/vec4; draw_string_vec4
    %pushi/vec4 1212498763, 0, 32; draw_string_vec4
    %concat/vec4; draw_string_vec4
    %store/vec4 v0x55ab27b67cb0_0, 0, 320;
    %jmp T_41.6;
T_41.3 ;
    %pushi/vec4 0, 0, 32; draw_string_vec4
    %pushi/vec4 0, 0, 32; draw_string_vec4
    %concat/vec4; draw_string_vec4
    %pushi/vec4 0, 0, 32; draw_string_vec4
    %concat/vec4; draw_string_vec4
    %pushi/vec4 0, 0, 32; draw_string_vec4
    %concat/vec4; draw_string_vec4
    %pushi/vec4 0, 0, 32; draw_string_vec4
    %concat/vec4; draw_string_vec4
    %pushi/vec4 0, 0, 32; draw_string_vec4
    %concat/vec4; draw_string_vec4
    %pushi/vec4 0, 0, 32; draw_string_vec4
    %concat/vec4; draw_string_vec4
    %pushi/vec4 0, 0, 32; draw_string_vec4
    %concat/vec4; draw_string_vec4
    %pushi/vec4 83, 0, 32; draw_string_vec4
    %concat/vec4; draw_string_vec4
    %pushi/vec4 1212761684, 0, 32; draw_string_vec4
    %concat/vec4; draw_string_vec4
    %store/vec4 v0x55ab27b67cb0_0, 0, 320;
    %jmp T_41.6;
T_41.4 ;
    %pushi/vec4 0, 0, 32; draw_string_vec4
    %pushi/vec4 0, 0, 32; draw_string_vec4
    %concat/vec4; draw_string_vec4
    %pushi/vec4 0, 0, 32; draw_string_vec4
    %concat/vec4; draw_string_vec4
    %pushi/vec4 0, 0, 32; draw_string_vec4
    %concat/vec4; draw_string_vec4
    %pushi/vec4 0, 0, 32; draw_string_vec4
    %concat/vec4; draw_string_vec4
    %pushi/vec4 0, 0, 32; draw_string_vec4
    %concat/vec4; draw_string_vec4
    %pushi/vec4 0, 0, 32; draw_string_vec4
    %concat/vec4; draw_string_vec4
    %pushi/vec4 0, 0, 32; draw_string_vec4
    %concat/vec4; draw_string_vec4
    %pushi/vec4 0, 0, 32; draw_string_vec4
    %concat/vec4; draw_string_vec4
    %pushi/vec4 4277316, 0, 32; draw_string_vec4
    %concat/vec4; draw_string_vec4
    %store/vec4 v0x55ab27b67cb0_0, 0, 320;
    %jmp T_41.6;
T_41.5 ;
    %pushi/vec4 0, 0, 32; draw_string_vec4
    %pushi/vec4 0, 0, 32; draw_string_vec4
    %concat/vec4; draw_string_vec4
    %pushi/vec4 0, 0, 32; draw_string_vec4
    %concat/vec4; draw_string_vec4
    %pushi/vec4 0, 0, 32; draw_string_vec4
    %concat/vec4; draw_string_vec4
    %pushi/vec4 0, 0, 32; draw_string_vec4
    %concat/vec4; draw_string_vec4
    %pushi/vec4 0, 0, 32; draw_string_vec4
    %concat/vec4; draw_string_vec4
    %pushi/vec4 0, 0, 32; draw_string_vec4
    %concat/vec4; draw_string_vec4
    %pushi/vec4 0, 0, 32; draw_string_vec4
    %concat/vec4; draw_string_vec4
    %pushi/vec4 0, 0, 32; draw_string_vec4
    %concat/vec4; draw_string_vec4
    %pushi/vec4 4542020, 0, 32; draw_string_vec4
    %concat/vec4; draw_string_vec4
    %store/vec4 v0x55ab27b67cb0_0, 0, 320;
    %jmp T_41.6;
T_41.6 ;
    %pop/vec4 1;
    %jmp T_41;
    .thread T_41, $push;
    .scope S_0x55ab27ab8890;
T_42 ;
    %wait E_0x55ab279caf00;
    %load/vec4 v0x55ab27b68200_0;
    %flag_set/vec4 8;
    %jmp/0xz  T_42.0, 8;
    %load/vec4 v0x55ab27b68060_0;
    %dup/vec4;
    %pushi/vec4 4, 0, 5;
    %cmp/u;
    %jmp/1 T_42.2, 6;
    %dup/vec4;
    %pushi/vec4 8, 0, 5;
    %cmp/u;
    %jmp/1 T_42.3, 6;
    %dup/vec4;
    %pushi/vec4 12, 0, 5;
    %cmp/u;
    %jmp/1 T_42.4, 6;
    %dup/vec4;
    %pushi/vec4 16, 0, 5;
    %cmp/u;
    %jmp/1 T_42.5, 6;
    %dup/vec4;
    %pushi/vec4 20, 0, 5;
    %cmp/u;
    %jmp/1 T_42.6, 6;
    %pushi/vec4 0, 0, 5;
    %store/vec4 v0x55ab27b688a0_0, 0, 5;
    %jmp T_42.8;
T_42.2 ;
    %pushi/vec4 1, 0, 5;
    %store/vec4 v0x55ab27b688a0_0, 0, 5;
    %jmp T_42.8;
T_42.3 ;
    %pushi/vec4 2, 0, 5;
    %store/vec4 v0x55ab27b688a0_0, 0, 5;
    %jmp T_42.8;
T_42.4 ;
    %pushi/vec4 4, 0, 5;
    %store/vec4 v0x55ab27b688a0_0, 0, 5;
    %jmp T_42.8;
T_42.5 ;
    %pushi/vec4 8, 0, 5;
    %store/vec4 v0x55ab27b688a0_0, 0, 5;
    %jmp T_42.8;
T_42.6 ;
    %pushi/vec4 16, 0, 5;
    %store/vec4 v0x55ab27b688a0_0, 0, 5;
    %jmp T_42.8;
T_42.8 ;
    %pop/vec4 1;
    %jmp T_42.1;
T_42.0 ;
    %pushi/vec4 0, 0, 5;
    %store/vec4 v0x55ab27b688a0_0, 0, 5;
T_42.1 ;
    %jmp T_42;
    .thread T_42, $push;
    .scope S_0x55ab27ab8890;
T_43 ;
    %wait E_0x55ab27b67250;
    %load/vec4 v0x55ab27b68700_0;
    %flag_set/vec4 8;
    %jmp/0xz  T_43.0, 8;
    %pushi/vec4 0, 0, 1;
    %assign/vec4 v0x55ab27b68500_0, 0;
    %pushi/vec4 0, 0, 16;
    %assign/vec4 v0x55ab27b67eb0_0, 0;
    %pushi/vec4 0, 0, 16;
    %assign/vec4 v0x55ab27b67f90_0, 0;
    %jmp T_43.1;
T_43.0 ;
    %load/vec4 v0x55ab27b68200_0;
    %flag_set/vec4 9;
    %flag_get/vec4 9;
    %jmp/0 T_43.4, 9;
    %load/vec4 v0x55ab27b68940_0;
    %and;
T_43.4;
    %flag_set/vec4 8;
    %jmp/0xz  T_43.2, 8;
    %load/vec4 v0x55ab27b688a0_0;
    %parti/s 1, 0, 2;
    %flag_set/vec4 8;
    %jmp/0 T_43.5, 8;
    %load/vec4 v0x55ab27b682a0_0;
    %jmp/1 T_43.6, 8;
T_43.5 ; End of true expr.
    %load/vec4 v0x55ab27b67eb0_0;
    %jmp/0 T_43.6, 8;
 ; End of false expr.
    %blend;
T_43.6;
    %assign/vec4 v0x55ab27b67eb0_0, 0;
    %load/vec4 v0x55ab27b688a0_0;
    %parti/s 1, 1, 2;
    %flag_set/vec4 8;
    %jmp/0 T_43.7, 8;
    %load/vec4 v0x55ab27b682a0_0;
    %jmp/1 T_43.8, 8;
T_43.7 ; End of true expr.
    %load/vec4 v0x55ab27b67f90_0;
    %jmp/0 T_43.8, 8;
 ; End of false expr.
    %blend;
T_43.8;
    %assign/vec4 v0x55ab27b67f90_0, 0;
    %load/vec4 v0x55ab27b688a0_0;
    %parti/s 1, 2, 3;
    %flag_set/vec4 8;
    %jmp/0 T_43.9, 8;
    %load/vec4 v0x55ab27b682a0_0;
    %parti/s 1, 0, 2;
    %jmp/1 T_43.10, 8;
T_43.9 ; End of true expr.
    %load/vec4 v0x55ab27b68500_0;
    %jmp/0 T_43.10, 8;
 ; End of false expr.
    %blend;
T_43.10;
    %assign/vec4 v0x55ab27b68500_0, 0;
T_43.2 ;
T_43.1 ;
    %jmp T_43;
    .thread T_43;
    .scope S_0x55ab27ab8890;
T_44 ;
    %wait E_0x55ab27b67250;
    %load/vec4 v0x55ab27b68700_0;
    %flag_set/vec4 8;
    %jmp/0xz  T_44.0, 8;
    %pushi/vec4 0, 0, 32;
    %assign/vec4 v0x55ab27b68380_0, 0;
    %jmp T_44.1;
T_44.0 ;
    %load/vec4 v0x55ab27b68200_0;
    %flag_set/vec4 9;
    %flag_get/vec4 9;
    %jmp/0 T_44.4, 9;
    %load/vec4 v0x55ab27b68660_0;
    %and;
T_44.4;
    %flag_set/vec4 8;
    %jmp/0xz  T_44.2, 8;
    %load/vec4 v0x55ab27b688a0_0;
    %dup/vec4;
    %pushi/vec4 8, 0, 5;
    %cmp/u;
    %jmp/1 T_44.5, 6;
    %dup/vec4;
    %pushi/vec4 16, 0, 5;
    %cmp/u;
    %jmp/1 T_44.6, 6;
    %pushi/vec4 0, 0, 32;
    %assign/vec4 v0x55ab27b68380_0, 0;
    %jmp T_44.8;
T_44.5 ;
    %load/vec4 v0x55ab27b687d0_0;
    %assign/vec4 v0x55ab27b68380_0, 0;
    %jmp T_44.8;
T_44.6 ;
    %pushi/vec4 0, 0, 31;
    %load/vec4 v0x55ab27b68460_0;
    %concat/vec4; draw_concat_vec4
    %assign/vec4 v0x55ab27b68380_0, 0;
    %jmp T_44.8;
T_44.8 ;
    %pop/vec4 1;
T_44.2 ;
T_44.1 ;
    %jmp T_44;
    .thread T_44;
    .scope S_0x55ab27b02850;
T_45 ;
    %pushi/vec4 0, 0, 3;
    %store/vec4 v0x55ab27b697c0_0, 0, 3;
    %pushi/vec4 0, 0, 8;
    %store/vec4 v0x55ab27b69620_0, 0, 8;
    %pushi/vec4 0, 0, 3;
    %store/vec4 v0x55ab27b69150_0, 0, 3;
    %pushi/vec4 0, 0, 8;
    %store/vec4 v0x55ab27b69230_0, 0, 8;
    %pushi/vec4 0, 0, 15;
    %store/vec4 v0x55ab27b69070_0, 0, 15;
    %pushi/vec4 0, 0, 8;
    %store/vec4 v0x55ab27b693a0_0, 0, 8;
    %pushi/vec4 1, 0, 1;
    %store/vec4 v0x55ab27b69700_0, 0, 1;
    %end;
    .thread T_45;
    .scope S_0x55ab27b02850;
T_46 ;
    %pushi/vec4 0, 0, 32;
    %store/vec4 v0x55ab27b69480_0, 0, 32;
T_46.0 ;
    %load/vec4 v0x55ab27b69480_0;
    %cmpi/s 32768, 0, 32;
    %jmp/0xz T_46.1, 5;
    %pushi/vec4 0, 0, 8;
    %ix/getv/s 4, v0x55ab27b69480_0;
    %store/vec4a v0x55ab27b69560, 4, 0;
    %load/vec4 v0x55ab27b69480_0;
    %addi 1, 0, 32;
    %store/vec4 v0x55ab27b69480_0, 0, 32;
    %jmp T_46.0;
T_46.1 ;
    %end;
    .thread T_46;
    .scope S_0x55ab27b02850;
T_47 ;
    %wait E_0x55ab27b68b40;
    %load/vec4 v0x55ab27b68ba0_0;
    %flag_set/vec4 8;
    %jmp/0xz  T_47.0, 8;
    %pushi/vec4 0, 0, 3;
    %assign/vec4 v0x55ab27b697c0_0, 0;
    %pushi/vec4 0, 0, 3;
    %assign/vec4 v0x55ab27b69150_0, 0;
    %pushi/vec4 0, 0, 8;
    %assign/vec4 v0x55ab27b69620_0, 0;
    %pushi/vec4 0, 0, 8;
    %assign/vec4 v0x55ab27b69230_0, 0;
    %pushi/vec4 0, 0, 15;
    %assign/vec4 v0x55ab27b69070_0, 0;
    %pushi/vec4 0, 0, 8;
    %assign/vec4 v0x55ab27b693a0_0, 0;
    %pushi/vec4 1, 0, 1;
    %assign/vec4 v0x55ab27b69700_0, 0;
    %jmp T_47.1;
T_47.0 ;
    %load/vec4 v0x55ab27b69620_0;
    %parti/s 7, 0, 2;
    %load/vec4 v0x55ab27b68d40_0;
    %concat/vec4; draw_concat_vec4
    %assign/vec4 v0x55ab27b69620_0, 0;
    %load/vec4 v0x55ab27b69150_0;
    %addi 1, 0, 3;
    %assign/vec4 v0x55ab27b69150_0, 0;
    %load/vec4 v0x55ab27b69150_0;
    %cmpi/e 7, 0, 3;
    %jmp/0xz  T_47.2, 4;
    %load/vec4 v0x55ab27b697c0_0;
    %dup/vec4;
    %pushi/vec4 0, 0, 3;
    %cmp/u;
    %jmp/1 T_47.4, 6;
    %dup/vec4;
    %pushi/vec4 2, 0, 3;
    %cmp/u;
    %jmp/1 T_47.5, 6;
    %dup/vec4;
    %pushi/vec4 3, 0, 3;
    %cmp/u;
    %jmp/1 T_47.6, 6;
    %dup/vec4;
    %pushi/vec4 5, 0, 3;
    %cmp/u;
    %jmp/1 T_47.7, 6;
    %pushi/vec4 0, 0, 3;
    %assign/vec4 v0x55ab27b697c0_0, 0;
    %jmp T_47.9;
T_47.4 ;
    %load/vec4 v0x55ab27b69620_0;
    %parti/s 7, 0, 2;
    %load/vec4 v0x55ab27b68d40_0;
    %concat/vec4; draw_concat_vec4
    %assign/vec4 v0x55ab27b69230_0, 0;
    %load/vec4 v0x55ab27b69620_0;
    %parti/s 7, 0, 2;
    %load/vec4 v0x55ab27b68d40_0;
    %concat/vec4; draw_concat_vec4
    %cmpi/e 3, 0, 8;
    %jmp/0xz  T_47.10, 4;
    %pushi/vec4 2, 0, 3;
    %assign/vec4 v0x55ab27b697c0_0, 0;
    %jmp T_47.11;
T_47.10 ;
    %load/vec4 v0x55ab27b69620_0;
    %parti/s 7, 0, 2;
    %load/vec4 v0x55ab27b68d40_0;
    %concat/vec4; draw_concat_vec4
    %cmpi/e 2, 0, 8;
    %jmp/0xz  T_47.12, 4;
    %pushi/vec4 2, 0, 3;
    %assign/vec4 v0x55ab27b697c0_0, 0;
    %jmp T_47.13;
T_47.12 ;
    %pushi/vec4 0, 0, 3;
    %assign/vec4 v0x55ab27b697c0_0, 0;
T_47.13 ;
T_47.11 ;
    %jmp T_47.9;
T_47.5 ;
    %load/vec4 v0x55ab27b69620_0;
    %parti/s 7, 0, 2;
    %load/vec4 v0x55ab27b68d40_0;
    %concat/vec4; draw_concat_vec4
    %pad/u 7;
    %ix/load 4, 8, 0;
    %ix/load 5, 0, 0;
    %flag_set/imm 4, 0;
    %assign/vec4/off/d v0x55ab27b69070_0, 4, 5;
    %pushi/vec4 3, 0, 3;
    %assign/vec4 v0x55ab27b697c0_0, 0;
    %jmp T_47.9;
T_47.6 ;
    %load/vec4 v0x55ab27b69620_0;
    %parti/s 7, 0, 2;
    %load/vec4 v0x55ab27b68d40_0;
    %concat/vec4; draw_concat_vec4
    %ix/load 4, 0, 0;
    %ix/load 5, 0, 0;
    %flag_set/imm 4, 0;
    %assign/vec4/off/d v0x55ab27b69070_0, 4, 5;
    %load/vec4 v0x55ab27b69230_0;
    %cmpi/e 3, 0, 8;
    %jmp/0xz  T_47.14, 4;
    %pushi/vec4 4, 0, 3;
    %assign/vec4 v0x55ab27b697c0_0, 0;
    %jmp T_47.15;
T_47.14 ;
    %load/vec4 v0x55ab27b69230_0;
    %cmpi/e 2, 0, 8;
    %jmp/0xz  T_47.16, 4;
    %pushi/vec4 5, 0, 3;
    %assign/vec4 v0x55ab27b697c0_0, 0;
    %jmp T_47.17;
T_47.16 ;
    %pushi/vec4 0, 0, 3;
    %assign/vec4 v0x55ab27b697c0_0, 0;
T_47.17 ;
T_47.15 ;
    %jmp T_47.9;
T_47.7 ;
    %load/vec4 v0x55ab27b69620_0;
    %parti/s 7, 0, 2;
    %load/vec4 v0x55ab27b68d40_0;
    %concat/vec4; draw_concat_vec4
    %load/vec4 v0x55ab27b69070_0;
    %pad/u 17;
    %ix/vec4 3;
    %ix/load 4, 0, 0; Constant delay
    %assign/vec4/a/d v0x55ab27b69560, 0, 4;
    %load/vec4 v0x55ab27b69070_0;
    %addi 1, 0, 15;
    %assign/vec4 v0x55ab27b69070_0, 0;
    %jmp T_47.9;
T_47.9 ;
    %pop/vec4 1;
    %pushi/vec4 0, 0, 3;
    %assign/vec4 v0x55ab27b69150_0, 0;
T_47.2 ;
T_47.1 ;
    %jmp T_47;
    .thread T_47;
    .scope S_0x55ab27b02850;
T_48 ;
    %wait E_0x55ab27b67100;
    %load/vec4 v0x55ab27b68ba0_0;
    %nor/r;
    %flag_set/vec4 8;
    %jmp/0xz  T_48.0, 8;
    %load/vec4 v0x55ab27b697c0_0;
    %cmpi/e 4, 0, 3;
    %jmp/0xz  T_48.2, 4;
    %load/vec4 v0x55ab27b69150_0;
    %cmpi/e 0, 0, 3;
    %jmp/0xz  T_48.4, 4;
    %load/vec4 v0x55ab27b69070_0;
    %pad/u 17;
    %ix/vec4 4;
    %load/vec4a v0x55ab27b69560, 4;
    %assign/vec4 v0x55ab27b693a0_0, 0;
T_48.4 ;
    %load/vec4 v0x55ab27b693a0_0;
    %pushi/vec4 7, 0, 32;
    %load/vec4 v0x55ab27b69150_0;
    %pad/u 32;
    %sub;
    %part/u 1;
    %assign/vec4 v0x55ab27b69700_0, 0;
    %load/vec4 v0x55ab27b69150_0;
    %cmpi/e 7, 0, 3;
    %jmp/0xz  T_48.6, 4;
    %load/vec4 v0x55ab27b69070_0;
    %addi 1, 0, 15;
    %assign/vec4 v0x55ab27b69070_0, 0;
T_48.6 ;
    %jmp T_48.3;
T_48.2 ;
    %pushi/vec4 0, 0, 1;
    %assign/vec4 v0x55ab27b69700_0, 0;
T_48.3 ;
    %jmp T_48.1;
T_48.0 ;
    %pushi/vec4 1, 0, 1;
    %assign/vec4 v0x55ab27b69700_0, 0;
T_48.1 ;
    %jmp T_48;
    .thread T_48;
# The file index is used to find the file name in the following table.
:file_names 14;
    "N/A";
    "<interactive>";
    "bench_quark_flash.v";
    "cores/sim_spi_flash/spiflash.v";
    "OpenLane/src/femto.v";
    "OpenLane/src/femtorv32_quark.v";
    "OpenLane/src/MappedSPIFlash.v";
    "OpenLane/src/MappedSPIRAM.v";
    "OpenLane/src/perip_uart.v";
    "OpenLane/src/uart.v";
    "OpenLane/src/bram.v";
    "OpenLane/src/perip_mult.v";
    "OpenLane/src/mult.v";
    "cores/sim_spi_ram/spiram.v";
