0301050503010505050005
0303070703030707070007
0502070805020708080008
0600060806000608080008
0401060704010607070007
0302070603020706071006
0303070703030707070007
0502070805020708080008
0600060806000608080008
0600060806000608080008
0402080804020808080008
0304090803040908091008
0303070703030707070007
0204080602040806081007
0303070703030707070007
0401060704010607070007
0308090403080904091008
0f140f000f140f00142014
1d2115051d211505212021
2b2f1b0b2b2f1b0b2f2030
3a3e22103a3e22103e2040
484b2815484b28154b204d
5151291b5151291b512055
5451261f5451261f543056
4e471c214e471c214e304e
40330c2340330c2340303d
2c1c02202c1c02202c302a
14050c1514050c15150015
010b0f09010b0f090f100e
0a0f0c010a0f0c010f200f
0907010509070105093008
0c04060c0c04060c0c000c
1508091415080914153015
1906111c1906111c1c001c
1701192117011921210021
110b2121110b2121210022
0f0c21200f0c2120211022
12071c1f12071c1f1f001f
1402161c1402161c1c001c
1b0d07171b0d07171b301a
27240f1027240f10273027
2c311e092c311e09312031
1e2418041e241804242024
0103030101030301031003
1313090713130907132014
130f030b130f030b133012
0701090b0701090b0b000b
0914150809141508151015
1b2821041b282104282028
2b3c2f022b3c2f023c203c
3347370333473703472047
2d4033042d403304402040
212f2503212f25032f202f
151b1301151b13011b201b
0d0b03070d0b03070d300d
0a03060b0a03060b0b000b
08030c0d08030c0d0d000d
07040d0e07040d0e0e000e
08040e0e08040e0e0e000e
07040d0e07040d0e0e000e
0606100e0606100e10100f
05151b0f05151b0f1b1019
132b2d11132b2d112d102e
213f3d13213f3d133f2041
2c4c46122c4c46124c204e
304c420c304c420c4c204c
324a3c06324a3c064a204a
3145350331453503452045
202f2603202f26032f202f
030d1109030d110911100f
190e0514190e0514193018
3323012133230121333030
4d3a092e4d3a092e4d304a
5f490d375f490d375f305b
5f470b395f470b395f305b
4930013249300132493045
2109132321091323230024
0d2327110d232711271026
3648360036483600482048
5b6a43105b6a43106a206b
747f4a1d747f4a1d7f2082
767b4223767b42237b207f
656531236565312365206a
4b451d1f4b451d1f4b304b
2c2106192c2106192c3029
060d1a15060d1a151a1018
274845142748451448204a
53806d1253806d12802081
6a997a0b6a997a0b992099
6486640064866400862086
4e5b3a0d4e5b3a0d5b205b
3a33121b3a33121b3a3039
2e180a262e180a262e302c
280c162a280c162a2a002b
270d1327270d1327270029
210d0d1f210d0d1f213021
0e0210140e021014140014
101e1c08101e1c081e201f
2e3b2a032e3b2a033b203b
424b2e0d424b2e0d4b204c
4c4f2a174c4f2a174f2052
504a2020504a2020503050
40310a2540310a2540303d
2109132321091323230024
0516251c0516251c251023
001520150015201520101d
0c000c100c000c10100010
1813040d1813040d183017
211f0d0d211f0d0d213021
251d0713251d0713253022
1d0a0f1e1d0a0f1e1e001f
0b162d260b162d262d102b
0933432709334327431040
1a434a211a434a214a104a
2747431327474313472049
2d3c2d002d3c2d003c203c
2b2811122b2811122b302b
2415061d2415061d243023
1703131d1703131d1d001d
060b1613060b1613161015
0c1514050c151405152015
2123130921231309232024
3732131837321318373037
473c1324473c1324473045
4a3d10274a3d10274a3048
3d2f09233d2f09233d303a
2a1d021b2a1d021b2a3027
180f0211180f0211183016
0601040706010407070007
0f1009040f100904102010
24200c1024200c10243023
2e24081a2e24081a2e302c
2e21041d2e21041d2e302b
251a0118251a0118253023
1b1201121b1201121b3019
1207081112070811123012
090b1b17090b1b171b1019
052a3b24052a3b243b1037
1853643318536433641061
2973833d2973833d831082
3688964036889640961096
3e8f983d3e8f983d98109b
3c8184313c818431841089
2a514e192a514e19512054
0401020504010205050005
264e4e1c264e4e1c4e1052
417b7725417b77257b2080
4a847c224a847c22842088
497b6f19497b6f197b207d
456a590e456a590e6a206a
3d523d003d523d00522052
34361c1034361c10362038
2e21041d2e21041d2e302b
2d1907232d1907232d302b
2b1807222b1807222b3029
2a1c001c2a1c001c2a3027
261d0615261d0615263023
1d1605101d1605101d301b
08020a0c08020a0c0c000c
06030a0b06030a0b0b000b
0601080906010809090009
0600060806000608080008
0601080906010809090009
06030a0b06030a0b0b000b
06030a0b06030a0b0b000b
0601080906010809090009
0600060806000608080008
0601080906010809090009
06030a0b06030a0b0b000b
06030a0b06030a0b0b000b
06020a0a06020a0a0a000a
04040a0a04040a0a0a000a
0503090905030909090009
0601080906010809090009
02050a0902050a090a100a
070f0f05070f0f050f100f
151b1301151b13011b201b
24291a0724291a07292029
3539210d3539210d39203a
4244241442442414442046
4c4c261a4c4c261a4c2050
514f251d514f251d513054
4b451d1f4b451d1f4b304b
3e320e203e320e203e303b
2f22031e2f22031e2f302d
1d1105171d1105171d301c
0900090c0900090c0c000c
0406040004060400062006
0700070a0700070a0a000a
0b0411120b041112120012
1302171c1302171c1c001c
1b031f271b031f27270027
1f04252e1f04252e2e002e
1c092a2f1c092a2f2f002f
1a09262b1a09262b2b002b
1a011a231a011a23230023
17060d1817060d18180018
1a14040e1a14040e1a3018
252a1908252a19082a202a
2b3625042b362504362036
1e281e001e281e00282028
0308090403080904091008
110e0508110e0508113010
120c000c120c000c123010
0a010c0f0a010c0f0f000f
0211180f0211180f181016
1226280e1226280e281028
233c370e233c370e3c203d
2b473f0d2b473f0d472048
273f370b273f370b3f203f
1b2a23061b2a23062a202a
10140e0210140e02142014
0b0503090b0503090b300a
0a010c0f0a010c0f0f000f
0a0512130a051213130013
0c0412140c041214140014
0c0310130c031013130013
0b0411120b041112120012
0908151409081514151015
0018241800182418241021
0e2d361b0e2d361b361034
1b3f431b1b3f431b431044
244746172447461747204a
27443f1027443f10442045
2d4235062d423506422042
323e2a06323e2a063e203e
2c2d160f2c2d160f2d202f
1914031019140310193019
0400040604000406060006
1611020d1611020d163015
3829042338290423383035
563d0437563d0437563052
6443024564430245643060
5e370e495e370e495e305b
421a1c40421a1c40423045
170f2d2d170f2d2d2d002f
16373c1916373c193c103c
3e5948073e594807592059
5c724e0a5c724e0a722072
6874441868744418742076
6263322162633221632068
50491c2350491c23503050
3426042034260420343031
0e0a1c1c0e0a1c1c1c001d
224646182246461846104a
4e7b6a134e7b6a137b207c
648d7009648d70098d208d
5e7652085e765208762076
4c4a221c4c4a221c4c304f
3d26032c3d26032c3d303a
3512193435121934353037
310d1d35310d1d35350036
3315132f3315132f333033
2d1809242d1809242d302b
190a0b18190a0b1819301a
0511150b0511150b151014
252f2103252f21032f202f
3c4024103c402410402041
48441e1c48441e1c483049
4d4215264d4215264d304c
4330052a4330052a43303f
28110e2528110e25283028
0b0c1d1a0b0c1d1a1d101c
020f1811020f1811181016
0c04060c0c04060c0c000c
1715090917150909173016
1d1b0b0b1d1b0b0b1d301d
1c1104151c1104151c301b
18041e2418041e24240024
0e1d3a310e1d3a313a1038
02314c3502314c354c1048
08384c2e08384c2e4c1048
11343d1e11343d1e3d103c
1627240916272409272028
1917090b1917090b193019
1c0d08191c0d08191c301c
1a07101d1a07101d1d001d
1101111711011117170017
03080f0c03080f0c0f100e
11140d0211140d02142014
27220d1227220d12273026
3d330f1f3d330f1f3d303b
493b0f27493b0f27493046
4433082944330829443041
3726012437260124373034
2718031c2718031c273024
160a0814160a0814163016
04060e0c04060e0c0e100d
0e1512030e151203152015
191d1305191d13051d201d
1f2315071f231507232023
1b1f13051b1f13051f201f
1211060712110607123012
0b010f110b010f11110011
061a2e22061a2e222e102a
053b5335053b533553104f
155f7943155f7943791074
2378914a2378914a91108c
2d869b4a2d869b4a9b1099
3385934133859341931094
2f6b712d2f6b712d711074
1a31300f1a31300f312033
0a1b1e0f0a1b1e0f1e101e
2c59581f2c59581f59205e
43786f1e43786f1e78207b
4c7a6a144c7a6a147a207b
4e6f58074e6f58076f206f
4b5b3d094b5b3d095b205b
45401b1c45401b1c453045
3f26052e3f26052e3f303b
3d18193a3d18193a3d303e
40191a3d40191a3d403041
411e1338411e133841303f
3f25072f3f25072f3f303b
3825002538250025383034
2a1c001c2a1c001c2a3027
0701090b0701090b0b000b
0601080906010809090009
0600060806000608080008
0601080906010809090009
06030a0b06030a0b0b000b
06030a0b06030a0b0b000b
0601080906010809090009
0601080906010809090009
0701090b0701090b0b000b
08020a0c08020a0c0c000c
06030a0b06030a0b0b000b
06020a0a06020a0a0a000a
06030a0b06030a0b0b000b
06030a0b06030a0b0b000b
06020a0a06020a0a0a000a
06030a0b06030a0b0b000b
06040c0c06040c0c0c000c
010a0f0a010a0f0a0f100e
0c1412040c141204142014
1c2318031c231803232023
2d331f092d331f09332033
393c2110393c21103c203e
464724174647241747204a
4e4d261b4e4d261b4e3051
4845201b4845201b48304a
3934151839341518393039
2c250c152c250c152c302a
1f1805121f1805121f301e
100b000b100b000b10300f
0405020104050201052005
00080c0800080c080c100b
030e1912030e1912191016
0c0f221f0c0f221f221022
160c282a160c282a2a002b
1e082a301e082a30300030
1f0627301f062730300030
1e011c271e011c27270027
1b0b0b191b0b0b191b301b
1613060b1613060b163015
161e1802161e18021e201e
1c2e2a0a1c2e2a0a2e202f
21362f0a21362f0a362036
1828220618282206282028
040a0a04040a0a040a100a
0c0b04050c0b04050c300c
0c0800080c0800080c300b
06040c0c06040c0c0c000c
02121a1002121a101a1018
0f282d140f282d142d102c
1d3c3d161d3c3d163d103f
2443401324434013432045
223a340c223a340c3a203b
17211b0317211b03212021
0d0c05060d0c05060d300d
09010b0d09010b0d0d000d
0907131309071313130014
0c0716170c071617170018
0f0517190f051719190019
1102151a1102151a1a001a
1104171a1104171a1a001a
0c0b1c1b0c0b1c1b1c101d
021b2a1d021b2a1d2a1027
0c2f3a1f0c2f3a1f3a1038
173c431e173c431e431043
1e3f40171e3f4017401043
223a340c223a340c3a203b
2933230329332303332033
322d1017322d1017323032
3821082b3821082b383036
36131a3736131a3737003a
300f1a33300f1a33330035
1c090e1d1c090e1d1d001e
0b0d07030b0d07030d200d
3524012435240124353032
54310c4154310c41543051
6332195463321954633061
5b2427585b2427585b305f
3c04384e3c04384e4e004e
1224483c1224483c481045
1646522816465228521050
395e5312395e53125e205f
4d6245064d624506622062
545930195459301959205c
4f471b234f471b234f304f
3a2904253a2904253a3037
1503191f1503191f1f001f
1f3f3f151f3f3f153f1042
4e725c0a4e725c0a722072
617d5905617d59057d207d
5c6136195c613619612064
4b380b2c4b380b2c4b3047
3f1d13373f1d13373f303e
37111d3937111d3939003b
3512193435121934353037
371f092b371f092b373035
3323012133230121333030
211403182114031821301f
07050f0f07050f0f0f000f
17211b0317211b03212021
2e34200a2e34200a342034
3b391b153b391b153b303c
4239141f4239141f423040
3e2f08253e2f08253e303b
2c1908232c1908232c302b
1301151b1301151b1b001b
0807121108071211121012
0e0900090e0900090e300c
15170d0515170d05172017
1613060916130609163015
1200121812001218180018
1015302b1015302b30102f
0d2747390d274739471045
0a30523e0a30523e52104e
082e4e3a082e4e3a4e104a
08223c2e08223c2e3c1039
0711211b0711211b21101f
02050a0702050a070a1008
0704010607040106073007
0d06050c0d06050c0d300d
0e06060e0e06060e0e000f
0802060a0802060a0a000a
0507070105070701071007
1715090917150909173016
2d280f142d280f142d302c
3d34111e3d34111e3d303c
40330c2340330c2340303d
3a2a04243a2a04243a3037
2f1d05232f1d05232f302d
24100c2024100c20243023
1501131b1501131b1b001b
060d1a15060d1a151a1018
061920110619201120101e
0f22230e0f22230e231024
0e1c1a080e1c1a081c201d
0807020308070203083007
021420160214201620101d
0230462e0230462e461042
084d6c43084d6c436c1066
1368895013688950891083
1c7998531c799853981092
267d944b267d944b941091
2b727f382b727f387f107f
2650521e2650521e521055
0c1312030c131203132013
162f2e11162f2e112f2031
345c5618345c56185c205f
466d5e11466d5e116d206e
4f6b51014f6b51016b206b
54603c1054603c10602061
50481c2250481c2250304f
492c0736492c0736493045
461822464618224646004a
48132a4d48132a4d4d004f
4e1d224b4e1d224b4e3050
4f2715434f2715434f304d
4e3006384e3006384e3049
4530032c4530032c453041
3524012235240122353031
0600060806000608080008
0600060806000608080008
0601080906010809090009
06030a0b06030a0b0b000b
06030a0b06030a0b0b000b
0601080906010809090009
0600060806000608080008
0503090905030909090009
06030a0b06030a0b0b000b
0701090b0701090b0b000b
06020a0a06020a0a0a000a
06030a0b06030a0b0b000b
06030a0b06030a0b0b000b
06020a0a06020a0a0a000a
06030a0b06030a0b0b000b
06030a0b06030a0b0b000b
05040b0a05040b0a0b100a
01080d0a01080d0a0d100c
050e1108050e1108111010
141c1602141c16021c201c
252b1b07252b1b072b202b
33351d0f33351d0f352037
4142231441422314422044
494b2717494b27174b204e
464724174647241747204a
39381b1439381b1439303b
2a2710112a2710112a302a
1f1c0b0e1f1c0b0e1f301f
1513070915130709153015
0c0c06040c0c06040c200c
0a0f0c010a0f0c010f200f
0b1817080b181708182019
071a1f10071a1f101f101e
031421180314211821101f
0d0c1f1e0d0c1f1e1f1020
1401161d1401161d1d001d
190d0715190d0715193018
19180b0a19180b0a19301a
17211b0317211b03212021
1329290f1329290f29102b
1532351615323516351036
1632361616323616361036
0e21240f0e21240f241024
0106090601060906091008
0a0a06020a0a06020a200a
0604000406040004063005
00080c0800080c080c100b
07171b0d07171b0d1b101a
142c2e12142c2e122e102f
1e3c3c141e3c3c143c103f
223d3a11223d3a113d203f
1e302a081e302a08302030
13170f0313170f03172017
0c04060c0c04060c0c000c
0907131309071313130014
090c1b18090c1b181b101a
0d0a1d1c0d0a1d1c1d101d
12071c1f12071c1f1f001f
1702192017021920200020
15041b2015041b20200020
0f0c21200f0c2120211022
031c2d20031c2d202d102a
0c303c200c303c203c1039
1438401e1438401e40103f
1734371617343716371038
1b2b25071b2b25072b202b
21200f0c21200f0c213022
2b150b232b150b232b3028
350c233c350c233c3c003d
410c2f4c410c2f4c4c004c
4b1b234b4b1b234b4b004f
45250f3945250f39453043
2316031a2316031a233022
0901070b0901070b0b000b
3114132e3114132e313032
4e211e494e211e494e3050
5a212a595a212a595a305e
4e0e3a5c4e0e3a5c5c005d
2f124b522f124b52520053
0a31543f0a31543f54104f
17444f2617444f264f104d
2e483e0a2e483e0a482048
40482c0e40482c0e482049
44401c1c44401c1c443045
372b091f372b091f373035
17060f1a17060f1a1a001a
1b33310f1b33310f332035
4b6247024b624702622062
60683c1860683c1868206a
5b4c172e5b4c172e5b3058
4d2c0b3c4d2c0b3c4d304a
441a1c40441a1c40443045
3d151d3d3d151d3d3d0040
3c1c12343c1c12343c303b
3e2900293e2900293e3039
392c0920392c0920393036
271d0517271d0517273025
0e04080e0e04080e0e000e
0d1615060d161506162016
21291d0321291d03292029
2d311d0b2d311d0b312032
3230161232301612323033
322a0c1a322a0c1a323031
2b1b031f2b1b031f2b3029
1a07101d1a07101d1d001d
12030e1512030e15150015
1510030c1510030c153014
1917090919170909193018
1207081112070811123012
0b1429220b142922291027
0a2744350a274435441041
0d2f53410d2f5341531050
0f3057440f305744571053
13284f4213284f424f104d
1c163e3c1c163e3c3e103f
2400263224002632320032
240b1425240b1425250026
17060d1817060d18180018
0b01090d0b01090d0d000d
0202040402020404040004
0304010203040102042004
0102050401020504051004
0a0e0c020a0e0c020e200e
1a1e14041a1e14041e201e
2a2b160d2a2b160d2b202c
322d1017322d1017323032
3427061f3427061f343031
301e0222301e022230302d
27130b2127130b21273026
1a05141f1a05141f1f001f
0f081b1c0f081b1c1c001d
021520170215201720101f
091b1f0f091b1f0f1f101e
0b100d020b100d02102010
040a1410040a1410141012
042c3e26042c3e263e103a
0848643e0848643e64105f
095e8352095e835283107c
0e6e965c0e6e965c96108f
1473985914739859981091
1a6b86491a6b8649861081
1e5866301e586630661064
1835381518353815381039
0203020102030201032003
2239340d2239340d39203a
395b4f0f395b4f0f5b205c
43614f0943614f09612061
475a4104475a41045a205a
4b4f2b154b4f2b154f2051
45350b2745350b27453041
3e1a16383e1a16383e303d
3d0e27443d0e2744440045
4313274743132747470049
4c221a444c221a444c304c
52300a3e52300a3e52304e
543b0435543b043554304f
4c3a0a2c4c3a0a2c4c3048
3c2b04253c2b04253c3038
0600060806000608080008
0601080906010809090009
06030a0b06030a0b0b000b
06030a0b06030a0b0b000b
0601080906010809090009
0600060806000608080008
0601080906010809090009
04040a0a04040a0a0a000a
0503090905030909090009
0600060806000608080008
0503090905030909090009
04040a0a04040a0a0a000a
0601080906010809090009
0503090905030909090009
04040a0a04040a0a0a000a
0601080906010809090009
0304090803040908091008
00080c0800080c080c100b
030b0d07030b0d070d100d
0e1512030e151203152015
1d2217041d221704222022
2b301d0a2b301d0a302031
393e230e393e230e3e203f
4347271343472713472049
464826164648261648204b
3c3c1e143c3c1e143c203f
2c2a14102c2a14102c302c
21200f0c21200f0c213022
18170a0918170a09183018
100f0607100f0607103010
12130a0512130a05132013
181b1005181b10051b201b
1a1e12061a1e12061e201e
161a1004161a10041a201a
0c100c000c100c00102010
0201020302010203030003
10140e0210140e02142014
16231e0516231e05232023
162c2a0e162c2a0e2c202e
1530331415303314331034
1735391717353917391039
122f3417122f3417341034
05171d1105171d111d101c
0804020608040206083007
080c0a02080c0a020c200c
0101030301010303030003
090d0b01090d0b010d200d
111d1b07111d1b071d201d
1b2f2b0b1b2f2b0b2f2030
243c360c243c360c3c203d
2338310a2338310a382038
1a251e031a251e03252025
0f0d05070f0d05070f300e
09040f1009040f10100010
070d1b17070d1b171b101a
0911231d0911231d231021
0f0e23220f0e2322231024
1508212415082124240024
19031f2519031f25250025
19041f2619041f26260026
140b2425140b2425250026
061c3024061c302430102d
092f3d23092f3d233d103a
0f333d1f0f333d1f3d103b
0e2930170e29301730102f
0d1a1b0a0d1a1b0a1b101b
0f0c03080f0c03080f300e
1403181d1403181d1d001d
1e092a311e092a31310031
3105293d3105293d3d003d
4722153e4722153e473046
513801365138013651304d
40330a2540330a2540303f
20200e0c20200e0c202022
050b1511050b1511151014
28081c2e28081c2e2e002e
4113254541132545450047
450d3351450d3351510052
3606405036064050500050
1c1c46421c1c4642461047
01293f2b01293f2b3f103b
152d2f11152d2f112f1030
2b3423062b342306342034
38381c1438381c1438203b
332d1117332d1117333032
180e0212180e0212183016
17231d0517231d05232023
454b2b11454b2b114b204c
5b4f1b2b5b4f1b2b5b3059
5b3905415b3905415b3056
55251d4d55251d4d553055
4f1c254e4f1c254e4f3052
4b1d1f474b1d1f474b304c
4b2a0b3a4b2a0b3a4b3047
4936092a4936092a493044
3e34101e3e34101e3e303c
2c250a172c250a172c302b
150b0511150b0511153014
0310150c0310150c151014
14211e0714211e07212021
1f2a1f001f2a1f002a202a
2428180824281808282028
26210c1126210c11263025
2316031a2316031a233022
1d09111f1d09111f1f0020
1d0a0f1e1d0a0f1e1e001f
2416041a2416041a243022
2313071b2313071b233021
17061f2417061f24240024
0a233c2f0a233c2f3c103a
043450380434503850104c
0735573f0735573f571052
0d3055420d305542551051
15254d4115254d414d104a
22113c3f22113c3f3f0041
3308273c3308273c3c003c
381618363816183638303a
2e13122b2e13122b2e302f
200e0a1c200e0a1c20301f
1109030d1109030d11300f
0304030003040300042004
02060c0a02060c0a0c100b
010d150f010d150f151013
08181c0e08181c0e1c101b
14201c0614201c06202020
1e2012081e201208202020
26200a1426200a14263025
281e0418281e0418283026
211501172115011721301f
1608081416080814163015
09040f1009040f10100010
040f140b040f140b141012
0b110f030b110f03112011
0800080a0800080a0a000a
01202f1e01202f1e2f102b
0b445b360b445b365b1056
0d5e7f4c0d5e7f4c7f1078
0d6b935b0d6b935b93108c
0c6f9a5f0c6f9a5f9a1092
0d678d570d678d578d1086
0c5472440c54724472106c
0e3c4c2a0e3c4c2a4c1049
081a1e0e081a1e0e1e101d
0a16180a0a16180a181018
1f4041181f404118411044
2f5753192f57531957205a
3458501234585012582059
344d4009344d40094d204d
323e2c04323e2c043e203e
2a250e132a250e132a3029
210d0d1f210d0d1f213021
2208162622081626260026
2d140f282d140f282d302c
3925012739250127393035
43350b2543350b25433040
4a4014244a4014244a3049
493e1324493e1324493047
3d2f09233d2f09233d303a
0601080906010809090009
06030a0b06030a0b0b000b
06030a0b06030a0b0b000b
0601080906010809090009
0600060806000608080008
0601080906010809090009
06030a0b06030a0b0b000b
06030a0b06030a0b0b000b
0601080906010809090009
0601080906010809090009
04040a0a04040a0a0a000a
0503090905030909090009
0601080906010809090009
04040a0a04040a0a0a000a
0503090905030909090009
0601080906010809090009
04040a0a04040a0a0a000a
02070c0902070c090c100b
02090c0702090c070c100b
09100f0409100f04102010
151c1500151c15001c201c
242b1c05242b1c052b202b
3338210c3338210c382039
3f4225123f422512422044
454725154547251547204a
3e3f20153e3f20153f2042
3030181030301810302032
2324130a2324130a242025
18180c0818180c08182019
120f0409120f0409123011
1612040c1612040c163015
1e1806101e1806101e301c
241d0813241d0813243022
241c0614241c0614243022
1c1402121c1402121c301a
0c04060c0c04060c0c000c
0916170809161708171017
182b280b182b280b2b202c
1a31300f1a31300f312033
1933331119333311331035
1b3635121b363512362038
152b2b0f152b2b0f2b102d
050d0f07050d0f070f100e
090e0b02090e0b020e200e
0610120806101208121011
0700070a0700070a0a000a
1313090713130907132014
1b2319011b231901232023
2332290423322904322032
293c3106293c31063c203c
2433280324332803332033
181c1204181c12041c201c
0c04060c0c04060c0c000c
060c1814060c1814181017
0614241c0614241c241022
09172b2309172b232b1029
10122c2810122c282c102b
190b2b2d190b2b2d2d002e
21072b3321072b33330033
25052d3725052d37370037
220a3238220a3238380038
151a3b36151a3b363b103b
052a4330052a433043103f
032c3f28032c3f283f103b
001f2e1f001f2e1f2e102b
060c1814060c1814181017
0806000608060006083008
0916170a0916170a171018
001620160016201620101f
1501131b1501131b1b001b
3023041d3023041d30302d
443d161f443d161f443044
4540191e4540191e453046
3634161636341616363038
1e2314071e231407232023
0210140c0210140c141014
1800182018001820200020
2603223126032231310031
27022b3827022b38380038
1b0b2d311b0b2d31310032
0a1328210a132821281026
07181f1007181f101f101c
1a221a001a221a00222022
2c2e180e2c2e180e2e2030
302f1613302f1613303032
1b190b0b1b190b0b1b301b
110f0507110f0507113010
3c300c203c300c203c3039
5435043b5435043b54304f
59281d5059281d50593059
5b202b5a5b202b5a5b305f
5b2129595b2129595b305e
5a291c4f5a291c4f5a3059
5b3a05405b3a05405b3056
58450e3158450e31583054
4a3c10264a3c10264a3047
3828042238280422383034
230f0d21230f0d21233024
0e0a1c1c0e0a1c1c1c001d
041a2214041a2214221020
11201f0a11201f0a202021
171e1502171e15021e201e
1b16050e1b16050e1b301a
1c0b0c1b1c0b0c1b1c301d
1f0419261f041926260026
280b182b280b182b2b002c
3317112d3317112d333032
2f0e19302f0e1930300032
1d0d2f331d0d2f33330034
0927433309274333431040
04374e3104374e314e1049
05384d3005384d304d1049
002f462f002f462f461042
08243e2e08243e2e3e103a
16102e2e16102e2e2e0030
2a0a1c2e2a0a1c2e2e002f
351a0f2e351a0f2e353034
351f0729351f0729353033
2b1f031b2b1f031b2b3029
1a190c091a190c091a301a
0812140808121408141013
04111e1704111e171e101c
0b1125210b112521251025
0a1326210a132621261026
03131f1703131f171f101d
0611140906111409141013
1318110213181102182018
1b1c0f081b1c0f081c201d
17170b0917170b09172018
0d0d05050d0d05050d200d
0000000000000000000000
0a0a04040a0a04040a200a
0e07040b0e07040b0e300d
061120190611201920101e
07374b2d07374b2d4b1047
125a7442125a744274106f
156e8f52156e8f528f1089
12739a5b12739a5b9a1092
0d6b935b0d6b935b93108c
0655784d0655784d781072
043950330439503350104c
071d2313071d2313231022
07040d0e07040d0e0e000e
022a3c28022a3c283c103a
0e475c350e475c355c1058
1651643516516435641060
194f5d2d194f5d2d5d105a
18434c2318434c234c104b
1230361812303618361035
09191d0d09191d0d1d101c
00060a0600060a060a1008
0206080402060804081007
0c1412040c141204142014
19251d0319251d03252025
2733250127332501332033
333b2509333b25093b203b
383a1e12383a1e123a203c
342e1018342e1018343033
08020a0c08020a0c0c000c
06030a0b06030a0b0b000b
0601080906010809090009
0600060806000608080008
0601080906010809090009
06030a0b06030a0b0b000b
06030a0b06030a0b0b000b
0601080906010809090009
0601080906010809090009
06030a0b06030a0b0b000b
06030a0b06030a0b0b000b
0601080906010809090009
0503090905030909090009
04040a0a04040a0a0a000a
06020a0a06020a0a0a000a
06030a0b06030a0b0b000b
06030a0b06030a0b0b000b
03050b0903050b090b100a
00080c0800080c080c100b
050c0d06050c0d060d100d
1018140210181402182018
1f2519031f251903252025
2b311f092b311f09312031
393e230e393e230e3e203f
4044261240442612442046
3f4123133f412313412043
34361c1034361c10362038
2727130d2727130d272029
1b190b0b1b190b0b1b301b
130d010b130d010b133011
150c0310150c0310153014
1f1401161f1401161f301d
271b0119271b0119273024
281c021a281c021a283026
2418001824180018243021
160a0814160a0814163016
03141b1003141b101b1019
172e2d0e172e2d0e2e2030
1b33310f1b33310f332035
1b33310f1b33310f332035
1e332e0b1e332e0b332034
18231c0318231c03232023
0703030707030307070007
05151b0f05151b0f1b1019
00141e1400141e141e101c
10010e1510010e15150015
201906112019061120301e
2728150c2728150c282029
2e3622082e362208362036
323c2806323c28063c203c
292e1d08292e1d082e202e
1a15060d1a15060d1a3018
0c0310130c031013130013
051321190513211921101f
031d2f21031d2f212f102b
08213c2d08213c2d3c1037
171e473e171e473e471044
2a1952532a195253530056
3d1159653d115965650066
4c095a6f4c095a6f6f006f
4e0858704e085870700070
4111596741115967670068
2c1e58582c1e585858005c
1f204d481f204d484d104e
1d1237381d12373838003a
20021c2820021c28280028
2315031923150319233020
24220e0e24220e0e243024
1b1c0f081b1c0f081c201d
0502010405020104053004
181e1402181e14021e201e
31361f0c31361f0c362037
3e3e1e163e3e1e163e2041
3e39161b3e39161b3e303f
352e0f1a352e0f1a353034
251f0913251f0913253024
1112090611120906122012
020b0e09020b0e090e100e
0a0512130a051213130013
0c0312150c031215150015
0707131107071311131012
020d120b020d120b121011
0e1512030e151203152015
2022140820221408222022
2d2f190f2d2f190f2f2031
2327170923271709272028
02080e0a02080e0a0e100c
2a140c242a140c242a3029
431c193e431c193e433044
4f1929514f192951510054
581c2e5a581c2e5a5a005e
5f2921575f2921575f3060
62390c4962390c4962305c
6247083b6247083b62305c
614e1334614e133461305d
55410b3155410b31553051
422708314227083142303e
3110193231101932320034
2002242e2002242e2e002e
0f0f25230f0f2523251026
02131e1502131e151e101c
0810100608101006101011
0d06050c0d06050c0d300d
13051b1f13051b1f1f001f
1d05252d1d05252d2d002d
2d0821342d082134340034
391519373915193739303a
330e1d36330e1d36360037
1d0a2b301d0a2b30300031
0523392905233929391035
0c3340230c33402340103d
12353e1d12353e1d3e103c
0f2c33180f2c3318331032
0a2228140a222814281027
02101a1202101a121a1018
15070b1515070b15150016
2518011a2518011a253023
2f26091a2f26091a2f302e
2f2d13132f2d13132f3030
232b1d05232b1d052b202b
1124250e1124250e251026
002030200020302030102d
0e18322c0e18322c321032
170d2b2d170d2b2d2d002e
1607222516072225250025
10061a1c10061a1c1c001c
030f1913030f1913191018
08171a0b08171a0b1a1019
0c1818080c181808181019
0611140906111409141013
06040c0c06040c0c0c000c
1105091111050911110011
1104171a1104171a1a001a
05243b2a05243b2a3b1037
0b4c673e0b4c673e671062
156b8b4f156b8b4f8b1085
17789d5a17789d5a9d1096
12749a5c12749a5c9a1094
0a5e80500a5e805080107b
033a5336033a533653104f
03161d1203161d121d101c
0a0918170a091817181018
1124473c1124473c471045
113c6b54113c6b546b1067
0d4b7d5d0d4b7d5d7d1077
0c4b7c5b0c4b7c5b7c1075
0a4470520a44705270106a
0b375d450b375d455d1058
0f2547390f254739471043
1812343218123432341035
2104273021042730300030
2006283020062830300030
1513312f1513312f311032
0720372a0720372a371034
0729351f0729351f351033
162e2e10162e2e102e1030
222f2401222f24012f202f
2526130c2526130c262027
0701090b0701090b0b000b
0601080906010809090009
0600060806000608080008
0601080906010809090009
06030a0b06030a0b0b000b
06030a0b06030a0b0b000b
0601080906010809090009
0601080906010809090009
06030a0b06030a0b0b000b
06030a0b06030a0b0b000b
0601080906010809090009
0601080906010809090009
04040a0a04040a0a0a000a
05040b0a05040b0a0b100a
06030a0b06030a0b0b000b
06030a0b06030a0b0b000b
06020a0a06020a0a0a000a
04040a0a04040a0a0a000a
02070c0902070c090c100b
02090c0702090c070c100b
0c1412040c141204142014
1820180018201800202020
242b1c05242b1c052b202b
3339230b3339230b39203a
3c41260f3c41260f412042
3d4225103d422510422043
3639200f3639200f39203a
292a170c292a170c2a202b
1b1b0d091b1b0d091b201c
0f0c03080f0c03080f300e
0d06030a0d06030a0d300b
160e0210160e0210163015
2217001722170017223020
281c021a281c021a283026
271b0119271b0119273024
1b0c09181b0c09181b301a
041220180412201820101e
112d3317112d3317331032
1633361516333615361037
1730311217303112311033
182a260a182a260a2a202b
13150b0513150b05152015
080c1c18080c1c181c101a
06223c2c06223c2c3c1037
161c423c161c423c421042
3201324332013243430043
471e1b42471e1b42473048
502d0c3d502d0c3d50304b
563a0238563a0238563050
563e0834563e0834563050
472d0331472d0331473042
3212163032121630323033
2005262f2005262f2f002f
1317352f1317352f351034
0b2b4d390b2b4d394d1047
133c7156133c7156711068
2f4399852f439985991094
5a3bb6b75a3bb6b7b700c0
8724bdda8724bddada00dc
a30db5e7a30db5e7e700e7
a901a7e1a901a7e1e100e1
9c009cd09c009cd0d000d0
840a92ba840a92baba00ba
710a7fa0710a7fa0a000a0
67045f8467045f84840084
61183b6861183b6868006a
5a281c4e5a281c4e5a3057
502d0a3b502d0a3b50304a
3e23082f3e23082f3e303a
230b1123230b1123230024
02121c1402121c141c101a
1b271f031b271f03272027
2f31190f2f31190f312033
3b310d1f3b310d1f3b3039
3f2d03293f2d03293f303c
3b25052b3b25052b3b3038
321e0626321e0626323030
2719011b2719011b273024
160f020d160f020d163013
0706030207060302073006
0205060302050603061005
0509090305090903091009
0b0d09010b0d09010d200d
18190e0718190e07192019
2a2b160d2a2b160d2b202c
2c311c0d2c311c0d312032
161f1801161f18011f201f
0e0718190e071819190019
2805203128052031310031
3a0c28423a0c2842420043
491a2148491a214849304c
58330c4358330c43583054
5f480b385f480b385f305b
5f4f172f5f4f172f5f305b
5d4f192d5d4f192d5d305a
54400c3054400c30543050
42240c3442240c3442303f
340f1e37340f1e37370039
2b0425362b042536360036
2002242e2002242e2e002e
15041b2015041b20200020
0c03060d0c03060d0d000d
0511150b0511150b151014
07182b2207182b222b1029
190f2f31190f2f31310033
2d0623362d062336360036
3816163438161634383038
3113152f3113152f313032
1c011e271c011e27270027
021b2a1d021b2a1d2a1027
122c3014122c3014301030
192f2d0d192f2d0d2f2030
1828240818282408282028
141d1803141d18031d201d
0b0f0b010b0f0b010f200f
0201000102010001023001
1313090713130907132014
2526130c2526130c262027
2f331d0d2f331d0d332034
2f3b29052f3b29053b203b
2138330c2138330c382039
0e303a1e0e303a1e3a1038
0720372a0720372a371034
1a0a2a2e1a0a2a2e2e002f
2100212c2100212c2c002c
1e011c271e011c27270027
13051b1f13051b1f1f001f
05101d1605101d161d101b
041820120418201220101e
00141e1400141e141e101c
0c091a190c091a191a101a
16031c2116031c21210021
15112f2d15112f2d2f1030
0537573d0537573d571052
0c5f824f0c5f824f82107b
14779e5d14779e5d9e1097
137ba361137ba361a3109c
0e688c560e688c568c1086
06425c3a06425c3a5c1057
01141b1201141b121b101a
0415241b0415241b241022
0f3157450f315745571054
1b417b651b417b657b1078
22498e7722498e778e108b
244a927a244a927a92108e
24448a7424448a748a1086
25397b6b25397b6b7b1079
282b6a61282b6a616a106a
2d1d59592d1d595959005d
350f4b55350f4b55550056
3c0442543c044254540054
3a0440523a044052520052
2f0e434c2f0e434c4c004d
2116414221164142420045
1319393313193933391038
031c2d20031c2d202d102a
0d1e1f0c0d1e1f0c1f1020
16170c0716170c07172018
0900090c0900090c0c000c
0900090c0900090c0c000c
0900090c0900090c0c000c
08020a0c08020a0c0c000c
06030a0b06030a0b0b000b
06020a0a06020a0a0a000a
0701090b0701090b0b000b
08020a0c08020a0c0c000c
06030a0b06030a0b0b000b
06020a0a06020a0a0a000a
0701090b0701090b0b000b
08020a0c08020a0c0c000c
06040c0c06040c0c0c000c
06040c0c06040c0c0c000c
06030a0b06030a0b0b000b
06020a0a06020a0a0a000a
06030a0b06030a0b0b000b
06040c0c06040c0c0c000c
04050c0b04050c0b0c100c
02070c0902070c090c100b
0810100608101006101011
131b1501131b15011b201b
2025180520251805252025
2e34200a2e34200a342034
393f250d393f250d3f2040
3c42280e3c42280e422043
363d260b363d260b3d203d
2730210427302104302030
161d1601161d16011d201d
070b0901070b09010b200b
0303010103030101032003
0a0600060a0600060a3008
1610020e1610020e163015
2219021522190215223020
261a001a261a001a263024
1e0b0e1d1e0b0e1d1e301f
0913251f0913251f251024
092c3920092c3920391036
0e313c1f0e313c1f3c1039
0c2930190c293019301030
0c1612060c161206162016
0d0b231f0d0b231f231020
153063501530635063105d
2c4394812c439481941091
5630a0a65630a0a6a600ac
860792bb860792bbbb00bb
a81d7ec5a81d7ec5c500c7
b93073c8b93073c8c800cd
c23d68c7c23d68c7c700d0
c4445ec2c4445ec2c430cd
b23462b8b23462b8b800bf
941a6aaa941a6aaaaa00ab
78056e9978056e99990099
5c14788c5c14788c8c008d
4240a2944240a294a210a1
3d71e9c13d71e9c1e910df
6285ffff6285ffffff1128
a566ffffa566ffffff0153
e027ffffe027ffffff0151
ef07dbffef07dbffff0131
de15bcffde15bcffff010f
c80db8ffc80db8ffff00ff
bb02bffcbb02bffcfc00fc
bc05bcfbbc05bcfbfb00fb
c518a7f4c518a7f4f400f5
cd3187e3cd3187e3e300e8
c84266cac84266caca00d4
b5444dacb5444dacb530b8
95383d8c95383d8c953096
6c24326a6c24326a6c306f
3d092b453d092b45450045
110d2121110d2121210023
1118110011181100182018
2a1e021c2a1e021c2a3029
3d23092f3d23092f3d303a
4423103944231039443042
4624103a4624103a463044
412609324126093241303e
311e0524311e052431302e
1d1103151d1103151d301b
1009020b1009020b10300e
0c0800080c0800080c300b
0e0a02080e0a02080e300c
1715090917150909173016
2625120d2625120d263027
32341c1032341c10342036
2a311e092a311e09312031
101e1c08101e1c081e201f
090f1f1b090f1f1b1f101e
1f011d291f011d29290029
351c0b2c351c0b2c353034
4a3c10264a3c10264a3047
5450242054502420543056
5452261e5452261e543057
514b1f21514b1f21513051
493c1126493c1126493047
3820082a3820082a383034
2b0a1d302b0a1d30300031
2a0622342a062234340034
2a091c2f2a091c2f2f002f
220d0e21220d0e21223023
1c1b0c0b1c1b0c0b1c301d
152b2b0f152b2b0f2b102d
052b3b25052b3b253b1038
1316333013163330331034
2a091c2f2a091c2f2f002f
331c0928331c0928333030
2c1906212c1906212c3029
19070f1b19070f1b1b001b
01121d1401121d141d101a
1224240c1224240c241025
1b2821041b282104282028
1c241a021c241a02242024
17190f0517190f05192019
0f0d05070f0d05070f300e
0704010607040106073007
090c0900090c09000c200c
1e2216061e221606222022
2d3523072d352307352035
3546330235463302462046
2f4a3f0a2f4a3f0a4a204a
1d3f41191d3f4119411043
0328392403283924391035
160b2629160b262929002a
2105192721051927270027
1e0812201e081220200020
1503111915031119190019
070b1915070b1915191017
0319231503192315231020
0018241800182418241021
0b10231e0b10231e231022
140f2a29140f2a292a102b
1220423812204238421040
00476a4700476a476a1064
136e9154136e915491108a
1a7ea25c1a7ea25ca2109c
167294561672945694108e
0c4d663d0c4d663d661062
03181f1403181f141f101f
011c2b1e011c2b1e2b1029
0940674c0940674c671063
15508b6c15508b6c8b1086
20549c7e20549c7e9c1097
284e9c84284e9c849c1099
2d4493802d449380931090
2d3b85772d3b8577851084
2f30776e2f30776e771078
332469683324696869106e
39175b6339175b63630065
3e0b4e5d3e0b4e5d5d005d
4103455941034559590059
4001425740014257570057
3805405138054051510051
2d0737432d073743430043
20072a3120072a31310031
10081c1e10081c1e1e001f
00070a0700070a070a1009
0e0408100e040810100010
0b01090d0b01090d0d000d
0900090c0900090c0c000c
0900090c0900090c0c000c
0701090b0701090b0b000b
06020a0a06020a0a0a000a
06030a0b06030a0b0b000b
08020a0c08020a0c0c000c
07020b0c07020b0c0c000c
07020b0c07020b0c0c000c
08020a0c08020a0c0c000c
08030c0d08030c0d0d000d
08020c0e08020c0e0e000e
08030c0d08030c0d0d000d
06040c0c06040c0c0c000c
07020b0c07020b0c0c000c
08020a0c08020a0c0c000c
06040c0c06040c0c0c000c
06040c0c06040c0c0c000c
06040c0c06040c0c0c000c
04050c0b04050c0b0c100c
030c0f08030c0f080f100e
0e1614040e161404162016
1820180018201800202020
272f1f05272f1f052f202f
343c260a343c260a3c203c
3a42280c3a42280c422043
38422a0a38422a0a422042
2d3827042d382704382038
17211b0317211b03212021
040a0c06040a0c060c100b
0300030403000304040004
0001020100010201021001
0c0702090c0702090c300b
1b1003141b1003141b3019
2513091f2513091f253024
2208162622081626260026
0f142d280f142d282d102c
032d4129032d412941103c
052e3f28052e3f283f103c
01151d1701151d171d101f
011a2d1a011a2d1a2d1024
1152936c1152936c931087
3a73e8c53a73e8c5e810e4
6f6effff6f6effffff1118
a444ffffa444ffffff0124
d110e5ffd110e5ffff0124
f116cffff116cfffff012a
ff2ac8ffff2ac8ffff0136
ff36cbffff36cbffff0146
ff41ceffff41ceffff0157
ff3ad8ffff3ad8ffff015c
ff29dfffff29dfffff0153
ff18dfffff18dfffff0140
dd09ebffdd09ebffff012f
a952ffffa952ffffff0138
7fa6ffff7fa6ffffff116f
88b8ffff88b8ffffff1194
be64ffffbe64ffffff016c
e31da9ffe31da9ffff010e
bb5c2592bb5c2592bb30ac
6041083360410833603052
1e0a101a1e0a101a1e301b
181b483d181b483d481042
4221808142218081810085
8c0aacd08c0aacd0d000d0
dc1ec0ffdc1ec0ffff0117
ff45bfffff45bfffff0146
ff5bafffff5bafffff014f
ff5c99ffff5c99ffff0135
f7527bf8f7527bf8f80105
bb3f59b9bb3f59b9bb30c3
7727377377273773773079
3915153339151533393037
0603020106030201063003
220f0e21220f0e21223024
391a1334391a133439303a
4725113b4725113b473045
4d2d0b3b4d2d0b3b4d304a
472b0735472b0735473044
3620062836200628363033
2212061a2212061a22301f
160a0612160a0612163014
130c010e130c010e133012
1915070b1915070b193017
21200f0c21200f0c213022
3132191031321910322034
363b220f363b220f3b203c
272f1f05272f1f052f202f
101d1a07101d1a071d201d
0607100f0607100f101010
231e0912231e0912233022
3d43270f3d43270f432044
4754370a4754370a542054
4452380844523808522052
3d462d0a3d462d0a462046
34371e0f34371e0f372039
241a0216241a0216243022
1801161f1801161f1f001f
1f0419261f041926260026
27120d2427120d24273028
2820081628200816283026
2734270027342700342034
2143431721434317431046
0e3946270e394627461045
0f162f2a0f162f2a2f102f
270f1125270f1125273027
3123031f3123031f31302e
2a2006182a2006182a3028
170d0311170d0311173015
000b100b000b100b10100f
121d1a05121d1a051d201d
1a2118011a211801212021
1c1f12071c1f12071f201f
19180b0a19180b0a19301a
110d0309110d030911300f
0a0700070a0700070a3009
0206080402060804081007
161f1801161f18011f201f
28372a0128372a01372037
364c3c04364c3c044c204c
3856480a3856480a562056
2a4b46132a4b46134b204d
0f2e351a0f2e351a351034
0c0b1c1b0c0b1c1b1c101d
190b0917190b0917193019
180f0211180f0211183016
0f07050d0f07050d0f300e
020b120d020b120d121011
091c2110091c2110211020
061e2816061e2816281025
041a2c20041a2c202c1029
0c1c362c0c1c362c361034
082e4c38082e4c384c1048
0c5370430c53704370106a
2177914b2177914b91108c
267e964c267e964c961093
195d713d195d713d71106f
09242b1809242b182b102b
001b281b001b281b281026
004b6e4b004b6e4b6e106a
0961996d0961996d991091
1662a8801662a880a810a1
215aa786215aa786a710a1
2a4b9a832a4b9a839a1096
303b887b303b887b881088
3030787030307870781079
2f2667642f26676467106a
2e1d58592e1d585959005d
3010485030104850500051
33053b4933053b49490049
3300334433003344440044
32032c3f32032c3f3f003f
2d0525372d052537370037
26091a2b26091a2b2b002b
1c0b0c1b1c0b0c1b1c301d
0f0c03080f0c03080f300e
0210140c0210140c141014
0c0e201e0c0e201e201021
0c03080d0c03080d0d000d
0900090c0900090c0c000c
0900090c0900090c0c000c
0900090c0900090c0c000c
08020a0c08020a0c0c000c
06040c0c06040c0c0c000c
07020b0c07020b0c0c000c
08020a0c08020a0c0c000c
08030c0d08030c0d0d000d
08020c0e08020c0e0e000e
08030c0d08030c0d0d000d
08030c0d08030c0d0d000d
08020c0e08020c0e0e000e
08030c0d08030c0d0d000d
08030c0d08030c0d0d000d
08020c0e08020c0e0e000e
08040e0e08040e0e0e000e
07040d0e07040d0e0e000e
08030c0d08030c0d0d000d
06040c0c06040c0c0c000c
01090f0b01090f0b0f100e
0712130807121308131013
121c1804121c18041c201c
20291e0120291e01292029
2e3724072e372407372037
3941290b3941290b412041
3c452c0b3c452c0b452045
343e2808343e28083e203e
1f281d021f281d02282028
070d0d05070d0d050d100d
0704010607040106073007
0608060006080600082008
05040b0a05040b0a0b100a
13040d1613040d16160016
2009122120091221210022
20031c2920031c29290029
1215322d1215322d321031
002e442e002e442e441041
0123332501233325331032
0f1a1d040f1a1d041d101a
1275a25d1275a25da21095
0eb5ffc90eb5ffc9ff110e
4aa5ffff4aa5ffffff1134
7064f2f07064f2f0f21104
6f279baf6f279bafaf00b3
6102577861025778780078
5c1638605c163860600062
611b3965611b3965650068
7519538375195383830085
9b1a7bb89b1a7bb8b800b9
c719adf9c719adf9f900fa
f017dafff017daffff0133
ff13faffff13faffff015b
ff07ffffff07ffffff016f
d550ffffd550ffffff0174
84a3ffff84a3ffffff1172
599fffff599fffffff113b
741796b5741796b5b500b6
9ba353339ba35333a320aa
62e9f66562e9f665f610fd
3791ffe33791ffe3ff110d
c310e5ffc310e5ffff0120
ff4c9bffff4c9bffff0122
f27d3ccff27d3ccff230f1
9885344798853447983096
015a9566015a9566951088
af06c7ffaf06c7ffff0100
ff45d4ffff45d4ffff0163
ff6cd0ffff6cd0ffff018c
ff7bbeffff7bbeffff0188
ff7e9cffff7e9cffff3163
ff7271ffff7271ffff311f
cf5c43b6cf5c43b6cf30cb
7e3d1e677e3d1e677e3077
341b0625341b062534302d
0502070a0502070a0a000a
2e1a0a262e1a0a262e302e
4529093545290935453043
4e3106394e3106394e304b
472e0332472e0332473043
331f0525331f0525333030
201204182012041820301e
1912030e1912030e193016
18170a0918170a09183018
1d1d0f091d1d0f091d201e
2c2d180d2c2d180d2d202e
393d2111393d21113d203f
35391f0f35391f0f39203a
2325150923251509252026
0c0c06040c0c06040c200c
151c1500151c15001c201c
3546330235463302462046
4259440142594401592059
3b5647083b564708562056
2b453d0d2b453d0d452046
1d302b0a1d302b0a302031
0c110e010c110e01112011
00070a0700070a070a1009
0900090c0900090c0c000c
1a17080d1a17080d1a301a
2732230427322304322032
2d4b430f2d4b430f4b204c
275557212755572157105b
113e4b28113e4b284b1049
0f1027240f102724271027
2615061d2615061d263023
30290e1730290e1730302f
2a2710112a2710112a302a
1613060b1613060b163015
0005080500050805081007
1218120012181200182018
181c1204181c12041c201c
1a1a0e081a1a0e081a201b
1917090b1917090b193019
130f030b130f030b133012
0e0900090e0900090e300c
0304090803040908091008
111d1b07111d1b071d201d
25382f0625382f06382038
364f4007364f40074f204f
3d5c4d0a3d5c4d0a5c205c
3353490f3353490f532054
1730311217303112311033
0607100f0607100f101010
1412080814120808143013
11150f0111150f01152015
0508070205080702082008
0b0d09010b0d09010d200d
161f1801161f18011f201f
1728250817282508282028
0e2930170e29301730102f
02293c2702293c273c1038
053951330539513351104c
185b703b185b703b70106c
2d79873d2d79873d871087
30747c3430747c347c107f
1c3e401a1c3e401a401043
040e1812040e1812181016
084d6a43084d6a436a1066
056e9f68056e9f689f1097
0674b27c0674b27cb210a9
1468ae821468ae82ae10a6
1e569e7e1e569e7e9e1098
2642887426428874881085
2a2f70672a2f7067701071
29235d5929235d595d105f
25194b4b25194b4b4b004f
21113b3d21113b3d3d003f
20082c3220082c32320032
21011f2b21011f2b2b002b
2006162420061624240024
1c0a0e1c1c0a0e1c1c001d
190d0715190d0715193018
1913030f1913030f193018
171a0f06171a0f061a201a
101d1a07101d1a071d201d
091f2513091f2513251024
021a281c021a281c281026
10040a1210040a12120012
0e010c110e010c11110011
0c010a0f0c010a0f0f000f
0b01090d0b01090d0d000d
07020b0c07020b0c0c000c
06040c0c06040c0c0c000c
08020a0c08020a0c0c000c
07020b0c07020b0c0c000c
06040c0c06040c0c0c000c
08020a0c08020a0c0c000c
07020b0c07020b0c0c000c
06040c0c06040c0c0c000c
08020a0c08020a0c0c000c
07020b0c07020b0c0c000c
06040c0c06040c0c0c000c
08030c0d08030c0d0d000d
07040d0e07040d0e0e000e
08030c0d08030c0d0d000d
07020b0c07020b0c0c000c
06040c0c06040c0c0c000c
03070d0b03070d0b0d100d
050d0f07050d0f070f100e
1018140210181402182018
1d2419021d241902242024
2a3120072a312007312031
373f270b373f270b3f203f
3d462b0c3d462b0c462047
3941290b3941290b412041
282e1c08282e1c082e202e
10130c0310130c03132013
0305030103050301052005
0a0f0c010a0f0c010f200f
040f1209040f1209121011
0907131309071313130014
1500151c1500151c1c001c
18041e2418041e24240024
0d18312a0d18312a311030
022a3c28022a3c283c103a
0609121306091213130015
29656f2929656f296f106d
42e7ff8d42e7ff8dff110e
1df5ffd31df5ffd3ff1143
266fbaa1266fbaa1ba10c3
1c1814041c1814041c3018
4041a49f4041a49fa410ab
9737e9ff9737e9ffff010a
c723fbffc723fbffff0131
da0becffda0becffff0131
d912c1ffd912c1ffff0114
bf2e7dd6bf2e7dd6d600da
8742237487422374873085
31443d0831443d08442044
3331857f3331857f851088
7823b0cb7823b0cbcb00cd
6e37c0d16e37c0d1d100d8
2556a38a2556a38aa310a2
1a424a1c1a424a1c4a1047
003c4c38003c4c384c1052
67f5ed5b67f5ed5bf52105
8fffff6d8fffff6dff2153
2fe1ff972fe1ff97ff110e
7148e3e27148e3e2e310ed
ff39c4ffff39c4ffff013a
ffaf88ffffaf88ffff3188
ffff13ffffff13ffff3193
ffff668dffff668dff3138
58a29a3258a29a32a220a9
83119fc783119fc7c700c7
ff47a4ffff47a4ffff0129
ff74acffff74acffff0169
ff93aaffff93aaffff318d
ffa39dffffa39dffff3191
ffa084ffffa084ffff3170
ff8a60ffff8a60ffff312b
d5653bb5d5653bb5d530cf
76371e6176371e6176306f
240d0a1d240d0a1d24301f
1713011117130111173019
3d2c03283d2c03283d303b
4835062d4835062d483045
3d2c05263d2c05263d303a
2a2006182a2006182a3028
1d1b0b0b1d1b0b0b1d301d
171a1104171a11041a201a
171d1501171d15011d201d
20281c0220281c02282028
3037220930372209372037
363a2010363a20103a203c
2b2a13102b2a13102b302c
150f010d150f010d153013
0b191b0b0b191b0b1b101b
2d463d0a2d463d0a462046
3d5f510d3d5f510d5f205f
375e5514375e55145e2060
2348491a2348491a49104c
0d2931190d293119311030
0808141208081412141013
120c000c120c000c123010
0904030809040308093008
0d1919070d191907191019
25403b0e25403b0e402041
315c571a315c571a5c205f
2d5d5d212d5d5d215d1062
153b431f153b431f431042
0c091a190c091a191a101a
221b0613221b0613223021
2d2f190d2d2f190d2f2030
272c1b08272c1b082c202c
15180f0415180f04182018
0001020100010201021001
11150f0111150f01152015
15180f0415180f04182018
16170c0716170c07172018
1715090917150909173016
1310050a1310050a133012
0f0a010a0f0a010a0f300e
04040a0a04040a0a0a000a
0d1c1d0a0d1c1d0a1d101d
2339330b2339330b39203a
3351470d3351470d512052
3c5f520f3c5f520f5f2060
3454480e3454480e542055
1a2d28091a2d28092d202d
0100010201000102020002
0f1b19070f1b19071b201b
091b1f0f091b1f0f1f101e
0709151307091513151015
190f0313190f0313193018
26220e1026220e10263025
2c3320092c332009332033
283b3005283b30053b203b
1a3a3e181a3a3e183e103e
1645522916455229521050
23606d3223606d326d106c
3472762e3472762e76107a
335c5518335c55185c205f
1b16050e1b16050e1b301a
033e593a033e593a591054
0f749d600f749d609d1096
0984bb780984bb78bb10b2
047aba80047aba80ba10b0
1263a67b1263a67ba6109d
1b4a896e1b4a896e891084
20336c5d20336c5d6c106a
2120514c2120514c511052
1e153e3d1e153e3d3e1040
1b0d2f311b0d2f31310032
1905212719052127270027
1701151d1701151d1d001d
1508091415080914153015
130d010d130d010d133012
1210060812100608123011
11120b0411120b04122012
1218120012181200182018
16231e0516231e05232023
1527250b1527250b272028
1026281010262810281029
091f2513091f2513251024
12050a1312050a13130013
0f030b110f030b11110011
0d03090f0d03090f0f000f
0c03080d0c03080d0d000d
08020a0c08020a0c0c000c
06040c0c06040c0c0c000c
07020b0c07020b0c0c000c
08020a0c08020a0c0c000c
06040c0c06040c0c0c000c
07020b0c07020b0c0c000c
08020a0c08020a0c0c000c
06040c0c06040c0c0c000c
07020b0c07020b0c0c000c
08020a0c08020a0c0c000c
06040c0c06040c0c0c000c
06040c0c06040c0c0c000c
06030a0b06030a0b0b000b
06020a0a06020a0a0a000a
06030a0b06030a0b0b000b
06030a0b06030a0b0b000b
03050b0903050b090b100a
02090c0702090c070c100b
0c1412040c141204142014
1820180018201800202020
242b1c05242b1c052b202b
343b240b343b240b3b203c
3f4427103f442710442045
3e4224123e422412422044
3231181132311811323033
1c18080e1c18080e1c301b
0601080906010809090009
0811100508111005112011
0b1513050b151305152015
040f1209040f1209121011
0607100f0607100f101010
080b1815080b1815181017
021c281a021c281a281026
09222b1809222b182b1029
1219120312191203192019
5db5af335db5af33b520bc
96ffff7a96ffff7aff1158
55e9ff8355e9ff83ff110b
242c1a0e242c1a0e2c202e
1dd4ffac1dd4ffacff1110
63b9ffff63b9ffffff116f
d36bffffd36bffffff0191
ff32ffffff32ffffff019f
ff05ffffff05ffffff01a3
ff2bffffff2bffffff01a3
ff65e2ffff65e2ffff019b
ffa586ffffa586ffff317c
ffcc15e8ffcc15e8ff3134
c9ab375dc9ab375dc930c2
44573e0544573e05572057
080a0206080a02060a200b
29225f5829225f585f105e
7628b0cc7628b0cccc00cf
764ee6f4764ee6f4f40100
0eb7faa50eb7faa5fa10f6
a5fdc511a5fdc511fd20fd
dcde5c60dcde5c60de20f1
aa8c186aaa8c186aaa30af
2a2c12142a2c12142c2030
9a6e04689a6e04689a3097
ffff64b5ffff64b5ff316b
ffffc19bffffc19bff21be
ffffb937ffffb937ff213d
3377773133777731771080
6507557d6507557d7d007d
bf4259babf4259babf30c5
ff6b6cf9ff6b6cf9ff310f
ff8e82ffff8e82ffff3156
ffaa90ffffaa90ffff318c
ffb98cffffb98cffff319a
ffb174ffffb174ffff3175
ff8d52fbff8d52fbff311f
bb5b2f9bbb5b2f9bbb30b3
532417445324174453304c
010f0f07010f0f070f1010
312d0f19312d0f19313033
3d35111f3d35111f3d303d
332f1315332f1315333033
2326170823261708262026
1720190217201902202020
121e1a06121e1a061e201e
18241e0418241e04242024
252e2102252e21022e202e
2e3522092e352209352035
2a2b160d2a2b160d2b202c
160f000f160f000f163015
061920110619201120101e
274845142748451448204a
39645d1839645d18642066
3664601c3664601c642067
214b4f1f214b4f1f4f1051
0525331f0525331f331030
1301151b1301151b1b001b
1d1201141d1201141d301a
1108050e1108050e113010
0a1c200e0a1c200e20101f
284944132849441349204b
39635b1739635b17632065
355b5315355b53155b205d
1c34320e1c34320e342035
0304090803040908091008
1b2015041b201504202020
2733250127332501332033
222f2401222f24012f202f
121b1603121b16031b201b
0300030403000304040004
12140c0412140c04142014
14160e0414160e04162016
14150c0514150c05152015
1313090713130907132014
120f0409120f0409123011
0f08030c0f08030c0f300e
07050f0f07050f0f0f000f
091d2311091d2311231021
1e3b3a131e3b3a133b203d
2e534e152e534e15532055
385f5615385f56155f2061
2f4d450f2f4d450f4d204e
18231c0318231c03232023
010a0f0a010a0f0a0f100e
0c252c150c252c152c102a
0422301e0422301e30102d
120c2424120c2424240025
28110e2528110e25283028
3629081f3629081f363033
3e3e20143e3e20143e2041
3d4d37053d4d37054d204d
3050481030504810502051
25555b2525555b255b105c
28626a2e28626a2e6a106c
2f605f222f605f22602065
2936270029362700362036
1018342e1018342e341033
0b658b570b658b578b1085
158cbb70158cbb70bb10b3
0f8cc1780f8cc178c110b8
0175ad730175ad73ad10a4
0c568c660c568c668c1085
1538695415386954691064
18214a4118214a414a1048
1811323118113231321033
1509232515092325250026
12051a1d12051a1d1d001d
13030f1713030f17170017
130a0510130a0510133012
120e020a120e020a123011
1210060812100608123011
13140b0613140b06142014
1218120012181200182018
111c1906111c19061c201c
1626220816262208262026
192a2508192a25082a202a
1828240818282408282028
12201e0812201e08202020
13060b1413060b14140014
12050a1312050a13130013
1105091111050911110011
0f0409100f040910100010
0a010c0f0a010c0f0f000f
08030c0d08030c0d0d000d
08030c0d08030c0d0d000d
08020c0e08020c0e0e000e
08030c0d08030c0d0d000d
08020a0c08020a0c0c000c
07020b0c07020b0c0c000c
06040c0c06040c0c0c000c
08020a0c08020a0c0c000c
0701090b0701090b0b000b
05040b0a05040b0a0b100a
04040a0a04040a0a0a000a
0601080906010809090009
0503090905030909090009
04040a0a04040a0a0a000a
0601080906010809090009
0304090803040908091008
00080c0800080c080c100b
0810100608101006101011
131b1501131b15011b201b
2025180520251805252025
3035200b3035200b352036
3c3f22113c3f22113f2041
4040201640402016402043
3733151737331517373037
241c0614241c0614243022
0f05070f0f05070f0f000f
030d1109030d110911100f
0c1514050c151405152015
0a1210040a121004122012
040a0a04040a0a040a100a
070f0f05070f0f050f100f
121f1c07121f1c071f201f
111c1906111c19061c201c
20332a0520332a05332033
95edc92195edc921ed20ef
e5ffff40e5ffff40ff2175
6cb7ac336cb7ac33b720bd
71be9d1c71be9d1cbe20c0
a5ffff7ba5ffff7bff2170
35f8ffb035f8ffb0ff1130
307eeabc307eeabcea10e2
643bbcbf643bbcbfbf00c7
8d0da1c98d0da1c9c900c9
bf2587d9bf2587d9d900dc
ff6f59e7ff6f59e7ff3100
ffdb02dfffdb02dfff3138
ffff69abffff69abff3164
ffff8b58ffff8b58ff2129
7a782e287a782e287a307e
10437a5510437a557a106c
1aa4ffc61aa4ffc6ff1101
7e7fffff7e7fffffff1144
c037ffffc037ffffff0147
8732dff68732dff6f600fb
0153875b0153875b87107b
886b1651886b1651883086
e67a40cce67a40cce630ed
f76e69f2f76e69f2f73109
8209a2c78209a2c7c700c7
69feff7269feff72ff1116
ffffff2bffffff2bff21b5
ffffff0fffffff0fff2171
6caa88126caa8812aa20aa
03212f2103212f212f102e
3e151a393e151a393e303c
722f2663722f266372306d
b54c3fa2b54c3fa2b530b2
ff735cedff735cedff3107
ff9f72ffff9f72ffff315b
ffc37bffffc37bffff3195
ffcc72ffffcc72ffff3196
ffb557ffffb557ffff315a
f67e38caf67e38caf630ee
7b3625687b3625687b3075
16091e1f16091e1f1f0020
232f1f05232f1f052f202f
3138210c3138210c382039
2832220428322204322032
1a2720051a272005272027
111d1b07111d1b071d201d
15201b0415201b04202020
1e281e001e281e00282028
272f1f05272f1f052f202f
2527150b2527150b272028
150d010f150d010f153013
071b2111071b211121101f
2a4c48142a4c48144c204e
3c6860183c68601868206a
39665f1a39665f1a662069
254a4918254a49184a204d
0a2228140a222814281027
0f0409100f040910100010
1a1a0c0a1a1a0c0a1a201b
0d0c05040d0c05040d300c
15201b0415201b04202020
354c3d06354c3d064c204c
46624c0446624c04622062
41543d0241543d02542054
282d1c09282d1c092d202d
0b02070c0b02070c0c000c
1022220c1022220c221024
1e34300c1e34300c342035
1b302d0c1b302d0c302031
0c1b1c0b0c1b1c0b1c101d
0801060908010609090009
1514090815140908153015
16170c0716170c07172018
14140a0614140a06142014
1211080712110807123012
110d0309110d030911300f
0c04060c0c04060c0c000c
0609141106091411141013
0820281608202816281026
1b3d41191b3d4119411041
2c55541b2c55541b552059
325c581a325c581a5c205f
2443401324434013432045
0b1413060b141306142014
0b191b0b0b191b0b1b101b
1131391b1131391b391037
032b3d27032b3d273d103a
16102e2e16102e2e2e0030
3114132e3114132e313032
43350d2543350d25433040
4a4e2c144a4e2c144e2050
48614a0148614a01612061
3c675e173c675e17672069
2d6569292d65692969106d
275e652c275e652c651067
2243421722434217432046
1408081214080812143013
0545613f0545613f61105d
1a81a65f1a81a65fa610a0
2095be6b2095be6bbe10b7
1887b2671887b267b210a9
0b68915a0b68915a911089
03456b4903456b496b1064
0d2647380d264738471043
12112c2912112c292c102c
12061c1e12061c1e1e001e
1001121710011217170017
0e010c110e010c11110011
0f08030c0f08030c0f300e
120f0409120f0409123011
1210060812100608123011
1211080712110807123012
15180f0415180f04182018
161e1600161e16001e201e
151f1903151f19031f201f
1a251e031a251e03252025
1e281e001e281e00282028
1f271b031f271b03272027
1b2015041b201504202020
14060a1414060a14140014
1307091313070913130014
1207081112070811123012
0f05070f0f05070f0f000f
0b01090d0b01090d0d000d
07020b0c07020b0c0c000c
06040c0c06040c0c0c000c
08020a0c08020a0c0c000c
0701090b0701090b0b000b
0601080906010809090009
0503090905030909090009
04040a0a04040a0a0a000a
0601080906010809090009
0600060806000608080008
0304090803040908091008
0304090803040908091008
0600060806000608080008
0304090803040908091008
0304090803040908091008
0600060806000608080008
0304090803040908091008
00080c0800080c080c100b
050c0d06050c0d060d100d
0f1511010f151101152015
1b2015041b201504202020
2a2f1c092a2f1c092f202f
3639200f3639200f39203a
3c3c1e143c3c1e143c203f
3734171637341716373038
2720091427200914273025
130b030f130b030f133012
02080e0a02080e0a0e100c
0913130709131307131014
0911110509111105111011
050a0b04050a0b040b100a
090f0d03090f0d030f200f
161d1401161d14011d201d
16160a0816160a08162017
243e380e243e380e3e203f
b2ffce12b2ffce12ff2102
ffffff17ffffff17ff217f
67a1931d67a1931da120a3
c8ef9025c8ef9025ef20f1
fffff431fffff431ff2180
ecfd8e3fecfd8e3ffd2104
9379234b9379234b93308e
693e0d50693e0d50693065
4a18284c4a18284c4c004f
2019484520194845481049
1f6a83421f6a834283107c
7ce9e0437ce9e043e920f2
d0ffff43d0ffff43ff2165
bfffff35bfffff35ff213f
3e5436003e543600542054
38acc86038acc860c810c4
39ffffc039ffffc0ff1149
34b3fff734b3fff7ff1131
a22ae4ffa22ae4ffff0109
c71da7f7c71da7f7f700f8
a92b79c5a92b79c5c500c9
5c1b446d5c1b446d6d0070
16120c0616120c06163012
833b317b833b317b833088
900498cc900498cccc00cc
05c0ffd605c0ffd6ff111f
a2ffff9ba2ffff9bff118e
bbffff4cbbffff4cff2152
64a08c1864a08c18a020a1
1827220518272205272027
0702030607020306073006
190a0714190a0714193016
3815143138151431383035
702f2461702f246170306b
c05838a4c05838a4c030ba
ff8c4ff4ff8c4ff4ff3119
ffbe60ffffbe60ffff3170
ffdc63ffffdc63ffff319b
ffd154ffffd154ffff317d
ff9643eeff9643eeff3119
9e41388d9e41388d9e309b
3007343f3007343f3f003f
0f2e31140f2e3114311032
22362c0622362c06362036
1c2b24051c2b24052b202b
111d1b07111d1b071d201d
111c1906111c19061c201c
1922190019221900222022
2428180824281808282028
2422100e2422100e243024
150c0310150c0310153014
091c2110091c2110211020
2e4e46102e4e46104e204f
4369590f4369590f69206a
4264540c4264540c642064
2f4539072f453907452045
151c1500151c15001c201c
020a0e08020a0e080e100c
0e21240f0e21240f241024
030f1913030f1913191018
28220a1428220a14283027
484c2a14484c2a144c204e
585f3815585f38155f2061
4d4f2b174d4f2b174f2052
322a0e18322a0e18323030
1302111813021118180018
08222c1808222c182c1029
1533371715333717371037
132e3114132e3114311032
06171c0f06171c0f1c101b
0b04050a0b04050a0b300a
1514090815140908153015
18180c0818180c08182019
1514090815140908153015
120f0409120f0409123011
100b000b100b000b10300f
0b02070c0b02070c0c000c
010e150e010e150e151013
0e252a130e252a132a1029
1e4144191e414419441045
2c58581e2c58581e58105c
2c58581e2c58581e58105c
1a393c171a393c173c103d
04050c0b04050c0b0c100c
1c2a22041c2a22042a202a
213f3d13213f3d133f2041
11353f1f11353f1f3f103d
0d1329250d132925291029
2d1b03212d1b03212d302a
4246281242462812462048
48634c0348634c03632063
4675681746756817752077
3d7977273d79772779207f
2f6d732f2f6d732f731076
2051582720515827581059
101e1c0a101e1c0a1e201f
0527352105273521351033
1a6982471a69824782107e
2991af5b2991af5baf10ab
2992b15c2992b15cb110ac
1f7b99511f7b9951991093
115873421158734273106e
01344d3201344d324d1048
09192f2509192f252f102c
10061a1c10061a1c1c001c
11010f1511010f15150015
0f0409100f040910100010
0d06050c0d06050c0d300d
0f0b01090f0b01090f300e
1210060812100608123011
1211080712110807123012
12140c0412140c04142014
151a1102151a11021a201a
1920170219201702202020
1a2118011a211801212021
1b2319011b231901232023
1e2418041e241804242024
2124150821241508242024
1f1f0f0b1f1f0f0b1f2020
15070b1515070b15150016
1509071315090713153015
1409061114090611143013
1007060f1007060f103010
0c03080d0c03080d0d000d
08020a0c08020a0c0c000c
06030a0b06030a0b0b000b
0601080906010809090009
0600060806000608080008
0601080906010809090009
04040a0a04040a0a0a000a
0503090905030909090009
0600060806000608080008
0601080906010809090009
04040a0a04040a0a0a000a
0503090905030909090009
0601080906010809090009
04040a0a04040a0a0a000a
0503090905030909090009
0601080906010809090009
04040a0a04040a0a0a000a
02070c0902070c090c100b
02090c0702090c070c100b
09100f0409100f04102010
151c1500151c15001c201c
23291b0523291b05292029
2e331e0b2e331e0b332034
36381e1036381e1038203a
34341a1234341a12342037
27230d1127230d11273026
160f000f160f000f163015
06040c0c06040c0c0c000c
0610120806101208121011
0710110607101106111011
030a0b06030a0b060b100b
060a0802060a08020a200a
1513070915130709153015
190c0716190c0716193019
1c3f421b1c3f421b421044
affcc912affcc912fc20fc
ffffff0cffffff0cff2184
6fc5bf2f6fc5bf2fc520ca
e7b31b87e7b31b87e730e0
ffff51e5ffff51e5ff3195
ffec1dffffec1dffff316c
ff7284ffff7284ffff3137
ff37b9ffff37b9ffff0130
f813e0fff813e0ffff013b
e11affffe11affffff0149
ab63ffffab63ffffff0153
42d3ffff42d3ffffff116a
38ffffe638ffffe6ff1180
54faff8854faff88ff111c
1c0024281c002428280028
a4ffd020a4ffd020ff2101
b9ffff48b9ffff48ff2148
53c8db5a53c8db5adb10db
28377e6d28377e6d7e107a
7a1b568b7a1b568b8b008d
ab424fa8ab424fa8ab30b4
bc504eb4bc504eb4bc30c4
9e414a9f9e414a9f9f00ab
5c2630605c263060600067
383e1e0e383e1e0e3e203f
76b69a2076b69a20b620b8
dbffeb0ddbffeb0dff212b
e7ffbf1fe7ffbf1fff2114
9492503094925030943099
412f0d23412f0d2341303a
160b020f160b020f163012
0505030105050301052005
06040a0a06040a0a0a000a
1c080c1a1c080c1a1c301b
451f1137451f113745303f
86411e6b86411e6b86307d
e37433b8e37433b8e330d9
ffb244ffffb244ffff3141
ffdf4fffffdf4fffff318a
ffda51ffffda51ffff3186
ff9e4dffff9e4dffff3130
b54a43a4b54a43a4b530b3
4202384e4202384e4e004e
03232d1903232d192d102b
1929230519292305292029
151f1903151f19031f201f
1118130211181302182018
171a1104171a11041a201a
2121110b2121110b212022
221f0c0f221f0c0f223022
150c0310150c0310153014
091b1f0f091b1f0f1f101e
304b400b304b400b4b204b
48644e0448644e04642064
495e4304495e43045e205e
373d230d373d230d3d203e
1f1205181f1205181f301e
0c142a240c142a242a1029
04263c2c04263c2c3c103a
170f2d2d170f2d2d2d002f
3b23052b3b23052b3b3037
594f1f27594f1f27593058
62602e2262602e22623065
524f241f524f241f523054
362b0a1d362b0a1d363033
1701151d1701151d1d001d
0323311f0323311f31102e
0e313c1f0e313c1f3c1039
0b28311a0b28311a31102f
020f1811020f1811181016
0e08020a0e08020a0e300c
1514090815140908153015
18170a0918170a09183018
1613060b1613060b163015
140e020c140e020c143012
110b010b110b010b11300f
0904030809040308093008
070f0f05070f0f050f100f
1a2a24061a2a24062a202a
2d483f0c2d483f0c482048
385d5413385d54135d205e
315855183158551858205b
1532371815323718371037
1208061012080610123011
2d3725052d372505372037
344a3a04344a3a044a204a
253c330a253c330a3c203c
0612140a0612140a141014
1d261b021d261b02262026
38594c0d38594c0d592059
427872204278722078207c
408486304084863086108c
378087363780873687108a
2a6870302a687030701072
17393d1b17393d1b3d103f
010b0f09010b0f090f100e
185160311851603160105e
28829a4e28829a4e9a1097
2f95af572f95af57af10ac
2a87a04f2a87a04fa0109c
216b7f3f216b7f3f7f107c
1348592e1348592e591055
0526352005263520351031
05101d1605101d161d101b
0c000c100c000c10100010
0d06050c0d06050c0d300d
0c0702090c0702090c300b
0c0800080c0800080c300b
0f0d05070f0d05070f300e
1111090511110905112011
10130c0310130c03132013
1217100112171001172017
1419120114191201192019
191f1503191f15031f201f
1c2216041c221604222022
1d2115051d211505212021
1e2012081e201208202020
21200f0c21200f0c213022
211c0910211c0910213020
18090a1718090a17183018
180b0815180b0815183017
160c0412160c0412163015
130a030e130a030e133011
0c04060c0c04060c0c000c
0701090b0701090b0b000b
0601080906010809090009
0601080906010809090009
0701090b0701090b0b000b
08020a0c08020a0c0c000c
06030a0b06030a0b0b000b
0601080906010809090009
0601080906010809090009
06030a0b06030a0b0b000b
06030a0b06030a0b0b000b
06020a0a06020a0a0a000a
06030a0b06030a0b0b000b
06030a0b06030a0b0b000b
0601080906010809090009
0503090905030909090009
04040a0a04040a0a0a000a
0304090803040908091008
0107090501070905091008
080d0c03080d0c030d200d
1218120012181200182018
1e2418041e241804242024
292e1d08292e1d082e202e
30341e0c30341e0c342035
31331b0f31331b0f332035
2725110f2725110f273027
1711030d1711030d173015
0701090b0701090b0b000b
030d1109030d110911100f
060f1007060f1007101010
0308090403080904091008
0401020304010203043003
0f030b110f030b11110011
1701192117011921210021
123c4826123c4826481047
9de6bb169de6bb16e620e7
ffffff04ffffff04ff2182
a4ffea26a4ffea26ff210e
993b3b8d993b3b8d993098
ffff13f5ffff13f5ff3163
ffe226ffffe226ffff316a
ff7280ffff7280ffff3130
f71cd1fff71cd1ffff012d
f412fffff412ffffff015c
ff23ffffff23ffffff017e
db38ffffdb38ffffff0162
627cfffa627cfffaff1117
3ac7ee773ac7ee77ee10e7
6c9c860a6c9c860a9c209c
0728251c0728251c282030
bbfaa90abbfaa90afa20fa
ffffae46ffffae46ff2139
ddd25b5cddd25b5cdd30e5
755e1b3e755e1b3e753070
15160f0415160f04162016
3c1918393c1918393c303e
7b38296e7b38296e7b307b
a1473b95a1473b95a130a5
b15041a4b15041a4b130b6
c36b2d9fc36b2d9fc330bf
ffb306a3ffb306a3ff30f2
ffff31beffff31beff313e
fffe24d2fffe24d2ff3149
ffad06bbffad06bbff30fe
a85d187fa85d187fa8309d
582e0e42582e0e42583050
2919011929190119293023
1110090411100904113010
0004060400040604061005
0f07030b0f07030b0f300d
2713071d2713071d273022
5b2e0f445b2e0f445b3052
b2621a86b2621a86b230a6
ffa12cdbffa12cdbff310f
ffd040ffffd040ffff3166
ffd54bffffd54bffff3178
ffa745ffffa745ffff3134
c05b36a3c05b36a3c030ba
4b1427484b1427484b304a
02141a1002141a101a1019
171b0f07171b0f071b201b
1a16080c1a16080c1a3019
1a16080c1a16080c1a3019
201d0c0d201d0c0d20301f
211d0b0f211d0b0f213020
150c0310150c0310153014
08171a0d08171a0d1a101a
2e4234042e423404422042
495b3f07495b3f075b205b
4d5431124d543112542055
3c310e1f3c310e1f3c3039
26061c2c26061c2c2c002c
121e3e36121e3e363e103d
0d2747390d274739471045
200a2e34200a2e34340034
3f29012b3f29012b3f303b
5a5728215a5728215a305d
5f64371a5f64371a642067
4e4f28194e4f28194f2052
342a0a1c342a0a1c343032
16021a2016021a20200020
0225362302253623361032
092e3b22092e3b223b1039
031f2b1b031f2b1b2b1029
0906131209061312131012
120c000c120c000c123010
1715090917150909173016
1715090917150909173016
1511050b1511050b153014
130f030b130f030b133012
100f0607100f0607103010
080a0800080a08000a200a
0d0b03070d0b03070d300d
282b180b282b180b2b202c
414e330a414e330a4e204e
4e654a034e654a03652065
42604e0842604e08602060
1b3231101b323110322034
1710011017100110173016
373f270b373f270b3f203f
414f3507414f35074f204f
333b2509333b25093b203b
150b0511150b0511153014
11333d1d11333d1d3d103a
2f696f2b2f696f2b6f1071
3b8991393b899139911094
388d9a43388d9a439a109c
2c7a8a402c7a8a408a1089
1e545e2c1e545e2c5e105e
0915150909151509151016
10343e2010343e203e103d
2470824024708240821080
308fa44f308fa44fa410a3
328fa44d328fa44da410a2
2a788a402a788a408a1088
2058642e2058642e641063
1438401c1438401c40103e
091c2110091c2110211020
00090e0900090e090e100c
0602040606020406060006
0a0700070a0700070a3009
0c0800080c0800080c300b
0c0902070c0902070c300b
0f0f07050f0f07050f200f
10130c0310130c03132013
11140d0211140d02142014
13170f0313170f03172017
1519110315191103192019
191d1303191d13031d201d
1c2014061c201406202020
1e1f10091e1f10091f2020
1e1c0c0c1e1c0c0c1e301e
211c0910211c0910213020
211905132119051321301f
180b0815180b0815183017
180c0614180c0614183017
1910011219100112193018
150f010d150f010d153013
0b0503090b0503090b300a
0600060806000608080008
0601080906010809090009
06030a0b06030a0b0b000b
08020a0c08020a0c0c000c
0701090b0701090b0b000b
0601080906010809090009
0601080906010809090009
06030a0b06030a0b0b000b
06030a0b06030a0b0b000b
06020a0a06020a0a0a000a
06030a0b06030a0b0b000b
06030a0b06030a0b0b000b
0601080906010809090009
0601080906010809090009
04040a0a04040a0a0a000a
0503090905030909090009
0401060704010607070007
0005080500050805081007
060b0a03060b0a030b200b
0f140f000f140f00142014
1b2015041b201504202020
252a1908252a19082a202a
2d301b0c2d301b0c302031
30311a0f30311a0f312033
2827120f2827120f283029
1813040d1813040d183017
0901070b0901070b0b000b
010a0d08010a0d080d100c
060c0c04060c0c040c100c
0304030003040300042004
0107090501070905091008
030d150f030d150f151013
0a10221e0a10221e221022
1139452511394525451043
89c7a11389c7a113c720c7
ffffff0fffffff0fff216d
f4ffe014f4ffe014ff213e
05201d1205201d12202024
c6dc922ac6dc922adc20df
cbfdb90dcbfdb90dfd20fd
537f6f19537f6f197f2081
1010060c1010060c102014
1a5668341a566834681064
1e3470681e347068701074
3f1a1b463f1a1b4646004a
1d1439381d14393839103b
c64260cac64260caca00d4
ff5f87ffff5f87ffff012e
c405baffc405baffff0109
0684c68c0684c68cc610c0
9dca85169dca8516ca20cb
ddb62584ddb62584dd30e0
cc831299cc831299cc30c9
90521a7290521a7290308c
4321133943211339433041
0305050103050501051005
3d1f0f333d1f0f333d303b
733a1f62733a1f62733071
ad5b278dad5b278dad30a7
f99023bcf99023bcf930ec
ffd01df4ffd01df4ff3140
ffec28ffffec28ffff3175
ffd33effffd33effff3169
ffa044f8ffa044f8ff3127
d86d34b3d86d34b3d830d1
8c481c6e8c481c6e8c3083
4f2c07384f2c07384f3047
221300152213001522301c
0604020206040202063004
0802040808020408080008
1a0d04131a0d04131a3017
4427042d4427042d44303b
8c510c638c510c638c307f
ed881fb2ed881fb2ed30e0
ffbe30feffbe30feff313d
ffd438ffffd438ffff3162
ffb531f5ffb531f5ff3130
c86d249dc86d249dc830bf
532615425326154253304c
0802060608020606083006
1812001218120012183019
211803142118031421301f
231d0911231d0911233021
211d0b0f211d0b0f213020
140e020c140e020c143012
0810100608101006101011
2c3524052c352405352035
494f2d13494f2d134f2051
4e481e204e481e204e304e
3c25042b3c25042b3c3038
2402263224022632320032
0e203c320e203c323c103b
0821382b0821382b381036
1800182018001820200020
3633161536331615363037
515f3d0d515f3d0d5f205f
5466440a5466440a662066
424b2e0d424b2e0d4b204c
2a240c142a240c142a3029
0f081b1c0f081b1c1c001d
0527352105273521351033
0829361f0829361f361033
0117251901172519251021
0f000f140f000f14140014
1810001018100010183016
1b17070d1b17070d1b301a
1814060c1814060c183017
1511050b1511050b153014
1412080814120808143013
1216100212161002162016
0915170909151709171016
11030d1511030d15150015
33290b1b33290b1b333031
5151291b5151291b512055
626e4216626e42166e2070
5a6c480c5a6c480c6c206c
2c3b2e012c3b2e013b203b
120e020c120e020c123012
3d4225103d422510422043
484e2c12484e2c124e2050
3933131939331319393038
1b021f261b021f26260026
09435b3709435b375b1056
24778e4724778e478e108a
3293aa513293aa51aa10a7
2d8da5512d8da551a510a2
1d687d421d687d427d107b
0c2f381f0c2f381f381038
07181d1007181d101d101c
1857683718576837681066
2981974b2981974b971095
328fa44d328fa44da410a2
3082924230829242921091
2867723128677231721072
1d454b1f1d454b1f4b104b
13292b0f13292b0f2b102b
0c1514050c151405152015
0305050103050501051005
0201000102010001023001
0605020306050203063005
0908030409080304093008
0a0b06030a0b06030b200b
0e100a020e100a02102010
10140e0210140e02142014
11140d0211140d02142014
12150e0312150e03152015
161a1004161a10041a201a
181b1005181b10051b201b
1b1c0f081b1c0f081c201d
1e1c0c0c1e1c0c0c1e301e
1e19080f1e19080f1e301d
201906112019061120301e
1f1703131f1703131f301d
1a0d06151a0d06151a3018
180e0212180e0212183016
1a13020f1a13020f1a3018
1712030e1712030e173016
0f08030c0f08030c0f300e
0801060908010609090009
0503090905030909090009
04040a0a04040a0a0a000a
0601080906010809090009
0601080906010809090009
0701090b0701090b0b000b
08020a0c08020a0c0c000c
06030a0b06030a0b0b000b
06020a0a06020a0a0a000a
06030a0b06030a0b0b000b
06030a0b06030a0b0b000b
0601080906010809090009
0600060806000608080008
0503090905030909090009
04040a0a04040a0a0a000a
0601080906010809090009
0600060806000608080008
0304090803040908091008
02090c0702090c070c100b
09100f0409100f04102010
151b1301151b13011b201b
2125170721251707252025
2a2c180c2a2c180c2c202d
2e2f180f2e2f180f2f2031
2a2812102a2812102a302b
1b1403101b1403101b3019
0d03090f0d03090f0f000f
04060e0c04060e0c0e100d
00080c0800080c080c100b
0300030403000304040004
090d0b01090d0b010d200d
0c1818080c181808181019
081d2211081d2211221021
1b3839161b38391639103c
7ba47b047ba47b04a420a4
ffffd229ffffd229ff2143
ffffba4dffffba4dff214a
6e3918576e3918576e3068
5ff6ff705ff6ff70ff110e
6bffffaf6bffffafff116b
34a3ffef34a3ffefff1121
dc2aa6ffdc2aa6ffff0109
ff983feaff983feaff3117
d05b44b5d05b44b5d030ca
4c52b8a44c52b8a4b810b7
4198ffe24198ffe2ff1110
cf38ffffcf38ffffff0152
ff32ffffff32ffffff01a2
ff40ffffff40ffffff01ac
ff0ff9ffff0ff9ffff0157
7027b4c37027b4c3c300c6
18505c2818505c285c1059
766818447668184476307c
9863127598631275983099
884628788846287888308a
6229285d6229285d623065
3212183232121832320035
0809060108090601092009
492b0937492b0937493045
975813709758137097308e
f18d1db3f18d1db3f130e3
ffba30faffba30faff3137
ffce49ffffce49ffff316d
ffc25fffffc25fffff3174
ffa664ffffa664ffff3153
ff8a4ef2ff8a4ef2ff3116
cf6a2da8cf6a2da8cf30c6
7c42145e7c42145e7c3072
391f0527391f0527393031
120b0209120b020912300e
0402020404020204040004
160f020d160f020d163013
342000203420002034302d
6c3e0a4c6c3e0a4c6c3062
c8741894c8741894c830bc
ffb322e1ffb322e1ff311f
ffd724ffffd724ffff3153
ffc21de8ffc21de8ff312e
cf7e1396cf7e1396cf30c3
5e3708415e3708415e3055
0f04050a0f04050a0f300a
1717090b1717090b172019
21200f0c21200f0c213022
1e2012081e201208202020
10130c0310130c03132013
0908030409080304093008
292a170c292a170c2a202b
4342211643422116433045
463c1422463c1422463044
361d0a2b361d0a2b363033
1f02212c1f02212c2c002c
09172b2309172b232b1029
001520150015201520101d
0f0b01090f0b01090f300e
2d3c2d002d3c2d003c203c
47634d0547634d05632063
48624a0248624a02622062
37432d0737432d07432043
211c0910211c0910213020
060f1c17060f1c171c101b
0b28311a0b28311a31102f
09242d1809242d182d102b
02121c1402121c141c101a
0f0409100f040910100010
1813040d1813040d183017
1b18090c1b18090c1b301a
1814060c1814060c183017
1613060b1613060b163015
16180e0616180e06182018
15211d0515211d05212021
0c2226120c222612261026
1105171b1105171b1b001b
3427061f3427061f343031
5552252055522520553058
6d74411e6d74411e742077
6a7748176a774817772079
3e4a300a3e4a300a4a204a
0503010505030105050005
3a3d20113a3d20113d203f
49461f1c49461f1c49304b
3c26042a3c26042a3c3038
1e143c3c1e143c3c3c003f
05557b4f05557b4f7b1074
1d84a95e1d84a95ea910a2
2695b8632695b863b810b2
1e80a0581e80a058a0109b
0b485f3a0b485f3a5f105c
0a02080c0a02080c0c000c
1a444a221a444a224a104c
256f813f256f813f81107f
2f8699482f869948991098
3387974333879743971096
2e727e362e727e367e107e
24555c2524555c255c105c
1835381518353815381039
0f1c1b080f1c1b081c201d
0b0f0b010b0f0b010f200f
0604000406040004063005
0300030403000304040004
0004060400040604061005
0308090403080904091008
060c0c04060c0c040c100c
09100f0409100f04102010
0c1412040c141204142014
0c1412040c141204142014
0c1310030c131003132013
1218120012181200182018
15180f0415180f04182018
18180c0818180c08182019
1b18090c1b18090c1b301a
1c17060f1c17060f1c301b
1e1704111e1704111e301c
1e1400141e1400141e301c
1c1004161c1004161c301b
1b1301111b1301111b3019
1a15060d1a15060d1a3018
1712050c1712050c173015
100a020c100a020c10300f
0a02080c0a02080c0c000c
06030a0b06030a0b0b000b
0503090905030909090009
0601080906010809090009
06030a0b06030a0b0b000b
08020a0c08020a0c0c000c
0701090b0701090b0b000b
0601080906010809090009
0503090905030909090009
04040a0a04040a0a0a000a
0601080906010809090009
0600060806000608080008
0600060806000608080008
0304090803040908091008
0304090803040908091008
0600060806000608080008
0600060806000608080008
0303070703030707070007
0107090501070905091008
080d0c03080d0c030d200d
1116110011161100162016
1b2015041b201504202020
2428180824281808282028
2a2c180c2a2c180c2c202d
2827120f2827120f283029
1b15050f1b15050f1b3019
0e05060d0e05060d0e300d
06040c0c06040c0c0c000c
04050c0b04050c0b0c100c
0904030809040308093008
10130c0310130c03132013
151f1903151f19031f201f
1526250a1526250a262027
2138330e2138330e382039
66805a0466805a04802080
edffa133edffa133ff210d
ffffa858ffffa858ff213c
754d094b754d094b75306b
96fdd42596fdd425fd20ff
f4ffff21f4ffff21ff2174
6adee4506adee450e410eb
710d6591710d6591910091
ffac07b6ffac07b6ff30fa
e094049ee094049ee030d8
22386e5c22386e5c6e106b
62d1cc3d62d1cc3dd120d9
1e9ac46c1e9ac46cc410bc
8014a0c28014a0c2c200c3
e936a1ffe936a1ffff010f
ff4babffff4babffff0132
f6499cfff6499cffff011a
a8277cc5a8277cc5c500c8
3b0d555f3b0d555f5f005f
202d2201202d22012d202d
55350d4555350d45553057
6d3625646d3625646d3071
6a3226626a3226626a306e
4e251a474e251a474e3050
1a090e1b1a090e1b1b001c
2b1d011b2b1d011b2b3027
79460f5a79460f5a793072
d07420a0d07420a0d030c5
ff9c35e4ff9c35e4ff3114
ffac55ffffac55ffff314c
ffae6fffffae6fffff316c
ffb56cffffb56cffff3172
ffb151ffffb151ffff314d
ff8f31d1ff8f31d1ff30fd
a75d177da75d177da7309b
532f0739532f0739533049
1b0e03121b0e03121b3016
0205040102050401052005
110c010a110c010a11300f
2714051c2714051c273022
5b310b415b310b415b3051
b26a1080b26a1080b230a6
ffb30fc7ffb30fc7ff310b
ffe009ecffe009ecff3145
ffcc05d2ffcc05d2ff3124
cc86048acc86048acc30c0
5c350a415c350a415c3053
0e0716150e071615161016
12201c0612201c06202020
16221c0416221c04222022
0d1715050d171505172017
0802040808020408080008
2423100d2423100d243025
39391d1339391d1339203c
3a3416183a3416183a3039
271b0319271b0319273024
12040c1412040c14140014
010b110b010b110b11100f
060a0a02060a0a020a100a
0a1414060a141406141014
29433b0d29433b0d432044
3f61510d3f61510d612061
3f5947053f594705592059
2f3927052f392705392039
1913030f1913030f193018
01131d1501131d151d101c
0d272d150d272d152d102c
0b2127130b212713271026
010e1710010e1710171015
0f07050d0f07050d0f300e
1815080b1815080b183017
1a190c091a190c091a301a
1514090815140908153015
15150b0715150b07152016
1920170219201702202020
1c2d26071c2d26072d202d
152a290e152a290e2a202c
0609141106091411141013
2a240c142a240c142a3029
4e502a184e502a18502053
6b76451a6b76451a762078
7080501670805016802081
4b593b0b4b593b0b592059
060c0c04060c0c040c100c
3330151433301514333034
45370d2545370d25453042
39131d3939131d3939003c
1c28584e1c28584e581057
046694600466946094108c
1a8eba6c1a8eba6cba10b2
1c8fba6b1c8fba6bba10b2
0d6589550d658955891084
0c1b342b0c1b342b341032
2331250323312503312031
306464243064642464106a
367d8435367d8435841087
3a858e393a858e398e1090
387c8232387c8232821085
2e6366252e636625661069
2344431623444316442047
1727230717272307272027
11120b0411120b04122012
0f09010b0f09010b0f300e
0d04070e0d04070e0e000e
0b000b0e0b000b0e0e000e
07040d0e07040d0e0e000e
0508110e0508110e111010
010d150f010d150f151013
0010181000101810181016
0313190f0313190f191018
0413180d0413180d181017
0510130a0510130a131012
0a1312050a131205132013
0f140f000f140f00142014
12140c0412140c04142014
1514090815140908153015
1814060c1814060c183017
1b1301111b1301111b3019
1c1004161c1004161c301b
1f1303171f1303171f301d
211803142118031421301f
1e1806101e1806101e301c
1814060c1814060c183017
100a000a100a000a10300e
0901070b0901070b0b000b
0701090b0701090b0b000b
06020a0a06020a0a0a000a
06030a0b06030a0b0b000b
06030a0b06030a0b0b000b
0601080906010809090009
0600060806000608080008
0600060806000608080008
0304090803040908091008
0304090803040908091008
0600060806000608080008
0600060806000608080008
0600060806000608080008
0304090803040908091008
0304090803040908091008
0600060806000608080008
0600060806000608080008
0401060704010607070007
0005080500050805081007
060b0a03060b0a030b200b
0d120d000d120d00122012
181c1204181c12041c201c
2125170721251707252025
2629180926291809292029
2425140b2425140b252026
1917090b1917090b193019
0c0800080c0800080c300b
0203060502030605061005
0004060400040604061005
0707030307070303072007
1217100112171001172017
19251f0319251f03252025
1b2f2b0b1b2f2b0b2f2030
1f3937111f39371139203b
49614b0549614b05612061
b8d18223b8d18223d120d3
ffffac44ffffac44ff2129
7b91611b7b91611b912093
baa6365abaa6365aba30bc
ffff78c1ffff78c1ff3190
ffff34cfffff34cfff3158
993b4393993b439399309e
288aa44e288aa44ea4109e
56bdbe3d56bdbe3dbe10c6
4918697449186974740076
ffb704bfffb704bfff3108
ffca0dd8ffca0dd8ff3127
c75e43b4c75e43b4c730cb
5b10456c5b10456c6c006d
021b2215021b2215221022
5542033a5542033a553057
7c4c1a687c4c1a687c3080
6b31316b6b31316b6b0075
4113314d4113314d4d004f
11041f2011041f20200020
1e19080f1e19080f1e301d
442a0a36442a0a36443044
5933154b5933154b59305a
502a1848502a1848503053
2d14132c2d14132c2d3030
0b0905030b0905030b3009
5331093d5331093d53304e
a25c187ca25c187ca2309a
e47632bae47632bae430dc
ff884ff2ff884ff2ff3115
ffa95cffffa95cffff314e
ffca58ffffca58ffff3177
ffcf48ffffcf48ffff316d
ffb02feeffb02feeff3128
cd771797cd771797cd30c0
693a0b4a693a0b4a69305e
231105192311051923301e
0301010103010101033001
0b0601080b0601080b300a
1c1100111c1100111c3018
4a32082a4a32082a4a3041
9f7619589f7619589f3093
fac2288efac2288efa30f0
ffe62bacffe62bacff311f
ffc61f9affc61f9aff30fa
a1720766a1720766a13098
3d1a15343d1a15343d303a
0316231803162318231020
0d1f210d0d1f210d211021
0a1616080a161608161017
0500050605000506060006
1d1e11081d1e11081e201f
3036220a3036220a362036
2d3421082d342108342034
1920170219201702202020
050b0b05050b0b050b100c
0b0503090b0503090b300a
0c04060c0c04060c0c000c
071b2111071b211121101f
2646421426464214462048
38594e0f38594e0f59205a
374f3f05374f3f054f204f
272f1f05272f1f052f202f
120a020e120a020e123011
02141c1202141c121c101a
0f2427100f242710271027
0d1f210d0d1f210d211021
000c120c000c120c121010
0f08030c0f08030c0f300e
1917090b1917090b193019
1b1b0d091b1b0d091b201c
1514090815140908153015
16170c0716170c07172018
1f2619041f261904262026
2733250127332501332033
212b1f01212b1f012b202b
0809040308090403092009
17211b0317211b03212021
394b3701394b37014b204b
5b7453065b745306742074
6887620568876205872087
49664f0449664f04662066
071a1f10071a1f101f101e
2f20011e2f20011e2f302b
3f230b313f230b313f303c
3302354633023546460046
173a6d58173a6d586d1069
0b74a3660b74a366a3109a
1d92bd6c1d92bd6cbd10b5
1780a7621780a762a710a1
024164450241644564105e
23120b1e23120b1e233022
3c533e033c533e03532053
4876681648766816762078
4d84791e4d84791e842087
4b82771e4b82771e822085
4470641644706416702072
3954450839544508542054
2d3421082d342108342034
241a0416241a0416243022
1f0c0d1e1f0c0d1e1f3020
1d0515211d051521210021
1c0318231c031823230023
1b001b241b001b24240024
18041e2418041e24240024
1508212415082124240024
110e2524110e2524251026
0f1027240f102724271027
0d1127230d112723271026
0c1024200c102420241023
0c0b1c1b0c0b1c1b1c101d
060b1613060b1613161015
020e120a020e120a121011
090e0b02090e0b020e200e
0e0f08050e0f08050f200f
1410040a1410040a143012
150e010e150e010e153013
170c0512170c0512173015
221600162216001622301f
221b0613221b0613223021
211c0910211c0910213020
1b17070d1b17070d1b301a
100b000b100b000b10300f
0801060908010609090009
0601080906010809090009
06030a0b06030a0b0b000b
06030a0b06030a0b0b000b
0601080906010809090009
0600060806000608080008
0600060806000608080008
0600060806000608080008
0304090803040908091008
0304090803040908091008
0600060806000608080008
0600060806000608080008
0600060806000608080008
0303070703030707070007
0204080602040806081007
0401060704010607070007
0600060806000608080008
0600060806000608080008
0303070703030707070007
0308090403080904091008
0b0e0b000b0e0b000e200e
15180f0415180f04182018
1f2315071f231507232023
2428180824281808282028
2124150821241508242024
18190e0718190e07192019
0c0c06040c0c06040c200c
0000000000000000000000
0403000304030003043004
0308090403080904091008
0f1815040f181504182018
1a2a24061a2a24062a202a
2139350d2139350d39203a
1f3e3f161f3e3f163f1041
2e4e48142e4e48144e2050
81a0710881a07108a020a0
e6ffac2ce6ffac2cff2111
afe49f16afe49f16e420e5
570d4161570d4161610061
fff406fefff406feff3160
ffff37ffffff37ffff31bb
ff819cffff819cffff316c
9b3defff9b3defffff010d
16a9ffb716a9ffb7ff10f9
4b55c1a94b55c1a9c110bd
fd6171f1fd6171f1fd3103
ff9e91ffff9e91ffff317c
ff6ee2ffff6ee2ffff01a8
ff51f0ffff51f0ffff0199
ff40c9ffff40c9ffff0152
be13a4ebbe13a4ebeb00eb
5b157b8d5b157b8d8d008e
221b4643221b4643461048
0213160f0213160f161018
0d0a07100d0a0710100012
0c0212160c021216160016
0a0c0e040a0c0e040e100c
2b1c011c2b1c011c2b3027
4525113b4525113b453045
4f271b494f271b494f3052
411f173d411f173d413044
14060e1814060e18180018
2e1f021d2e1f021d2e302a
6d3c13566d3c13566d3068
a8532c8da8532c8da830a3
ee753ec7ee753ec7ee30e6
ffa548ffffa548ffff3134
ffd449ffffd449ffff3175
ffe63fffffe63fffff3183
ffcb2cffffcb2cffff314a
eb8c17aceb8c17aceb30dd
7b4809547b4809547b306e
2d18051e2d18051e2d3026
09020b0c09020b0c0c000c
01101b1001101b101b1016
0b2f45250b2f452545103b
25657f3f25657f3f7f1077
4e979a394e979a399a10a1
88bd8c0388bd8c03bd20bd
b4c76a37b4c76a37c720ce
9e963a469e963a469e30a5
513e0930513e093051304e
0f0415160f041516160016
0c1818080c181808181019
0c110e010c110e01112011
0101030301010303030003
121c1804121c18041c201c
25372d0525372d05372037
243a340a243a340a3a203a
112729111127291129102a
050e1914050e1914191018
12040c1412040c14140014
1100111611001116160016
051f2919051f2919291027
2143431721434317431046
304f460f304f460f4f2050
3043340330433403432043
2224140a2224140a242025
1005081110050811110011
01131b1101131b111b1019
0e20220e0e20220e221022
0d1c1d0a0d1c1d0a1d101d
030c0f08030c0f080f100e
0c0800080c0800080c300b
18180c0818180c08182019
1b1c0f081b1c0f081c201d
15150b0715150b07152016
17180d0617180d06182018
2226160822261608262026
2e311a0d2e311a0d312032
2b260d142b260d142b302a
1805101b1805101b1b001b
0221301f0221301f30102d
1f474d1f1f474d1f4d104d
3f716b1d3f716b1d712074
528a7c1c528a7c1c8a208c
3b6c651c3b6c651c6c206f
0223321f0223321f32102e
2c0f162b2c0f162b2c302d
390d253f390d253f3f0040
2e144c522e144c52520054
12477c5f12477c5f7c1076
107ca866107ca866a810a0
208db263208db263b210ac
1368895013688950891083
0f1f3f330f1f3f333f103b
37300f1a37300f1a373036
5464400c5464400c642064
627d5807627d58077d207d
69865f0669865f06862086
657c550a657c550a7c207c
5a633a155a633a15632065
4e4418244e4418244e304c
422608324226083242303e
3910213c3910213c3c003e
37082b4237082b42420042
3604304436043044440044
3501334535013345450045
3401324534013245450045
3103354331033543430043
2b0735412b073541410041
260c383e260c383e3e003f
2110393c2110393c3c003e
210f373b210f373b3b003c
210b3137210b3137370038
2103252f2103252f2f002f
1b0119231b011923230023
0e0312150e031215150015
03050b0903050b090b100a
0609080106090801092009
0c0c06040c0c06040c200c
0d0b03070d0b03070d300d
0e08020a0e08020a0e300c
241b0415241b0415243022
231e0b10231e0b10233022
211f0d0d211f0d0d213021
1b18090c1b18090c1b301a
120d020b120d020b123011
0902070a0902070a0a000a
06030a0b06030a0b0b000b
06030a0b06030a0b0b000b
0601080906010809090009
0600060806000608080008
0600060806000608080008
0600060806000608080008
0600060806000608080008
0303070703030707070007
0204080602040806081007
0401060704010607070007
0600060806000608080008
0600060806000608080008
0401060704010607070007
0203060502030605061005
0202040402020404040004
0300030403000304040004
0300030403000304040004
0101030301010303030003
0305050103050501051005
090c0900090c09000c200c
11150f0111150f01152015
1b2015041b201504202020
2227180722271807272027
2125170721251707252025
181c1204181c12041c201c
0c100c000c100c00102010
0005080500050805081007
0700070a0700070a0a000a
03070d0b03070d0b0d100d
0a1718090a171809181018
1b2d29091b2d29092d202d
26423c0e26423c0e422043
2446441624464416462049
244646182446461846104a
5a795c055a795c05792079
c7e79125c7e79125e720e9
eaffa637eaffa637ff2114
4e84700e4e84700e842084
b958319eb958319eb930b4
ffd429ffffd429ffff315f
ffbf3cffffbf3cffff3158
b7424db0b7424db0b730bb
1744491c1744491c491049
5f581f385f581f385f3068
0b110b0b0b110b0b112014
7214588872145888880089
e529afffe529afffff0119
ff68a8ffff68a8ffff015d
ff8b7effff8b7effff314f
ff6178f9ff6178f9ff310b
b22882ccb22882cccc00cf
881378ab881378abab00ac
71135f8b71135f8b8b008c
591145695911456969006a
3e0a2e483e0a2e48480048
2d09192d2d09192d2d002d
260c0c20260c0c20263022
2d100f262d100f262d3029
3f19193b3f19193b3f3040
53261f4e53261f4e533056
51261d4c51261d4c513054
2f14132e2f14132e2f3032
0603020506030205063005
43191f4143191f41433045
883638808836388088308a
dd6741bfdd6741bfdd30d9
ffa93af9ffa93af9ff312c
ffe231ffffe231ffff3171
fff72cfffff72cffff3186
ffdf21ffffdf21ffff315a
ff9b1abbff9b1abbff30f2
8d471f6f8d471f6f8d3083
4008324840083248480048
222b6655222b665566105f
206fce9b206fce9bce10be
3fa2fffe3fa2fffeff112d
7486ffff7486ffffff114c
6f5af1f26f5af1f2f20102
0b70a9720b70a972a9109f
4882741648827416822083
3a503a023a503a02502050
040c0c06040c0c060c100d
1812040e1812040e183016
170e0110170e0110173015
0b020d100b020d10100010
091c2110091c2110211020
1e3836101e38361038203a
21403d1221403d12402042
112c3116112c3116311031
070e1d18070e1d181d101b
15040f1815040f18180018
1102131811021318180018
061e2616061e2616261025
213b370f213b370f3b203c
3044360430443604442044
2f3623082f362308362036
211a0712211a071221301f
13030f1713030f17170017
04101c1604101c161c101b
071b2111071b211121101f
09181b0c09181b0c1b101a
010b0f09010b0f090f100e
0c0800080c0800080c300b
18180c0818180c08182019
1b1c0f081b1c0f081c201d
16170c0716170c07172018
17180d0617180d06182018
2020100a2020100a202021
2d270d152d270d152d302c
2e1a08242e1a08242e302c
2103273121032731310031
0f2445380f244538451042
0948633c0948633c63105d
2670823e2670823e821080
39868f3a39868f3a8f1092
2866703028667030701070
05273f2b05273f2b3f103a
26032a3526032a35350035
30073a4730073a47470047
27235b5727235b575b105d
0d4f83610d4f836183107d
147ba461147ba461a4109c
207e9c54207e9c549c1097
0c4d683d0c4d683d681062
1807242718072427270027
423c161c423c161c423042
6166371c6166371c662069
757c4520757c45207c2080
7e8244267e824426822087
797231307972313079307b
6e54103e6e54103e6e3068
6134134e6134134e61305d
581b305b581b305b5b005e
510a4162510a4162620062
5006466450064664640064
4e0546634e054663630063
4a0246604a024660600060
4804425c4804425c5c005c
4201405742014057570057
3b033f513b033f51510051
33083f4c33083f4c4c004c
2c0e40482c0e4048480049
2a0b3a432a0b3a43430043
2a032e3b2a032e3b3b003b
2a081e302a081e30300030
250e1124250e1124253026
190a0b18190a0b1819301a
0e04080e0e04080e0e000e
0303070703030707070007
0408080204080802081008
0809060108090601092009
0605020306050203063005
2d22071a2d22071a2d302a
29240d1229240d12293028
23210f0d23210f0d233023
1b18090c1b18090c1b301a
130f030b130f030b133012
0a02060a0a02060a0a000a
04040a0a04040a0a0a000a
0601080906010809090009
0600060806000608080008
0600060806000608080008
0600060806000608080008
0600060806000608080008
0600060806000608080008
0401060704010607070007
0203060502030605061005
0202040402020404040004
0301050503010505050005
0401060704010607070007
0600060806000608080008
0401060704010607070007
0301050503010505050005
0300030403000304040004
0300030403000304040004
0300030403000304040004
0004060400040604061005
060b0a03060b0a030b200b
0d130f010d130f01132013
171d1501171d15011d201d
1e251a031e251a03252025
1f271b031f271b03272027
181f1601181f16011f201f
0d1411020d141102142014
030b0d07030b0d070d100d
06030a0b06030a0b0b000b
04050c0b04050c0b0c100c
0915170909151709171016
1c2e28081c2e28082e202e
2e4538072e453807452045
324b3e07324b3e074b204b
2e453a092e453a09452045
4a5c42024a5c42025c205c
a7b2652aa7b2652ab220b6
feff8457feff8457ff2113
d4da6850d4da6850da20e8
1f3121011f312101312031
a38b2f57a38b2f57a330a3
f6ff8657f6ff8657ff210f
8fe3c11d8fe3c11de320e4
4f51c7bf4f51c7bfc710cf
f92abdfff92abdffff0130
ff6a92ffff6a92ffff0141
f88c32caf88c32caf830f5
6f4a05466f4a05466f3065
3f6357053f635705632063
80c2a61a80c2a61ac220c3
3a858e3d3a858e3d8e1092
092b4537092b4537451045
08080c0e08080c0e0e0010
1e081e281e081e28280028
440d3e59440d3e59590059
5e134e755e134e75750076
661a4876661a4876760078
5d1a39645d1a3964640067
4a112e4f4a112e4f4f0050
420b2c47420b2c47470047
5013325550133255550057
6823386d6823386d6d0072
74332c6f74332c6f74307a
5e3908475e3908475e305b
242e2400242e24002e202e
2d0e434c2d0e434c4c004d
892e438a892e438a8a0091
e68022b2e68022b2e630db
ffc603ccffc603ccff311c
ffe609eeffe609eeff314a
fff01ffffff01fffff316d
ffd534ffffd534ffff315f
ff8450ecff8450ecff310e
ab1c81c2ab1c81c2c200c4
5e5eecd45e5eecd4ec10e7
40dbffff40dbffffff1174
6fffffff6fffffffff11e1
e97fffffe97fffffff01ce
ff2ceaffff2ceaffff0170
be2a7ecebe2a7ecece00d2
1341754f1341754f751066
2054622a2054622a62105d
1214302e1214302e301032
31150f2b31150f2b31302f
28130a2128130a21283026
1402101814021018180018
05191f1105191f111f101e
1f36310c1f36310c362037
2a4036082a403608402040
1d2d25051d2d25052d202d
070f0f05070f0f050f100f
0702050807020508080008
0502090a0502090a0a000a
0e1918070e191807192019
2632260026322600322032
3239240932392409392039
2e2b12132e2b12132e302f
2214041a2214041a223020
1701151d1701151d1d001d
0b0d1f1d0b0d1f1d1f101f
0315231903152319231020
00141e1400141e141e101c
0608121006081210121011
110a010c110a010c11300f
1a190c091a190c091a301a
1b1c0f081b1c0f081c201d
18170a0918170a09183018
1916070c1916070c193019
201702132017021320301d
2a160a222a160a222a3028
2e0822362e082236360036
2a0f40472a0f4047470048
1d2a5d521d2a5d525d105c
094d7d59094d7d597d1075
106f965b106f965b96108f
1e7996511e799651961091
1157713f1157713f71106b
0c2848360c284836481043
20133c3d20133c3d3d003f
27184b4c27184b4c4c004f
1f2f65591f2f6559651064
0952835e0952835e83107c
147092561470925692108d
1c667c401c667c407c1078
0a3546270a354627461041
17060f1817060f18180018
3e3a18183e3a18183e303e
5f5f2f215f5f2f215f2064
7876382a7876382a78307d
8178333481783334813082
7d6419427d6419427d3077
704508517045085170306a
6427285d6427285d643064
5a123e665a123e66660067
55074b6b55074b6b6b006b
55074b6b55074b6b6b006b
5409466754094667670067
4e0842604e084260600060
4a093c594a093c59590059
4309355143093551510051
3a0532473a053247470047
2d022f3e2d022f3e3e003e
23072d3523072d35350035
1e05262d1e05262d2d002d
2006182620061826260026
24120a1e24120a1e243022
2217001722170017223020
1b1301111b1301111b3019
100a020c100a020c10300f
0702050807020508080008
0004060400040604061005
0407060104070601072007
0304030003040300042004
342a0a1c342a0a1c343032
302a0e16302a0e1630302f
28240e1228240e12283028
1f1a090e1f1a090e1f301d
1510030c1510030c153014
0a03060b0a03060b0b000b
05040b0a05040b0a0b100a
0701090b0701090b0b000b
0900090c0900090c0c000c
0900090c0900090c0c000c
0901070b0901070b0b000b
0801060908010609090009
0600060806000608080008
0600060806000608080008
0401060704010607070007
0301050503010505050005
0202040402020404040004
0202040402020404040004
0300030403000304040004
0300030403000304040004
0300030403000304040004
0300030403000304040004
0300030403000304040004
0301050503010505050005
0104070601040706071007
03090b0503090b050b100a
0b110f030b110f03112011
131b1501131b15011b201b
1b241b001b241b00242024
1e281e001e281e00282028
18211a0118211a01212021
0f1713030f171303172017
070e0d04070e0d040e200e
0005080500050805081007
0104070601040706071007
0a1210040a121004122012
212a1d02212a1d022a202a
3740290a3740290a402040
434b2d0f434b2d0f4b204c
40472a0f40472a0f472048
494c2b12494c2b124c204e
85803d2c85803d2c853087
e7d14f65e7d14f65e730e8
ffe33a97ffe33a97ff3110
c382058cc382058cc330bf
0a3f62470a3f624762105e
b5ffdf12b5ffdf12ff2118
d5ffff34d5ffff34ff2165
2edeff9e2edeff9eff1110
a81fd8ffa81fd8ffff0106
ff7f8affff7f8affff314f
ffec2fffffec2fffff317a
ffab34ebffab34ebff3122
5657d6bf5657d6bfd610d1
18f9ffd518f9ffd5ff1147
44a6ffff44a6ffffff1139
bc1aeeffbc1aeeffff0121
dd28abffdd28abffff010b
bf3775cfbf3775cfcf00d6
85323d8285323d8285308b
3c1c0e303c1c0e303c3037
0c040e140c040e14140014
3a191e3d3a191e3d3d0041
461a264a461a264a4a004e
3e0e2c463e0e2c46460047
39033d4b39033d4b4b004b
5100536c5100536c6c006c
892f4991892f4991910098
b16b178bb16b178bb130af
987d2051987d2051983094
46573c0546573c05572057
25062f3a25062f3a3a003a
916a0d5c916a0d5c91308c
d8be4860d8be4860d830d4
e9bf3b6de9bf3b6de930db
ffae06b0ffae06b0ff30f7
ffb93fffffb93fffff3144
ffa36cffffa36cffff315b
ff34b8ffff34b8ffff012a
7f88ffff7f88ffffff1143
1cffffff1cffffffff11bc
25ffffff25ffffffff11d1
ad5cffffad5cffffff0150
ffae2feeffae2feeff3126
e5c43572e5c43572e530e2
1505251b1505251b25101b
3d6c6b1c3d6c6b1c6c206f
0e23483f0e23483f481048
4b2415424b2415424b304b
3e26022a3e26022a3e3038
1b0e05141b0e05141b3018
0810100608101006101011
262e1e06262e1e062e202e
373a1f10373a1f103a203c
302a1016302a101630302f
1e1104171e1104171e301c
10030c1310030c13130013
0e05060d0e05060d0e300d
1916090a1916090a193018
2a2d1a0b2a2d1a0b2d202e
31321b0e31321b0e322033
2921091529210915293027
200e0c1e200e0c1e203021
1900192219001922220022
110b2121110b2121210022
0a11241f0a11241f241023
090f1f1b090f1f1b1f101e
0e0210140e021014140014
150f010d150f010d153013
1b1a0b0a1b1a0b0a1b301b
1c1b0c0b1c1b0c0b1c301d
1a16080c1a16080c1a3019
1912030e1912030e193016
1a0b0a171a0b0a171a3019
2001222b2001222b2b002b
270e3d44270e3d44440045
2b1d57572b1d575757005b
24326e6224326e626e106e
1151896711518967891083
0569976305699763971090
0e658a530e658a538a1082
0447684104476841681060
0e294c3b0e294c3b4c1047
1a204a421a204a424a1049
1e26564e1e26564e561056
1836685618366856681065
044e7854044e7854781072
135b7543135b7543751071
1948532619485326531051
0e20220c0e20220c221022
0a0c08000a0c08000c200c
2833260128332601332033
47563b0847563b08562056
5f6b41135f6b41136b206c
686934236869342369206e
66551a3366551a33663063
5a3a023e5a3a023e5a3054
4b201b444b201b444b304b
3f0c2d483f0c2d48480048
3c05344b3c05344b4b004b
3f08334c3f08334c4c004c
410e2d4a410e2d4a4a004b
3f1027443f102744440045
39111f3b39111f3b3b003d
3313173133131731333034
280f1227280f1227283029
1b080f1c1b080f1c1c001d
0f030b110f030b11110011
0801060908010609090009
0c0b04050c0b04050c300c
13160d0413160d04162016
161a1004161a10041a201a
13170f0313170f03172017
0b0d09010b0d09010d200d
0304030003040300042004
0202020002020200021002
0506050005060500062006
0304030003040300042004
3a2f0c1f3a2f0c1f3a3038
382e0e1c382e0e1c383035
30280c1830280c1830302e
251e0714251e0714253024
1a1100111a1100111a3018
0f05070f0f05070f0f000f
08040e0e08040e0e0e000e
09030d0f09030d0f0f000f
0c000c100c000c10100010
0c010a0f0c010a0f0f000f
0c03080d0c03080d0d000d
0a03060b0a03060b0b000b
0801060908010609090009
0600060806000608080008
0600060806000608080008
0600060806000608080008
0401060704010607070007
0301050503010505050005
0300030403000304040004
0300030403000304040004
0300030403000304040004
0300030403000304040004
0300030403000304040004
0202040402020404040004
0004060400040604061005
03090b0503090b050b100a
0810100608101006101011
0f1917050f191705192019
18231c0318231c03232023
1c271e011c271e01272027
19231b0119231b01232023
1118130211181302182018
090d0b01090d0b010d200d
0406040004060400062006
0303010103030101032003
0e0c04060e0c04060e300d
24200c1024200c10243023
3d38171a3d38171a3d303d
4e481e204e481e204e304e
4f481d224f481d224f304f
50481c2250481c2250304f
6d5d212f6d5d212f6d3068
b48b205fb48b205fb430a8
fdb30fa3fdb30fa3fd30f2
ffa707b9ffa707b9ff30f9
7029307170293071710078
9acf920b9acf920bcf20cf
ffffe356ffffe356ff218b
ffffbe40ffffbe40ff2144
4d70590a4d70590a702070
7c5a0a4e7c5a0a4e7c3077
fffa6574fffa6574ff3113
f5e1596df5e1596df530fa
0e395e450e395e455e1059
a4ffff38a4ffff38ff2125
5ce6fe6a5ce6fe6afe10fd
553db9b7553db9b7b910c0
cc2a98f0cc2a98f0f000f3
ff5689ffff5689ffff0115
ff6876ffff6876ffff3114
e35d63dbe35d63dbe330ed
a03656a4a03656a4a400ac
5b0c4d6e5b0c4d6e6e006e
2e0e444a2e0e444a4a004b
220d3439220d343939003a
2f170b292f170b292f302f
2633260326332603332033
29002d3a29002d3a3a003a
9a680c729a680c729a309a
d6a20c8ad6a20c8ad630d4
bf8a057ebf8a057ebf30ba
6a361c5a6a361c5a6a3068
1352653413526534651061
72c4b02672c4b026c420c7
69ac9b2669ac9b26ac20b0
4c4d2c0b4c4d2c0b4d204d
9549298195492981953094
ff814cebff814cebff310c
f64d82fff64d82ffff010c
4e6ce0cc4e6ce0cce010e6
6dffff746dffff74ff1129
adffd318adffd318ff2107
3e2306313e2306313e303c
6df6f55c6df6f55cf62106
6dffff6b6dffff6bff111b
4806325648063256560056
92a6681c92a6681ca620a8
2143411b2143411b432048
4237102542371025423042
3c44280c3c44280c442045
0e1d1c0b0e1d1c0b1d201f
16060c1616060c16160016
322100213221002132302e
4630022e4630022e463042
4428083444280834443041
3515153135151531353035
270a172a270a172a2a002b
230e0d20230e0d20233022
251a0316251a0316253022
2f2c13122f2c13122f302f
312e1314312e1314313032
2619001926190019263023
1d07111f1d07111f1f001f
19011b2319011b23230023
1309212313092123230024
0e0e22200e0e2220221022
0d08191a0d08191a1a001b
1207081112070811123012
1714070a1714070a173016
1a190c091a190c091a301a
1b190b0b1b190b0b1b301b
1915050d1915050d193018
160d0411160d0411163015
1303171b1303171b1b001b
1019342d1019342d341033
17254d4317254d434d104c
1f2b5f551f2b5f555f105f
1c38705e1c38705e70106d
0a4e7e5c0a4e7e5c7e1078
095b7f4f095b7f4f7f1078
0f526d3e0f526d3e6d1066
073d5533073d553355104f
052c4732052c4732471042
0b2b4b390b2b4b394b1047
0d3055420d305542551051
0a385e460a385e465e1059
04425e3e04425e3e5e105a
123e4a26123e4a264a1048
1928230619282306282028
170b0715170b0715173017
0c142c260c142c262c102a
0432482e0432482e481043
1a4f5c2d1a4f5c2d5c105a
2c5b5c212c5b5c215c1060
36554a0d36554a0d552055
3846300638463006462046
3232181232321812322035
271d0517271d0517273025
1a090c191a090c191a301a
1603121b1603121b1b001b
1b07111d1b07111d1d001d
22100a1e22100a1e223022
2517031b2517031b253023
221b0613221b0613223021
1d1d0f091d1d0f091d201e
1219140112191401192019
0612140a0612140a141014
050b1511050b1511151014
0c0716170c071617170018
0a0b1a190a0b1a191a101b
02131e1502131e151e101c
06181e1006181e101e101c
07171b0d07171b0d1b101a
010e130c010e130c131012
06030a0b06030a0b0b000b
0904030809040308093008
0907010509070105093008
0605020306050203063005
423108274231082742303e
40320a2440320a2440303d
392c0920392c0920393036
2f22051c2f22051c2f302c
211403182114031821301f
15070b1515070b15150016
0c0310130c031013130013
0b030f110b030f11110011
0c000c100c000c10100010
0d020b100d020b10100010
0f0409100f040910100010
0f06050e0f06050e0f300f
0b04050a0b04050a0b300a
0601040706010407070007
0501030505010305050005
0300030403000304040004
0300030403000304040004
0300030403000304040004
0300030403000304040004
0300030403000304040004
0300030403000304040004
0301050503010505050005
0401060704010607070007
0402080804020808080008
0304090803040908091008
010a0d08010a0d080d100c
0610120806101208121011
0c1716070c171607172018
15211d0515211d05212021
1a2620041a262004262026
18231c0318231c03232023
1017120110171201172017
090c0900090c09000c200c
0504010205040102053004
0401060704010607070007
0e05060d0e05060d0e300d
201602142016021420301d
392f0d1d392f0d1d393037
4d4215264d4215264d304c
5547152b5547152b553053
5748152c5748152c573054
5f4c15305f4c15305f3059
7a5810447a5810447a306f
af7e1568af7e1568af30a3
ddb93975ddb93975dd30da
969a4a3a969a4a3a9a20a4
6a4604446a4604446a3061
ffff68bfffff68bfff3178
ffff57efffff57efff31aa
ffb31ad3ffb31ad3ff3114
5b25959f5b25959f9f00a3
4fddfd734fddfd73fd10f9
67f6ff6467f6ff64ff1109
6a016c8b6a016c8b8b008b
ffff42c2ffff42c2ff3152
ffff58b9ffff58b9ff315f
be962268be962268be30b6
19170b0719170b07193018
5730134857301348573056
a25a2284a25a2284a2309f
c96737adc96737adc930c9
c65156bfc65156bfc630cf
a92677c0a92677c0c000c3
8b0191bd8b0191bdbd00bd
850997bd850997bdbd00bd
a4217abfa4217abfbf00c1
c45352bbc45352bbc430cc
9a3e449a9a3e449a9a00a6
2018404420184044440048
685d1439685d143968306d
c1663daec1663daec130c9
d43990f3d43990f3f300f9
8d38e7fc8d38e7fcfc0102
25b6ffe225b6ffe2ff1122
21a0ffc821a0ffc8ff1100
7102719e7102719e9e009e
583c0440583c0440583057
402b0031402b0031403041
835b0163835b0163833086
0d0519230d051923230023
bd83037bbd83037bbd30b3
ff8d72ffff8d72ffff3146
ff14ffffff14ffffff018e
78e3ffff78e3ffffff11c4
4cc8ffff4cc8ffffff1163
c64f4eb3c64f4eb3c630c3
f7de4d6cf7de4d6cf730f6
805704578057045780307b
124374591243745974106f
0854805c0854805c80107c
2c1e54562c1e545656005b
40092e4940092e49490049
481a1e42481a1e42483046
512617465126174651304f
5528194a5528194a553054
491d1d45491d1d4549304a
3b1619383b1619383b303c
331b0b29331b0b29333031
3024061c3024061c30302d
332d1115332d1115333031
30280c1830280c1830302e
2514071e2514071e253024
1b0317211b031721210021
18031c2318031c23230023
15061d2215061d22220022
0f091d1d0f091d1d1d001e
1002141810021418180018
190f0313190f0313193018
1d19090d1d19090d1d301c
1a190c091a190c091a301a
18170a0918170a09183018
1710010e1710010e173015
15040f1815040f18180018
0f1027240f102724271027
0529412f0529412f41103e
043450380434503850104c
0834543e0834543e541050
053a5b40053a5b405b1056
0946613c0946613c61105c
144b5e31144b5e315e1059
184550251845502550104e
1339431f1339431f431040
0c3240220c32402240103c
0835482b0835482b481044
03364d3203364d324d1049
0334493003344930491046
0b2e39200b2e3920391038
141c1602141c16021c201c
1d0713211d071321210021
250c373e250c373e3e003f
2422565224225652561058
1c38705e1c38705e70106d
0f497d5f0f497d5f7d1077
074a7754074a775477106f
014163430141634363105d
03364f3203364f324f1049
032a3d26032a3d263d1038
051a2b20051a2b202b1029
11071b1d11071b1d1d001d
1300131a1300131a1a001a
0e0312150e031215150015
020f1811020f1811181016
071b2111071b211121101f
0a232a150a232a152a1028
0727331d0727331d331030
0322352603223526351032
0f18332c0f18332c331032
1810303018103030300032
1e0a2c321e0a2c32320032
1e07282f1e07282f2f002f
150c2728150c2728280029
0b1225200b122520251024
051321190513211921101f
060c1814060c1814181017
0c000c100c000c10100010
0f08030c0f08030c0f300e
0e0a02080e0a02080e300c
0908030409080304093008
4b3403304b3403304b3046
4a370a2b4a370a2b4a3045
413109254131092541303d
3427061f3427061f343031
2619001926190019263023
1709091517090915173016
0d0211140d021114140014
0d0211140d021114140014
0f000f140f000f14140014
11020d1411020d14140014
1206081212060812120012
120a040e120a040e123011
0d07030b0d07030b0d300d
0904030809040308093008
0603020506030205063005
0300030403000304040004
0300030403000304040004
0300030403000304040004
0300030403000304040004
0300030403000304040004
0300030403000304040004
0202040402020404040004
0203060502030605061005
0304090803040908091008
04050c0b04050c0b0c100c
01090f0b01090f0b0f100e
0410140a0410140a141012
0a16180a0a16180a181018
101f1e09101f1e091f2020
1625200716252007252025
15201b0415201b04202020
0f1511010f151101152015
090c0900090c09000c200c
0201000102010001023001
0107090501070905091008
0701090b0701090b0b000b
180f0211180f0211183016
2f260b182f260b182f302c
443a1420443a1420443042
4f4315274f4315274f304d
5546132c5546132c553052
5847122f5847122f583055
5b4813305b4813305b3056
756a2d30756a2d30753074
b2c77829b2c77829c720cb
aee9aa07aee9aa07e920e9
123a644a123a644a64105e
ffd613beffd613beff311e
ffff25ffffff25ffff31ad
ffda3affffda3affff3171
cf0eb7ffcf0eb7ffff0104
1aafffcf1aafffcfff110f
2eedffa72eedffa7ff1121
6144c5ba6144c5bac510c6
ffc93cffffc93cffff3154
ffff24ffffff24ffff31d3
ffe45cffffe45cffff31a0
ff6e81ffff6e81ffff312c
a81c7ec4a81c7ec4c400c5
44196a7344196a73730075
0836482a0836482a481044
3231141532311415323035
4013284740132847470049
430e5b6a430e5b6a6a006a
5217768552177685850086
860b78a7860b78a7a700a7
cc3e74d6cc3e74d6d600de
ee547af6ee547af6f60103
c9466fd8c9466fd8d800e3
6a3426666a3426666a3072
142e5c4a142e5c4a5c1057
922be0fd922be0fdfd0100
c94cffffc94cffffff0173
a593ffffa593ffffff1192
9e79ffff9e79ffffff115c
f836aafff836aaffff011b
ff963fe6ff963fe6ff3112
9a2e5ca49a2e5ca4a400aa
204480662044806680107a
1f47755b1f47755b751073
7a1888a47a1888a4a400a5
da0de6ffda0de6ffff012d
ef51ffffef51ffffff01a4
b29fffffb29fffffff11ba
b14affffb14affffff0144
ff9a48e6ff9a48e6ff3114
ffdf0ae1ffdf0ae1ff313c
f44590fff44590ffff010f
9d40fbff9d40fbffff011b
8d3de3f78d3de3f7f700fe
99058bc399058bc3c300c3
8c2b468b8c2b468b8c3091
6c292a616c292a616c3069
59251f4f59251f4f593057
5729194b5729194b573055
502814445028144450304e
45270b3545270b35453041
3b2903253b2903253b3037
362e0e1a362e0e1a363034
332e1116332e1116333032
2c2106192c2106192c3029
22100a1e22100a1e223022
1a0118211a011821210021
16041c2216041c22220022
16021a2016021a20200020
1204181c1204181c1c001c
1402101814021018180018
1e1400141e1400141e301c
221e0a10221e0a10223022
1e1b0a0d1e1b0a0d1e301d
1a14040e1a14040e1a3018
15070b1515070b15150016
1209202112092021210022
0d1b352d0d1b352d351034
032d4531032d4531451042
0534472c0534472c471044
0a3240240a32402440103d
13373f1d13373f1d3f103e
1e3f40171e3f4017401043
24403c1024403c10402041
273f390b273f390b3f203f
233c390e233c390e3c203d
1b3b3d171b3b3d173d103f
163d441f163d441f441044
1137412111374121411040
0d272d170d272d172d102d
0f120b020f120b02122012
1508212415082124240024
211a4746211a474647104a
2e2362612e236261621067
313079723130797279107b
2d3e897a2d3e897a891088
28438c7928438c798c108a
273c8170273c817081107f
25316f6325316f636f106e
2329615723296157611060
2124575021245750571057
28164a4c28164a4c4c004f
3304394833043948480048
36052e4336052e43430043
30042a3c30042a3c3c003c
200b3035200b3035350036
111b3931111b3931391037
082742310827423142103e
052e4934052e4934491045
0c2746370c274637461043
171b3f39171b3f393f103f
1e12383a1e12383a3a003c
2409323924093239390039
26022a3626022a36360036
2103252f2103252f2f002f
1508212415082124240024
0b0c1d1a0b0c1d1a1d101c
0908151409081514151015
0f030b110f030b11110011
130c010e130c010e133012
120f0409120f0409123011
0c0c06040c0c06040c200c
4f3703334f3703334f304b
503e0c2e503e0c2e50304d
47380d2647380d26473043
392d0b1f392d0b1f393036
2a1f04192a1f04192a3027
180b0815180b0815183017
0e0210140e021014140014
0e0210140e021014140014
0f000f140f000f14140014
10030c1310030c13130013
1309071113090711133013
150d010f150d010f153013
110a010c110a010c11300f
0c0702090c0702090c300b
0905010709050107093008
0501030505010305050005
0300030403000304040004
0300030403000304040004
0301050503010505050005
0401060704010607070007
0600060806000608080008
0401060704010607070007
0204080602040806081007
00070a0700070a070a1009
02070c0902070c090c100b
01090f0b01090f0b0f100e
0311170d0311170d171015
06171c0f06171c0f1c101b
0b1c1f0e0b1c1f0e1f101f
12201e0812201e08202020
131c1702131c17021c201c
0f140f000f140f00142014
090c0900090c09000c200c
0000000000000000000000
070b0901070b09010b200b
0107090501070905091008
0f09010b0f09010b0f300e
24200c1024200c10243023
3632141636321416363036
433b151f433b151f433042
4e4114274e4114274e304b
5446162a5446162a543051
554b1b27554b1b27553054
6a6a32246a6a32246a206f
b3ca7728b3ca7728ca20cd
dfffaf24dfffaf24ff210e
63977d0b63977d0b972097
995e096c995e096c99308f
ffff3ac6ffff3ac6ff314a
fffa28d2fffa28d2ff3146
b059228db059228db030a6
26656c2d26656c2d6c106e
a5c8871aa5c8871ac820c9
6888680e6888680e882088
7d313b757d313b757d307e
ffca46ffffca46ffff3166
ffe97bffffe97bffff31cf
ffb49fffffb49fffff31b1
ff69adffff69adffff015b
e624b8ffe624b8ffff0114
a903b7eba903b7ebeb00eb
90019ac790019ac7c700c7
86156ca186156ca1a100a2
7f2945817f294581810087
70302a6870302a68703072
4a211a454a211a454a304c
06030c0d06030c0d0d000d
472f0333472f0333473045
855d035f855d035f853084
a4993055a4993055a430af
8cd29c048cd29c04d220d2
23d1ff9b23d1ff9bff1104
5ea0ffff5ea0ffffff114e
9c7cffff9c7cffffff116d
b93fffffb93fffffff013d
ff509affff509affff011f
ffa55dffffa55dffff3147
ff589affff589affff0130
b30fcdffb30fcdffff0103
702cacbe702cacbebe00c3
403f8c81403f8c818c108f
1d6ca97e1d6ca97ea910a5
168ee4aa168ee4aae410dd
2d7cf1c42d7cf1c4f110e7
8508a1c08508a1c0c000c0
ff9342dbff9342dbff3107
ff9d69ffff9d69ffff314f
ff1ff2ffff1ff2ffff016c
f12cfffff12cffffff0172
eb0afdffeb0afdffff0146
f64396fff64396ffff0111
e26b42c3e26b42c3e230de
a4581c7ea4581c7ea43099
6937134f6937134f693060
502e0a3c502e0a3c50304b
4c3402324c3402324c3048
45370d2545370d25453042
3a34121a3a34121a3a303a
3632141636321416363036
332d1117332d1117333032
291d0319291d0319293026
1e0c0c1c1e0c0c1c1e301e
1600161e1600161e1e001e
1403181d1403181d1d001d
1501131b1501131b1b001b
1200121812001218180018
1307091313070913130014
1d18070e1d18070e1d301b
21200f0c21200f0c213022
1e1b0a0d1e1b0a0d1e301d
180e0412180e0412183016
1204181c1204181c1c001c
0e162e280e162e282e102d
0a233e310a233e313e103c
052841300528413041103e
0327372303273723371034
0e272c130e272c132c102b
1e2f28071e2f28072f202f
2b3727032b372703372037
333a250a333a250a3a203a
37422d0837422d08422042
3347370333473703472047
29443d0e29443d0e442045
233f3b11233f3b113f2041
1c2f28091c2f28092f202f
1512050a1512050a153014
130e2726130e2726271028
152a5346152a5346531051
21356f6121356f616f106e
2f357d732f357d737d107e
333a897e333a897e89108a
313f8f81313f8f818f108f
303a867a303a867a861087
2f2f756d2f2f756d751076
2d2667622d266762671069
2b225f5c2b225f5c5f1062
2a205a582a205a585a105d
32124c5432124c54540055
3c003c503c003c50500050
400b304b400b304b4b004b
3c0c2a443c0c2a44440045
2a032e3b2a032e3b3b003b
1616363216163632361036
05263d2c05263d2c3d103a
042e4028042e402840103c
0127392501273925391035
061b2e23061b2e232e102c
0c1126210c112621261025
1209202112092021210022
19011b2319011b23230023
1b0515211b051521210021
1502131a1502131a1a001a
0a0614140a061414140014
0905111109051111110011
0f05070f0f05070f0f000f
1510030c1510030c153014
1514090815140908153015
0f1009040f100904102010
4e39082f4e39082f4e3049
5444122c5444122c543050
4c3f12274c3f12274c304a
3f330d213f330d213f303c
3023041d3023041d30302d
1e0d0a1b1e0d0a1b1e301d
1200121812001218180018
0f0111150f011115150015
0f000f140f000f14140014
12040c1412040c14140014
170a0714170a0714173016
1910011219100112193018
150f010d150f010d153013
0e0900090e0900090e300c
0a0700070a0700070a3009
0603020506030205063005
0300030403000304040004
0300030403000304040004
0202040402020404040004
0202040402020404040004
0300030403000304040004
0301050503010505050005
0105090701050907091008
00080c0800080c080c100b
00090e0900090e090e100c
000c120c000c120c121010
0313190f0313190f191018
06181e1006181e101e101c
08191e0f08191e0f1e101d
0b1a1d0c0b1a1d0c1d101c
0c1818080c181808181019
0a1312050a131205132013
060c0c04060c0c040c100c
0300030403000304040004
0c0c06040c0c06040c200c
0a0b06030a0b06030b200b
0303010103030101032003
19190b0919190b0919201a
2d2911132d2911132d302d
3b32111c3b32111c3b3039
463c1422463c1422463044
4f4619244f4619244f304e
554e1f24554e1f24553055
6c63282b6c63282b6c306b
bab24e46bab24e46ba30bf
ffff7668ffff7668ff3119
ded35861ded35861de30e8
1c0d0a1b1c0d0a1b1c301d
b7d0812eb7d0812ed020d5
f8ffd422f8ffd422ff2133
66ced04666ced046d010d9
8d0697c68d0697c6c600c6
ff9561ffff9561ffff3141
ffd02bffffd02bffff3159
ce92088cce92088cce30ca
3713153b3713153b3b003d
ffb70cbbffb70cbbff3105
ffee2dbaffee2dbaff312e
e2a81a80e2a81a80e230d3
78362c6878362c68783075
570a7184570a7184840084
7b0a99b87b0a99b8b800b8
b40cb4f0b40cb4f0f000f0
e91ccfffe91ccfffff0127
ff2be1ffff2be1ffff0153
ff39e0ffff39e0ffff0165
ff30d8ffff30d8ffff0151
de0cd0ffde0cd0ffff0120
8731d1e58731d1e5e500ea
1598f3ae1598f3aef310e7
53ffff9253ffff92ff1134
65ffff9e65ffff9eff115b
17e5ffbd17e5ffbdff1128
3e72e4c63e72e4c6e410e4
761090ae761090aeae00ae
ba5240a0ba5240a0ba30b3
ef7d31bfef7d31bfef30e4
e54a77ece54a77ecec00f7
c214acf8c214acf8f800f8
aa1990d5aa1990d5d500d6
6606628866066288880088
15535f2d15535f2d5f105e
729c6c0a729c6c0a9c209c
6a8b64076a8b64078b208b
0427422b0427422b42103a
943e3684943e3684943091
dc4274e6dc4274e6e600ef
d305c9ffd305c9ffff0119
c00fd8ffc00fd8ffff0111
ce1ea6f6ce1ea6f6f600f7
f66c5ce2f66c5ce2f630fa
ffa41bc6ffa41bc6ff3101
dd990591dd990591dd30d2
8c6006568c6006568c3080
553d0931553d093155304e
483e1422483e1422483046
44411c1b44411c1b443046
3d3a1b163d3a1b163d303e
3531151535311515353035
312b0f17312b0f17313030
271c0318271c0318273024
1a0a0a181a0a0a181a301a
1201101712011017170017
0f0111150f011115150015
10020e1410020e14140014
10040a1210040a12120012
140d000d140d000d143012
1b1b0d091b1b0d091b201c
1e1f10091e1f10091f2020
1b17070d1b17070d1b301a
14050c1514050c15150015
0c1024200c102420241023
071f3529071f3529351033
0524392a0524392a391037
031f3123031f312331102e
0117231701172317231020
0c191a090c191a091a101a
1e251a031e251a03252025
2c2f1c0b2c2f1c0b2f2030
3439220d3439220d39203a
3d4a31083d4a31084a204a
3d523d003d523d00522052
3349390533493905492049
2a3828002a382800382038
231c0712231c0712233021
1b08272c1b08272c2c002c
152b5547152b5547551053
1444785e1444785e781074
1e46866e1e46866e861082
2a3f88772a3f8877881086
2d3d87792d3d8779871087
2c3980732c398073801080
2b2c6d662b2c6d666d106f
292059562920595659105b
221e4e4a221e4e4a4e104f
1d1f4b451d1f4b454b104b
1c1c46421c1c4642461047
240d383d240d383d3d003e
2d0427382d042738380038
33101b3433101b34340036
3114132e3114132e313032
2109132321091323230024
080b1815080b1815181017
101e1c08101e1c081e201f
1f271b031f271b03272027
2224140a2224140a242025
1d1a0b0c1d1a0b0c1d301c
1511050b1511050b153014
0f0b01090f0b01090f300e
0705010507050105073007
0305030103050301052005
0705010507050105073007
0105090701050907091008
03050b0903050b090b100a
0b06030a0b06030a0b300b
1513070915130709153015
16170c0716170c07172018
12130a0512130a05132013
4b3c0f284b3c0f284b3048
5147192551471925513050
4c4318234c4318234c304b
4238122042381220423040
3225061d3225061d32302f
1f0f091b1f0f091b1f301e
1503111915031119190019
1200121812001218180018
1200121812001218180018
15040f1815040f18180018
190c0716190c0716193019
1d1401121d1401121d301a
1914050e1914050e193018
110c010a110c010a11300f
0c0800080c0800080c300b
0904030809040308093008
0600060806000608080008
0600060806000608080008
0401060704010607070007
0301050503010505050005
0300030403000304040004
0202040402020404040004
0106070401060704071007
03090b0503090b050b100a
030c0f08030c0f080f100e
030f130b030f130b131012
0614180c0614180c181017
09181b0c09181b0c1b101a
09181b0c09181b0c1b101a
09181b0c09181b0c1b101a
0815180b0815180b181017
0611140906111409141013
030c0f08030c0f080f100e
0600060806000608080008
0f0b01090f0b01090f300e
100c020a100c020a10300f
0704010607040106073007
0e0e08040e0e08040e200e
221f0c0f221f0c0f223022
312a0d18312a0d18313030
4038141e4038141e40303f
4d451b214d451b214d304c
544c1e24544c1e24543054
635217306352173063305f
a4821e56a4821e56a4309b
ffd73393ffd73393ff3104
ffe82cb4ffe82cb4ff3125
b16a1388b16a1388b130ac
3c939a373c939a379a109c
e6ffff23e6ffff23ff2168
a1ffff6ba1ffff6bff2159
4878f8d84878f8d8f810f7
ff5b9affff5b9affff013a
ffff2fffffff2fffff3199
ffff2af9ffff2af9ff318b
c88d027fc88d027fc830bd
3c9ab2423c9ab242b210a7
97ffff6d97ffff6dff1149
26e3ffb726e3ffb7ff1123
7432c6d67432c6d6d600db
b23c62bcb23c62bcbc00c5
915517739155177391308f
3d523f023d523f02522052
2d4ba78d2d4ba78da7109f
ae2effffae2effffff0125
ff09ffffff09ffffff019b
ff2effffff2effffff01e2
ff2affffff2affffff01f3
ff00ffffff00ffffff01de
f65ffffff65fffffff01b5
60dbffff60dbffffff1198
10fffff210fffff2ff116c
22cbff9322cbff93ff10fa
02557e5302557e537e1076
2f0a23342f0a2334340034
5d470d335d470d335d3057
77540b4877540b4877306e
6c2e22606c2e22606c306a
6413467164134671710072
7f303d7e7f303d7e7f3086
8144277681442776813088
29042b3c29042b3c3c003c
5b64371c5b64371c642067
9f9233509f9233509f30a6
736a2738736a2738733077
0b2529150b25291529102a
4004425c4004425c5c005c
55045b7855045b78780078
5a0556755a055675750075
74263e7474263e7474007a
b0651c87b0651c87b030a8
f5b10f9df5b10f9df530ec
ffca2994ffca2994ff30fa
be962268be962268be30b6
725a163a725a163a72306b
51471b2351471b2351304f
4a46201c4a46201c4a304b
403e1c18403e1c18403042
3531151535311515353035
2f290f152f290f152f302e
251b0317251b0317253023
190c0716190c0716193019
11040b1211040b12120012
0c000c100c000c10100010
0e010c110e010c11110011
1107071111070711110012
1813040d1813040d183017
1d1d0f091d1d0f091d201e
1d1d0f091d1d0f091d201e
1710010e1710010e173015
0d0515170d051517170017
051a2b20051a2b202b1029
0123352501233525351032
021e3022021e302230102d
031421180314211821101f
020c140e020c140e141012
070f1107070f1107111010
151d1701151d17011d201d
222c2002222c20022c202c
2d3d2f012d3d2f013d203d
3850400638504006502050
3a5544073a554407552055
3344310033443100442044
2a260e122a260e122a302a
22031e2b22031e2b2b002b
1a234e451a234e454e104d
1342755c1342755c751071
12528c6a12528c6a8c1086
1a4e8e701a4e8e708e1088
2441847124418471841082
2736776a2736776a771076
242b645b242b645b641064
231b4b49231b4b494b104d
1e1036381e10363838003a
11142f2a11142f2a2f102e
051a2b20051a2b202b1029
0217241902172419241021
0908151409081514151015
1208061012080610123011
1814060c1814060c183017
191c1106191c11061c201c
0d1715050d171505172017
0c0514150c051415150015
2810102628101026283029
3c1e0e323c1e0e323c303a
4221103742211037423040
3d1b15373d1b15373d303d
36131a3536131a35363038
300e1a32300e1a32320033
2a0d162b2a0d162b2b002c
1b05131f1b05131f1f001f
10020c1210020c12120012
0e0900090e0900090e300c
0909050309090503092009
0403000304030003043004
1313090713130907132014
18180c0818180c08182019
15150b0715150b07152016
433d171d433d171d433043
4c471e1f4c471e1f4c304d
4b441b204b441b204b304b
433b151f433b151f433042
33290b1b33290b1b333031
1f1203161f1203161f301c
12040c1412040c14140014
0f000f140f000f14140014
0f000f140f000f14140014
12040c1412040c14140014
190e0514190e0514193018
1f1703131f1703131f301d
1e1806101e1806101e301c
1510030c1510030c153014
0e0900090e0900090e300c
0905010709050107093008
0501030505010305050005
0300030403000304040004
0300030403000304040004
0300030403000304040004
0300030403000304040004
0102050401020504051004
0206080402060804081007
040a0a04040a0a040a100a
070e0d04070e0d040e200e
0911110509111105111011
0b1515070b151507151016
0c1818080c181808181019
0c1716070c171607172018
0d1715050d171505172017
0c1412040c141204142014
0911110509111105111011
050d0f07050d0f070f100e
0600060806000608080008
0e0900090e0900090e300c
100b000b100b000b10300f
0e09020b0e09020b0e300e
0105090701050907091008
11140d0211140d02142014
221f0c0f221f0c0f223022
3832121a3832121a383038
49431b1f49431b1f493049
50481c2250481c2250304f
53400f2c53400f2c53304d
7850044a7850044a78306c
d298167ed298167ed230c5
ffe338a1ffe338a1ff3116
e7bb2f81e7bb2f81e730e3
0c3c4e2a0c3c4e2a4e1049
fffffa1bfffffa1bff2166
ffffff17ffffff17ff2197
81d2b52481d2b524d220d5
63212f6363212f63630068
fffe588afffe588aff3121
ffffb48affffb48aff2194
f4e15867f4e15867f430f7
2f98ad4e2f98ad4ead10aa
c9ffff64c9ffff64ff2187
64ffff9b64ffff9bff1147
624ddcd5624ddcd5dc10e2
ed488bfeed488bfefe0108
ff9056ffff9056ffff3125
ffbf0ac9ffbf0ac9ff3115
dfdf6357dfdf6357df20ef
60c9c44360c9c443c920d3
5271f8df5271f8dff810f9
ed14ffffed14ffffff0156
ff1affffff1affffff0196
ff13ffffff13ffffff01a7
ff26ffffff26ffffff018f
9374ffff9374ffffff1154
2293ffc32293ffc3ff10f4
1a6a88441a6a884488107d
23281d0a23281d0a282029
0a0d1a1b0a0d1a1b1b001d
1e322a081e322a08322032
373e250e373e250e3e203f
2b2813122b2813122b302b
1710050a1710050a173012
281e0812281e0812283022
51420f2e51420f2e513050
493b0733493b073349304d
11100d0011100d00113010
806b1e47806b1e47803080
ab902560ab902560ab30ad
7e6e223e7e6e223e7e307e
33331b0d33331b0d332034
010e1710010e1710171015
1906111c1906111c1c001c
331a0b28331a0b2833302f
674301436743014367305e
be931c6dbe931c6dbe30b7
ffd4388affd4388aff30fc
edc5377dedc5377ded30e9
a3842552a3842552a3309b
67581f2e67581f2e673063
504b201f504b201f503051
45411d1b45411d1b453046
3934151839341518393039
2f280d162f280d162f302d
241a0416241a0416243022
1b1003141b1003141b3019
1208061012080610123011
0b01090d0b01090d0d000d
09010b0d09010b0d0d000d
1007060f1007060f103010
1c17060f1c17060f1c301b
2121110b2121110b212022
1c1d10071c1d10071d201d
0e0900090e0900090e300c
020e1610020e1610161015
0820281608202816281026
09242d1809242d182d102b
0219241702192417241021
050c1914050c1914191017
0707131107071311131012
030c1510030c1510151014
081a2010081a201020101e
152d2f11152d2f112f1030
2243421522434215432046
2c524e182c524e18522055
2d4d45112d4d45114d204e
2732230227322302322032
1e0b0e1d1e0b0e1d1e301f
19193f3b19193f3b3f1040
133b6b55133b6b556b1067
0f5289660f528966891082
1057926d1057926d92108b
174d896b174d896b891083
1e3a74621e3a7462741071
212659522126595259105a
1d173f3d1d173f3d3f1041
1809262918092629290029
1201141912011419190019
0309110d0309110d11100f
0b110f030b110f03112011
1010080610100806102011
0c04060c0c04060c0c000c
030c1510030c1510151014
0319231503192315231020
06232e1b06232e1b2e102c
0123352301233523351031
1416343014163430341034
30012e3f30012e3f3f003f
4716274a4716274a4a004d
5220224e5220224e523054
501d244d501d244d503052
48142a4c48142a4c4c004e
441328494413284949004b
4217204142172041423044
3514173435141734353037
28110e2328110e23283026
1d1103151d1103151d301b
150f010d150f010d153013
0703030707030307070007
0a0f0c010a0f0c010f200f
13160d0413160d04162016
14160c0614160c06162016
3b391b153b391b153b303c
46431e1b46431e1b463048
49441d1e49441d1e49304a
443e1a1c443e1a1c443044
342f1217342f1217343034
1e1602121e1602121e301c
0f0409100f040910100010
0c010e110c010e11110011
0d010f130d010f13130013
12040c1412040c14140014
1a0e04141a0e04141a3018
211803142118031421301f
221b0613221b0613223021
1b15050f1b15050f1b3019
110c010a110c010a11300f
0a0700070a0700070a3009
0604000406040004063005
0201000102010001023001
0000000000000000000000
0000000000000000000000
0001020100010201021001
0003040300030403041004
0106070401060704071007
050a0b04050a0b040b100a
080d0c03080d0c030d200d
0b120f020b120f02122012
0f1611020f161102162016
1017120110171201172017
11150f0111150f01152015
12150e0312150e03152015
12140c0412140c04142014
10130c0310130c03132013
0c100c000c100c00102010
0101030301010303030003
0907010509070105093008
0c0702090c0702090c300b
1007060f1007060f103010
0b020f120b020f12120012
0209100d0209100d10100f
0c100c000c100c00102010
2827120f2827120f283029
413e1b1a413e1b1a413043
4b4319214b4319214b304a
45350b2745350b27453041
4e3404304e3404304e3046
87742f3c87742f3c873082
d8e5843bd8e5843be520ec
cbf7a31dcbf7a31df720f8
081a281e081a281e281027
ffff9965ffff9965ff213f
ffffce92ffffce92ff21bc
ffff558fffff558fff3127
5c0b4e715c0b4e71710071
6ee0e24e6ee0e24ee210ed
f6ffff2af6ffff2aff2178
a1fbd31ba1fbd31bfb20fc
8675223f8675223f863084
ffffb67dffffb67dff2189
ffff8594ffff8594ff3166
b5850d71b5850d71b530ae
1320473a1320473a471042
5b917f155b917f15912092
a3eebb0ea3eebb0eee20ee
c6fff61fc6fff61fff2134
a8ffff40a8ffff40ff2136
42d2e46c42d2e46ce410ec
3755a9973755a997a910ad
870285b4870285b4b400b4
9d157bbd9d157bbdbd00be
80037cab80037cabab00ab
4018687440186874740076
0216241802162418241020
3a02364e3a02364e4e004e
66026c9266026c92920092
7302719c7302719c9c009c
530b6179530b6179790079
2421504b2421504b501051
0d2741310d27413141103e
141a3832141a3832381038
1911353719113537370039
0020322400203224321030
22372c0322372c03372037
13261f0213261f02262026
462b0431462b0431463041
a8831865a8831865a830a5
bc941e6ebc941e6ebc30b8
8161114b8161114b81307a
3929071f3929071f393033
0908050209080502093008
130b030f130b030f133012
3724012237240122373031
8263144782631447823079
dfb73177dfb73177df30da
ffdb3e8bffdb3e8bff3103
d9b5356fd9b5356fd930d4
8f7929418f7929418f3089
5e5524255e5524255e305c
48441e1c48441e1c483049
3c3818183c3818183c303c
2f2a11142f2a11142f302e
211c0910211c0910213020
1812020e1812020e183016
110a030e110a030e113011
0c020a0e0c020a0e0e000e
09040f1009040f10100010
12050a1312050a13130013
211905132119051321301f
2828140e2828140e28202a
1f2113071f211307212021
0806020408060204083007
0a1312050a131205132013
1524210815242108242024
1425240b1425240b252026
091a1f0e091a1f0e1f101d
040f1c15040f1c151c1019
0e0a1e1e0e0a1e1e1e001f
100e2624100e2624261026
091c3328091c3328331030
0330452c0330452c451041
1247582f1247582f581055
1a4d582b1a4d582b581058
18393c1918393c193c103e
13150b0513150b05152015
0d142b260d142b262b102a
0b3559430b355943591055
074e7b58074e7b587b1075
065a8c62065a8c628c1085
0955876109558761871080
0f4373570f43735773106d
152a5346152a5346531051
1810303018103030300032
1202161a1202161a1a001a
0c06040a0c06040a0c300b
0709050107090501092009
0501030505010305050005
0f08030c0f08030c0f300e
15070b1515070b15150016
1401161d1401161d1d001d
0e1026220e102622261025
061f3427061f3427341031
03273d2b03273d2b3d103a
042a422e042a422e42103e
0e2240340e22403440103e
260c383e260c383e3e003f
400d2c49400d2c4949004a
521e2650521e2650523055
531d2953531d2953530057
4e1430544e143054540056
4f162f544f162f54540056
5320235053202350533056
4e2516434e2516434e304c
3f2409303f2409303f303c
2e1e001e2e1e001e2e302a
1f1603121f1603121f301c
0f09010b0f09010b0f300e
0308090403080904091008
0f120d020f120d02122012
14150c0514150c05152015
3634181436341814363037
413e1d18413e1d18413042
4644201a4644201a463048
43421f1843421f18433046
3633161536331615363037
211905132119051321301f
1105091111050911110011
0b030f110b030f11110011
0c0310130c031013130013
12040c1412040c14140014
190e0514190e0514193018
211803142118031421301f
241d0813241d0813243022
1f1b090f1f1b090f1f301e
1411060914110609143013
0b0903050b0903050b300a
0707030307070303072007
0303010103030101032003
0000000000000000000000
0000000000000000000000
0103030101030301031003
0204040202040402041004
0305050103050501051005
070a0700070a07000a200a
090c0900090c09000c200c
0e110c010e110c01112011
12140c0412140c04142014
1514090815140908153015
1614080a1614080a163016
1714070a1714070a173016
1613060b1613060b163015
1814060c1814060c183017
1614080a1614080a163016
0805000508050005083007
0304030003040300042004
0501030505010305050005
0900090c0900090c0c000c
0a0410120a041012120012
0b020f120b020f12120012
0502090a0502090a0a000a
1519110315191103192019
33341b1033341b10342036
403a161c403a161c403040
3e2e06263e2e06263e303b
413109274131092741303e
6d7949196d79491979207b
bbfbbd01bbfbbd01fb20fb
bfffe91dbfffe91dff211c
0c5472400c547240721069
ffe04282ffe04282ff3102
ffff7dd2ffff7dd2ff31ac
ffff1af5ffff1af5ff316e
ce327edece327edede00e3
03adf9a703adf9a7f910f0
a3ffff58a3ffff58ff2142
94eac41694eac416ea20eb
4a2414324a2414324a303d
ffff35b6ffff35b6ff313d
ffff22ffffff22ffff31a7
ff9babffff9babffff319b
ff0affffff0affffff0174
a975ffffa975ffffff1166
3de0ffff3de0ffffff1179
19fffffe19fffffeff1180
48ffffb648ffffb6ff1151
40cbea6f40cbea6fea10e7
0e5b78430e5b7843781071
200b3035200b3035350036
3619123136191231363037
2f2101212f2101212f302e
172b2909172b29092b202b
064f7e55064f7e557e1074
3e68e0be3e68e0bee010d8
a142ffffa142ffffff012b
fc03fffffc03ffffff0159
ff24ddffff24ddffff014d
e019b8ffe019b8ffff0112
9d0197cb9d0197cbcb00cb
6e11809b6e11809b9b009b
5f0d6f895f0d6f89890089
5701597957015979790079
330c4350330c4350500050
0823342308233423341031
1d051d211d051d21210021
7752034e7752034e773071
c0931677c0931677c030bd
b88c1670b88c1670b830b3
75570f4375570f4375306d
2e240a162e240a162e302a
0105070501050705071007
1d1103151d1103151d301b
5039082d5039082d503048
a7852159a7852159a730a0
f8d03c82f8d03c82f830f5
ffdc4582ffdc4582ff30ff
c2a93c59c2a93c59c230bf
776e312c776e312c773076
4a4c2a144a4c2a144c204e
363c240c363c240c3c203d
282d1a09282d1a092d202d
1c1d0e091c1d0e091d201e
150f010d150f010d153013
1307091313070913130014
1200121812001218180018
0f06171a0f06171a1a001a
17050f1917050f19190019
251c0516251c0516253023
3030181030301810302032
2428180824281808282028
0809060108090601092009
10130c0310130c03132013
1f271b031f271b03272027
1e2920011e292001292029
1223240b1223240b241024
021e2c1c021e2c1c2c1029
1115312d1115312d311031
1b1439381b14393839103b
1621483f1621483f481047
0c345a440c345a445a1055
0245644302456443641060
063c5234063c523452104f
031a2316031a2316231022
000e140e000e140e141013
0331452d0331452d451042
0649664106496641661061
0a597a4b0a597a4b7a1074
0b5a7b4c0b5a7b4c7b1075
064b6a43064b6a436a1064
00334c3300334c334c1048
0716292007162920291026
0d04090e0d04090e0e000e
0a0e0a000a0e0a000e200e
050e0f08050e0f080f1010
010b0f09010b0f090f100e
0503090905030909090009
0b000b0e0b000b0e0e000e
0f0313170f031317170017
12071c1f12071c1f1f001f
0c142a240c142a242a1029
0324392803243928391035
012a412c012a412c41103c
012c432e012c432e43103f
07263f2e07263f2e3f103b
1616363216163632361036
2e022c3c2e022c3c3c003c
461626484616264848004b
4f182b524f182b52520055
4f1235584f123558580059
5416325a5416325a5a005c
5e2920555e2920555e305e
5e360e485e360e485e305a
523700375237003752304d
3f2e05263f2e05263f303b
2a2006182a2006182a3028
1711030d1711030d173015
0301050503010505050005
0a0f0c010a0f0c010f200f
0f120b020f120b02122012
3330151433301514333034
3d3c1d163d3c1d163d303f
4444221644442216442047
4343211743432117432046
3935171739351717393039
241c0614241c0614243022
12060a1212060a12120012
0a0512130a051213130013
0c0310130c031013130013
1105091111050911110011
170d0311170d0311173015
1f1805121f1805121f301e
241f0a11241f0a11243023
221f0c0f221f0c0f223022
1917090b1917090b193019
0e0d06050e0d06050e300d
0809060108090601092009
0304030003040300042004
0000000000000000000000
0000000000000000000000
0304030003040300042004
0304030003040300042004
0304030003040300042004
0809060108090601092009
0a0b06030a0b06030b200b
0f0f07050f0f07050f200f
1211080712110807123012
1411060914110609143013
1613060b1613060b163015
1813040d1813040d183017
1811020f1811020f183016
1b15050f1b15050f1b3019
1b18090c1b18090c1b301a
0d0b03070d0b03070d300d
0200020202000202020002
0103030101030301031003
0107090501070905091008
01080d0a01080d0a0d100c
0901070b0901070b0b000b
0a0602080a0602080a300a
0a0f0e030a0f0e030f200f
2327170723271707272027
312b0f17312b0f17313030
3725012537250125373034
4535092945350929453043
7f8849247f88492488208c
ddffb51bddffb51bff2110
edffdf0bedffdf0bff2133
4e88821e4e88821e88208b
b6800a70b6800a70b630aa
ffff53c9ffff53c9ff3169
ffff40ddffff40ddff316d
d37e0b96d37e0b96d330c3
1e4b4a1f1e4b4a1f4b2051
dec44666dec44666de30dc
ffb20eceffb20eceff3110
b13369cbb13369cbcb00d1
0f475d3b0f475d3b5d105c
c2771697c2771697c230c0
ff6b86ffff6b86ffff013b
ff33bcffff33bcffff013d
9338ddf49338ddf4f400fa
01aaf9a401aaf9a4f910ec
63dff15f63dff15ff110f2
8ed4bc1e8ed4bc1ed420d6
869a6e14869a6e149a209b
5a5028245a5028245a3057
241706152417061524301f
0b0f05050b0f05050f200f
2b2c11142b2c11142c2030
415a4104415a41045a205a
4fabaf3b4fabaf3baf10b4
29e6ffac29e6ffacff111f
5eb0ffff5eb0ffffff1161
ff2dffffff2dffffff019d
ff34ffffff34ffffff01ca
ff53ffffff53ffffff01c0
ff45edffff45edffff0185
ff22cfffff22cfffff0137
cb0ab7fecb0ab7fefe00fe
b81992ddb81992dddd00de
a42d62b3a42d62b3b300b8
65173f6d65173f6d6d006f
2e032a332e032a33330033
471f1337471f133747303f
9c6c04689c6c04689c3095
d29d1485d29d1485d230cd
b78b176db78b176db730b0
6a50103a6a50103a6a3062
251c0712251c0712253021
0403000304030003043004
271d0515271d0515273023
6a5416366a5416366a3063
c9aa3564c9aa3564c930c5
ffe7507fffe7507fff3107
f1db556bf1db556bf130f3
a19a473aa19a473aa130a4
58603a1258603a12602061
3342310033423100422042
202c2202202c22022c202c
15160b0615160b06162016
11050b1311050b13130013
1601181f1601181f1f001f
19031d2519031d25250025
18031c2318031c23230023
1d08111e1d08111e1e001f
2b20051a2b20051a2b3029
39381b1439381b1439303b
2d311d0b2d311d0b312032
0e110c010e110c01112011
1010080610100806102011
24291a0724291a07292029
2531250125312501312031
1c34320e1c34320e342035
0c3340230c33402340103d
0d2443360d244336431040
1c1d48431c1d4843481049
1b27554b1b27554b551054
1237644f1237644f641060
093b6149093b614961105d
0d1f3b310d1f3b313b1039
120a040e120a040e123011
152d2d11152d2d112d1030
184650261846502650104f
1a5362311a536231621060
1e5a68321e5a6832681066
1e525c2a1e525c2a5c105c
183c421c183c421c421042
1122230c1122230c231024
0607060106070601072007
040d0e07040d0e070e100e
0815160908151609161016
0510130a0510130a131012
00080c0800080c080c100b
0204080602040806081007
02070c0902070c090c100b
030b130f030b130f131012
060d1a15060d1a151a1018
0119271b0119271b271024
0628362006283620361033
072e3d24072e3d243d103a
052b3b25052b3b253b1038
0124352201243522351031
051c2f22051c2f222f102c
190b292b190b292b2b002c
3108253a3108253a3a003a
400e2c48400e2c48480049
460d3251460d3251510052
4f172d534f172d53530056
5f31174f5f31174f5f305c
6745014567450145673061
5f480d365f480d365f305a
4b3c0f284b3c0f284b3048
362c0c1c362c0c1c363034
211a0512211a051221301f
0c04060c0c04060c0c000c
030b0d07030b0d070d100d
090e0d02090e0d020e200e
2c2d180d2c2d180d2d202e
373b210f373b210f3b203c
3f4325113f432511432045
3f4021143f402114402043
383618163836181638303a
271f0715271f0715273025
14060a1414060a14140014
0b0613140b061314140014
0d0211140d021114140014
13060b1413060b14140014
180d0413180d0413183017
201804122018041220301e
25200b1225200b12253024
26210c1126210c11263025
1f1c0b0e1f1c0b0e1f301f
1514090815140908153015
0b0c07020b0c07020c200c
0304030003040300042004
0000000000000000000000
0000000000000000000000
0304030003040300042004
0304030003040300042004
0304030003040300042004
0607040106070401072007
0908030409080304093008
0f0c03080f0c03080f300e
130f030b130f030b133012
1510030c1510030c153014
1711030d1711030d173015
1811020f1811020f183016
1810001018100010183016
1c17060f1c17060f1c301b
1e1c0c0c1e1c0c0c1e301e
1211080712110807123012
0506050005060500062006
0106090601060906091008
010b0f09010b0f090f100e
000a0e0a000a0e0a0e100e
0903050909030509090009
0c0702090c0702090c300b
020b0e09020b0e090e100e
131a1502131a15021a201a
1d19090d1d19090d1d301c
2719031d2719031d273026
433105294331052943303f
8b8235388b8235388b308d
feff884ffeff884fff2112
ffffb258ffffb258ff214d
b7c87332b7c87332c820ce
2e1a06222e1a06222e302a
ffeb6171ffeb6171ff3104
ffffb071ffffb071ff2163
c3ffbf07c3ffbf07ff2101
3a48a6983a48a698a610a8
ff40abffff40abffff0130
ff6bd4ffff6bd4ffff019b
ff66ecffff66ecffff01b0
ff66b4ffff66b4ffff0162
bc4f52b3bc4f52b3bc30c3
19153b2919153b293b102e
336f731f336f731f731073
39388f8639388f868f1091
f75579fbf75579fbfb0109
ffa96fffffa96fffff316a
ffb377ffffb377ffff3182
ff9c78ffff9c78ffff3167
ff7868ffff7868ffff3123
ca5246b6ca5246b6ca30c7
6a2a225c6a2a225c6a3065
0b0c15120b0c1512151015
5367411153674111672068
abeeb100abeeb100ee20ee
c7ffff3dc7ffff3dff2156
64ffff9364ffff93ff1144
5383fff15383fff1ff1112
f608f0fff608f0ffff0146
ff53e5ffff53e5ffff0189
ff6ce1ffff6ce1ffff01a2
ff5dd9ffff5dd9ffff0186
ff39ceffff39ceffff014d
ff35b1ffff35b1ffff0123
ff5a7dffff5a7dffff010f
de6350cdde6350cdde30e3
8d353b838d353b838d308d
57152d5157152d51573053
763b185b763b185b76306c
c4890683c4890683c430bd
e5ae1b8ce5ae1b8ce530df
b0861866b0861866b030a8
5a410a335a410a335a3052
1a1000101a1000101a3016
0b0903050b0903050b300a
3b2f0d1d3b2f0d1d3b3037
907b2a43907b2a4390308c
ebd34f6bebd34f6beb30ec
fffb6873fffb6873ff3114
d6d0624ed6d0624ed630de
7b834b1d7b834b1d832086
3c4c36023c4c36024c204c
1d271d011d271d01272027
0e08020a0e08020a0e300c
0c0a1a1a0c0a1a1a1a001b
150a2326150a2326260027
1c04222a1c04222a2a002a
1f031b271f031b27270027
230e0d20230e0d20233022
2f2509192f2509192f302c
3d3d1d153d3d1d153d2040
36391e1136391e1139203b
1b1a0b0a1b1a0b0a1b301b
060d0e05060d0e050e100d
1c2c26061c2c26062c202c
223b360d223b360d3b203c
2045461920454619461049
164550271645502750104f
02334e3502334e354e1049
13284f4213284f424f104d
162d5a4b162d5a4b5a1057
10355e4b10355e4b5e105b
0f28493c0f28493c491048
1901192119011921210021
2228180622281806282028
27423b0e27423b0e422043
2a52501a2a52501a522056
2a55541d2a55541d552059
2d524d162d524d16522054
2d4439082d443908442044
272d1d07272d1d072d202d
1e1604121e1604121e301c
12020e1612020e16160016
060b1613060b1613161015
0412160c0412160c161015
050e0f06050e0f060f100f
0205060302050603061005
0105070301050703071005
050c0d06050c0d060d100d
0410140a0410140a141012
03141b1003141b101b1019
061f2817061f2817281026
0c2c361c0c2c361c361034
0e313c1f0e313c1f3c1039
0829361f0829361f361033
03212f1d03212f1d2f102b
011f2d1d011f2d1d2d102a
0a172c230a172c232c1029
1e082a301e082a30300030
30022c3e30022c3e3e003e
3a092c453a092c45450045
4719214547192145473049
5a3608425a3608425a3055
6851103b6851103b683064
64561c3064561c30643062
51481b2451481b24513050
3c36141a3c36141a3c303b
2720091427200914273025
1207081112070811123012
0507110f0507110f111010
020b120d020b120d121011
232a1b06232a1b062a202a
3238220a3238220a382038
3a3f240f3a3f240f3f2040
3c3c1e143c3c1e143c203f
3934151839341518393039
2b2107192b2107192b3029
1709091517090915173016
0905111109051111110011
0b030f110b030f11110011
12050a1312050a13130013
190e0514190e0514193018
211803142118031421301f
27210b1327210b13273026
27240f1027240f10273027
21200f0c21200f0c213022
191a0d08191a0d081a201b
0f1009040f100904102010
0505030105050301052005
0000000000000000000000
0000000000000000000000
0304030003040300042004
0304030003040300042004
0304030003040300042004
0505030105050301052005
0604000406040004063005
0c0800080c0800080c300b
120c000c120c000c123010
160e0210160e0210163015
190f0313190f0313193018
1b1003141b1003141b3019
1b1003141b1003141b3019
211803142118031421301f
25200b1225200b12253024
1b1a0d0a1b1a0d0a1b301b
0b110f030b110f03112011
010d150f010d150f151013
050f1d17050f1d171d101b
0b0a1b1a0b0a1b1a1b101b
1704111a1704111a1a001a
1805101b1805101b1b001b
0d08191a0d08191a1a001b
030e1712030e1712171016
0307070303070703071007
1208061012080610123011
3422022434220224343031
7e671c3f7e671c3f7e3078
f7dd516df7dd516df730f6
ffff709dffff709dff3158
fffd4b9dfffd4b9dff3129
784c0456784c0456783072
799d690f799d690f9d209d
ffffdd44ffffdd44ff2170
ffffff15ffffff15ff2181
5be0ef645be0ef64ef10f5
7d35cbdf7d35cbdfdf00e5
ff28c7ffff28c7ffff0136
ff62c2ffff62c2ffff0171
ffb092ffffb092ffff3196
ffcf5dffffcf5dffff3181
ee3e92fcee3e92fcfc0103
4296ffda4296ffdaff1108
53aeffff53aeffffff1142
ff16ffffff16ffffff017c
ff6dffffff6dffffff01e9
ffa2ffffffa2ffffff022c
ffb8ffffffb8ffffff023a
ffc0e7ffffc0e7ffff3215
ffb9a6ffffb9a6ffff31bf
ff9a5effff9a5effff3141
b44f3699b44f3699b430ac
043a5034043a503450104d
b2f2ae06b2f2ae06f220f2
fffffd1dfffffd1dff2174
ffffed1affffed1aff2158
8dcea10a8dcea10ace20ce
094871500948715071106b
89146ba489146ba4a400a5
e95075ece95075ecec00f9
ff6884ffff6884ffff3128
ff5a94ffff5a94ffff0129
ff4c95ffff4c95ffff0118
ff687bffff687bffff311b
ff8c5bffff8c5bffff3127
fd7c49defd7c49defd30fe
aa454099aa454099aa30a7
7d2e2f6c7d2e2f6c7d3075
a7630f77a7630f77a7309a
ebae1594ebae1594eb30e4
ebb41f8cebb41f8ceb30e4
9e76145c9e76145c9e3095
4732072847320728473040
0f0a01080f0a01080f300c
1b16070c1b16070c1b3019
5d501b2a5d501b2a5d305a
bfaa3f56bfaa3f56bf30be
fffd6875fffd6875ff3116
ffff7368ffff7368ff3114
b3b2593ab3b2593ab330bb
595d3515595d35155d205f
2422100c2422100c243024
0b0613140b061314140014
0616261e0616261e261025
0f1027240f102724271027
19041f2619041f26260026
2109132321091323230024
2517031b2517031b253023
2f2a0f142f2a0f142f302e
3c3b1c153c3b1c153c303e
3e3a181a3e3a181a3e303f
2b1e011c2b1e011c2b3029
0c0c1e1c0c0c1e1c1e101e
0d2f391d0d2f391d391037
19444d2219444d224d104c
1d505b2a1d505b2a5b105a
164e5e30164e5e305e105b
053d5535053d5535551050
0831503b0831503b50104c
0b30513e0b30513e51104e
082a4636082a4636461044
0d0e23200d0e2320231022
1a1a0c081a1a0c081a201b
253a3108253a31083a203a
2d4d45112d4d45114d204e
31544b1231544b12542055
334f430b334f430b4f204f
3544310235443102442044
3433181334331813343036
312001223120012231302e
2b1111292b1111292b302c
2105192721051927270027
1503191f1503191f1f001f
0908151409081514151015
02080e0a02080e0a0e100c
0204080602040806081007
00080c0800080c080c100b
0310150c0310150c151014
03151d1103151d111d101b
031b2517031b2517251023
0624301c0624301c30102d
0c303c200c303c203c1039
0c3340230c33402340103d
03293b2503293b253b1037
0421362704213627361033
0620362806203628361033
0a1e362a0a1e362a361033
1614323016143230321034
24062c3624062c36360036
3008243830082438380038
3d1c13363d1c13363d303c
513c0930513c093051304c
6258222a6258222a623061
625e2a26625e2a26623065
5551232155512321553057
423c181c423c181c423042
2d22051a2d22051a2d302a
1905131d1905131d1d001d
13081f2213081f22220022
1305191f1305191f1f001f
1e261c021e261c02262026
2c3320072c332007332033
34371e0f34371e0f372039
3a3718173a3718173a303b
3931111b3931111b393037
2e24081a2e24081a2e302c
1b1003141b1003141b3019
0a020c0e0a020c0e0e000e
06050e0d06050e0d0e100d
0d03090f0d03090f0f000f
170d0311170d0311173015
1f1805121f1805121f301e
27230d1127230d11273026
2827120f2827120f283029
2424120c2424120c242025
1d1e11081d1e11081e201f
12130a0512130a05132013
0707030307070303072007
0201000102010001023001
0000000000000000000000
0304030003040300042004
0305050103050501051005
0204040202040402041004
0103030101030301031003
0201000102010001023001
0604000406040004063005
0c0702090c0702090c300b
1208061012080610123011
190c0716190c0716193019
1e1006181e1006181e301c
1e1104171e1104171e301c
2319031523190315233020
28240e1228240e12283028
2326150a2326150a262027
15201b0415201b04202020
051b2515051b2515251022
08192e2508192e252e102c
190d2d2f190d2d2f2f0030
2803243328032433330033
2a0522332a052233330033
2103252f2103252f2f002f
1a011c251a011c25250025
180c0614180c0614183017
090c0900090c09000c200c
1a0d06151a0d06151a3018
5a430a335a430a335a3054
c7991d6dc7991d6dc730bb
fff427c0fff427c0ff3136
ffff1af0ffff1af0ff3167
ffb702bdffb702bdff3107
171a3734171a373437103a
ffff995bffff995bff2136
ffffcf9dffffcf9dff21ca
ffffa775ffffa775ff2166
889d6415889d64159d209e
1a183e3e1a183e3e3e0042
85392f7785392f77853083
f39813aef39813aef330e7
ffe408daffe408daff313b
f1842dc8f1842dc8f130ef
136aa778136aa778a710a0
62e3e64b62e3e64be610ef
0489ce870489ce87ce10c0
c107b9ffc107b9ffff00ff
ff64c6ffff64c6ffff0179
ff9fd8ffff9fd8ffff31d6
ffd3d6ffffd3d6ffff3216
ffffb2ffffffb2ffff3229
ffff74ffffff74ffff31f7
ffd541ffffd541ffff3170
a238489aa238489aa230a3
65a9911965a99119a920aa
ffffd23bffffd23bff2156
ffffbe5fffffbe5fff2165
f9f3715df9f3715df93104
9087343f9087343f903094
2c341c0c2c341c0c342035
34101a3434101a34340036
843e2874843e2874843083
b24e40a4b24e40a4b230b5
c54c57bec54c57bec530cc
e2595ed3e2595ed3e230e5
ff8057f2ff8057f2ff3111
ff9e4bffff9e4bffff312e
ff8a40e0ff8a40e0ff3107
bd59339dbd59339dbd30b4
a1531d77a1531d77a13091
d2900688d2900688d230c6
ffc5209dffc5209dff30fb
e2ae2084e2ae2084e230da
8766134c8766134c87307f
3526071c3526071c35302f
0102010001020100022002
372d0f19372d0f19373033
8d7a2b408d7a2b408d3089
f7e2596cf7e2596cf730fa
ffff777cffff777cff3132
f1e5655ff1e5655ff130f7
867b3433867b3433863085
3224061c3224061c32302d
0a0d1c190a0d1c191c101c
001b281b001b281b281026
0813241d0813241d241022
1304191e1304191e1e001e
1f10071a1f10071a1f301e
26210c1126210c11263025
2b2c170c2b2c170c2c202d
3333191133331911332035
3a32101c3a32101c3a3039
2f1a09262f1a09262f302e
160e2c2c160e2c2c2c002e
02324a3002324a304a1045
104b6035104b603560105b
15566b3a15566b3a6b1067
0f4f673b0f4f673b671062
043d5637043d5637561052
0130473001304730471043
0329392503293925391037
03171f1303171f131f101d
060b0a03060b0a030b200b
112a2d14112a2d142d102e
1c40421a1c40421a421045
284d4a17284d4a174d2050
2f4c430e2f4c430e4c204d
3142310031423100422042
3333191133331911332035
3323032133230321333030
32170e2b32170e2b323030
2e10162e2e10162e2e0030
280a1a2c280a1a2c2c002d
20051a2720051a27270027
1902172019021720200020
1200121812001218180018
0d0311130d031113130013
060b1613060b1613161015
021420160214201620101d
001b281b001b281b281026
002132210021322132102e
022a3e28022a3e283e103a
0533472d0533472d471044
04344a2e04344a2e4a1045
032c4530032c4530451041
0c2340330c23403340103d
0f1f3d330f1f3d333d103b
0e1e3a300e1e3a303a1038
1117332d1117332d331032
1b08272c1b08272c2c002c
27081b2c27081b2c2c002c
371f092b371f092b373035
4f4111294f4111294f304c
615b2727615b2727613063
65612d2565612d25653067
5a5628225a5628225a305c
47411b1d47411b1d473047
2e1f001d2e1f001d2e302a
1905212719052127270027
1a0c2c301a0c2c30300031
24061c2c24061c2c2c002c
1d2317031d231703232023
272c1b08272c1b082c202c
2f2e17102f2e17102f3030
3630121836301218363035
3830101c3830101c383037
32290c1932290c19323030
1f1703131f1703131f301d
0c03080d0c03080d0d000d
04060c0a04060c0a0c100b
0900090c0900090c0c000c
130b030f130b030f133012
1e1806101e1806101e301c
27240f1027240f10273027
2a29140f2a29140f2a302b
2728150c2728150c282029
1f2213081f221308222022
14150c0514150c05152015
0909050309090503092009
0303010103030101032003
0000000000000000000000
0304030003040300042004
0407060104070601072007
0205060302050603061005
0102050401020504051004
0301010303010103030003
0001020100010201021001
0601040706010407070007
0b02070c0b02070c0c000c
1208061012080610123011
190f0313190f0313193018
1c1300131c1300131c301a
211c0910211c0910213020
2728150c2728150c282029
282f1e07282f1e072f202f
202f2603202f26032f202f
132f3315132f3315331033
01293d2901293d293d1039
19163b3819163b383b103c
2f0131412f013141410041
37072d4337072d43430043
3105293d3105293d3d003d
2f0d1b312f0d1b31310032
2f1e03222f1e03222f302d
241e0812241e0812243022
0507050105070501072007
2c1f04192c1f04192c3027
7a52064a7a52064a7a306e
e89f0c93e89f0c93e830d8
fffc2fc8fffc2fc8ff3141
ffff58a9ffff58a9ff3147
82863e3082863e3086208e
c89c266ec89c266ec830be
ffff78e8ffff78e8ff31c0
ffff71ffffff71ffff31dc
fffd2bc1fffd2bc1ff313e
9c571a759c571a759c3091
270c3b42270c3b42420043
3d5e55123d5e55125e205f
a7bb7325a7bb7325bb20be
9fb66d2e9fb66d2eb620bb
1a0722251a072225250025
ecc33289ecc33289ec30ee
ffe03f8effe03f8eff3109
7b6c1f3c7b6c1f3c7b307b
240b0e23240b0e23243024
9c5616769c5616769c3092
ff9a22c8ff9a22c8ff30fc
fff219fffff219ffff316d
ffff07ffffff07ffff31bc
ffff24ffffff24ffff31a7
ffc310a9ffc310a9ff3102
0732472807324728471040
f4ffa43cf4ffa43cff2116
ffffaf66ffffaf66ff215b
ffff7467ffff7467ff3114
bea3365bbea3365bbe30ba
7a5f12477a5f12477a3076
3628022436280224363035
0f06030c0f06030c0f300d
4925113d4925113d493047
7134236471342364713070
913e3382913e3382913090
c1583ba6c1583ba6c130bb
ff8938d3ff8938d3ff30fb
ffac2de8ffac2de8ff3120
ff9c20c6ff9c20c6ff30fc
c372138ac372138ac330b2
b8760074b8760074b830a5
ebb21d8cebb21d8ceb30e2
ffcf2b97ffcf2b97ff3100
cda02174cda02174cd30c5
6e53103d6e53103d6e3067
221804122218041222301e
1513070915130709153015
5b4e1b285b4e1b285b3057
c7b44756c7b44756c730c7
ffff727bffff727bff312b
ffff7277ffff7277ff3126
baa53e51baa53e51ba30b7
4c33022f4c33022f4c3045
110a1f20110a1f20200021
0119251901192519251023
02121c1402121c141c101a
0b020d100b020d10100010
1917090b1917090b193019
22291a0522291a05292029
232c1f02232c1f022c202c
2529190725291907292029
2a230a152a230a152a3028
260e1226260e1226260028
1616383416163834381038
04395a3f04395a3f5a1054
085070460850704670106a
0c5674460c56744674106e
0749653f0749653f651060
00324a3200324a324a1046
01212f1f01212f1f2f102d
0a1514070a151407152016
0d000d120d000d12120012
061d3025061d302530102f
0331452d0331452d451042
0e3c4c2a0e3c4c2a4c1049
1b43491f1b43491f491049
223e3a10223e3a103e2040
2631240126312401312031
27230f1127230f11273026
2719011b2719011b273024
2513091f2513091f253024
24100c2024100c20243023
210b1121210b1121210022
1f0715231f071523230023
1f0617241f061724240024
1d0419241d041924240024
19021d2419021d24240024
120c2424120c2424240025
0b172d250b172d252d102b
0620362806203628361033
05273f2d05273f2d3f103b
02314a3302314a334a1046
01344f3601344f364f104a
02334e3502334e354e1049
052f4b35052f4b354b1046
0d2545370d254537451042
131d3f37131d3f373f103e
1319393313193933391038
14122e2c14122e2c2e102f
19051f2519051f25250025
200b0e1f200b0e1f203020
2e1f001d2e1f001d2e302a
473a0d26473a0d26473045
6556193465561934653064
7464223874642238743072
6b60272e6b60272e6b306a
514b211f514b211f513051
291d0517291d0517293025
0912231c0912231c231021
0d152f290d152f292f102e
2b0a1f322b0a1f32320032
1d2013061d201306202020
2425140b2425140b252026
2a2812102a2812102a302b
2f2a11142f2a11142f302e
342f1217342f1217343034
322d1017322d1017323032
241d0813241d0813243022
1109030d1109030d11300f
03050b0903050b090b100a
05040b0a05040b0a0b100a
1008040e1008040e103010
1e1704111e1704111e301c
28240e1228240e12283028
2d2b13112d2b13112d302e
2b2b150f2b2b150f2b202d
2625120d2625120d263027
19180b0a19180b0a19301a
0e0c04060e0c04060e300d
0604000406040004063005
0300030403000304040004
0004060400040604061005
0308090403080904091008
0106070401060704071007
0202040402020404040004
0402020404020204040004
0505010305050103052005
0304030003040300042004
0101030301010303030003
0804020608040206083007
100c020a100c020a10300f
1814060c1814060c183017
1f1f0f0b1f1f0f0b1f2020
272c1b08272c1b082c202c
2a3424042a342404342034
293b2f03293b2f033b203b
25413b0f25413b0f412042
1439401d1439401d40103f
06233a2b06233a2b3a1037
2209303722093037370037
3207283d3207283d3d003d
350e213a350e213a3a003b
371a1130371a1130373036
3c2b04253c2b04253c3038
342b0c1b342b0c1b343032
1c1604101c1604101c301b
0504030005040300053004
2f2309192f2309192f302b
7a692c357a692c357a3075
e5f38d3fe5f38d3ff320fb
ffffe427ffffe427ff215b
a4f4bc0ea4f4bc0ef420f4
641c2e5e641c2e5e643062
ffff4dc0ffff4dc0ff315d
ffff6dffffff6dffff31df
ffff27ffffff27ffff3197
ff8c3fdcff8c3fdcff3104
9b167bb89b167bb8b800b9
4c349c9c4c349c9c9c00a4
0f8cc57a0f8cc57ac510b9
42c3dc6142c3dc61dc10d9
1b69ab7d1b69ab7dab10a3
ed733fcbed733fcbed30e9
ffeb1bffffeb1bffff3163
ffa361ffffa361ffff3146
e42baeffe42baeffff0110
9b1ac7ee9b1ac7eeee00ef
4c50c8ba4c50c8bac810ca
2cabd8732cabd873d810ce
b3fff128b3fff128ff211c
fffff110fffff110ff2156
d1ffad1dd1ffad1dff210c
122d2409122d24092d202d
cecd6847cecd6847ce30d8
ffffa36cffffa36cff2151
ffff8167ffff8167ff3123
c6b24654c6b24654c630c4
89701d4889701d48893085
5f46073c5f46073c5f305c
3423022534230225343032
0504010405040104053005
2514071e2514071e253024
4623123b4623123b463044
6934195669341956693064
a45b187ba45b187ba43099
ed980ba8ed980ba8ed30e2
ffbe01bcffbe01bcff310b
f1a9079ff1a9079ff130e8
be810873be810873be30ac
c7911771c7911771c730b7
fbc72b8ffbc72b8ffb30f5
fdc92b91fdc92b91fd30f7
b58b1b67b58b1b67b530ad
58400a3258400a32583051
0f07030b0f07030b0f300d
302a1014302a101430302e
9081323d9081323d90308e
fff0646cfff0646cff3107
ffff7781ffff7781ff3138
ebd14d6bebd14d6beb30ea
7250084472500844723068
22021e2a22021e2a2a002a
0910211c0910211c211020
0509110f0509110f111011
0706030207060302073006
111b1705111b17051b201b
1c2b24051c2b24052b202b
1e2b22031e2b22032b202b
1a1e12041a1e12041e201e
1b0f05151b0f05151b3019
1c06262c1c06262c2c002c
14244a4014244a404a1049
0841684b0841684b681063
0352774e0352774e771071
054f7149054f714971106b
003a563a003a563a561052
051d2f23051d2f232f102d
00080c0800080c080c100b
0b0613140b061314140014
1016302c1016302c301031
0d2645380d264538451043
062f4c37062f4c374c1048
03344b3003344b304b1046
0d3543250d354325431040
122e3416122e3416341032
1422200814222008222022
1318110213181102182018
15150b0715150b07152016
1411060914110609143013
130d010d130d010d133012
1307091313070913130014
1503111915031119190019
1902172019021720200020
1e0120291e012029290029
20062a3220062a32320032
1f0e35381f0e3538380039
19193f3b19193f3b3f1040
1423483d1423483d481046
0f2a4d3e0f2a4d3e4d104a
0832523c0832523c52104e
05324f3805324f384f104b
03304b3403304b344b1046
02304a3202304a324a1045
0927433309274333431040
121b3a33121b3a333a1039
15122f2e15122f2e2f1031
15071f2315071f23230023
1409041114090411143013
1118150411181504182018
0e1a180a0e1a180a1a201b
211f0b0d211f0b0d213021
513e0932513e093251304f
7c651a457c651a457c307a
82742c3a82742c3a823081
615e2d22615e2d22613063
2827140d2827140d283029
0c1918050c191805192019
102c3416102c3416341031
1f0e3b3c1f0e3b3c3c003d
181c1204181c12041c201c
1e2012081e201208202020
2424120c2424120c242025
2827120f2827120f283029
2f2c13122f2c13122f302f
312d1315312d1315313031
28220a1428220a14283027
160e0210160e0210163015
08030c0d08030c0d0d000d
05060d0c05060d0c0d100d
0e05060d0e05060d0e300d
1b1403101b1403101b3019
28230c1328230c13283027
302b1015302b101530302f
312c1116312c1116313031
2d270d152d270d152d302c
221b0613221b0613223021
1810001018100010183016
0e05060d0e05060d0e300d
0901070b0901070b0b000b
0503090905030909090009
00070a0700070a070a1009
0005080500050805081007
0102050401020504051004
0502010405020104053004
0806020408060204083007
0707030307070303072007
0303010103030101032003
0201000102010001023001
0909050309090503092009
12140c0412140c04142014
1b2015041b201504202020
252e1f04252e1f042e202e
2b3727032b372703372037
3143330131433301432043
334b3d07334b3d074b204b
28433c0d28433c0d432044
132e3114132e3114311032
0813241d0813241d241022
1d0417241d041724240024
2a130e252a130e252a3029
3222002232220022323030
3c320e1e3c320e1e3c303a
3831101b3831101b383037
281f0617281f0617283026
130c010e130c010e133012
090f0f03090f0f030f100f
45614d0345614d03612061
b2ffd215b2ffd215ff2103
faffff28faffff28ff2176
abffef2dabffef2dff2116
18264e3e18264e3e4e1048
f5c12d81f5c12d81f530e8
ffff53e3ffff53e3ff3196
ffff1effffff1effff31ae
ffb841ffffb841ffff314b
de3b80e7de3b80e7e700ee
81149bbe81149bbebe00bf
285dae91285dae91ae10ac
329bae53329bae53ae10af
397b7521397b75217b207f
4b2117374b2117374b3040
e28f18a5e28f18a5e230da
ff649fffff649fffff0140
ff18ffffff18ffffff0190
ff06ffffff06ffffff01a2
ff0fffffff0fffffff0175
9d63ffff9d63ffffff0142
12d3ffef12d3ffefff113e
5affffa15affffa1ff1142
71f1f75571f1f755f710ff
0c4c64340c4c643464105c
ab95354dab95354dab30a7
ffff9072ffff9072ff3142
ffff8972ffff8972ff313d
dac85458dac85458da30da
917927459179274591308b
6a4f0c3f6a4f0c3f6a3065
523800385238003852304f
3521052735210527353033
110a030e110a030e113011
100a000c100a000c10300f
2f1e01202f1e01202f302b
533803345338033453304c
946d1255946d125594308a
ddad257dddad257ddd30d5
f8c5288ff8c5288ff830f3
d5a31b7dd5a31b7dd530cd
b9851369b9851369b930a9
d9a52179d9a52179d930cc
ffcf2f93ffcf2f93ff30fd
edbd2b85edbd2b85ed30e7
97761b5297761b5297308f
3a2b081f3a2b081f3a3035
0c0c06040c0c06040c200c
5e5422265e5422265e305c
cfc05154cfc05154cf30d1
ffff707cffff707cff312a
fff2597efff2597eff3110
a079165ba079165ba03097
3d1817363d1817363d303b
17031b2117031b21210021
11050b1311050b13130013
1212080612120806122012
161d1601161d16011d201d
1e271c011e271c01272027
2225140922251409252026
1d1103151d1103151d301b
1906212619062126260026
171d413b171d413b411041
13315b4b13315b4b5b1059
09436d4f09436d4f6d1067
034e714a034e714a71106b
03425f3e03425f3e5f105a
0423382904233829381035
0900090c0900090c0c000c
02131a1102131a111a1019
081d3227081d3227321030
0c2542350c254235421040
0d28493a0d28493a491046
0a2a4a380a2a4a384a1046
042c4632042c4632461042
00293e2900293e293e1039
022232200222322032102e
0019261900192619261023
01121d1401121d141d101a
0112191001121910191018
010e130c010e130c131012
0106090601060906091008
0100010201000102020002
05050d0b05050d0b0d100c
0a0918170a091817181018
120c2424120c2424240025
180f2e2f180f2e2f2f0031
1b1439381b14393839103b
191d453f191d453f451045
16254e4316254e434e104c
132951431329514351104e
0d2c4f3e0d2c4f3e4f104c
082c4a36082c4a364a1045
032d4731032d4731471042
0030483000304830481043
0627402f0627402f40103d
0f162f2a0f162f2a2f102f
12071c1f12071c1f1f001f
120c020c120c020c123010
0f2a33160f2a331633102f
0435563f0435563f561052
2911434d2911434d4d004e
2c11102b2c11102b2c302e
130f010f130f010f133015
685b1e35685b1e35683069
8c8940358c8940358c3092
717a471c717a471c7a207d
2e3f32032e3f32033f203f
1e1806141e1806141e301f
3b574b053b574b05572057
05547f5005547f507f1074
1218120012181200182018
181c1204181c12041c201c
1e1f10091e1f10091f2020
2524110e2524110e253026
2c2a14102c2a14102c302c
2d2c15102d2c15102d302e
27240f1027240f10273027
1810001018100010183016
0a010c0f0a010c0f0f000f
06040c0c06040c0c0c000c
0b03070b0b03070b0b000b
1610020e1610020e163015
26200a1226200a12263024
2e280e162e280e162e302d
332b0d19332b0d19333031
3127091b3127091b31302f
2a1c001c2a1c001c2a3027
2213061b2213061b223021
18090a1718090a17183018
11040b1211040b12120012
0a000a0e0a000a0e0e000e
0503090905030909090009
0203060502030605061005
0202040402020404040004
0402020404020204040004
0706010407060104073007
0908030409080304093008
0604000406040004063005
0300030403000304040004
0307070303070703071007
0d130f010d130f01132013
181f1601181f16011f201f
242c1e04242c1e042c202c
2e3826062e382606382038
3947310539473105472047
3d4e37043d4e37044e204e
3746310437463104462046
2834260228342602342034
121b1603121b16031b201b
0601080906010809090009
1713050d1713050d173017
2625120d2625120d263027
30321a0e30321a0e322033
312f1513312f1513313032
2922091629220916293028
1d1501131d1501131d301c
05060d0c05060d0c0d100d
4465500744655007652065
c5ffd108c5ffd108ff2112
ffffff0bffffff0bff217b
c6ffde0fc6ffde0fff2115
1b4853221b48532253104f
97690b5997690b59973089
fff53eabfff53eabff312a
ffff53d7ffff53d7ff3178
fffa41acfffa41acff312f
a37e1f54a37e1f54a33097
1e1c0e0a1e1c0e0a1e301d
431e1538431e153843303f
a146378ea146378ea1309e
dc4772e5dc4772e5e500ef
be1a9cf4be1a9cf4f400f5
690e5b8a690e5b8a8a008a
10404e2c10404e2c4e104d
5c3bb6c35c3bb6c3c300cb
c02488e6c02488e6e600e8
af473f9faf473f9faf30ae
231a4742231a4742471046
7199770371997703992099
c5d88928c5d88928d820db
cdc66946cdc66946cd30d2
765f243d765f243d763070
3a4d2e053a4d2e054d204d
f7f9735df7f9735df92109
ffff7b8cffff7b8cff314c
ffe84f80ffe84f80ff3108
b48f265db48f265db430aa
78570e4578570e4578306f
5d40033c5d40033c5d3057
4b3103354b3103354b3048
3523012535230125353032
160d020f160d020f163013
0d0f09030d0f09030f200f
2927130f2927130f293029
544f261d544f261d543054
928a4036928a4036923094
c8b54657c8b54657c830c8
cfb2376acfb2376acf30cf
b7922362b7922362b730af
b58a1d60b58a1d60b530a8
e2b3287de2b3287de230da
ffd33391ffd33391ff3100
d8af2c75d8af2c75d830d2
765c163e765c163e76306e
1d1403101d1403101d3019
322f1413322f1413323032
998c393e998c393e993099
ffea5d70ffea5d70ff3103
ffff5f86ffff5f86ff3120
cea72c6dcea72c6dce30c7
5f380b445f380b445f3058
290a1b2c290a1b2c2c002d
250f0f23250f0f23253026
2a1b021d2a1b021d2a3027
2a1f04192a1f04192a3027
2e20021c2e20021c2e302a
30190a2730190a2730302e
2a0522332a052233330033
1f143b3c1f143b3c3c003f
132a4f42132a4f424f104e
0b365b440b365b445b1056
014061420140614261105b
08445e3a08445e3a5e1059
052f4129052f412941103e
0608121006081210121011
0d1c1b0a0d1c1b0a1c201d
0729351f0729351f351033
012b412d012b412d41103e
062c4834062c4834481044
0a2948370a294837481044
0c2746370c274637461043
0a2542330a25423342103f
09213b2d09213b2d3b1037
091b3127091b312731102f
0b152b230b152b232b1028
0d1127230d112723271026
0e0f26230e0f2623261026
10091e1f10091e1f1f0020
1401121914011219190019
1308071213080712133013
120f0409120f0409123011
0e1510010e151001152015
0917190b0917190b191019
0319231503192315231020
011d2d1f011d2d1f2d102a
0323372703233727371034
03273d2b03273d2b3d103a
03283f2c03283f2c3f103b
02253a2902253a293a1037
0125372301253723371032
092d3b21092d3b213b1037
0b3445260b344526451040
01273d2b01273d2b3d103a
130a2124130a2124240025
160d000f160d000f163013
132a2d10132a2d102d102c
155a713c155a713c71106c
095f976d095f976d971090
55075f7f55075f7f7f007f
7c4f06597c4f06597c3077
3630121636301216363034
43411d1d43411d1d433047
8d96532a8d96532a96209b
839d6913839d69139d209e
3c6258143c625814622064
2b1609282b1609282b302d
6f9673046f967304962096
4abed25a4abed25ad210d2
0a1414060a141406141014
1118130211181302182018
1519110315191103192019
1e2012081e201208202020
262a180a262a180a2a202b
292c190a292c190a2c202d
2223120b2223120b232024
1510030c1510030c153014
0901070b0901070b0b000b
0601080906010809090009
0802040808020408080008
110d0309110d030911300f
1e1b0a0d1e1b0a0d1e301d
28240e1228240e12283028
2f280d162f280d162f302d
2e23061b2e23061b2e302c
2b1b031f2b1b031f2b3029
2715071f2715071f273025
1f0e0b1c1f0e0b1c1f301f
18080c1818080c18180019
12050a1312050a13130013
0c020a0e0c020a0e0e000e
0700070a0700070a0a000a
0500050605000506060006
0501030505010305050005
0905010709050107093008
0c0702090c0702090c300b
0a04040a0a04040a0a000a
0801060908010609090009
0105090701050907091008
0911110509111105111011
141c1602141c16021c201c
1f271b031f271b03272027
2e3622082e362208362036
3d462b0c3d462b0c462047
454b2b11454b2b114b204c
4344231643442316442047
3a3718173a3718173a303b
2720091427200914273025
1007060f1007060f103010
0410140a0410140a141012
16241e0616241e06242024
212c2100212c21002c202c
2428180824281808282028
22200e0e22200e0e223022
1e19080f1e19080f1e301d
0803040908030409090009
4857380948573809572057
ddffa327ddffa327ff2105
ffffeb3effffeb3eff217b
ffffb736ffffb736ff212a
6170491061704910702071
3929072139290721393034
c3bd5f47c3bd5f47c330c9
ffffd23dffffd23dff2150
f6ffff0ff6ffff0fff215b
4ed9f4734ed9f473f410f5
4e54c8bc4e54c8bcc810cd
a01cc4eca01cc4ecec00ed
d60bdeffd60bdeffff0121
ff07faffff07faffff015b
ff30f3ffff30f3ffff0179
ff8899ffff8899ffff316a
ffe10eebffe10eebff3145
d8990683d8990683d830c9
2449906d2449906d901083
06b1ffb506b1ffb5ff10fd
a339f7ffa339f7ffff011a
ff6ab2ffff6ab2ffff0167
ffbd8bffffbd8bffff31a3
ffcd74ffffcd74ffff31a2
ffa65affffa65affff3153
a138459ea138459ea130a7
5d7749115d774911772078
fffc4f96fffc4f96ff3125
ffff3cb8ffff3cb8ff313e
fcbd2291fcbd2291fc30ee
a1730f5fa1730f5fa13095
6c4b08416c4b08416c3063
533b0733533b073353304d
4433062944330629443041
2b1e011e2b1e011e2b302a
0c010e110c010e11110011
111d1905111d19051d201d
34422e0434422e04422042
63734b0f63734b0f732073
8e985a228e985a2298209b
a6a4503aa6a4503aa630ad
a59c4146a59c4146a530aa
99832d4599832d45993094
ae892259ae892259ae30a3
ecbf2e83ecbf2e83ec30e7
ffd3348fffd3348fff30fe
bd962368bd962368bd30b6
57410d2f57410d2f573050
070a0700070a07000a200a
665b242b665b242b663064
cfb9475bcfb9475bcf30ce
fff95f7dfff95f7dff3116
efcf4575efcf4575ef30ed
855f0b4f855f0b4f85307b
3a1716333a1716333a3037
2e11162d2e11162d2e3030
381c1030381c1030383037
3d1d13353d1d13353d303c
3f181b3c3f181b3c3f3040
3e0f26433e0f2643430044
3501354735013547470047
2415424524154245450048
11274b3d11274b3d4b1048
02334e3502334e354e1049
093b4f2f093b4f2f4f104b
0e3744250e374425441042
05181f1205181f121f101e
0912110609121106122012
112f3519112f3519351035
0d3745250d374525451042
0534492e0534492e491045
032f4933032f4933491045
082a4634082a4634461042
0a2542330a25423342103f
0c1f3a2f0c1f3a2f3a1038
0b1a31280b1a312831102f
09162b2209162b222b1028
09162b2209162b222b1028
0d152d270d152d272d102c
15102d2c15102d2c2d102e
1d06272e1d06272e2e002e
25061d2c25061d2c2c002c
280f1227280f1227283029
2a160a222a160a222a3028
2b1a05202b1a05202b3029
2c1e001e2c1e001e2c302a
2b240b162b240b162b302a
2628160a2628160a282029
20291e0120291e01292029
1d281f021d281f02282028
1c251a011c251a01252025
1c1d0e091c1d0e091d201e
231e0912231e0912233022
32331c1132331c11332035
3446380234463802462046
1530351815303518351035
14060c1814060c18180018
1f2b21011f2b21012b202b
1f4d53231f4d5323531054
2e879a472e879a479a1098
1585af691585af69af10a9
55044f7255044f72720072
a28b2c51a28b2c51a230a0
6671421766714217712073
281e061a281e061a283027
929e5c28929e5c289e20a2
9ec68c0e9ec68c0ec620c6
5489781b5489781b89208b
301a082a301a082a303031
a3dba305a3dba305db20db
a3ffff49a3ffff49ff212d
0610120806101208121011
0c1412040c141204142014
0f140f000f140f00142014
181d1403181d14031d201d
23291b0523291b05292029
252b1b07252b1b072b202b
2022140820221408222022
1211080712110807123012
0603020506030205063005
0300030403000304040004
0403000304030003043004
0b0b05030b0b05030b200b
15150b0715150b07152016
21200f0c21200f0c213022
27230d1127230d11273026
271d0517271d0517273025
2719011b2719011b273024
2516051c2516051c253023
2111071b2111071b21301f
1b0c09181b0c09181b301a
160a0814160a0814163016
1106071011060710113011
0c04060c0c04060c0c000c
0904030809040308093008
0501030505010305050005
0603020506030205063005
0904030809040308093008
0a03060b0a03060b0b000b
0a02080c0a02080c0c000c
06040c0c06040c0c0c000c
030e110a030e110a111011
0d1715050d171505172017
1a2118011a211801212021
2a2f1c092a2f1c092f202f
3d3e1f143d3e1f143e2041
49431b1f49431b1f493049
4c3f12274c3f12274c304a
4936072c4936072c493045
3b23072d3b23072d3b3039
290e1328290e132829302a
11091d1f11091d1f1f0020
061d2615061d2615261023
1224240c1224240c241025
151f1903151f19031f201f
171b1105171b11051b201b
191b0f07191b0f071b201b
0a0d0a010a0d0a010d200d
3d3817163d3817163d303c
d3d0614ad3d0614ad330dc
ffff9e85ffff9e85ff316f
ffff8792ffff8792ff315f
ccac3a62ccac3a62cc30c5
270b1323270b1323273024
7aaf8c077aaf8c07af20af
ffffff1dffffff1dff217a
ffffff55ffffff55ff21b9
6cffff8e6cffff8eff1141
2b76d7ae2b76d7aed710d2
6535b1b96535b1b9b900c0
7030b4c27030b4c2c200c7
891db1d1891db1d1d100d3
c82590e5c82590e5e500e7
ffa93af5ffa93af5ff3129
ffff2aefffff2aefff317e
ffd401d2ffd401d2ff312a
535cd5c0535cd5c0d510d4
16feffd816feffd8ff114d
6b87ffff6b87ffffff1132
ff2ee2ffff2ee2ffff015d
ff9cbeffff9cbeffff31b4
ffdda1ffffdda1ffff31e7
ffff69ffffff69ffff31d8
ffe321ffffe321ffff3163
7550014e7550014e75306f
a97f0f71a97f0f71a930a9
fffd23d3fffd23d3ff3149
fff624c8fff624c8ff313d
eaab1a89eaab1a89ea30db
8f6a13508f6a13508f3084
5d4911315d4911315d3057
49380b2849380b28493044
3824022838240228383035
220c1022220c1022220024
03101b1403101b141b1019
25362b0425362b04362036
5365430b5365430b652065
7688561676885616882089
8893581f8893581f932096
909754299097542997209c
8486442c8486442c86208d
7c6b28337c6b28337c3076
ae8d2659ae8d2659ae30a6
f6cb3487f6cb3487f630f3
f2c53087f2c53087f230ee
9e7c1c569e7c1c569e3096
3223041d3223041d32302d
302f1611302f1611303031
9588373e9588373e953095
f2de5a68f2de5a68f230f5
fee65874fee65874fe3101
a98a2558a98a2558a930a3
4b2c07344b2c07344b3044
2b0f13272b0f13272b3029
3113152f3113152f313032
3c141e3c3c141e3c3c003f
4010284640102846460047
400b304b400b304b4b004b
3701354937013549490049
270c3940270c3940400041
121d3e35121d3e353e103c
002c422c002c422c42103e
0c323e220c323e223e103c
0f272b130f272b132b102b
0202020002020200021002
0f2527110f252711271028
163a401c163a401c401040
153f4923153f4923491048
0d3b4b290d3b4b294b1047
0432482e0432482e481043
0428402e0428402e40103c
0720352807203528351033
06182a2006182a202a1028
0414241a0414241a241020
0316251a0316251a251022
031b2b1f031b2b1f2b1029
081b3025081b302530102d
10142e2a10142e2a2e102e
1d08292e1d08292e2e002e
2906213229062132320032
34121a3434121a34340037
3917173539171735393039
3c151e3b3c151e3b3c303e
461d1c43461d1c43463049
532e0f42532e0f42533050
513501375135013751304c
4630022c4630022c463041
3c2702293c2702293c3038
3a1c10303a1c10303a3037
3a0c2a423a0c2a42420043
4c1036584c103658580059
703f125b703f125b70306e
7e6b243d7e6b243d7e307b
4a4c2c124a4c2c124c204e
070c0704070c07040c200c
304a3e08304a3e084a204a
376c6b24376c6b246c2071
4da3a53b4da3a53ba510ad
3c97a4473c97a447a410a6
3e1124433e112443430045
a7b86b2aa7b86b2ab820bc
7da77b017da77b01a720a7
18021a2418021a24240024
9caa642a9caa642aaa20af
bef3ae0bbef3ae0bf320f3
6ea88c186ea88c18a820a9
30280e1a30280e1a30302f
c7ffd307c7ffd307ff2113
e5ffff32e5ffff32ff2169
070e0f06070e0f060f100f
0911110509111105111011
0b110f030b110f03112011
131b1501131b15011b201b
1e271c011e271c01272027
21291d0321291d03292029
1c2216041c221604222022
10130c0310130c03132013
0505030105050301052005
0000000000000000000000
0304030003040300042004
0809060108090601092009
0f110b030f110b03112011
1a1c10061a1c10061c201c
1e1d0e0b1e1d0e0b1e301f
1e1806101e1806101e301c
1f1601141f1601141f301d
211501172115011721301f
1f1303171f1303171f301d
1b0f05151b0f05151b3019
180d0413180d0413183017
130b030f130b030f133012
0e08020a0e08020a0e300c
0a0700070a0700070a3009
0603020506030205063005
0500050605000506060006
0700070a0700070a0a000a
0b01090d0b01090d0d000d
0c010a0f0c010a0f0f000f
09040f1009040f10100010
0209100d0209100d10100f
0710110607101106111011
151a1102151a11021a201a
2424120c2424120c242025
3832141838321418383037
45380f2445380f24453042
4c3604304c3604304c3048
4f2f093b4f2f093b4f304b
4a2414404a2414404a3049
3d161d3c3d161d3c3d303f
2602243226022432320032
10122a2610122a262a102a
001a261a001a261a261024
04141a0e04141a0e1a1018
0c1412040c141204142014
141b1401141b14011b201b
0e1714030e171403172017
2515051925150519253020
a6872651a6872651a6309d
ffff5d9fffff5d9fff3141
ffff73c1ffff73c1ff3184
fffc5390fffc5390ff3122
6c4902416c4902416c3061
68a58c1568a58c15a520a6
ffffff11ffffff11ff2195
ffffff1dffffff1dff21d9
ceffff26ceffff26ff213c
417c7926417c79267c2081
0f343f200f343f203f103d
13343b1a13343b1a3b103a
0a28321a0a28321a32102f
2a130c232a130c232a3027
9c9544399c9544399c309f
ffffa453ffffa453ff2136
f0f8884cf0f8884cf82103
143b3c19143b3c193c1040
ceffc40eceffc40eff2110
8bc59b078bc59b07c520c5
2219444522194445450049
b1661384b1661384b130a6
ffcb16b1ffcb16b1ff310d
ffff51bfffff51bfff3162
ffff8c9affff8c9aff317a
dbff9136dbff9136ff2105
2f1a4b542f1a4b54540057
ffc405c4ffc405c4ff3115
ffff2be4ffff2be4ff316a
fff129b9fff129b9ff312f
d39c177ad39c177ad330c6
865f0a51865f0a5186307c
5f3f033d5f3f033d5f3057
452a0330452a033045303f
2d1a05222d1a05222d302a
0e020a100e020a10100010
1e2418041e241804242024
51542d1851542d18542057
7b7f43277b7f43277f2084
8b9251288b925128922097
8b9455228b945522942097
7d884f207d884f2088208b
6364351e6364351e642068
705e222e705e222e703068
ba9a2c60ba9a2c60ba30b5
f8cf3887f8cf3887f830f7
dbb42f76dbb42f76db30d7
755a1340755a134075306e
0702090a0702090a0a000a
5f5a29245f5a29245f3060
c4b8504ec4b8504ec430c7
f6e96665f6e96665f630fd
c4b34855c4b34855c430c6
5f4e172e5f4e172e5f305a
211401142114011421301c
1507091315070913153014
1c07121f1c07121f1f001f
25071b2b25071b2b2b002b
2b081f322b081f32320032
2906213229062132320032
1f03252d1f03252d2d002d
0d152d270d152d272d102c
0323311f0323311f31102e
0e2428120e242812281028
0f1511010f151101152015
000e140e000e140e141013
122e3216122e3216321032
1c3e40181c3e4018401042
1f44471a1f44471a471048
1a40461e1a40461e461046
0e343e200e343e203e103d
0524311e0524311e31102e
0118251801182518251021
00121c1200121c121c1019
01131b1101131b111b1019
041b2415041b2415241022
05202b1a05202b1a2b1029
011f2d1d011f2d1d2d102a
0617281f0617281f281026
110b2121110b2121210022
1d0219241d021924240024
2a0f14292a0f14292a302b
31101b3231101b32320034
36062e4236062e42420042
4b1231544b123154540055
69321f5c69321f5c693068
71430d5571430d5571306c
63390d4963390d4963305c
50241a4650241a4650304e
470f314f470f314f4f0050
420f5865420f5865650066
5a0968835a096883830083
9e49328f9e49328f9e30a0
c89b2073c89b2073c830c1
8d80353a8d80353a8d308c
1105070b1105070b11300c
42604c0442604c04602060
5387771953877719872089
66b0a22a66b0a22ab020b4
5197912b5197912b97209d
2f1e03222f1e03222f302d
abd49112abd49112d420d4
93cc9d0693cc9d06cc20cc
021a281e021a281e281027
a0ba7620a0ba7620ba20bc
d9ffcd07d9ffcd07ff211b
81b68d0c81b68d0cb620b6
2f4235022f423502422042
d3ffff20d3ffff20ff2139
f9ffff2cf9ffff2cff217a
0610120806101208121011
0511150b0511150b151014
0310150c0310150c151014
0b191b0b0b191b0b1b101b
1524210815242108242024
19261f0419261f04262026
18211a0118211a01212021
0f1511010f151101152015
0307070303070703071007
0301050503010505050005
0104070601040706071007
0107090501070905091008
090f0d03090f0d030f200f
1217100112171001172017
16170c0716170c07172018
1814060c1814060c183017
1a1202101a1202101a3018
1c1300131c1300131c301a
1e1400141e1400141e301c
1b1101131b1101131b3019
1810001018100010183016
1510030c1510030c153014
0f0c03080f0c03080f300e
0b0903050b0903050b300a
0603020506030205063005
0303070703030707070007
0503090905030909090009
0701090b0701090b0b000b
09010b0d09010b0d0d000d
07040d0e07040d0e0e000e
06040c0c06040c0c0c000c
02080a0602080a060a100a
0f110b030f110b03112011
1d1a0b0c1d1a0b0c1d301c
2d270d152d270d152d302c
392c0920392c0920393036
4129032d4129032d41303c
4624103a4624103a463044
4a2218424a2218424a304a
461b1e43461b1e43463048
370c253e370c253e3e003f
22052a3322052a33330033
120d2625120d2625261027
0c0818180c081818180019
020b120d020b120d121011
0d1817060d181706182018
111e1b06111e1b061e201e
0c0510110c051011110011
614c192e614c192e613058
e9dc6b56e9dc6b56e930ec
ffffbe65ffffbe65ff2169
ffffb747ffffb747ff2148
717f451b717f451b7f2081
70916c0370916c03912091
ffffff16ffffff16ff2192
ffffff25ffffff25ff21da
ffffc531ffffc531ff213a
8478303884783038843084
502d0c3d502d0c3d50304b
552d1345552d1345553052
5525214f5525214f553057
340f4e57340f4e57570058
25809f5425809f549f1099
9dffff469dffff46ff2120
92ffff5392ffff53ff212a
6319899b6319899b9b009d
ffea00eeffea00eeff314d
ffe817ffffe817ffff315d
ea4b80efea4b80efef00fa
6e46dedc6e46dedcde10e6
13b5ffd313b5ffd3ff1115
48ffffbd48ffffbdff1155
96ffff9196ffff91ff117d
8bffff668bffff66ff2142
04729e6604729e669e1098
d078189ad078189ad030c3
ffff2ad4ffff2ad4ff3155
ffff24e5ffff24e5ff316a
ffca05ceffca05ceff3120
df7f1fa9df7f1fa9df30d3
a65b1a81a65b1a81a6309d
78460a5678460a5678306e
4c33042f4c33042f4c3045
201906112019061120301e
100e0408100e0408103010
463f181f463f181f463046
7a75362f7a75362f7a307e
969a5030969a50309a20a1
929b5627929b56279b209f
80884c2280884c2288208c
646a3a1e646a3a1e6a206e
514b231b514b231b51304f
76601e3676601e3676306e
cdad336bcdad336bcd30cb
f6d13e81f6d13e81f630f5
b5962b5eb5962b5eb530b1
43330b2343330b2343303d
2e2f180f2e2f180f2f2031
969144379691443796309b
e1dd6953e1dd6953e130ec
d5d5694dd5d5694dd520e2
7a7b40257a7b40257b2080
1f271d011f271d01272027
07020b0e07020b0e0e000e
0a0602080a0602080a300a
0003040300030403041004
0a03060b0a03060b0b000b
1006081010060810100011
0d010f130d010f13130013
0110191201101912191018
0b1a1d0c0b1a1d0c1d101c
1016120210161202162016
0c05040b0c05040b0c300c
021720150217201520101f
1230361812303618361035
1d3d3f171d3d3f173f1041
2346451623464516462049
2143431721434317431046
1632361616323616361036
0a1f24110a1f2411241023
0413180d0413180d181017
0311170d0311170d171015
05161d1005161d101d101b
091f2513091f2513251024
0a2126130a212613261026
0a1e22100a1e2210221022
0716190c0716190c191019
010a0d08010a0d080d100c
0500050605000506060006
0e07040b0e07040b0e300d
1400141a1400141a1a001a
1810303018103030300032
3401364734013647470047
612f1b55612f1b55613061
7950015279500152793072
6843044768430447683061
4c201c444c201c444c304b
3b01394d3b01394d4d004d
2a28645e2a28645e641066
3d2573753d25737575007a
9746318897463188973098
ecc23280ecc23280ec30e8
cbbf5153cbbf5153cb30d0
3a2d0c1b3a2d0c1b3a3034
48664e0048664e00662066
70a0800a70a0800aa020a0
79bba11d79bba11dbb20bd
5591852155918521912094
32290c1932290c19323030
b5e39f0fb5e39f0fe320e3
aae2a802aae2a802e220e2
1729250b1729250b29202a
9cc8900a9cc8900ac820c8
e4ffe804e4ffe804ff2134
83af810383af8103af20af
3a67621b3a67621b67206a
d3ffff36d3ffff36ff2150
ecffff2aecffff2aff2166
0413180d0413180d181017
0313190f0313190f191018
00111a1100111a111a1018
051921130519211321101f
0b2127130b212713271026
0e21240f0e21240f241024
0e1e1e0a0e1e1e0a1e101f
0a1616080a161608161017
00090e0900090e090e100c
06040c0c06040c0c0c000c
07040d0e07040d0e0e000e
06040c0c06040c0c0c000c
030b0d07030b0d070d100d
0c110e010c110e01112011
1111090511110905112011
130f030b130f030b133012
160f000f160f000f163015
1a1100111a1100111a3018
1c1402121c1402121c301a
1b1403101b1403101b3019
1814060c1814060c183017
1514090815140908153015
0f1009040f100904102010
090b0701090b07010b200b
0201000102010001023001
0205060302050603061005
0005080500050805081007
0303070703030707070007
0503090905030909090009
04040a0a04040a0a0a000a
0601080906010809090009
0202060602020606060006
0609080106090801092009
12130a0512130a05132013
201e0e0c201e0e0c203020
29220b1429220b14293027
2c1d001d2c1d001d2c3029
30180c2830180c2830302e
3a1b12333a1b12333a3039
3e1b16393e1b16393e303f
37121d3837121d3838003a
2906213229062132320032
1e001e281e001e28280028
1804121c1804121c1c001c
0c010e110c010e11110011
0713150907131509151015
131e1904131e19041e201e
080d0a01080d0a010d200d
2b3d35052b3d35053d203d
91d7b91991d7b919d720d8
edffff32edffff32ff216d
d5ffff32d5ffff32ff2153
4a84741a4a84741a842086
7184570e7184570e842084
fffffd22fffffd22ff2179
ffffff49ffffff49ff21c2
ffff8b6bffff8b6bff3137
b1700b7eb1700b7eb130a8
8220568e8220568e8e0091
8e1378ad8e1378adad00ae
a6099ed9a6099ed9d900d9
a41ed2fca41ed2fcfc00fd
6a74ffff6a74ffffff111a
0cf8ffe40cf8ffe4ff1150
42ffffbc42ffffbcff115b
5566e1c65566e1c6e110de
ff995affff995affff3138
ffce74ffffce74ffff319b
ff47ffffff47ffffff019f
ff50ffffff50ffffff01c1
d0acffffd0acffffff11e3
86e7ffff86e7ffffff11d7
24ffffff24ffffffff1194
1ee1ffb31ee1ffb3ff111f
0368955803689558951088
743c1856743c1856743068
ffc61b9effc61b9eff30fd
fff903f3fff903f3ff315b
ffd13fffffd13fffff3166
ff9e63ffff9e63ffff314a
ff8e4df8ff8e4df8ff311d
ea8420b2ea8420b2ea30dd
9f6601689f6601689f3091
543b0831543b083154304c
140e020c140e020c143012
292711112927111129302a
696a3524696a35246a206f
959d552b959d552b9d20a2
98a25a2a98a25a2aa220a7
858a4b26858a4b268a208f
6d703b226d703b22702075
4f4e251c4f4e251c4f3052
4c3b10234c3b10234c3044
92741e4c92741e4c92308a
e9c73d79e9c73d79e930e8
e7c73f75e7c73f75e730e6
866f2043866f2043863081
0901090b0901090b0b000b
686934236869342369206e
c7c66146c7c66146c730d2
e5eb794de5eb794deb20f7
a2ad602da2ad602dad20b2
3947330139473301472047
0a0716170a071617170018
1d0d0b1b1d0d0b1b1d301d
190c0716190c0716193019
0e06040c0e06040c0e300d
0201000102010001023001
0104070601040706071007
050d0f07050d0f070f100e
0c1310030c131003132013
0c0b04050c0b04050c300c
0607100f0607100f101010
051d2717051d2717271025
1131391b1131391b391037
183c421c183c421c421042
2044461a2044461a461048
2042421620424216421045
152e2f12152e2f122f1031
091a1f0e091a1f0e1f101d
0512170c0512170c171015
0413180d0413180d181017
07191d0f07191d0f1d101d
0c1e200e0c1e200e201021
0f1c1b080f1c1b081c201d
12160e0212160e02162016
140d020f140d020f143013
1601161d1601161d1d001d
19031f2719031f27270027
1d0515231d051523230023
1d1605101d1605101d301b
1828240818282408282028
06182a2006182a202a1028
4029022f4029022f40303e
665f2a29665f2a29663067
504e261a504e261a503052
2618041a2618041a263023
12112e2b12112e2b2e102e
0239583d0239583d581053
0f3c694e0f3c694e691062
712f2d69712f2d69713073
f2cb3a7ff2cb3a7ff230ef
fff4676efff4676eff310b
7868263678682636783075
3655460536554605552055
86b5880186b58801b520b5
8dcca5128dcca512cc20cc
578f811d578f811d8f2091
3831101b3831101b383037
c0eca214c0eca214ec20ec
bbefab0bbbefab0bef20ef
282f1e05282f1e052f202f
97d4a70a97d4a70ad420d4
e2fff610e2fff610ff213c
7293680372936803932093
4e95922f4e95922f95209c
ccffff46ccffff46ff2157
cbfff520cbfff520ff212f
03141b1003141b101b1019
03151d1103151d111d101b
00141e1400141e141e101c
031b2517031b2517251023
06202a1806202a182a1028
051d2717051d2717271025
051921130519211321101f
04141a0e04141a0e1a1018
020b120d020b120d121011
06060e0e06060e0e0e000f
08030c0d08030c0d0d000d
0701090b0701090b0b000b
0105090701050907091008
070b0901070b09010b200b
0c0d08030c0d08030d200d
0d0b05050d0b05050d300c
0f0c03080f0c03080f300e
130e010c130e010c133012
1914050e1914050e193018
1b18090c1b18090c1b301a
18180c0818180c08182019
15180f0415180f04182018
0f130d010f130d01132013
090c0900090c09000c200c
0000000000000000000000
0407060104070601072007
0307070303070703071007
0005080500050805081007
0105090701050907091008
0304090803040908091008
0601080906010809090009
0700070a0700070a0a000a
0304090803040908091008
080e0e04080e0e040e100e
1218120012181200182018
181c1204181c12041c201c
1715090917150909173016
170d0311170d0311173015
2111071b2111071b21301f
2b1709232b1709232b3029
2b130f272b130f272b302b
250c1326250c1326260027
1f0a11201f0a1120200021
1c0e08181c0e08181c301b
1207081112070811123012
020c100a020c100a10100f
1018140210181402182018
0b0801060b0801060b300a
284f4e17284f4e174f2052
8ffeeb3c8ffeeb3cfe2104
dcffff5ddcffff5dff2188
acffff51acffff51ff213b
2b616b272b616b276b1068
717b4319717b43197b207d
ffffbd42ffffbd42ff214a
ffffbe88ffffbe88ff319b
ffff3dbcffff3dbcff3144
ea6354d3ea6354d3ea30e9
b604c0f4b604c0f4f400f4
c733ffffc733ffffff0143
ff35ffffff35ffffff019a
ff26ffffff26ffffff01bb
fa3cfffffa3cffffff0188
5c90ffff5c90ffffff1127
3fc8df663fc8df66df10e0
3d6853023d685302682068
47401f1247401f12473042
ab6c0b7aab6c0b7aab30a2
ad00b3eead00b3eeee00ee
8d7dffff8d7dffffff1158
82aaffff82aaffffff1188
719dffff719dffffff1163
3c84ffda3c84ffdaff10fe
0565995f0565995f99108a
1c3334091c333409341033
14130a0114130a01143013
8163174381631743813077
f69c0caef69c0caef630e9
ffa050ffffa050ffff3138
ff9c7cffff9c7cffff3164
ffb76bffffb76bffff3173
ffcf35ffffcf35ffff3159
ffb50cc5ffb50cc5ff310b
b2750273b2750273b230a4
543702355437023554304c
03090f0b03090f0b0f100e
4e5834124e583412582059
8a9350278a935027932098
9da153339da15333a120a8
918f4533918f4533913097
7a75362d7a75362d7a307d
5d5625265d5625265d305e
40320e2040320e2040303b
5d4209325d4209325d3052
bb9a2964bb9a2964bb30b7
fdd94383fdd94383fd30fd
cbaa3368cbaa3368cb30c7
4d38092c4d38092c4d3047
353a210e353a210e3a203b
a6a5503ba6a5503ba630af
ecef7851ecef7851ef20fc
d0d77043d0d77043d720e1
6a6e3a1e6a6e3a1e6e2072
1216100012161000162016
110c010c110c010c113010
1614080a1614080a163016
0d120d000d120d00122012
000b100b000b100b10100f
0708131207081312131013
060b1613060b1613161015
010b110d010b110d111011
0202020002020200021002
04131a0f04131a0f1a1018
08242e1a08242e1a2e102c
0f333d1f0f333d1f3d103b
153b431f153b431f431042
1b40451c1b40451c451045
1d3c3d161d3c3d163d103f
1328290e1328290e29102a
0a1616080a161608161017
0811100508111005112011
0c1310030c131003132013
1217100112171001172017
18180c0818180c08182019
1b1403101b1403101b3019
1c0a0c1a1c0a0c1a1c301b
1d04232a1d04232a2a002a
2214424222144242420044
3511515b3511515b5b005c
52103c6252103c62620063
6032144e6032144e60305c
5745132d5745132d573052
31331d0d31331d0d332034
1b2115071b211507212021
55765d0255765d02762076
3763611f3763611f632067
110c2528110c2528280029
2f2e17102f2e17102f3030
314e4710314e47104e204f
1e54622c1e54622c62105e
43043f5443043f54540054
e2b22682e2b22682e230dc
ffff7088ffff7088ff3137
c2b14853c2b14853c230c3
0e2b30110e2b301130102e
92c08c0892c08c08c020c0
a6e0aa04a6e0aa04e020e0
62947c1262947c12942095
3733151737331517373037
c5f2a516c5f2a516f220f2
c6f8ae10c6f8ae10f820f8
2e311c0b2e311c0b312032
9bdcad0c9bdcad0cdc20dc
e4ffe605e4ffe605ff2133
6465321f6465321f652069
59c3c94f59c3c94fc910d2
b3ffff53b3ffff53ff2147
97d5a50d97d5a50dd520d5
0614180c0614180c181017
07171b0d07171b0d1b101a
06171c0f06171c0f1c101b
091c2110091c2110211020
0c2024100c202410241023
091c2110091c2110211020
05161d1005161d101d101b
0211180f0211180f181016
020c140e020c140e141012
05060f0e05060f0e0f100f
09010b0d09010b0d0d000d
0901070b0901070b0b000b
0601040706010407070007
0305050103050501051005
0a0b06030a0b06030b200b
0a0b06030a0b06030b200b
0a0904030a0904030a3009
0c0a04060c0a04060c300b
1514090815140908153015
191c1106191c11061c201c
171d1501171d15011d201d
121b1603121b16031b201b
0c1310030c131003132013
070b0901070b09010b200b
0000000000000000000000
0608060006080600082008
0609080106090801092009
0308090403080904091008
0006080600060806081008
0204080602040806081007
0304090803040908091008
0701090b0701090b0b000b
07020b0c07020b0c0c000c
000b100b000b100b10100f
0914150809141508151015
0f1917050f191705192019
0b110f030b110f03112011
0506050005060500062006
0b0801060b0801060b300a
1610020e1610020e163015
1b1101131b1101131b3019
190e0514190e0514193018
190f0313190f0313193018
1b1301111b1301111b3019
130b030f130b030f133012
04050c0b04050c0b0c100c
0912130609121306131012
0102030201020302031002
43614b0543614b05612061
c6ffe011c6ffe011ff211d
ffffff1cffffff1cff218a
c1ffed1ec1ffed1eff211b
264d541d264d541d541052
70662a2c70662a2c70306f
ffff8c53ffff8c53ff3115
ffffa87cffffa87cff3166
fffa598afffa598aff311d
ae562e8eae562e8eae30a6
5c4ad0c05c4ad0c0d010cd
65a9ffff65a9ffffff115c
cd80ffffcd80ffffff01ad
ff07ffffff07ffffff0195
ff5b79ffff5b79ffff3116
4a3200304a3200304a3045
8d1f599f8d1f599f9f00a1
f223bcfff223bcffff012b
e40afaffe40afaffff0148
c404c8ffc404c8ffff010a
c86b2ca3c86b2ca3c830c2
c9d57d33c9d57d33d520db
87d8cb3287d8cb32d820dd
217da963217da963a9109f
1326574a1326574a571053
00040a0600040a060a1007
26022c3a26022c3a3a003a
3606485836064858580058
181b4c47181b4c474c104b
2b3d390b2b3d390b3d203d
71510b4571510b4571306a
bb692193bb692193bb30b4
ffa22dd8ffa22dd8ff310e
ffe41fffffe41fffff315b
fff30ffffff30fffff3163
ffc108cbffc108cbff3118
ba75087fba75087fba30ac
4c2118414c2118414c3048
1a3736131a37361337203a
67784b1467784b14782079
919349319193493193209a
988f3c3f988f3c3f98309c
8b7b2d3f8b7b2d3f8b308a
706122357061223570306e
4a3d12254a3d12254a3047
3d2701233d2701233d3034
805d0e49805d0e49803076
e9c3377de9c3377de930e7
fbd74381fbd74381fb30fa
967c244c967c244c963091
0801080908010809090009
7d7a392e7d7a392e7d3082
e2de6854e2de6854e230ed
f3ee6f5cf3ee6f5cf330ff
a2943c44a2943c44a230a2
3f2b01273f2b01273f303a
0e091c1b0e091c1b1c101c
021a281c021a281c281026
051b2d21051b2d212d102a
0f132b270f132b272b102b
180a262a180a262a2a002b
18051e2518051e25250025
14030e1714030e17170017
12150e0312150e03152015
0e2428120e242812281028
0a2c38200a2c3820381036
0c3340230c33402340103d
1238422012384220421040
183b401b183b401b401040
1834361418343614361037
0f1f1f0b0f1f1f0b1f1020
0a0d08010a0d08010d200d
1108071011080710113011
1e0c0e1e1e0c0e1e1e0020
2a120e262a120e262a302a
2e150c272e150c272e302c
2a1010262a1010262a3029
20021c2820021c28280028
1715353117153531351035
1234604a1234604a60105a
2e337e732e337e737e107d
710b6593710b6593930093
a3512b8da3512b8da330a2
a06e0666a06e0666a03096
6d591b376d591b376d3068
070b130f070b130f131012
5e8b6e055e8b6e058b208b
4d8e8b284d8e8b288e2093
26144c5226144c52520054
744e0252744e0252743071
7973352d7973352d79307b
5b795d015b795d01792079
033553370335533753104c
b4800a74b4800a74b430ac
ffff7690ffff7690ff3149
fffd7169fffd7169ff3111
2b15091f2b15091f2b3025
90b8801090b88010b820b8
c2f0a414c2f0a414f020f0
7d9b6b0b7d9b6b0b9b209b
202f2605202f26052f202f
b4f0b202b4f0b202f020f0
c0fdba05c0fdba05fd20fd
29392f0329392f03392039
accf8419accf8419cf20d0
fcff9a40fcff9a40ff2119
7a34286e7a34286e7a3079
3fd7fb833fd7fb83fb10fb
82fffe5a82fffe5aff2113
52603c0e52603c0e602061
0412160c0412160c161015
0a1718090a171809181018
0c1716070c171607172018
101b1805101b18051b201b
151f1903151f19031f201f
131c1702131c17021c201c
0f1815040f181504182018
0812140808121408141013
020d120b020d120b121011
05070f0d05070f0d0f100e
0a010c0f0a010c0f0f000f
0d03090f0d03090f0f000f
0d07030b0d07030b0d300d
0501030505010305050005
0608060006080600082008
0a0b06030a0b06030b200b
0908030409080304093008
0909050309090503092009
11140d0211140d02142014
171f1701171f17011f201f
18221a0218221a02222022
121b1603121b16031b201b
0c110e010c110e01112011
080a0800080a08000a200a
0000000000000000000000
0609080106090801092009
060b0a03060b0a030b200b
040a0a04040a0a040a100a
0206080402060804081007
0005080500050805081007
00070a0700070a070a1009
05040b0a05040b0a0b100a
07030b0d07030b0d0d000d
0309110d0309110d11100f
0511150b0511150b151014
0a1718090a171809181018
0610120806101208121011
0304090803040908091008
0202060602020606060006
0609080106090801092009
0d0f09030d0f09030f200f
0e0d06050e0d06050e300d
100f0607100f0607103010
1513070915130709153015
100c020a100c020a10300f
0601080906010809090009
060f1007060f1007101010
0501070705010707070007
525e3810525e38105e205f
ebffb723ebffb723ff211b
ffffff2dffffff2dff2191
f3ffcd1bf3ffcd1bff212a
44604e0844604e08602060
554e2124554e2124553055
d7f2992cd7f2992cf220f5
ffffea1bffffea1bff2150
c7ffbb04c7ffbb04ff2104
3a3812143a3812143a303b
35abcb6135abcb61cb10c4
3fffffc53fffffc5ff115a
3ba4fff43ba4fff4ff1125
d46c32b8d46c32b8d430d5
e6ffb621e6ffb621ff211c
4bf5ff8b4bf5ff8bff1119
7a75ffff7a75ffffff112a
f026fffff026ffffff0168
ff01ffffff01ffffff0185
ff3ef4ffff3ef4ffff0182
ffb880ffffb880ffff318b
ffff21ffffff21ffff31a7
ffff829cffff829cff316d
abb36925abb36925b320b6
060f1813060f1813181018
293a2b02293a2b023a203a
053f5b39053f5b395b1054
3a2e86803a2e8680861088
6e21acbf6e21acbfbf00c1
891ec5e2891ec5e2e200e3
891bbddd891bbddddd00de
64239eaf64239eafaf00b2
064c7858064c7858781074
8393512183935121932096
ffd32a95ffd32a95ff3102
ffdf07cfffdf07cfff3130
ffb10ec1ffb10ec1ff3105
ac5c2088ac5c2088ac30a4
3504394835043948480048
2c4f4a132c4f4a134f2051
6876481668764816762078
85813b3385813b3385308a
8b7c2d408b7c2d408b308b
7e6e263c7e6e263c7e307d
5d4f192d5d4f192d5d305a
3523012135230121353030
4b2c05304b2c05304b3041
b3902560b3902560b330ad
ffe54e81ffe54e81ff3106
d7be4366d7be4366d730d7
4e4114254e4114254e304a
4746211a4746211a47304a
c3ba534cc3ba534cc330c8
fcef6867fcef6867fc3104
cbb23d60cbb23d60cb30ca
6940094a6940094a693061
2b06333e2b06333e3e003e
181c423c181c423c421042
171e433c171e433c431043
1d153b3b1d153b3b3b003e
24072e3724072e37370037
2609182b2609182b2b002b
2319031523190315233020
1e2b22031e2b22032b202b
183638161836381638103a
0e3440220e34402240103e
0a3140250a31402540103d
0d323d200d323d203d103b
15353b1915353b193b103a
142e3214142e3214321032
0714170c0714170c171017
00070c0700070c070c1009
0e122c260e122c262c102a
2c093c472c093c47470047
4a0f34574a0f3457570058
53211f4d53211f4d533053
401a1638401a163840303d
24041c2a24041c2a2a002a
091c3126091c312631102f
144f5e2f144f5e2f5e105b
0a6286500a62865086107e
4c1874824c187482820084
b55b35a1b55b35a1b530b8
dd980394dd980394dd30d4
b58f2363b58f2363b530ad
3a2a0a203a2a0a203a3034
687f4e17687f4e177f2081
96c38a1196c38a11c320c3
1950673619506736671060
844d1c73844d1c7384308a
c59d236fc59d236fc530c0
b1ae553eb1ae553eb130b8
57765b0257765b02762076
644004466440044664305e
ffff8175ffff8175ff3134
ffffa268ffffa268ff214c
676531236765312367306a
8393552383935523932097
e3ec7948e3ec7948ec20f6
b2993057b2993057b230b0
2229605922296059601061
70deda4870deda48de20e9
8ff3d92f8ff3d92ff320f7
11495b2d11495b2d5b1055
ba9f3257ba9f3257ba30b5
ffd62d9cffd62d9cff3108
a3187bc6a3187bc6c600c7
08b6ffac08b6ffacff10fa
3da1b1513da1b151b110b4
071e3128071e3128311032
010e1710010e1710171015
0614180c0614180c181017
0914150809141508151015
0f1713030f171303172017
161b1203161b12031b201b
191c1106191c11061c201c
181c1204181c12041c201c
1017120110171201172017
0810100608101006101011
000a100a000a100a10100e
07050f0f07050f0f0f000f
10030c1310030c13130013
160b0613160b0613163015
1008040e1008040e103010
0403080704030807081007
0509090305090903091009
0407060104070601072007
070a0700070a07000a200a
0f130d010f130d01132013
191f1503191f15031f201f
1e2316051e231605232023
18190e0718190e07192019
1211080712110807123012
0c0b04050c0b04050c300c
0300030403000304040004
040a0a04040a0a040a100a
060c0c04060c0c040c100c
050a0b04050a0b040b100a
0107090501070905091008
00070a0700070a070a1009
00080c0800080c080c100b
02070c0902070c090c100b
04050c0b04050c0b0c100c
03080f0c03080f0c0f100e
030f130b030f130b131012
0915170909151709171016
0610120806101208121011
0304090803040908091008
0601080906010809090009
02060c0a02060c0a0c100b
030c0f08030c0f080f100e
040b0c05040b0c050c100c
080c0a02080c0a020c200c
0d100b020d100b02102010
0c0c06040c0c06040c200c
0300030403000304040004
080e0e04080e0e040e100e
0204080602040806081007
494c2b12494c2b124c204e
e0ffa02be0ffa02bff2102
ffffff3cffffff3cff2192
ffffd52effffd52eff214d
6c82540e6c82540e822082
343f2c07343f2c073f203f
bdf2a70ebdf2a70ef220f2
ffffe21affffe21aff2154
e0f17c3fe0f17c3ff120f9
5c0766815c076681810081
27f3ffbb27f3ffbbff1132
59ffffb659ffffb6ff1165
00709c6a00709c6a9c109a
a6d99a05a6d99a05d920d9
f1ffff4df1ffff4dff219e
9cffff839cffff83ff1172
0cb9ffa50cb9ffa5ff10f7
554ac1ba554ac1bac110c8
90099ec990099ec9c900c9
d23d78dbd23d78dbdb00e3
ffc324f1ffc324f1ff3136
ffff6cf0ffff6cf0ff31c4
ffffcab3ffffcab3ff31e3
ffff9d48ffff9d48ff2126
22322c0e22322c0e322033
575a2b22575a2b225a2060
597f6103597f61037f207f
227a9048227a904890108d
296dcba1296dcba1cb10c2
7d5bffff7d5bffffff1116
d835ffffd835ffffff0166
ff0affffff0affffff0192
ff05ffffff05ffffff017f
c512ebffc512ebffff0126
334ea994334ea994a910a7
678d6109678d61098d208d
c4a72473c4a72473c430ca
c288048ac288048ac230c1
7237226372372263723071
0c1e382c0c1e382c381035
3d523f003d523f00522052
6669381f6669381f69206d
7b722f347b722f347b307d
8273283d8273283d823082
6f5d1b396f5d1b396f306d
442e022c442e022c44303f
33170d2733170d2733302d
79590f4379590f4379306f
e9ce4970e9ce4970e930ea
ffeb5b75ffeb5b75ff3106
9786314497863144973096
050b0b03050b0b030b100b
8f893d378f893d378f3093
e9da5b62e9da5b62e930ef
e1c13f6fe1c13f6fe130de
8956076089560760893080
3e03384d3e03384d4d004d
201a4644201a4644461048
1b1b433f1b1b433f431044
1e0f34371e0f3437370039
23031d2b23031d2b2b002b
281b001b281b001b283026
29311f0729311f07312031
263f380d263f380d3f2040
1e43461b1e43461b461048
1238402012384020401040
0b2b331b0b2b331b331032
12282a1012282a102a102b
1d302b081d302b08302030
1d2e29081d2e29082e202e
050f150b050f150b151012
141d1403141d14031d201d
153b431d153b431d431041
1332614e1332614e61105c
5304517253045172720072
7b3829707b3829707b307d
6737135167371351673061
3715153137151531373035
0714231c0714231c231022
3153490f3153490f532054
4f826f124f826f12822083
0e5068380e506838681061
7c3434787c3434787c3082
eaa302a1eaa302a1ea30e5
fbc72b8ffbc72b8ffb30f5
917f2f45917f2f45913090
3c39121f3c39121f3c3040
d4d76457d4d76457d720e7
9cb672249cb67224b620b9
3303394f3303394f4f004f
dfa40b96dfa40b96df30de
ffe2408cffe2408cff3109
c9b54359c9b54359c930c9
1501191f1501191f1f001f
c8f9ac15c8f9ac15f920f9
ffffe927ffffe927ff215d
81b2850081b28500b220b2
725106497251064972306d
fac12291fac12291fa30f1
f07f36c7f07f36c7f030ec
8520b3d68520b3d6d600d8
01b1ffb101b1ffb1ff10fa
3cc9ec733cc9ec73ec10e7
094f7b51094f7b517b1071
9e5f0c6d9e5f0c6d9e3090
ed930dabed930dabed30e1
a0167ec6a0167ec6c600c7
1c6abc961c6abc96bc10b7
0229422d0229422d42103c
3a888c3c3a888c3c8c1094
000c120c000c120c121010
0511150b0511150b151014
0610120806101208121011
0b100d020b100d02102010
13140b0613140b06142014
1c1b0c0b1c1b0c0b1c301d
1f1f0f0b1f1f0f0b1f2020
1b1d11071b1d11071d201d
1116110011161100162016
060f1007060f1007101010
020b120d020b120d121011
0d010f130d010f13130013
190b0917190b0917193019
1a0e06161a0e06161a301a
0f0409100f040910100010
04050a0904050a090a100a
0004060400040604061005
0608060006080600082008
0f1009040f100904102010
1b1c0f081b1c0f081c201d
21200f0c21200f0c213022
1c18080e1c18080e1c301b
1813040d1813040d183017
120d020b120d020b123011
0801060908010609090009
02090c0702090c070c100b
040c0e06040c0e060e100d
030b0d07030b0d070d100d
00080c0800080c080c100b
00080c0800080c080c100b
00080c0800080c080c100b
00080c0800080c080c100b
02070c0902070c090c100b
01080d0a01080d0a0d100c
030d1109030d110911100f
0913130709131307131014
0710110607101106111011
0105090701050907091008
05040b0a05040b0a0b100a
0408100e0408100e101010
040a1410040a1410141012
040a1410040a1410141012
0409120f0409120f121011
000b100b000b100b10100f
020a0c06020a0c060c100b
0301010303010103030003
0c0f0a010c0f0a010f200f
0405020104050201052005
32453a0532453a05452045
b2f2c00ab2f2c00af220f2
ffffff0affffff0aff218a
fafffc02fafffc02ff2154
6c834c136c834c13832084
184d6635184d663566105d
86e6d63e86e6d63ee620ee
d2ffcc01d2ffcc01ff2117
c39d276bc39d276bc330bd
5644b4ba5644b4baba00c6
2be6ffb02be6ffb0ff1121
6bd5d3496bd5d349d520e1
2a042a3e2a042a3e3e003e
6bffff8e6bffff8eff113b
d0ffff83d0ffff83ff21b1
beffff4abeffff4aff215a
6fbba5216fbba521bb20bd
2c5554192c555419552058
09192f2509192f252f102c
49260f3a49260f3a493045
c0a53859c0a53859c030bb
ffffc47affffc47aff2191
ffffff78ffffff78ff220f
ffffec41ffffec41ff2184
5070580850705808702070
6355173763551737633065
a3a34b3da3a34b3da320ae
9eb164279eb16427b120b5
81b98b0381b98b03b920b9
4ec7d6554ec7d655d610d8
23a2ffd223a2ffd2ff1109
bd45ffffbd45ffffff0152
ff0cffffff0cffffff0192
ff35ffffff35ffffff01a0
ff2ff3ffff2ff3ffff016e
b502c7ffb502c7ffff0100
2b418d792b418d798d1089
3b6753093b675309672067
4d511f254d511f25512059
180e0816180e081618301a
2c32200a2c32200a322032
58562c1e58562c1e58305b
6c632a2b6c632a2b6c306b
7a6a243a7a6a243a7a3078
7961174379611743793075
5a3e023c5a3e023c5a3056
381b0e2d381b0e2d383034
5234003252340032523048
baa13857baa13857ba30b7
fff66474fff66474ff310f
d4c24c5ed4c24c5ed430d7
43360f2243360f2243303f
5250261e5250261e523055
c3b44b52c3b44b52c330c5
ddc34769ddc34769dd30dd
9971115b9971115b993091
4216204042162040423043
1612302e1612302e301031
0c142a240c142a242a1029
1005181b1005181b1b001b
1712030e1712030e173016
202c2202202c22022c202c
25423d1025423d10422043
254d4d1b254d4d1b4d1051
1e494e211e494e214e1050
1131371b1131371b371037
0d1815060d181506182018
1d1501151d1501151d301d
3a2a04263a2a04263a3038
4337112343371123433041
221e0e0e221e0e0e223021
181d0e09181d0e091d201e
455a3b0a455a3b0a5a205a
3767611937676119672069
1e2358511e235851581058
7e3e28747e3e28747e3083
905c0868905c086890308a
5c3708415c3708415c3055
1900192019001920200020
2c453c0b2c453c0b452045
64815a0764815a07812081
5677540756775407772077
14142e2814142e282e102c
a9750175a9750175a930a5
ffdb2ca1ffdb2ca1ff310f
f8d64280f8d64280f830f9
3d3b1b193d3b1b193d3040
b0a53e55b0a53e55b030b9
ffff7b69ffff7b69ff211b
6384610463846104842084
9c5e1a829c5e1a829c30a0
ffea16caffea16caff3135
ffd801d2ffd801d2ff312d
aa2a70beaa2a70bebe00c2
27c8ff9627c8ff96ff10fa
a5ffff63a5ffff63ff2155
5dd7db4d5dd7db4ddb10e4
6008507260085072720072
e77733bde77733bde730df
fa537afdfa537afdfd010a
b70ecbffb70ecbffff0108
4d69ebd34d69ebd3eb10eb
0280c2800280c280c210b5
0d3d67470d3d674767105d
5f320f465f320f465f3056
966302659663026596308d
681f3a71681f3a71710075
1d1d4d4b1d1d4d4b4d1050
2c3c26022c3c26023c203c
6bc3b1356bc3b135c320ca
060d0e05060d0e050e100d
0810100608101006101011
060c0c04060c0c040c100c
0809060108090601092009
0f0c03080f0c03080f300e
1c18080e1c18080e1c301b
24200c1024200c10243023
23220f0e23220f0e233024
1c1e10081c1e10081e201f
11150f0111150f01152015
0911110509111105111011
03080f0c03080f0c0f100e
1307091313070913130014
1c0e08181c0e08181c301b
180a0a18180a0a1818001a
0f030b110f030b11110011
0801060908010609090009
0003040300030403041004
0a0b06030a0b06030b200b
18170a0918170a09183018
1f1c0b0e1f1c0b0e1f301f
1e1806101e1806101e301c
1b1403101b1403101b3019
160f000f160f000f163015
0c03080d0c03080d0d000d
03080f0c03080f0c0f100e
000b100b000b100b10100f
010b0f09010b0f090f100e
00080c0800080c080c100b
00080c0800080c080c100b
00070a0700070a070a1009
0107090501070905091008
0308090403080904091008
0308090403080904091008
060c0c04060c0c040c100c
0b110f030b110f03112011
0a100e020a100e02102010
0308090403080904091008
00080c0800080c080c100b
000d140d000d140d141012
040e1a14040e1a141a1018
0a0c1c1a0a0c1c1a1c101c
0f07191b0f07191b1b001b
0d0515170d051517170017
09040f1009040f10100010
0b0503090b0503090b300a
1111090511110905112011
0701050707010507070007
2d58591a2d58591a59105b
9afff8409afff840ff2111
eaffff58eaffff58ff2193
b9ffff3eb9ffff3eff2138
3d3e19143d3e19143e2041
179cdd86179cdd86dd10cd
22f0ffd622f0ffd6ff1141
07c2ffc807c2ffc8ff1116
303f9a81303f9a819a108f
8c5512618c5512618c3080
e69c0890e69c0890e630d4
fb5e61eafb5e61eafb30fc
a355ffffa355ffffff0136
0effffff0effffffff117f
68ffffab68ffffabff1164
96f3d02196f3d021f320f5
9594453c9594453c95309f
815801588158015881307c
5b2b1b4f5b2b1b4f5b3059
210e353a210e353a3a003b
4c7e701a4c7e701a7e2080
ffffea17ffffea17ff2153
ffffff43ffffff43ff2207
ffffff42ffffff42ff21ba
92b47c1092b47c10b420b4
402906314029063140303f
b7992961b7992961b730b5
e3b92f79e3b92f79e330dd
fcd9487bfcd9487bfc30f9
ffff9c54ffff9c54ff212c
cfffdd08cfffdd08ff2122
28aad07428aad074d010cd
7728afc67728afc6c600ca
da25a4ffda25a4ffff0101
ff47acffff47acffff0131
ff45b8ffff45b8ffff013c
db26b3ffdb26b3ffff0110
7f0b99bb7f0b99bbbb00bb
322b7067322b706770106f
221a423e221a423e421043
461e163e461e163e463044
6e520e426e520e426e3069
78611e3b78611e3b783071
755f1d39755f1d3975306e
745a1242745a124274306f
6849044568490445683064
4b2c09384b2c09384b3047
4428062e4428062e44303c
8c7322438c7322438c3085
f3df596bf3df596bf330f7
fde95d71fde95d71fd3102
8c7a2a428c7a2a428c308a
0c1310010c131001132013
8c8840348c8840348c3091
c5bf594dc5bf594dc530cd
9b903d409b903d409b309d
3f320d203f320d203f303b
04040a0804040a080a1008
0c0c06040c0c06040c200c
06030a0b06030a0b0b000b
081d2211081d2211221021
17383b1817383b183b103c
214b4f1f214b4f1f4f1051
245358232453582358105a
1d474d211d474d214d104e
0a2026140a202614261025
01080d0801080d080d100b
190d2d2f190d2d2f2f0030
4c1a28504c1a2850500054
704112597041125970306e
5f3d05455f3d05455f305c
19060d1a19060d1a1a001a
4451301144513011512052
748c5818748c58188c208e
3762591437625914622064
4d1a2b544d1a2b54540057
a06e0272a06e0272a0309e
8d5f015f8d5f015f8d3086
4418204044182040443044
0735492d0735492d491045
3f6455123f645512642065
5c68381a5c68381a68206b
454519274545192745204f
291b0117291b0117293023
cfa82378cfa82378cf30ce
fffa3ea8fffa3ea8ff312d
d3aa237cd3aa237cd330d2
1f3c3d121f3c3d123d103e
eaffa43beaffa43bff2115
c8ffac1cc8ffac1cff2101
2b255f5d2b255f5d5f1064
ffa824daffa824daff3113
ffc54bffffc54bffff3162
ff35c9ffff35c9ffff0147
6e90ffff6e90ffffff1149
19faffd619faffd6ff1149
21bbf18321bbf183f110e4
4025706f4025706f701075
983346959833469598309d
af3163bbaf3163bbbb00c1
900c7eb8900c7eb8b800b8
4c1f7e894c1f7e8989008c
0d3765490d37654965105b
0221321d0221321d32102b
2921091329210913293026
4e49201f4e49201f4e304f
3625002736250027363035
1c1304171c1304171c301d
506e4e02506e4e026e206e
95c2870495c28704c220c2
0d0e07040d0e07040e200e
0f1009040f100904102010
0b0a05040b0a05040b300a
0805000508050005083007
0b0601080b0601080b300a
1814060c1814060c183017
221f0c0f221f0c0f223022
27240f1027240f10273027
25230f0f25230f0f253026
1c1b0c0b1c1b0c0b1c301d
15170d0515170d05172017
0a0f0c010a0f0c010f200f
0601080906010809090009
1308071213080712133013
190c0716190c0716193019
160b0613160b0613163015
0f07050d0f07050d0f300e
0703030707030307070007
0304030003040300042004
120f0409120f0409123011
1d1705111d1705111d301c
211803142118031421301f
1e1400141e1400141e301c
1b0f05151b0f05151b3019
13050b1513050b15150015
0a0612120a061212120012
0409120f0409120f121011
0309110d0309110d11100f
03070d0b03070d0b0d100d
02070c0902070c090c100b
0105090701050907091008
0004060400040604061005
0406040004060400062006
0707030307070303072007
0c0c06040c0c06040c200c
0f1009040f100904102010
0f110b030f110b03112011
090d0b01090d0b010d200d
050d0f07050d0f070f100e
04141a0e04141a0e1a1018
0017221700172217221020
0a11241f0a11241f241023
14051c2114051c21210021
1701151d1701151d1d001d
13040d1613040d16160016
140c020e140c020e143012
15150b0715150b07152016
0301030303010303030003
486f5809486f58096f206f
c8fff21cc8fff21cff212d
ffffff2cffffff2cff2192
b4ffda1eb4ffda1eff2105
0628382406283824381035
5fffff965fffff96ff113f
27ffffff27ffffffff1192
67a7ffff67a7ffffff1164
dd1bffffdd1bffffff0144
ff39deffff39deffff015f
ff51f1ffff51f1ffff019b
ff1fffffff1fffffff01c4
ff4cffffff4cffffff01be
899effff899effffff117c
1b9affc01b9affc0ff10f6
34696c2134696c216c106e
724b0655724b0655723071
9d4243989d4243989d30a5
a42c6ab6a42c6ab6b600bb
89028bba89028bbaba00ba
3655b6a13655b6a1b610b6
81ffff5f81ffff5fff1119
ffffff03ffffff03ff21c5
ffffff35ffffff35ff21c0
cbf09924cbf09924f020f2
0118231801182318231021
906b1057906b1057903089
daa21884daa21884da30d0
ffe24190ffe24190ff310b
ffffb471ffffb471ff216e
fffff633fffff633ff2182
b0f4b808b0f4b808f420f4
1c57622f1c57622f621062
3b053d4f3b053d4f4f004f
74203e7674203e7676007a
a13353a3a13353a3a300aa
bc3b6ac7bc3b6ac7c700cf
b32c7dceb32c7dcece00d2
8a0b84b58a0b84b5b500b5
6b0677946b067794940094
7819528578195285850087
a0562082a0562082a0309b
ab750571ab750571ab30a2
93690f5593690f55933087
78540a4878540a4878306e
6e4b02496e4b02496e3068
5e3c06445e3c06445e305a
4e2d0a394e2d0a394e3048
72510a4172510a41723067
d3b53d65d3b53d65d330cf
fff65f7cfff65f7cff3113
cfb84360cfb84360cf30cf
3d2c05243d2c05243d3038
515c3912515c39125c205d
a8b6682ea8b6682eb620bb
9caf6a259caf6a25af20b2
44563e0244563e02562056
090c1b1a090c1b1a1b101c
2007142320071423230023
17051d2317051d23230023
021e2e20021e2e202e102b
163a401c163a401c401040
264e4e1a264e4e1a4e1052
2c55541b2c55541b552059
1f43471b1f43471b471048
01101b1401101b141b1019
1c271c011c271c01272027
0f333b1d0f333b1d3b103a
2d0535412d053541410041
6e3720616e3720616e306f
8851146b8851146b883086
6136155261361552613062
0223321f0223321f32102e
69875b0d69875b0d872087
7091620f7091620f912091
0226342002263420341031
7e53085d7e53085d7e307c
a86d0e7da86d0e7da830a5
7b2c3b7a7b2c3b7a7b3081
341e5c62341e5c62620066
012e4130012e4130411042
3024041e3024041e30302e
6b400f5a6b400f5a6b306e
583d0245583d024558305c
44350a2544350a25443040
fec51e9dfec51e9dfe30fb
ffd602d2ffd602d2ff312b
97236db197236db1b100b4
51d7ef6751d7ef67ef10ee
a6ffff3ba6ffff3bff2130
1f94b15c1f94b15cb110ae
bb3f57b7bb3f57b7bb30c1
ff8567ffff8567ffff3131
ff2cc9ffff2cc9ffff0143
9a50ffff9a50ffffff012e
2b8effca2b8effcaff10f6
0474ac6a0474ac6aac109d
122a503c122a503c501049
3c0f223f3c0f223f3f0040
52231c4b52231c4b523052
4b2319454b2319454b304d
2c13142b2c13142b2c302f
0109110b0109110b11100e
110e050a110e050a113011
0b1715090b171509172018
2d341f0a2d341f0a342034
2b2309192b2309192b302b
2e2508192e2508192e302c
6c6d34216c6d34216d2071
a891304da891304da830a4
140d000d140d000d143012
1610020e1610020e163015
120b020d120b020d123011
0c04060c0c04060c0c000c
0c04060c0c04060c0c000c
1711030d1711030d173015
211d0b0f211d0b0f213020
2725110f2725110f273027
2625120d2625120d263027
1f1f0f0b1f1f0f0b1f2020
1b1b0d091b1b0d091b201c
1313090713130907132014
080a0602080a06020a200a
0400040604000406060006
100b000b100b000b10300f
130f030b130f030b133012
0f0c03080f0c03080f300e
0908030409080304093008
0103030101030301031003
0b0601080b0601080b300a
1810001018100010183016
201502172015021720301f
2213061b2213061b223021
200e0a1c200e0a1c20301f
19070f1b19070f1b1b001b
1002141810021418180018
0b0613140b061314140014
0806101008061010100011
06050e0d06050e0d0e100d
04050c0b04050c0b0c100c
0503090905030909090009
0401060704010607070007
0101030301010303030003
0403000304030003043004
0d0b03070d0b03070d300d
1210060812100608123011
1313090713130907132014
10120a0410120a04122012
0d130f010d130f01132013
0f1d1d090f1d1d091d101e
0b2127130b212713271026
0317251b0317251b251023
1304191e1304191e1e001e
19070f1b19070f1b1b001b
180c0614180c0614183017
1814060c1814060c183017
181c1204181c12041c201c
000910090009100910100c
64632a2564632a25643069
ffffa748ffffa748ff2130
fffffa52fffffa52ff21a2
f4ff923ff4ff923fff2106
14647a3e14647a3e7a1075
c8ffff6dc8ffff6dff218e
9affffae9affffaeff11a3
17bdffdb17bdffdbff1121
9c2cdefa9c2cdefafa00fd
e307d7ffe307d7ffff0125
ff15f2ffff15f2ffff015b
ff07ffffff07ffffff017f
f91cfffff91cffffff0173
ba2cffffba2cffffff0131
8612b0ce8612b0cece00ce
580e4e6e580e4e6e6e006e
1711011117110111173018
35033d4d35033d4d4d004d
73037fa373037fa3a300a3
9514bde49514bde4e400e4
8542f3ff8542f3ffff0108
13baffe013baffe0ff1123
a4ffff84a4ffff84ff1174
ffffff23ffffff23ff218e
c2ffc006c2ffc006ff2108
2d4b3d092d4b3d094b204b
5038083050380830503049
a1852953a1852953a1309c
f2ef7657f2ef7657f230fe
ffffff37ffffff37ff2192
ffffff11ffffff11ff21b1
c9ffcd03c9ffcd03ff2111
4669560b4669560b692069
05191f1105191f111f101e
18050e1918050e19190019
2f1111292f1111292f302c
4c1d1c454c1d1c454c304a
662330656623306566306a
6b174b7b6b174b7b7b007d
65085d8265085d82820082
7516578675165786860087
a74e3794a74e3794a730a7
d384159ed384159ed330cd
cc86068ecc86068ecc30c3
a164076ea164076ea13094
814e095a814e095a813077
714509537145095371306b
62380e4a62380e4a62305c
693f0949693f0949693060
b38a1d62b38a1d62b330a9
ffec5480ffec5480ff310c
ffe85876ffe85876ff3104
836d2141836d214183307e
1a2d28071a2d28072d202d
8fa76b1b8fa76b1ba720a9
a6c98619a6c98619c920ca
5a7f64075a7f64077f207f
031f3327031f3327331031
29081d3029081d30300030
20021c2820021c28280028
0514211a0514211a211020
1b302b0a1b302b0a302031
384a3602384a36024a204a
44563c0644563c06562056
36432e0536432e05432043
0b0a05040b0a05040b300a
2233260322332603332033
2e4534032e453403452045
0b2427100b242710271027
3515153135151531353035
704212587042125870306e
82491c6d82491c6d823083
4a0e3a5c4a0e3a5c5c005d
23585f2823585f285f1060
698b5f0b698b5f0b8b208b
4454321244543212542055
28120c2028120c20283024
7d4619687d4619687d307d
882f468f882f468f8f0096
610d4d79610d4d79790079
3d200d323d200d323d303b
0a2e36200a2e3620361038
571d2959571d295959005d
9271125d9271125d923092
3e4a2a143e4a2a144a204c
89481d7089481d70893085
ffa531e9ffa531e9ff311d
fd4799fffd4799ffff011f
4886ffec4886ffecff110f
45f7ff9345f7ff93ff111f
35aec55835aec558c510c2
48115a6748115a67670068
a73e47a2a73e47a2a730ad
a92375c5a92375c5c500c8
6f138fad6f138fadad00ae
2a2f766b2a2f766b761074
052f4527052f452745103d
111c1902111c19021c201c
0003040300030403041004
171d1303171d13031d201d
242d1e05242d1e052d202d
1d2b23031d2b23032b202b
03101b1403101b141b1019
1b0611201b061120200020
0c020e140c020e14140014
1816080c1816080c183019
2c1a06242c1a06242c302c
3e26062c3e26062c3e303a
6f4f07416f4f07416f3066
945216729452167294308c
150c0310150c0310153014
180f0211180f0211183016
160c0412160c0412163015
1106071011060710113011
0e05060d0e05060d0e300d
1510030c1510030c153014
1e1d0e0b1e1d0e0b1e301f
2427160924271609272028
2226160822261608262026
1e2012081e201208202020
1b1c0f081b1c0f081c201d
1514090815140908153015
100f0607100f0607103010
0707030307070303072007
0707030307070303072007
100f0607100f0607103010
100f0607100f0607103010
0c0b04050c0b04050c300c
0708050207080502082008
0101030301010303030003
0e08020a0e08020a0e300c
180e0212180e0212183016
1e1104171e1104171e301c
1c0e08181c0e08181c301b
18090a1718090a17183018
11020d1411020d14140014
0a020e100a020e10100010
07020b0c07020b0c0c000c
05040b0a05040b0a0b100a
04050c0b04050c0b0c100c
07020b0c07020b0c0c000c
0901070b0901070b0b000b
0904030809040308093008
0402020404020204040004
0607040106070401072007
0e0e06060e0e06060e200f
1514090815140908153015
15150b0715150b07152016
15180f0415180f04182018
1a261e021a261e02262026
182a260a182a260a2a202b
091c2110091c2110211020
0a0512130a051213130013
160c0412160c0412163015
1813040d1813040d183017
19190b0919190b0919201a
1d2113071d211307212021
0f1d1b050f1d1b051d201d
4b34052c4b34052c4b3044
ffff7c60ffff7c60ff3111
ffffeb72ffffeb72ff21b5
ffff8d5bffff8d5bff212b
1b73954d1b73954d95108a
fdffff5cfdffff5cff21b7
e6ffff6ae6ffff6aff21ab
45cdeb6d45cdeb6deb10e8
28468e7828468e788e108a
5523859155238591910095
75138dad75138dadad00ae
8a0792bf8a0792bfbf00bf
8c0292c08c0292c0c000c0
8b0a83b48b0a83b4b400b4
962566a7962566a7a700ab
a144439aa144439aa130a8
97561f7c97561f7c973096
6c5306456c5306456c306b
364e3600364e36004e204e
055373490553734973106e
1c63b48d1c63b48db410ac
059fffb3059fffb3ff10ef
59ffffa059ffffa0ff1134
abffff5dabffff5dff214a
99ebc51999ebc519eb20ec
4255380942553809552055
1120250e1120250e251022
527b6c0f527b6c0f7b207b
acffdc1facffdc1fff2106
ffffff30ffffff30ff21ac
ffffff28ffffff28ff21b5
b8ffd411b8ffd411ff210b
4b6a53044b6a53046a206a
141d1803141d18031d201d
0301050503010505050005
0905010709050107093008
1109010b1109010b11300e
1b0d05151b0d05151b3018
2209122322091223230024
2603202f2603202f2f002f
3609283d3609283d3d003d
6930215a6930215a693066
b36c1586b36c1586b330ac
df8f11a5df8f11a5df30da
d482169ed482169ed430cc
ac621680ac621680ac30a1
8c5110678c5110678c3083
75440f5875440f5875306f
6b3b11516b3b11516b3064
9868065e9868065e98308c
f8d2427cf8d2427cf830f3
ffff6881ffff6881ff3124
c2af4455c2af4455c230c2
1a090c171a090c171a3018
78905e1478905e14902091
b5d98f1db5d98f1dd920da
80a6780680a67806a620a6
18383c1a18383c1a3c103d
2309172923091729290029
25100d2225100d22253025
0a000a0e0a000a0e0e000e
1c1b0c0b1c1b0c0b1c301d
453c1322453c1322453044
604f1433604f143360305e
5d3f013f5d3f013f5d3059
390b2943390b2943430043
0b2847380b284738471044
1139432111394321431041
112a290e112a290e2a202c
0b0a15120b0a1512151014
3b1815343b1815343b3039
6b3025626b3025626b306d
6d1f457b6d1f457b7b007e
2e1e60642e1e6064640068
214e5120214e5120511054
46481c2246481c2248204f
301f0e2f301f0e2f303038
04060c0604060c060c1008
2d170d2b2d170d2b2d3030
442f0837442f0837443048
575d271f575d271f5d2062
465d3c05465d3c055d205d
0d02070c0d02070c0d300c
6b7d4d176b7d4d177d207f
6d9c73026d9c73029c209c
17375f4b17375f4b5f105d
b8434eb3b8434eb3b830bf
dc3e7ef0dc3e7ef0f000f7
7138c7d67138c7d6d600dd
1292cc7c1292cc7ccc10bf
4081822540818225821086
18312e0918312e09312031
2209122322091223230024
3e181c403e181c40400044
3813203d3813203d3d003f
1d0b111f1d0b111f1f0020
0500030605000306060006
1f0a11221f0a1122220023
1f021d2a1f021d2a2a002a
0b11231f0b11231f231023
1027280f1027280f281029
1d35310b1d35310b352036
09242d1809242d182d102b
1a0316231a031623230023
221a0416221a0416223022
030d0f09030d0f090f100f
210c0f22210c0f22220024
3b1f0d2f3b1f0d2f3b3038
572c1344572c1344573050
662132676621326767006c
150c0310150c0310153014
170d0311170d0311173015
160b0613160b0613163015
140a0612140a0612143014
1109030d1109030d11300f
1411060914110609143013
1c1f12071c1f12071f201f
2327170723271707272027
2225160922251609252026
2020100a2020100a202021
1c1b0c0b1c1b0c0b1c301d
1814060c1814060c183017
1510030c1510030c153014
100b000b100b000b10300f
0401060704010607070007
070a0700070a07000a200a
0e0e06060e0e06060e200f
0f0c03080f0c03080f300e
0d0b03070d0b03070d300d
0707030307070303072007
0300030403000304040004
0d08010a0d08010a0d300c
1510030c1510030c153014
140e020c140e020c143012
100b000b100b000b10300f
0a0602080a0602080a300a
0501030505010305050005
0300030403000304040004
0004060400040604061005
01080b0601080b060b100a
04040a0a04040a0a0a000a
0a02080c0a02080c0c000c
0d06050c0d06050c0d300d
0c05040b0c05040b0c300c
0401060704010607070007
0609080106090801092009
10120a0410120a04122012
14160c0614160c06162016
181c1204181c12041c201c
212b1f01212b1f012b202b
222e2200222e22002e202e
161f1801161f18011f201f
0308090403080904091008
0e0b00090e0b00090e300e
1810041218100412183018
240f1223240f1223243026
39161d3a39161d3a3a003e
4e241e4a4e241e4a4e3052
230f4145230f4145450046
82dac82e82dac82eda20de
ffffff10ffffff10ff219c
dcffb21adcffb21aff2115
378ea54c378ea54ca510a1
ffffff64ffffff64ff21c5
ebffff52ebffff52ff2196
67c3bb3567c3bb35c320ca
1b505b2a1b505b2a5b105a
0534472c0534472c471044
0b223d300b223d303d103a
1c0d30331c0d3033330034
2900293629002936360036
380d243d380d243d3d003e
52221e4a52221e4a523051
7642145c7642145c763071
9a66066c9a66066c9a3094
a9740172a9740172a930a2
a7720572a7720572a730a1
a87a0270a87a0270a830a5
ac8d1a63ac8d1a63ac30ac
bbb64f48bbb64f48bb30c3
e0f69430e0f69430f620fa
f4ffac2ef4ffac2eff2111
c8c76e3dc8c76e3dc830d0
7245064f7245064f723068
2b31796b2b31796b791075
039aeb9a039aeb9aeb10d9
49ffffc249ffffc2ff1159
a9ffffb1a9ffffb1ff11b6
c9ffff64c9ffff64ff2185
93e4bf1893e4bf18e420e5
4f6447084f644708642064
2022140820221408222022
0505030105050301052005
0403000304030003043004
0706010407060104073007
0805000508050005083007
0601040706010407070007
0501050705010507070007
0701050707010507070007
1f1003141f1003141f3019
5a3a003a5a3a003a5a3052
a36b0571a36b0571a3309b
cf850f99cf850f99cf30ca
cc7d1699cc7d1699cc30c5
af671581af671581af30a5
8f53116b8f53116b8f3087
7841165d7841165d783071
88520c6088520c6088307e
e0b22c78e0b22c78e030d6
ffff6e86ffff6e86ff3132
fcec6468fcec6468fc3101
5746132c5746132c573052
566c4a0a566c4a0a6c206c
badb8c23badb8c23db20dd
a5c68318a5c68318c620c7
3d533f033d533f03532053
11040b1411040b14140014
221c0614221c0614223022
14150a0714150a07152016
0d04050c0d04050c0d300c
3728072037280720373033
563b0237563b0237563050
5d2c1d525d2c1d525d305d
4e0746654e074665650065
37175b6337175b63630065
231f534f231f534f531054
16193e3716193e373e103c
14112c2914112c292c102c
2109292f2109292f2f002f
4008304a4008304a4a004a
590f4169590f416969006a
50064a6c50064a6c6c006c
29012d3d29012d3d3d003d
11020f1611020f16160016
4b0849664b084966660066
6e1062906e106290900090
6b0b5f896b0b5f89890089
3518515c3518515c5c005f
1d463d161d463d16462049
52460c3252460c32523056
3c02445a3c02445a5a005a
136d8f55136d8f558f108a
4ba7a73b4ba7a73ba710b1
2576813825768138811082
410b4b5d410b4b5d5d005d
7c2b3c817c2b3c81810087
53064d7053064d70700070
0632482c0632482c481042
4443221b4443221b443048
4f32053c4f32053c4f304e
3719133337191333373038
1201121712011217170017
0d1813020d181302182018
17231b0117231b01232023
081e2412081e2412241022
160c282a160c282a2a002b
2903253729032537370037
23031f2d23031f2d2d002d
021522170215221722101f
1f352f091f352f09352035
1c322c0a1c322c0a322032
0b02070e0b02070e0e000e
27301f0627301f06302030
1427240b1427240b272028
1200101812001018180018
2a1608202a1608202a3026
3111172f3111172f313031
3601344736013447470047
180c0614180c0614183017
180c0614180c0614183017
1709091517090915173016
190c0716190c0716193019
190e0514190e0514193018
1b1403101b1403101b3019
23210f0d23210f0d233023
2626140c2626140c262027
2424120c2424120c242025
211f0d0d211f0d0d213021
1e1806101e1806101e301c
1c1202141c1202141c301a
1c0f06171c0f06171c301b
1b0d07171b0d07171b301a
12050a1312050a13130013
07020b0c07020b0c0c000c
0308090403080904091008
080a0602080a06020a200a
0c0c06040c0c06040c200c
0a0b06030a0b06030b200b
0406040004060400062006
0604000406040004063005
100f0607100f0607103010
100f0607100f0607103010
0e0d06050e0d06050e300d
090a0702090a07020a200a
0205060302050603061005
0401060704010607070007
0905010709050107093008
0c0b04050c0b04050c300c
0708050207080502082008
0101030301010303030003
0904030809040308093008
0b06030a0b06030a0b300b
0904030809040308093008
0003040300030403041004
0c0c06040c0c06040c200c
1614080a1614080a163016
1f1f0f0b1f1f0f0b1f2020
292c190a292c190a2c202d
2a2c180c2a2c180c2c202d
221f0c0f221f0c0f223022
130e030c130e030c133012
00060c0600060c060c1008
1512373015123730371033
3824787438247874781079
771ca9c2771ca9c2c200c4
c208baffc208baffff0100
cb0bdbffcb0bdbffff011d
40b2ffff40b2ffffff113e
74ffffad74ffffadff1175
64ae982064ae9820ae20b0
63cbcd5163cbcd51cd10da
f6ffff63f6ffff63ff21b2
ddffff28ddffff28ff2156
85a26b1685a26b16a220a3
5c4b14315c4b14315c3059
513601365136013651304c
44260a3444260a34443040
3011162f3011162f303031
23051b2923051b29290029
16051e2316051e23230023
0415241b0415241b241022
1b2d290b1b2d290b2d202e
4850301048503010502051
6e6426306e6426306e306e
865e0654865e065486307e
ab611b83ab611b83ab30a3
e57c31bae57c31bae530df
ffb22eeaffb22eeaff3126
fff80cfffff80cffff3167
ffff16fcffff16fcff3177
ffdc0ed0ffdc0ed0ff312e
bb4c41a2bb4c41a2bb30b2
415cc9aa415cc9aac910c1
08deffea08deffeaff1142
18ffffff18ffffffff119a
49ffffe849ffffe8ff118c
6cffff766cffff76ff1121
69a6911469a69114a620a7
505b3813505b38135b205c
2e2c14122e2c14122e302f
100e0606100e060610300f
0101030301010303030003
0904030809040308093008
0a04040a0a04040a0a000a
0801060908010609090009
0502030605020306060006
0102010001020100022002
0205080502050805081007
1817100318171003183017
4837102348371023483041
865f0855865f085586307f
b47a047eb47a047eb430af
bc76108abc76108abc30b5
aa66127eaa66127eaa30a2
8d4e176c8d4e176c8d3085
854817668548176685307c
c9961974c9961974c930bd
ffff6986ffff6986ff312f
ffff7a7affff7a7aff3133
9a8730479a8730479a3098
2239320922393209392039
adcb8121adcb8121cb20cd
beda8628beda8628da20dd
626b3e17626b3e176b206d
0a0600060a0600060a3008
171d1303171d13031d201d
191d0f07191d0f071d201d
0907010709070107093009
131c1904131c19041c201c
2426180624261806262026
220f0a1d220f0a1d223020
210a3138210a3138380038
2412424624124246460048
270d3d43270d3d43430044
2408303824083038380038
1b07252b1b07252b2b002b
0f0b1d1d0f0b1d1d1d001f
0d0915150d091515150016
12000e1612000e16160016
1d1301151d1301151d301c
2533210525332105332033
14464a2214464a224a104d
1f3e73601f3e7360731072
671a8fa6671a8fa6a600a8
a10d97d5a10d97d5d500d5
a31e81caa31e81caca00cc
691f3f75691f3f75750079
131c1d0a131c1d0a1d101d
282b706d282b706d701075
1c56a0841c56a084a0109d
187ba05b187ba05ba01099
2e6d72292e6d7229721074
072c371c072c371c371034
31170f2d31170f2d313032
3c2b002d3c2b002d3c303e
11150b0511150b05152015
2d0e17302d0e1730300032
56261e5056261e50563058
5c2c1c525c2c1c525c305d
421c1a3e421c1a3e423044
17051f2317051f23230023
0b2429120b242912291028
132f3113132f3113311032
01202f2001202f202f102d
1e001e2a1e001e2a2a002a
2a150c252a150c252a302a
0f0111150f011115150015
1c2a22041c2a22042a202a
2a2e180c2a2e180c2e202f
0c0718190c071819190019
13373d1d13373d1d3d103e
0d2a2d160d2a2d162d102f
0b0303090b0303090b3009
1111090311110903112011
0806121008061210121011
0b1931290b193129311030
230d0f21230d0f21233023
210d0d1f210d0d1f213021
1d090f1d1d090f1d1d001e
1e0d0a1b1e0d0a1b1e301d
201204182012041820301e
211803142118031421301f
27230d1127230d11273026
2827120f2827120f283029
2625120d2625120d263027
201e0e0c201e0e0c203020
1a13020f1a13020f1a3018
190b0917190b0917193019
1f0b0f1f1f0b0f1f1f0020
230e0f22230e0f22233024
1f0a11201f0a1120200021
1805101b1805101b1b001b
0f000f140f000f14140014
06050e0d06050e0d0e100d
01090b0701090b070b100b
050a0902050a09020a200a
0608060006080600082008
0201040302010403041003
0e0b02090e0b02090e300e
1510030c1510030c153014
1310050a1310050a133012
0f0f07050f0f07050f200f
070b0901070b09010b200b
0105090701050907091008
0b04070c0b04070c0c000c
130b030f130b030f133012
130c010e130c010e133012
0c0702090c0702090c300b
0301010303010103030003
0404020204040202042004
0707030307070303072007
0102010001020100022002
0805000508050005083007
130f030b130f030b133012
221f0c0f221f0c0f223022
2d2b13112d2b13112d302e
2d280f142d280f142d302c
271d0517271d0517273025
1e1806121e1806121e301e
162d300d162d300d30102e
0564975c0564975c971087
328fffd5328fffd5ff1100
9e74ffff9e74ffffff015d
ff25ffffff25ffffff0192
ff03ffffff03ffffff0199
b455ffffb455ffffff0153
019ce198019ce198e110d9
240e0a2a240e0a2a2a002c
59f8ff8659f8ff86ff1119
c4ffff5bc4ffff5bff216c
bff7b30dbff7b30df720f7
9871125d9871125d983092
8c3c34828c3c34828c308f
9034448e9034448e903097
892a4b8e892a4b8e8e0094
781756897817568989008a
6a095e856a095e85850085
6103678561036785850085
570f6f85570f6f85850085
481c747e481c747e7e0081
2831726928317269721073
053d5f43053d5f435f105a
1632341416323414341035
392a0720392a0720393034
773e175e773e175e773070
d87626a8d87626a8d830cd
ffcf1bf3ffcf1bf3ff313f
ffff0cffffff0cffff3193
ffff28f0ffff28f0ff3178
e18319a1e18319a1e130cf
0f76b77c0f76b77cb710ab
63ffff9763ffff97ff1144
68ffffb268ffffb2ff1163
4dedff914dedff91ff1115
469dae43469dae43ae10aa
506c5600506c56006c206c
51522b1c51522b1c522056
3d38171a3d38171a3d303d
1e1b0a0d1e1b0a0d1e301d
0808040208080402082008
0301050503010505050005
0803040908030409090009
0903050909030509090009
0904030809040308093008
0a0802060a0802060a300a
070a0700070a07000a200a
0810100608101006101011
151c1904151c19041c201c
3832181238321812383035
6c510e3f6c510e3f6c3066
9966056c9966056c993094
ae6d1081ae6d1081ae30a8
a25f147ba25f147ba2309b
8d4d176b8d4d176b8d3083
b5810d6db5810d6db530a8
fffd5c83fffd5c83ff311c
ffff8687ffff8687ff3151
dbc74f5fdbc74f5fdb30dc
1c05141f1c05141f1f001f
8da86d188da86d18a820a9
c7dc8132c7dc8132dc20e1
8080402c8080402c802087
2417001724170017243020
0a110e030a110e03112011
1914050e1914050e193018
1604101a1604101a1a001a
0319271d0319271d271026
0119231701192317231021
0c07040b0c07040b0c300d
121b1201121b12011b201b
0914110609141106142014
0103010101030101032003
0408120e0408120e121010
110d2725110d2725271027
280b3a41280b3a41410041
4104475c4104475c5c005c
4f03536d4f03536d6d006d
4514617045146170700071
2436706424367064701071
0053744d0053744d741071
125f723d125f723d721070
064d704b064d704b70106b
461d7079461d707979007c
912563a7912563a7a700ab
c17127a3c17127a3c130c6
a9962d56a9962d56a930ac
547e6a14547e6a147e207f
0e577c510e577c517c1076
05476b4705476b476b1064
1d4145191d414519451045
212a1b08212a1b082a202a
0103070701030707070007
26301e0826301e08302030
2b3d2b032b3d2b033d203d
011d291b011d291b291027
37131b3937131b3939003c
57310f4557310f45573054
522f0e41522f0e41523050
3212183232121832320035
0716271e0716271e271025
1630301016303010301032
1428260c1428260c282029
0801080b0801080b0b000b
1c2014061c201406202020
070e0d04070e0d040e200e
221904132219041322301f
32180e2a32180e2a323030
1f133b3f1f133b3f3f0041
0b2c4b3c0b2c4b3c4b104a
0b0f1f1d0b0f1f1d1f1020
101c1c0a101c1c0a1c101d
0613241f0613241f241024
251e0716251e0716253025
2534290425342904342034
3211183132111831323033
2d11132b2d11132b2d302e
260d1225260d1225263027
24110a1f24110a1f243023
2418001824180018243021
231c0712231c0712233021
2725110f2725110f273027
292a170c292a170c2a202b
2428180824281808282028
1b1f13051b1f13051f201f
100d0407100d040710300e
0c000c100c000c10100010
1602141c1602141c1c001c
230a1526230a1526260027
280b182b280b182b2b002c
260a182a260a182a2a002b
2108152421081524240024
1702131c1702131c1c001c
0d010f130d010f13130013
05040b0a05040b0a0b100a
0106070401060704071007
0005060300050603061005
0904030809040308093008
140d020f140d020f143013
1a1102131a1102131a3019
1c1300131c1300131c301a
1811020f1811020f183016
0f0d05070f0d05070f300e
0004060400040604061005
0e07040d0e07040d0e300e
160d0411160d0411163015
140b0411140b0411143014
0f07050d0f07050d0f300e
0600060806000608080008
0106070401060704071007
0105070301050703071005
0401060704010607070007
110a010c110a010c11300f
211c0910211c0910213020
2d280f142d280f142d302c
2d250b172d250b172d302b
271d0517271d0517273025
2625120f2625120f263027
3660581236605812602061
4ccfe4614ccfe461e410e4
2bffffce2bffffceff1150
48c5ffff48c5ffffff1161
c63dffffc63dffffff014c
fa2db4fffa2db4ffff012a
ae4842aaae4842aaae30b8
1842442018424420441049
307ee4c8307ee4c8e410ec
07e2ffe207e2ffe2ff113f
50eaff8050eaff80ff110a
6190790a6190790a902090
5d3e01405d3e01405d3059
67272b6367272b6367306a
782e3272782e327278307a
792b3977792b397779307e
6d184b7a6d184b7a7a007c
6401668564016685850085
6512859c6512859c9c009d
721da4b9721da4b9b900bb
8122bbd48122bbd4d400d6
8922c3e08922c3e0e000e2
8717afd18717afd1d100d2
7d0281aa7d0281aaaa00aa
630c5178630c5178780078
3100314231003142420042
202b2203202b22032b202b
9a8734459a8734459a3097
ffff7879ffff7879ff312c
ffffb074ffffb074ff2170
c5cb653fc5cb653fcb20d4
40695e0f40695e0f69206a
e7fff708e7fff708ff2140
dfffff19dfffff19ff213f
83c3a71b83c3a71bc320c4
49624f0449624f04622062
484826184848261848204b
544b1c27544b1c27543054
4d4317254d4317254d304c
32290c1932290c19323030
1712050c1712050c173015
0808040208080402082008
0300030403000304040004
0704010607040106073007
0805000508050005083007
0a0a04040a0a04040a200a
0d0e07040d0e07040e200e
1015100110151001152015
111d1b07111d1b071d201d
121e1e0a121e1e0a1e101f
2725150927251509273026
533801365338013653304d
8953116989531169893085
a8651683a8651683a830a5
a35e177ca35e177ca3309b
b4760074b4760074b430a5
ffe14585ffe14585ff3105
ffff8692ffff8692ff315f
ffff6e73ffff6e73ff311b
5e4910335e4910335e3059
6077520b6077520b772077
bbce7930bbce7930ce20d3
91934b3191934b3193209a
3831121938311219383037
0205060302050603061005
14040e1814040e18180018
1802121e1802121e1e001e
040b100f040b100f101012
0b0901090b0901090b300c
04090e0f04090e0f0f0011
0e0f02070e0f02070f2010
1e02202a1e02202a2a002a
2a10444a2a10444a4a004b
351e6164351e6164640068
42277a7d42277a7d7d0082
55278d9755278d9797009b
6f1b97af6f1b97afaf00b1
840e9ac0840e9ac0c000c0
850d99c1850d99c1c100c1
6a188ea86a188ea8a800a9
3a2978773a29787778107d
0041603f0041603f60105a
26504c1626504c16502052
1e433e111e433e11432045
26062a3426062a34340034
9a7008649a7008649a3096
ead34475ead34475ea30f1
d1ce5952d1ce5952d130dd
737d4919737d49197d207f
2b3831082b383108382038
181c1802181c18021c201c
201402182014021820301f
1d041b281d041b28280028
022132210221322132102e
21413d1121413d11412043
1834300e1834300e342035
1400121a1400121a1a001a
3d2b03273d2b03273d303a
4734072c4734072c473044
3523012535230125353032
0d010f130d010f13130013
1a251e011a251e01252025
2326170823261708262026
08030c0d08030c0d0d000d
0f272b130f272b132b102b
0219281b0219281b281024
24061c2a24061c2a2a002a
2f002d3e2f002d3e3e003e
221a4648221a464848004c
1b14393a1b14393a3a003d
241c0416241c0416243023
23413d1323413d13412043
0a1d362d0a1d362d361035
4431042d4431042d443042
4e4f28194e4f28194f2052
43181f4243181f42433046
3e1a16383e1a16383e303d
3216102c3216102c323031
2c1808222c1808222c3029
2b20051a2b20051a2b3029
28230e1128230e11283026
2629180926291809292029
252e1f04252e1f042e202e
212c2100212c21002c202c
17211b0317211b03212021
0509090305090903091009
050b0b03050b0b030b100b
030d1711030d1711171015
17021b2217021b22220022
26071c2d26071c2d2d002d
2d0c1b302d0c1b30300031
2c0e182e2c0e182e2e0030
250b1527250b1527270028
1d090f1d1d090f1d1d001e
12050a1312050a13130013
0800080a0800080a0a000a
0005080500050805081007
0403080704030807081007
0f0409100f040910100010
1c0c0a1a1c0c0a1a1c301c
2513091f2513091f253024
2615081f2615081f263025
2316031a2316031a233022
180f0211180f0211183016
0601040706010407070007
0707030307070303072007
0e0a000a0e0a000a0e300e
100a020c100a020c10300f
0a03060b0a03060b0b000b
04030a0904030a090a1009
02070c0902070c090c100b
05060d0c05060d0c0d100d
1007060f1007060f103010
201906112019061120301e
2a250e132a250e132a3029
2a240c142a240c142a3029
251f0913251f0913253024
2d2f170f2d2f170f2f2031
60835e0360835e03832083
b8ffda16b8ffda16ff2114
d0ffff38d0ffff38ff2158
74f3f85974f3f859f81102
1a498e711a498e718e1086
8c5c106e8c5c106e8c308f
b4d5782fb4d5782fd520da
7cfbf04d7cfbf04dfb2106
21e1ffc121e1ffc1ff1128
11b4ffdc11b4ffdcff111c
177bdba1177bdba1db10ca
113d7355113d7355731068
0b1731250b17312531102b
051a2514051a2514251020
132e3516132e3516351032
0e2f3c1f0e2f3c1f3c1038
08162c2408162c242c102a
1e12061a1e12061a1e301f
22342a0422342a04342034
0e4b64370e4b643764105d
1b55a17d1b55a17da11097
5b48d3ca5b48d3cad310d6
a422e6ffa422e6ffff010c
e211d6ffe211d6ffff0129
fa33b4fffa33b4ffff0125
e23692fae23692fafa00ff
a21682c2a21682c2c200c3
3149a18b3149a18ba1109d
6cf0fa5e6cf0fa5efa1101
d8ffff3ad8ffff3aff2166
89e3bd2189e3bd21e320e5
5a5b36175a5b36175b205d
ffffe914ffffe914ff214a
ffffee0dffffee0dff214d
93bd870793bd8707bd20bd
434c2f0c434c2f0c4c204c
3a33121b3a33121b3a3039
5042122a5042122a50304e
5848123058481230583056
47370b2947370b29473044
2c20041a2c20041a2c3029
1711030d1711030d173015
0806020408060204083007
0202000202020002020002
0706010407060104073007
0b0a05040b0a05040b300a
0e0f0a030e0f0a030f200f
131b1501131b15011b201b
1625200716252007252025
0d20230e0d20230e231022
0512191005121910191018
0f0903050f0903050f300a
401e1236401e123640303d
844c166a844c166a843082
a9671381a9671381a930a5
ba78067eba78067eba30ae
fcc93483fcc93483fc30ef
ffff8391ffff8391ff315c
ffff8583ffff8583ff314d
a48e304ea48e304ea430a2
223d380d223d380d3d203e
9db8771e9db8771eb820ba
93a4632293a46322a420a7
434d2f0d434d2f0d4d204e
0d1b19090d1b19091b201c
0b0713150b071315150016
130d010f130d010f133013
0514170c0514170c171017
14071a2314071a23230023
1a0e02161a0e02161a301a
041d2617041d2617261025
1a254e471a254e474e1050
2f2969672f29696769106e
372e7976372e797679107e
3636847c3636847c841087
393789813937898189108c
482d8a8b482d8a8b8b0092
5e1c889a5e1c889a9a009c
710981a3710981a3a300a3
7405729b7405729b9b009b
61055f8161055f81810081
350d4b57350d4b57570057
02283a2402283a243a1035
2e3c28062e3c28063c203c
22230c1322230c13232027
3c3e240c3c3e240c3e203f
bcb54e4bbcb54e4bbc30c3
fadf4a7bfadf4a7bfa30fe
d2a82478d2a82478d230ce
7e57064f7e57064f7e3075
3a1c0a2a3a1c0a2a3a3032
1f0119231f011923230023
1f082b321f082b32320032
1819403d1819403d401041
012f4933012f4933491045
0a2c361c0a2c361c361034
09050d0d09050d0d0d000d
2524130c2524130c253025
31341d0e31341d0e342035
292e1b0a292e1b0a2e202f
0b120f020b120f02122012
1d1807101d1807101d301c
2b2813122b2813122b302b
0905050309050503093005
22230e0f22230e0f232026
2527170d2527170d272029
08171e0f08171e0f1e101b
0f1027280f10272828002b
0f0d1f210f0d1f21210023
0c0e0c000c0e0c000e200e
173f4521173f4521451047
1a535a2d1a535a2d5a105e
0a1c2c240a1c2c242c102d
403e1e16403e1e16403041
4f5f3b0d4f5f3b0d5f205f
4c1f1e474c1f1e474c304d
4a25143f4a25143f4a3049
40220e3440220e3440303e
3822042838220428383034
352a0b1c352a0b1c353032
2e2f180f2e2f180f2f2031
2830200428302004302030
2431260124312601312031
212f2503212f25032f202f
16221c0416221c04222022
0308090403080904091008
0e130e010e130e01132013
0e1e1e0a0e1e1e0a1e101f
0613221b0613221b221021
1d02212a1d02212a2a002a
2c0a1e322c0a1e32320032
3311193333111933330035
3113152f3113152f313032
2b1211282b1211282b302b
220f0c1f220f0c1f223022
1709091517090915173016
0a020c0e0a020c0e0e000e
05070f0d05070f0d0f100e
0a0612120a061212120012
1602141c1602141c1c001c
260d1427260d1427270029
3114132e3114132e313032
371b0f2f371b0f2f373036
31170f2b31170f2b313030
220b1223220b1223230024
15040f1815040f18180018
08030c0d08030c0d0d000d
0106070401060704071007
0201020302010203030003
0304090803040908091008
01090f0b01090f0b0f100e
03080f0c03080f0c0f100e
0e06040c0e06040c0e300d
1b18090c1b18090c1b301a
2424120c2424120c242025
2424120c2424120c242025
21200f0c21200f0c213022
2f2f170f2f2f170f2f2031
767c3e22767c3e227c2080
fcff8051fcff8051ff2111
ffff9c83ffff9c83ff316b
ffff7483ffff7483ff3132
967d3045967d304596308e
333f1f0f333f1f0f3f2040
e4f57c4be4f57c4bf52100
ffffcd48ffffcd48ff2161
eeffec02eeffec02ff213c
63c3cd4d63c3cd4dcd10d1
0d52936e0d52936e931089
3c1460683c146068680069
42054c5d42054c5d5d005d
321c5c5e321c5c5e5e0062
253b7d6b253b7d6b7d107a
303f8e7f303f8e7f8e108d
561c8090561c8090900092
841a6098841a609898009a
a5493f99a5493f99a530a9
ba76148cba76148cba30b7
b59b2961b59b2961b530b6
7fa26f0e7fa26f0ea220a2
1280b46a1280b46ab410a6
8132dbec8132dbecec00f1
ff26d7ffff26d7ffff0146
ff5db6ffff5db6ffff015d
ff50a2ffff50a2ffff0132
a719cbf5a719cbf5f500f6
00c2ffc400c2ffc4ff1113
7fffff7d7fffff7dff113e
63a9951f63a9951fa920ab
3e7270283e727028722078
cbffff38cbffff38ff214a
d5ffff24d5ffff24ff2145
7bb5910d7bb5910db520b5
3241300132413001412041
25220f0e25220f0e253024
3d320d203d320d203d303b
54420e3054420e30543051
5540093455400934553052
432e012c432e012c43303f
2d1d011f2d1d011f2d302a
1a1002121a1002121a3018
0904030809040308093008
0103030101030301031003
080b0801080b08010b200b
0c1412040c141204142014
11201f0a11201f0a202021
1528270c1528270c282029
1125250d1125250d251027
01131b1101131b111b1019
130c0512130c0512133015
0713110307131103132013
3919133339191333393038
84540a6284540a62843081
b1790177b1790177b130a9
edbb2b7fedbb2b7fed30e2
ffff768fffff768fff314d
ffff8996ffff8996ff316a
eecb4077eecb4077ee30eb
2f032b3b2f032b3b3b003b
6999790769997907992099
86aa740e86aa740eaa20aa
4e5e3c0c4e5e3c0c5e205e
2124130821241308242024
0d04090e0d04090e0e000e
011f2d1d011f2d1d2d102a
012a3b2a012a3b2a3b103b
1902112019021120200020
263b3409263b34093b203b
104b5e37104b5e375e105d
0d3f674f0d3f674f671065
1932615219326152611060
172d594b172d594b591057
0b3255400b325540551051
01354f3501354f354f104a
0132472e0132472e471043
08263e2e08263e2e3e103b
1d0f33351d0f3335350037
3509293f3509293f3f003f
4116234441162344440047
38151e3b38151e3b3b003e
1803182118031821210021
1619120316191203192019
2b1b03212b1b03212b302a
0117292101172921291028
626d460f626d460f6d206e
c1ac3f5ac1ac3f5ac130c2
e2ad1a8be2ad1a8be230dd
bf810385bf810385bf30b9
7641145b7641145b76306f
3309213533092135350035
14132c2914132c292c102d
0c1e382e0c1e382e381036
08223e3008223e303e103a
08152a2308152a232a1028
1209040d1209040d12300f
1c241a001c241a00242024
2530210225302102302030
2831200728312007312031
19221b0019221b00222022
1209061112090611123013
31341d1231341d12342037
132e3514132e3514351032
3505314935053149490049
673a1156673a1156673067
5946113059461130593054
25200d0a25200d0a253021
031523150315231523101d
0440664804406648661060
0f52896c0f52896c891087
1736635617366356631065
210d0919210d091921301c
314c4110314c41104c204d
3756470c3756470c562056
4120133841201338413040
4a2a0c3a4a2a0c3a4a3047
492b0937492b0937493045
442e002e442e002e443041
4237102142371021423040
3c3d20133c3d20133d203f
313a2706313a27063a203a
2634280226342802342034
212f2503212f25032f202f
1820180018201800202020
0707030307070303072007
0d1715050d171505172017
172a270a172a270a2a202b
0a242c160a242c162c102a
1010282610102826281029
2804223228042232320032
35121b3635121b36360038
3917173539171735393039
3717153337171533373037
3417122f3417122f343034
2b130f272b130f272b302b
1a05121d1a05121d1d001d
0d0513150d051315150015
070b1713070b1713171015
0d0a1b1a0d0a1b1a1b101b
1e011c271e011c27270027
2f0d1d332f0d1d33330034
3e191a3b3e191a3b3e3040
411b193d411b193d413042
39141b3839141b3839303b
2e0e1a302e0e1a30300032
2207182722071827270027
1804121c1804121c1c001c
1207081112070811123012
0e0a02080e0a02080e300c
0b0c07020b0c07020c200c
0608060006080600082008
0406040004060400062006
1217100112171001172017
1c2318031c231803232023
1e2418041e241804242024
1b2117031b211703212021
2428180624281806282028
5d511d255d511d255d3059
dfaf2777dfaf2777df30d3
ffff31d9ffff31d9ff315f
ffff3ef2ffff3ef2ff318c
ffe838a0ffe838a0ff3119
392b071f392b071f393035
c1b24b52c1b24b52c130c3
ffffa78dffffa78dff317f
ffffd973ffffd973ff21a1
e5ffb31ee5ffb31eff2113
356b6b29356b6b296b1072
2612424626124246460048
37053f4f37053f4f4f004f
262258542622585458105a
0f4777590f477759771071
0f4c7d5e0f4c7d5e7d1078
3023626130236261621067
5d1143695d11436969006a
8c3b347f8c3b347f8c308c
ca71249fca71249fca30c3
ffb109b9ffb109b9ff3100
ffe421b4ffe421b4ff3122
fffb696ffffb696fff3112
7bc2a31a7bc2a31ac220c3
522c96a4522c96a4a400a9
ed6853deed6853deed30f5
f88d22bff88d22bff830ed
7920457c7920457c7c0080
3b91a1433b91a143a1109f
a1ddb711a1ddb711dd20dd
685c3226685c3226683063
338f9949338f99499910a0
b5ffff3eb5ffff3eff2134
c7ffef18c7ffef18ff2122
7fa781017fa78101a720a7
333f2f03333f2f033f203f
1618100216181002182018
221f0e0d221f0e0d223021
3d320d203d320d203d303b
4f3c09304f3c09304f304c
4e3602344e3602344e304a
402a022c402a022c40303c
2d1c03202d1c03202d302a
1a0d06151a0d06151a3018
0c04060c0c04060c0c000c
020a0c06020a0c060c100b
0e1916050e191605192019
1524210815242108242024
1729270b1729270b29202a
1425240b1425240b252026
08171a0b08171a0b1a1019
1409061114090611143013
292911132929111329202d
0b1815040b181504182018
4328073243280732433040
8e65065d8e65065d8e3089
daa9207bdaa9207bda30d1
ffff5b98ffff5b98ff3139
ffff77adffff77adff3173
fff53ea3fff53ea3ff3126
8845207388452073883086
235f652b235f652b651068
758e5916758e59168e208f
6a56123c6a56123c6a3068
501d264f501d264f503054
4007485b4007485b5b005b
2b2863602b286360631068
252357552523575557105b
422904314229043142303f
5373590553735905732073
306e7632306e7632761078
044464420444644264105e
0d294b3b0d294b3b4b1047
0920392c0920392c391036
0624301c0624301c30102d
1527250b1527250b272028
2226160822261608262026
2a20041a2a20041a2a3029
26120e2426120e24263028
18001a2218001a22220022
06101e1806101e181e101c
081a1e0e081a1e0e1e101d
0516190c0516190c191019
1103131711031317170017
24041e2c24041e2c2c002c
1e10383c1e10383c3c003e
0c384e300c384e304e1049
50644a0250644a02642064
91812d4591812d45913092
b2871071b2871071b230b0
9b68056e9b68056e9b3097
592f1147592f1147593055
1802161c1802161c1c001c
0f1d19050f1d19051d201d
17221b0217221b02222022
070a0b04070a0b040b100a
1019120110191201192019
1927210719272107272027
1c261e021c261e02262026
262b1a09262b1a092b202b
272e1b0a272e1b0a2e202f
040a0a04040a0a040a100a
333a1f10333a1f103a203c
3f5d43013f5d43015d205d
0128372601283726371037
5a43063d5a43063d5a305a
7472302e7472302e74307a
3734151437341514373037
1233341312333413341036
2e6e6e2c2e6e6e2c6e1076
1756673a1756673a671067
1101191f1101191f1f001f
2545391125453911452047
2250502422505024501057
1f3229081f322908322032
2b1709232b1709232b3029
3e25082f3e25082f3e303b
482e0434482e0434483045
4e3806304e3806304e3049
4f4315274f4315274f304d
4c4a221c4c4a221c4c304f
40472a0f40472a0f472048
3039260530392605392039
242c1e04242c1e042c202c
1b1b0d091b1b0d091b201c
0d03090f0d03090f0f000f
051921130519211321101f
132f3315132f3315331033
0f30371a0f30371a371036
051d2f23051d2f232f102d
1e04242c1e04242c2c002c
310f1b33310f1b33330035
3a1816363a1816363a303b
3b1a13343b1a13343b303a
391c0f30391c0f30393037
341b0c2b341b0c2b343032
25100d2225100d22253025
1403101714031017170017
050b1511050b1511151014
01121b1201121b121b1019
0b0d1f1b0b0d1f1b1f101d
1f01212b1f01212b2b002b
370f213b370f213b3b003c
4519214545192145450049
471923474719234747004b
4214244442142444440046
3a0f243f3a0f243f3f0040
340e2038340e2038380039
3010183030101830300032
2b130f272b130f272b302b
2512091e2512091e253022
1a0b08171a0b08171a3019
0b030f110b030f11110011
0614180c0614180c181017
12201e0812201e08202020
1624200616242006242024
15231f0715231f07232023
16211c0516211c05212021
2c26120e2c26120e2c3028
78510a4578510a4578306a
ffc52e91ffc52e91ff30f4
ffff7fb0ffff7fb0ff317d
ffff9a80ffff9a80ff3169
8e95462d8e95462d95209b
626946156269461569206b
ffffda36ffffda36ff2156
ffffff31ffffff31ff21c5
ffffee10ffffee10ff2156
5d8b6d0d5d8b6d0d8b208b
001a2418001a2418241023
0e091a1b0e091a1b1b001c
0624301c0624301c30102d
234645182346451846204a
2b453b0b2b453b0b452045
181e1404181e14041e201e
02090e0902090e090e100c
1e251e011e251e01252025
504f2a17504f2a17503052
9d8f3b419d8f3b419d309d
f6e15a6bf6e15a6bf630f9
ffff9b70ffff9b70ff2151
ffffbc3bffffbc3bff2142
56886a1256886a12882089
71672d3571672d35713073
a6d19211a6d19211d120d1
25656f3525656f356f1072
9c7214609c7214609c3095
e2d26258e2d26258e230e3
6b5a272e6b5a272e6b3065
5e7d58055e7d58057d207d
ecffaa2eecffaa2eff210f
faffa43dfaffa43dff2115
a8b1662da8b1662db120b6
4a5030104a503010502051
141b1603141b16031b201b
0c110e030c110e03112011
201d0c0d201d0c0d20301f
3a2d0a213a2d0a213a3037
48370a2b48370a2b483045
4534092845340928453041
3426042034260420343031
2215041922150419223020
160b0613160b0613163015
06030a0b06030a0b0b000b
0e1612020e161202162016
1d2519031d251903252025
222a1c04222a1c042a202a
1e2418041e241804242024
15180f0415180f04182018
0101010101010101010001
2227180722271807272027
2631200726312007312031
0c0510110c051011110011
5a3b023d5a3b023d5a3054
b484106eb484106eb430ab
ffee3f9affee3f9aff311b
ffff5dbbffff5dbbff316a
ffff35c4ffff35c4ff3148
d88c049ad88c049ad830d0
2f0523372f052337370037
56440c3656440c36563056
8133357d8133357d813087
7f1261987f126198980099
6d046f946d046f94940094
4c1c74804c1c7480800083
440c5868440c5868680068
7355094973550949733070
94aa6a1c94aa6a1caa20ac
6291781162917811912091
1a4a562a1a4a562a561055
09203b2e09203b2e3b1038
0e122a260e122a262a102a
031421180314211821101f
0b1515070b151507151016
1711030d1711030d173015
240d1023240d1023243025
2e0920352e092035350035
2f022d3e2f022d3e3e003e
2707333d2707333d3d003d
1b1033341b103334340036
11142f2a11142f2a2f102e
150f2b29150f2b292b102b
1c1134351c113435350037
1f1d4b471f1d4b474b104c
1b295b511b295b515b105a
0730534007305340531050
283d360b283d360b3d203d
6c5b1a396c5b1a396c306b
956f0d61956f0d61953093
805f0c51805f0c5180307c
392e0d1c392e0d1c393035
1008061210080612120013
3322012433220124333031
2311091f2311091f233023
02171e1102171e111e101c
1629280b1629280b29202a
1123270f1123270f271026
1122230e1122230e231024
1c291e011c291e01292029
1113070911130709132015
2429180524291805292029
5c581e2a5c581e2a5c3061
56380c4656380c46563059
0735553f0735553f551052
37736d2337736d23732078
1b3a37101b3a37103a203c
36300e1836300e18363035
75691f3975691f39753077
7642186076421860763074
431b6775431b6775750078
184e846a184e846a841083
0d3253420d325342531052
0b03070b0b03070b0b000b
1207081112070811123012
2b1709232b1709232b3029
422b022f422b022f42303f
523e0a30523e0a3052304e
584b182b584b182b583056
5a5322255a5322255a305a
5352271e5352271e533057
41401f1641401f16413043
2e2a12122e2a12122e302d
201500152015001520301d
1204181c1204181c1c001c
041c2e22041c2e222e102c
092f3d23092f3d233d103a
0d333f210d333f213f103c
0123332101233321331030
140b2425140b2425250026
2709192b2709192b2b002b
3418102e3418102e343033
3720072a3720072a373034
3422002234220022343030
2d20031c2d20031c2d302a
2319011723190117233021
150c0310150c0310153014
02060a0802060a080a100a
0b1413040b141304142014
0b1a1b0a0b1a1b0a1b101b
0514231a0514231a231020
2003262f2003262f2f002f
3b0e27423b0e2742420043
4a17284d4a17284d4d0050
4c172a4f4c172a4f4f0052
48142a4c48142a4c4c004e
451427484514274848004a
4317214343172143430046
421b1a3d421b1a3d423042
3b1b13353b1b13353b303b
2f14112a2f14112a2f302e
1b05131f1b05131f1f001f
070e1b16070e1b161b101a
091c2110091c2110211020
1025280f1025280f281027
10282e1410282e142e102c
0624341e0624341e34102e
071b3529071b3529351031
0327412b0327412b41103a
5e978c1f5e978c1f97209a
efffff0defffff0dff214f
ffffff05ffffff05ff2173
92b36c1992b36c19b320b4
255d6f31255d6f316f1069
ccffff43ccffff43ff2155
ffffff38ffffff38ff21c3
ebffff0febffff0fff2151
7285501972855019852087
3216122e3216122e323032
2e0724372e072437370037
4620183e4620183e463045
6338114c6338114c63305e
6d2f27636d2f27636d306d
650c557c650c557c7c007c
5e137e935e137e93930094
5e269aa65e269aa6a600aa
503db0ad503db0adb010b7
2569c79f2569c79fc710be
2fbff1812fbff181f110e6
a1ffff5fa1ffff5fff2147
cbffff3bcbffff3bff2158
5b9879145b987914982099
517b6d13517b6d137b207c
97ffe33497ffe334ff2107
308a9244308a9244921099
8576313a8576313a853083
c8f8a618c8f8a618f820f9
538c7316538c73168c208d
7159213971592139713069
f2ff9c3cf2ff9c3cff210a
f3ffbb25f3ffbb25ff2121
9ecb8c0b9ecb8c0bcb20cb
44634a0544634a05632063
0f211f0b0f211f0b212022
01090d0901090d090d100c
0a0b08010a0b08010b200b
211d0b0f211d0b0f213020
3833141938331419383038
3e3b1a193e3b1a193e3040
312e1512312e1512313031
1d19090d1d19090d1d301c
130e010c130e010c133012
090503090905030909000a
090d0b01090d0b010d200d
1e2012081e201208202020
2828140e2828140e28202a
27220b1227220b12273026
201502172015021720301f
1403101914031019190019
081c2212081c2212221021
1e312a071e312a07312031
0d1f1f090d1f1f091f1020
280e1024280e1024283026
7c55064f7c55064f7c3074
f0c2327ef0c2327ef030e7
ffff4eacffff4eacff3145
ffff3cc2ffff3cc2ff314a
ffd8319cffd8319cff310a
877b2b3d877b2b3d873089
0c111c210c111c21210025
4b191b494b191b494b304d
461d143d461d143d463043
2610102226101022263025
021124170211241724101c
0e061e1e0e061e1e1e001e
656c3920656c39206c2070
a5d18f0fa5d18f0fd120d1
7bae85087bae8508ae20ae
2e534c152e534c15532055
041d2617041d2617261025
070a1714070a1714171016
03070f0d03070f0d0f100e
0305050103050501051005
0a00080c0a00080c0c000c
1003121710031217170017
1702192017021920200020
1b031f271b031f27270027
1c04222a1c04222a2a002a
1707232717072327270027
0f0d23210f0d2321231023
0a11221d0a11221d221021
031d2d1f031d2d1f2d102a
022d4029022d402940103c
042f4a35042f4a354a1046
1218383412183834381039
0b0313170b031317170017
2d1c011e2d1c011e2d3029
785c1448785c1448783074
9486344494863444943096
5f66371a5f66371a662069
0717190f0717190f19101b
2e1f021f2e1f021f2e302b
29240f1429240f14293029
0402020604020206060006
2c2f1c0f2c2f1c0f2f2031
26362e0626362e06362036
0a1f26170a1f2617261026
070a0502070a05020a200a
1704232a1704232a2a002a
150f2f35150f2f35350037
14150a0314150a03152015
420d3455420d3455550055
35216b7335216b73730077
06436a4b06436a4b6a1064
04232e1704232e172e1029
241600122416001224301c
592f1145592f1145593053
7013548770135487870088
5f1d8da35f1d8da3a300a5
4629888b4629888b8b0090
4300495c4300495c5c005c
4930073449300734493046
0409100d0409100d10100f
1a06101c1a06101c1c001c
3822062a3822062a383036
533e0932533e093253304f
614e1334614e133461305d
67571b3367571b33673064
66581e3066581e30663064
5547152b5547152b553053
3e2c04263e2c04263e303a
29110f2529110f25293028
170b2729170b272929002a
0a1f382d0a1f382d381036
002c422c002c422c42103e
062f4027062f402740103d
0122332201223322331030
0e0f24210e0f2421241024
1e0516231e051623230023
2d1907232d1907232d302b
3427061f3427061f343031
312a0d18312a0d18313030
2926111029261110293029
1f1f11091f1f11091f2020
10130c0310130c03132013
0202040402020404040004
1411040b1411040b143014
21210f0d21210f0d212023
1e261a041e261a04262026
071b2111071b211121101f
1a07262b1a07262b2b002b
370c2740370c2740400041
4716274a4716274a4a004d
4917274b4917274b4b004e
481726494817264949004c
491b2147491b214749304b
4b201b444b201b444b304b
4924133e4924133e493047
3f200f343f200f343f303d
2a1012282a1012282a302b
1204181c1204181c1c001c
0219241502192415241020
0e2e3a1c0e2e3a1c3a1035
073e5b36073e5b365b1052
1445826314458263821078
433ca39a433ca39aa310a5
6b3ac5cc6b3ac5cccc00d4
3c8cffe03c8cffe0ff1108
4dffffb34dffffb3ff114e
a3ffff47a3ffff47ff2131
737231307372313073307b
0686c2820686c282c210ba
8affff988affff98ff116e
d8ffff65d8ffff65ff218f
bcffc402bcffc402ff2102
7b5a0b507b5a0b507b3078
5c094e735c094e73730073
5f03597b5f03597b7b007b
7417508174175081810083
8821569388215693930096
91107bb291107bb2b200b2
9216b6da9216b6dada00db
9c38f4ff9c38f4ffff010f
b548ffffb548ffffff0146
d14dffffd14dffffff0171
d35effffd35effffff0187
9a9dffff9a9dffffff118d
27faffff27faffffff1188
2cfaffba2cfaffbaff1137
0647603706476037601059
6aa3861b6aa3861ba320a5
a8f9c419a8f9c419f920fa
63662f2463662f2466206c
2d92ab5a2d92ab5aab10ab
78fffc5c78fffc5cff2110
3a8782313a87823187208f
4e71660f4e71660f712071
a7ffff4ba7ffff4bff212e
97ffff6197ffff61ff213a
56c3c64b56c3c64bc610d0
21585f2821585f285f1060
061a2010061a201020101e
0204080602040806081007
0102030201020302031002
1111090511110905112011
2b2c170e2b2c170e2c202e
3b3f23113b3f23113f2041
3137210b3137210b372038
191f1701191f17011f201f
090f0f05090f0f050f100f
0107090501070905091008
0a0702050a0702050a3008
1a190c091a190c091a301a
25220d1025220d10253025
271d0517271d0517273025
220f0a1d220f0a1d223020
1a0218221a021822220022
0912252009122520251024
0c252c150c252c152c102a
10272a0f10272a0f2a1029
090f1d19090f1d191d101d
4a32042e4a32042e4a3043
ae96364eae96364eae30a9
ffe75479ffe75479ff3104
ffff5099ffff5099ff312c
ffff4c9affff4c9aff312f
edbf2187edbf2187ed30e9
832e4b84832e4b8484008b
5734abaa5734abaaab10b1
7346dbe27346dbe2e200ec
a617c2f7a617c2f7f700f8
c53371d1c53371d1d100d7
9229509392295093930098
085e8e64085e8e648e1089
64c9be3d64c9be3dc920d2
66a68a1666a68a16a620a7
3b4e37043b4e37044e204e
1e1a0a0e1e1a0a0e1e301d
1208061012080610123011
0e010c110e010c11110011
0d030f130d030f13130013
0b0613140b061314140014
0908151409081514151015
0b0613140b061314140014
0b0511130b051113130013
0b030f110b030f11110011
09030d0f09030d0f0f000f
03080f0c03080f0c0f100e
050d0f07050d0f070f100e
141d1601141d16011d201d
2732210427322104322032
2a3320072a332007332033
1410040a1410040a143012
031c2314031c2314231022
160d2427160d2427270029
614f1933614f193361305e
96a35e2796a35e27a320a7
738f610b738f610b8f208f
1a2d280b1a2d280b2d202e
2324150c2324150c242025
28423c0c28423c0c422043
0c19302b0c19302b301031
4e3e102e4e3e102e4e304d
505a3610505a36105a205b
1820160418201604202020
092b391b092b391b391032
153f755f153f755f751071
58035e8358035e83830083
6f440b566f440b566f306d
3445320334453203452045
09223f3809223f383f1041
1208222612082226260026
000d1611000d1611161015
150b2b31150b2b31310032
1b1105191b1105191b301e
0827321f0827321f321031
14244c4414244c444c104c
290e4348290e4348480049
4317274543172745450048
6238144e6238144e623060
04111c1504111c151c101b
1005161910051619190019
2b1707212b1707212b3028
4937092b4937092b493045
5e4a10345e4a10345e305a
6b55133b6b55133b6b3067
715811407158114071306c
684a0642684a0642683063
54300c4054300c40543050
3b121f3c3b121f3c3c003e
220d3439220d343939003a
1220423812204238421040
0a2846360a284636461043
0627402f0627402f40103d
081b3025081b302530102d
0d0d1f1d0d0d1f1d1f101f
17050f1917050f19190019
251a0118251a0118253023
312b0f17312b0f17313030
3331171333311713333034
2b2f1b0b2b2f1b0b2f2030
1e271c011e271c01272027
0e1918070e191807192019
0309110d0309110d11100f
1709091517090915173016
2c1f021d2c1f021d2c302a
39310f1d39310f1d393038
30321a1030321a10322034
13221f0813221f08222022
13081f2213081f22220022
300c2036300c2036360037
3f1521413f152141410044
4518214445182144453048
481c1e44481c1e44483049
4c2514414c2514414c304a
4d2d09394d2d09394d3048
432b032f432b032f43303f
301c0624301c062430302d
1805121b1805121b1b001b
002136210021362136102e
0a5278460a52784678106b
0b7ac98c0b7ac98cc910b9
3f8affe03f8affe0ff1107
8676ffff8676ffffff113e
ba55ffffba55ffffff0155
9560ffff9560ffffff0135
0a95dea10a95dea1de10db
75854f1d75854f1d852088
880084bc880084bcbc00bc
3fa9ffff3fa9ffffff1131
32ffffdf32ffffdfff116d
76ffff7876ffff78ff112e
6d997d056d997d05992099
502b0a41502b0a4150304d
4105355141053551510051
3e0c28443e0c2844440045
3c1716353c1716353c3039
36101a3436101a34363036
2c0e3c442c0e3c44440045
1e417c651e417c657c1078
2074ce9c2074ce9cce10c2
4490ffec4490ffecff1114
8789ffff8789ffffff1160
c575ffffc575ffffff0196
c47affffc47affffff019a
7a8fffff7a8fffffff1158
3364cfac3364cfaccf10c6
402b0827402b082740303a
83b5850b83b5850bb520b5
a6b46626a6b46626b420b7
6d144b806d144b80800081
03a1efab03a1efabef10ea
38c6ee7e38c6ee7eee10ea
122d3015122d3015301031
53c9d95d53c9d95dd910dd
85ffffa085ffffa0ff1170
5dffff935dffff93ff1132
298dab55298dab55ab10a4
0f34411e0f34411e41103c
060c0e04060c0e040e100c
0301010303010103030003
0300030403000304040004
0d0a03060d0a03060d300b
2424120c2424120c242025
3b3d1f133b3d1f133d203f
3c3f22133c3f22133f2041
272c1b08272c1b082c202c
0d1615060d161506162016
0308110e0308110e111010
1006081010060810100011
1d1401121d1401121d301a
261b0417261b0417263023
2719011b2719011b273024
1e0b0e1d1e0b0e1d1e301f
17031b2117031b21210021
0f0d23230f0d2323230025
0319291d0319291d291026
0b272f170b272f172f102d
011a2518011a2518251023
3125091b3125091b31302d
7a7a40247a7a40247a207f
beb85444beb85444be30c4
fdd53981fdd53981fd30f9
ffe307d1ffe307d1ff3134
ffa65dffffa65dffff314c
ff0cfbffff0cfbffff015e
e167ffffe167ffffff019a
f366fffff366ffffff01b4
ff03ffffff03ffffff0199
ff77b3ffff77b3ffff0174
ff668cffff668cffff312f
8521b1d38521b1d3d300d5
067bac6f067bac6fac10a5
4169590b4169590b692069
4935053149350531493048
4217204342172043430046
3a0a2a423a0a2a42420042
30032a3d30032a3d3d003d
2901273529012735350035
2002222c2002222c2c002c
19041d2419041d24240024
1401141b1401141b1b001b
0e010c110e010c11110011
0800080a0800080a0a000a
0401060704010607070007
0004060400040604061005
0608060006080600082008
16150a0716150a07163016
2d2911132d2911132d302d
392b0721392b0721393036
27091b2d27091b2d2d002d
0a223c300a223c303c103a
121128271211282728102a
5357311753573117572059
8eb782078eb78207b720b7
75a37d0575a37d05a320a3
203a3810203a38103a203c
2c2b10152c2b10152c302f
4b5c390c4b5c390c5c205c
1f2819021f281902282028
344f4007344f40074f204f
46725e1246725e12722073
0817180d0817180d18101a
3661561336615613612062
297b8741297b874187108b
3d013d573d013d57570057
8f88353e8f88353e8f3095
6f8b590d6f8b590d8b208b
1832301418323014322035
1f21110d1f21110d212023
1c464a1e1c464a1e4a104c
1d1c47481d1c474848004d
5d390b495d390b495d305c
5f571f295f571f295f3060
3233180f3233180f332035
0c0e08040c0e08040e200e
120a020c120a020c12300f
371f0729371f0729373033
120c2222120c2222220024
1006181a1006181a1a001a
2010081a2010081a20301e
3b2d09213b2d09213b3037
5141112b5141112b51304d
624c1036624c103662305d
6d4f09436d4f09436d3067
6e46064e6e46064e6e3068
6232185262321852623060
4c172a4f4c172a4f4f0052
30073a4730073a47470047
1b1e47401b1e4740471046
1124473c1124473c471045
121d3e35121d3e353e103c
130f2929130f292929002b
1302151a1302151a1a001a
1309050f1309050f133011
1d19090d1d19090d1d301c
2b2b150f2b2b150f2b202d
32351c0f32351c0f352037
3137210b3137210b372038
2730210427302104302030
15201b0415201b04202020
0310150c0310150c151014
0f000f140f000f14140014
2717051d2717051d273025
3f3109253f3109253f303d
493f1325493f1325493049
3c3918193c3918193c303e
1b2117031b211703212021
0a0816160a081616160017
260b1629260b162929002a
3515173335151733353037
3d1c13363d1c13363d303c
462b0633462b0633463042
4936072c4936072c493045
42350e2342350e2342303f
30270a1930270a1930302e
1603141916031419190019
0847683b0847683b68105c
11a3e98d11a3e98de910d7
15d8fff615d8fff6ff1147
59cdffff59cdffffff117e
998effff998effffff1172
b932f9ffb932f9ffff012c
941d64ad941d64adad00af
1634361416343614361037
7938c5dc7938c5dcdc00e3
b85dffffb85dffffff0163
9398ffff9398ffffff117f
38bfffff38bfffffff1149
039beb97039beb97eb10d8
06486c3e06486c3e6c105f
07162b1e07162b1e2b1025
1016322a1016322a32102f
192a594c192a594c591056
312c7570312c7570751078
5513738755137387870088
7d175d917d175d91910092
ab563194ab563194ab30ab
d8a31287d8a31287d830d3
e2e46c54e2e46c54e420f2
a8f1c20fa8f1c20ff120f1
37bceb7e37bceb7eeb10e2
2a6dd8b52a6dd8b5d810d3
452d9395452d939595009b
4118294441182944440048
5a7248065a724806722072
81a1710581a17105a120a1
7965273779652737793073
312c6b6c312c6b6c6c0074
1d9acd7a1d9acd7acd10c4
247a9c54247a9c549c1094
2e422e022e422e02422042
9cffff579cffff57ff2131
aaffff7caaffff7cff116d
5cd5e65d5cd5e65de610e8
20515e2720515e275e1059
0d1515030d151503151015
0a04040a0a04040a0a000a
0900090c0900090c0c000c
0901070b0901070b0b000b
0e0900090e0900090e300c
1f1c0b0c1f1c0b0c1f301e
3734171637341716373038
45421d1c45421d1c453047
3b3a1b163b3a1b163b303e
2124150821241508242024
0810100608101006101011
0d020b100d020b10100010
1c0f06171c0f06171c301b
2517031b2517031b253023
2717051d2717051d273025
1e0812201e081220200020
1508212415082124240024
130c2526130c2526260027
0d1127230d112723271026
04222e1c04222e1c2e102c
02161c1202161c121c101c
252c1f04252c1f042c202c
556c4b02556c4b026c206c
807f3c29807f3c29803085
be7c027ebe7c027ebe30b0
ff814ae9ff814ae9ff310a
ff5ea5ffff5ea5ffff0151
ff14ffffff14ffffff016e
bc71ffffbc71ffffff017a
b659ffffb659ffffff0156
fc2dbafffc2dbaffff0126
ffa845ffffa845ffff3132
ff9738e1ff9738e1ff310e
9c315aa99c315aa9a900af
2c0f4c4f2c0f4c4f4f0050
1a1912091a1912091a301a
3c131e3f3c131e3f3f0041
4b1133554b113355550056
4b0c3b5a4b0c3b5a5a005a
47093b5747093b57570057
430a3550430a3550500050
3a0730473a073047470047
3106293c3106293c3c003c
2b0c192e2b0c192e2e002f
220f0a1d220f0a1d223020
1208040e1208040e123010
0702030607020306073006
0102050401020504051004
0206080402060804081007
0a0f0e030a0f0e030f200f
1920190019201900202020
1e1f12071e1f12071f201f
0c020e120c020e12120012
081c2214081c2214221022
0405040104050401052005
3f6a5f183f6a5f186a206c
75bca32075bca320bc20be
66a5901b66a5901ba520a7
1c454a1d1c454a1d4a104a
3a1f0e2f3a1f0e2f3a3038
7553014d7553014d753071
631f3769631f376969006d
164e866c164e866c861085
0b6385510b63855185107f
25052f3525052f35350035
787026347870263478307b
9583254b9583254b953096
4104475e4104475e5e005e
2b94a9562b94a956a910ab
3d96993c3d96993c9910a1
0635462906354629461043
3c3108233c3108233c303c
5e65301f5e65301f652069
322f1017322f1017323034
2441380d2441380d412042
4663460146634601632063
2d3015102d301510302032
1e0d0e1f1e0d0e1f1f0021
1a07121f1a07121f1f001f
0806141208061412141012
2803243328032433330033
1e0318231e031823230023
210f091b210f091b21301e
3225061d3225061d32302f
45370d2545370d25453042
54400c3054400c30543050
5f41033d5f41033d5f3059
643b0c4b643b0c4b64305f
622e1e56622e1e56623061
561b2e59561b2e5959005d
40033c5340033c53530053
261646482616464848004b
191e453e191e453e451044
1914373619143736371039
1f02232c1f02232c2c002c
200e0c1e200e0c1e203021
1b13030f1b13030f1b3018
191a0f06191a0f061a201a
2328190623281906282028
2e331e0b2e331e0b332034
35391f0f35391f0f39203a
32361e0e32361e0e362037
2428180824281808282028
1218120012181200182018
00070a0700070a070a1009
160d020f160d020f163013
3126071c3126071c31302f
4b3c0d2a4b3c0d2a4b3049
53430f2f53430f2f533051
43380f2443380f24433042
23200d0e23200d0e233022
01060b0801060b080b100a
1a0c08181a0c08181a301a
2b1b031f2b1b031f2b3029
3a2f0c1f3a2f0c1f3a3038
423d1a1b423d1a1b423042
3d3f21133d3f21133f2041
2c2e180c2c2e180c2e202f
080f2017080f201720101b
2c8da84d2c8da84da810a0
48ffffae48ffffaeff1142
1effffff1effffffff118c
2eddffff2eddffffff1167
6668fff26668fff2ff1107
902364a5902364a5a500a8
a4b05638a4b05638b020b8
6cf0ee566cf0ee56f020fe
0ccdffdf0ccdffdfff112e
6f8cffff6f8cffffff1147
8267ffff8267ffffff112f
5b59e9d95b59e9d9e910ea
3a3fa08d3a3fa08da0109a
321f6461321f6461641065
331755593317555959005b
2c2f70672c2f7067701071
294d9981294d9981991096
4049aa9d4049aa9daa10ad
6c219cb16c219cb1b100b4
9a0d86bf9a0d86bfbf00bf
d6476cd5d6476cd5d630e0
ff9f42f5ff9f42f5ff3124
ffff05ffffff05ffff3175
ffff59dcffff59dcff3194
ffff7f7cffff7f7cff3140
8f95551f8f95551f952098
0a0606020a0606020a3006
324e3e0a324e3e0a4e204e
55826d1255826d12822083
62876c0762876c07872087
3640300636403006402040
273d3107273d31073d203d
6b9473046b947304942094
4558450245584502582058
50836a0f50836a0f832083
e1ffff29e1ffff29ff2159
dbffff2edbffff2eff2153
6fac991c6fac991cac20ae
1f302d081f302d08302030
0807040308070403083007
0601040706010407070007
0600060806000608080008
0703030707030307070007
0c0b04050c0b04050c300c
16150a0716150a07163016
2a2812102a2812102a302b
413e1b1a413e1b1a413043
45421d1c45421d1c453047
3433181334331813343036
1a1c10061a1c10061c201c
0107090501070905091008
1008040e1008040e103010
1e1302151e1302151e301c
2213061b2213061b223021
1b0415201b041520200020
120b2223120b2223230024
120d2625120d2625261027
110e2726110e2726271028
0518292005182920291028
07030b0d07030b0d0d000d
283d3209283d32093d203d
4259420542594205592059
4f3d0f294f3d0f294f3049
70282c6a70282c6a703071
a337459da337459da330a6
b2345cb6b2345cb6b600bd
781292b4781292b4b400b4
3355b59b3355b59bb510b0
31327f7631327f767f1080
7c5402507c5402507c3074
b9be6536b9be6536be20c5
9fab5f2b9fab5f2bab20b0
5b5f2b215b5f2b215f2064
292f130f292f130f2f2031
0916110609161106162016
0f0411160f041116160016
1f0713211f071321210021
250a1528250a1528280029
290c172a290c172a2a002b
290c192c290c192c2c002d
2a0a1e302a0a1e30300031
2d0a21342d0a2134340034
3515193535151935350039
371f0b2d371f0b2d373036
2718031c2718031c273024
120a020c120a020c12300f
0401040504010405050005
0107090501070905091008
0611140906111409141013
0e20220e0e20220e221022
08191e0f08191e0f1e101d
1008060e1008060e103010
1d0e0b181d0e0b181d301b
0a2746350a274635461041
247b944f247b944f941092
4badb5494badb549b510bb
49938f2d49938f2d932099
1e4b521f1e4b521f521051
27022b3427022b34340034
68262e6468262e6468306a
6c095c8b6c095c8b8b008b
3931818139318181810089
173465501734655065105f
2e0528332e052833330033
764610547646105476306d
ac4b3e9fac4b3e9fac30af
890c9bcc890c9bcccc00cc
3462c4aa3462c4aac410c4
015e8b5a015e8b5a8b1082
0523392305233923391031
3721092737210927373033
754b0b55754b0b55753071
7627407f7627407f7f0084
392a777a392a777a7a0081
0b3d63490b3d634963105f
050c1510050c1510151014
0b0717190b071719190019
2509192b2509192b2b002b
24041e2c24041e2c2c002c
36111e3936111e3939003b
2e13122b2e13122b2e302f
2715071d2715071d273023
2c20041a2c20041a2c3029
3b2d09213b2d09213b3037
4835082b4835082b483044
503402365034023650304a
542d1043542d1043543050
5724215057242150573057
541a2e58541a2e5858005b
490b3957490b3957570057
3209404d3209404d4d004d
22133e3f22133e3f3f0041
1e0c30341e0c3034340035
27071d2d27071d2d2d002d
2f1a09262f1a09262f302e
2c22061a2c22061a2c302a
2422100c2422100c243024
2226180622261806262026
292d1b09292d1b092d202d
3333191133331911332035
393617183936171839303b
342e1018342e1018343033
25200b1225200b12253024
130f0509130f0509133011
0303010103030101032003
1c15040f1c15040f1c3019
3a2c08223a2c08223a3037
533e0932533e093253304f
5943093759430937593056
4835062d4835062d483045
271c0318271c0318273024
0602020406020204063004
16170c0716170c07172018
2b2f1b0b2b2f1b0b2f2030
38422a0a38422a0a422042
3947310539473105472047
2630220226302202302030
1027280d1027280d281029
71d2c33471d2c334d220d8
b7ffff6db7ffff6dff2175
92ffff9092ffff90ff116d
32c5fa8732c5fa87fa10ee
213a816a213a816a811078
7c530c597c530c597c3079
ebf47352ebf47352f42101
ffffdb33ffffdb33ff215c
d8fff815d8fff815ff2135
4ab8d2604ab8d260d210cf
1d4f9b7f1d4f9b7f9b1095
3a2172733a217273730077
3514575c3514575c5c005e
2f11494f2f11494f4f0050
261a4c4c261a4c4c4c0050
0f39614b0f39614b61105e
0b5a77480b5a7748771073
0a5572450a55724572106d
162a5446162a5446541051
3b03354b3b03354b4b004b
68301c5668301c56683062
b47f106db47f106db430a7
ffff5a8affff5a8aff3122
ffffad96ffffad96ff3198
ffffbe7affffbe7aff218f
d0d26246d0d26246d220dd
250c1524250c1524253025
2d59591d2d59591d59105d
4b80771e4b80771e802083
487f781f487f781f7f2082
144452281444522852104e
4f2915414f2915414f304c
a7861b60a7861b60a730a4
8f5a0b6a8f5a0b6a8f308b
1f7c93501f7c9350931093
d8ffff1fd8ffff1fff2148
f0ffec07f0ffec07ff213f
86a5740d86a5740da520a5
262d2003262d20032d202d
0205060302050603061005
0301050503010505050005
0401060704010607070007
0303070703030707070007
040a0a04040a0a040a100a
0c100c000c100c00102010
1c1d10071c1d10071d201d
34341a1234341a12342037
4443201944432019443047
3e3e1e163e3e1e163e2041
2727130d2727130d272029
0f1009040f100904102010
0300030403000304040004
120c000c120c000c123010
180e0212180e0212183016
11020d1411020d14140014
060d1a15060d1a151a1018
0612221a0612221a22101f
0b1125210b112521251025
0c0d201f0c0d201f201021
1a1300111a1300111a3019
3b44270a3b44270a442044
433b151d433b151d433041
390b233f390b233f3f003f
4306335243063352520052
5b2e134a5b2e134a5b3057
533801365338013653304d
19031f2519031f25250025
1e3a3a141e3a3a143a103d
0f0d03070f0d03070f300e
3b797b2b3b797b2b7b1080
68cdca4568cdca45cd20d8
49a6ad4449a6ad44ad10b3
1f58632e1f58632e631063
122e3214122e3214321032
1118110011181100182018
0c05060d0c05060d0d000d
0b0413140b041314140014
0a0b1c190a0b1c191c101b
0b0e211e0b0e211e211021
0f081d1e0f081d1e1e001f
0e0314170e031417170017
0701050907010509090009
0f08070e0f08070e0f3010
2d1f03232d1f03232d302e
3728032437280324373035
2318011623180116233020
0b04050a0b04050a0b300a
01090d0701090d070d100b
0916170a0916170a171018
101f1c09101f1c091f2020
0c120c000c120c00122012
0405040304050403052005
040e1a12040e1a121a1016
114d6137114d613761105e
2c82944a2c82944a941095
428a8c34428a8c348c1093
4b71610b4b71610b712071
3d5241023d524102522052
0d2e391c0d2e391c391035
2e0b3c492e0b3c49490049
4301415d4301415d5d005d
2e0332432e033243430043
0f010f110f010f11110011
0303010503030105050005
1e0218201e021820200020
4b034b674b034b67670067
5712718e5712718e8e008f
3a18626c3a18626c6c006e
0f0e29220f0e2922291024
100a0010100a0010100012
0403020904030209090009
2c0c162c2c0c162c2c002d
4b093b5f4b093b5f5f005f
3d0a4f623d0a4f62620062
2603303926033039390039
20220e0a20220e0a222023
08232a1708232a172a1029
1e03242d1e03242d2d002d
2b0525372b052537370037
33180f2c33180f2c333032
3321032533210325333031
2c1f021b2c1f021b2c3029
281e0616281e0616283025
2f2509192f2509192f302c
392b0721392b0721393036
3f29012b3f29012b3f303b
41210f3541210f3541303e
42191c3f42191c3f423043
451427484514274848004a
420e2e4c420e2e4c4c004d
3703334737033347470047
2806323c2806323c3c003c
23052b3323052b33330033
2b0b1b2f2b0b1b2f2f0030
391f0b2d391f0b2d393036
3f2e05283f2e05283f303c
392f0d1d392f0d1d393037
2e2910132e2910132e302d
2c2810122c2810122c302b
32290c1932290c19323030
3d2f09233d2f09233d303a
412f0529412f052941303e
3a2802263a2802263a3037
281b001b281b001b283026
110a010c110a010c11300f
0604000406040004063005
2318011623180116233020
412e032a412e032a41303e
593e033a593e033a593054
5c40023e5c40023e5c3059
4a3200324a3200324a3046
2615061d2615061d263023
000d120b000d120b121011
1f2b21011f2b21012b202b
3445340134453401452045
384c3a02384c3a024c204c
21322b0621322b06322032
292e170c292e170c2e202f
bae79617bae79617e720e8
fffff927fffff927ff217b
ffffdf30ffffdf30ff2159
b0c37e23b0c37e23c320c6
3540330235403302402040
4e3a062e4e3a062e4e304a
f0d8526af0d8526af030f0
ffffac8fffffac8fff3189
ffffd46fffffd46fff2196
daffa81edaffa81eff2103
3664622236646222642069
18163a3818163a383a103c
2408303824083038380038
1e0c30341e0c3034340035
1215302d1215302d301031
0c2c341c0c2c341c341034
3547330135473301472047
4a48201e4a48201e4a304e
3f27072f3f27072f3f303d
2606323a2606323a3a003a
1032604a1032604a601059
197aa55e197aa55ea5109a
6cf3ff696cf3ff69ff1108
d0ffff5dd0ffff5dff217c
efffff3befffff3bff2185
8ddeb5188ddeb518de20df
050e0b04050e0b040e200e
4361510943615109612061
5584711455847114842085
4d8071184d807118802082
2554592025545920591059
32063e4632063e46460046
a14d358fa14d358fa130a2
c84c5eccc84c5ecccc00d9
5245bcbd5245bcbdbd00c9
69f5ff6569f5ff65ff1109
bcffe011bcffe011ff2117
84aa760c84aa760caa20aa
2e3824062e382406382038
0509090305090903091009
0303070703030707070007
0502070805020708080008
0402080804020808080008
01070b0701070b070b1009
060d0e05060d0e050e100d
1016120210161202162016
2328190623281906282028
393d2111393d21113d203f
4143231541432315432046
3030181030301810302032
18170a0918170a09183018
0706010407060104073007
0505030105050301052005
0b0a03060b0a03060b300b
0703030707030307070007
050e0f06050e0f060f100f
0b1715070b171507172018
0815160908151609161016
0009100b0009100b10100e
1d19050f1d19050f1d301d
4037121d4037121d40303e
3e1f0c333e1f0c333e303b
2a042c3c2a042c3c3c003c
2e10162e2e10162e2e0030
43421d1843421d18433046
3b462b0a3b462b0a462046
0707030307070303072007
2526130a2526130a262027
0d1933290d193329331030
3c9cac4e3c9cac4eac10ae
59d0db5a59d0db5adb10e2
368e9e46368e9e469e109e
0f3b4b270f3b4b274b1046
08171c0d08171c0d1c101a
0b0803060b0803060b300a
0b0511130b051113130013
0e0c201e0e0c201e201020
10132c2910132c292c102d
1713333117133331331034
2209303722093037370037
2c022a3a2c022a3a3a003a
31101b3431101b34340036
2416061e2416061e243025
0607040306070403072007
2e2a0e182e2a0e182e3030
2c260c162c260c162c302b
130c010c130c010c133010
010b0f09010b0f090f100e
0b1717090b171709171018
10120a0210120a02122012
1102151a1102151a1a001a
1904212a1904212a2a002a
362a0422362a0422363036
5965391359653913652066
6d7845186d78451878207a
72662c3072662c30723070
765f203d765f203d763070
6f6a332a6f6a332a6f3072
465c4202465c42025c205c
0a2b341f0a2b341f341035
1d090f211d090f21210022
212d2101212d21012d202d
042d3e29042d3e293e103c
2903253929032539390039
3e37121f3e37121f3e303f
243c320c243c320c3c203d
0614242006142420241025
1d1d090f1d1d090f1d2020
0f2a2b140f2a2b142b102e
1a09262d1a09262d2d002d
341c0e2e341c0e2e343035
2b21011d2b21011d2b302b
130c050e130c050e133012
060a1410060a1410141012
00202c1e00202c1e2c102b
0b3947290b394729471046
01354d3101354d314d1048
2019464320194643461047
3c06485a3c06485a5a005a
281a021c281a021c283026
3126071c3126071c31302f
2f270b192f270b192f302e
28210a1328210a13283026
26210c1126210c11263025
2b2209162b2209162b3028
2e21041d2e21041d2e302b
2e1a06222e1a06222e302a
2a1012282a1012282a302b
2d0b1d312d0b1d31310032
320a243a320a243a3a003a
3308293e3308293e3e003e
2e032a3b2e032a3b3b003b
2900293629002936360036
300c1e34300c1e34340035
3f200f343f200f343f303d
4c3202344c3202344c3048
4e3906314e3906314e304b
442f022b442f022b44303f
3b2503293b2503293b3037
3b21092d3b21092d3b3037
44250c3544250c35443040
4d2c0b3c4d2c0b3c4d304a
4f30073a4f30073a4f304b
422a022e422a022e42303e
2a1c001c2a1c001c2a3027
110d0309110d030911300f
0b04050a0b04050a0b300a
2a19041f2a19041f2a3027
492f0333492f0333493045
5d3e01405d3e01405d3059
5e4000405e4000405e305a
442b0431442b0431443041
1905111b1905111b1b001b
1123230b1123230b231024
2f4435042f443504442044
384e3c02384e3c024e204e
2539310725393107392039
2a18081e2a18081e2a3026
ccb63e5accb63e5acc30cb
ffff6cb1ffff6cb1ff3170
ffff5ce1ffff5ce1ff3196
fffc3ab8fffc3ab8ff3138
ae86225aae86225aae30a1
0904030609040306093007
a19c4d38a19c4d38a130a5
ffffc161ffffc161ff216a
ffffff5cffffff5cff21c7
ffffd62bffffd62bff214f
6489660564896605892089
021a2418021a2418241023
0f0211160f021116160016
0703090b0703090b0b000b
0905030709050307093008
260f1023260f1023263026
5020204a5020204a503050
732839747328397474007a
7e1364977e136497970098
731a9bb4731a9bb4b400b5
664fdcd5664fdcd5dc10e3
4b97fffb4b97fffbff1124
13f7ffff13f7ffffff1170
3efffff93efffff9ff119c
6affffae6affffaeff1168
3aadca5b3aadca5bca10c3
2504212c2504212c2c002c
646c3a1c646c3a1c6c206f
788b5815788b58158b208c
6f8257106f825710822082
4e664c044e664c04662066
12424e2412424e244e104b
4f0f61734f0f6173730073
a11387cba11387cbcb00cb
8e1fc8ed8e1fc8eded00ef
1892fcbc1892fcbcfc10ee
4ccce4624ccce462e410e2
5294861e5294861e942097
263a2e04263a2e043a203a
080b0601080b06010b200b
0402020404020204040004
0602020606020206060006
0605020306050203063005
050a0b04050a0b040b100a
040e120a040e120a121011
0613160b0613160b161015
131e1b06131e1b061e201e
2933250329332503332033
3841280b3841280b412041
30341c0e30341c0e342035
1e1c0c0c1e1c0c0c1e301e
0e0900090e0900090e300c
0402080804020808080008
01070b0701070b070b1009
0204080602040806081007
0f09030b0f09030b0f300e
1d1105171d1105171d301c
2616041e2616041e263025
1e1300151e1300151e301c
070a0700070a07000a200a
2a2108172a2108172a3028
27120b2427120b24273028
1a07101d1a07101d1d001d
2425120b2425120b252026
3b4d37013b4d37014d204d
3746310437463104462046
0c0d08050c0d08050d200d
140c040e140c040e143012
0c4358330c435833581054
4db2bb4e4db2bb4ebb10c2
5bbcbd445bbcbd44bd10c7
366a6820366a68206a206e
17211b0117211b01212021
1107050f1107050f113010
0f0211160f021116160016
0b0a19180b0a191819101a
061320190613201920101f
0219261b0219261b261024
0517271d0517271d271025
0e0e22200e0e2220221022
1b001b241b001b24240024
2c160c262c160c262c302b
372c0920372c0920373036
1917070d1917070d19301a
1b1e13081b1e13081e201f
2c2e180e2c2e180e2e2030
1512050a1512050a153014
030b0d07030b0d070d100d
0c1310030c131003132013
0801040708010407083007
0018201600182016201020
120d2625120d2625261027
4626143a4626143a463045
8256085c8256085c82307d
a5650b79a5650b79a5309d
a5630977a5630977a5309a
9a7416589a7416589a3091
8f8b3d358f8b3d358f3094
7079401f7079401f79207c
3a3818163a3818163a303c
0417241904172419241021
1a505a2a1a505a2a5a105a
0749633f0749633f631060
39092b4539092b45450045
6a5816386a5816386a3068
5e5620285e5620285e305e
2916072029160720293026
0a2b321b0a2b321b321032
183a3a16183a3a163a103e
04121e1604121e161e101c
2b1b051f2b1b051f2b3029
3c210e313c210e313c303b
37082d4437082d44440044
2d13494f2d13494f4f0051
1f2a5f541f2a5f545f105d
123b6c55123b6c556c1067
153b6d55153b6d556d1067
263372632633726372106f
47227b8247227b82820086
2418001824180018243021
3024061c3024061c30302d
352b0b1d352b0b1d353033
30280c1830280c1830302e
28220c1228220c12283026
231e0b10231e0b10233022
231d0911231d0911233021
1f1601141f1601141f301d
1a090c191a090c191a301a
1a0118211a011821210021
2100212c2100212c2c002c
2b0425362b042536360036
2f06273a2f06273a3a003a
2d0329392d032939390039
330b2339330b233939003a
431f153b431f153b433042
53300b3e53300b3e53304e
5c3908435c3908435c3057
5931114759311147593056
51241b4851241b48513050
4d1d21494d1d21494d304e
501d244d501d244d503052
5b281f525b281f525b305b
6537135165371351653061
5f3a09465f3a09465f305a
4b3101334b3101334b3046
2f22051c2f22051c2f302c
1110070611100706113011
0e04080e0e04080e0e000e
2e1c04222e1c04222e302c
4c3300334c3300334c3048
5d42053c5d42053c5d3059
553c0338553c0338553052
311a0b28311a0b2831302f
011621160116211621101f
273b3107273b31073b203b
394b3703394b37034b204b
3242300232423002422042
0a0d1c150a0d1c151c1018
8d5d03578d5d03578d307f
ffdf1dbdffdf1dbdff3124
ffff3ffeffff3ffeff319d
ffff63d8ffff63d8ff3196
ffed5573ffed5573ff3107
4c4010244c4010244c3049
5a755a015a755a01752075
ffffec12ffffec12ff214a
ffffff19ffffff19ff21cf
fffffe17fffffe17ff216f
819a6114819a61149a209b
2316051a2316051a233022
160c2a2a160c2a2a2a002b
24103c4024103c40400041
35124f5835124f58580059
4b0e5d704b0e5d70700070
6702658867026588880088
81086fa081086fa0a000a0
860486b4860486b4b400b4
722bacbf722bacbfbf00c3
4c62d6c24c62d6c2d610d9
16a3ffbb16a3ffbbff10f8
33e6ffa033e6ffa0ff1118
7cffff6d7cffff6dff1124
93f4e93693f4e936f420f9
5686821a5686821a862088
1908151e1908151e1e001f
6f692d2d6f692d2d6f3072
90924c3090924c30922099
8591571f8591571f912094
627e5c04627e5c047e207e
3e71681b3e71681b712074
0a5b78470a5b7847781073
3d3689843d36898489108e
652da9b9652da9b9b900be
4557cdbd4557cdbdcd10d0
0878c2880878c288c210b5
135f7d43135f7d437d1074
0b2931170b29311731102f
0005080500050805081007
0002020200020202020002
0404020204040202042004
060d0e05060d0e050e100d
0313190f0313190f191018
03121d1603121d161d101c
04111e1704111e171e101c
031821140318211421101f
1528250c1528250c282029
2934230429342304342034
302d1215302d1215303031
2a1a06202a1a06202a3029
21061b2821061b28280028
1f072b311f072b31310031
230a333a230a333a3a003a
2b0635402b063540400040
3600344636003446460046
40092e4b40092e4b4b004b
4a2016424a2016424a3049
402c0428402c042840303b
140f020b140f020b143012
120f0609120f0609123011
1710011017100110173016
1715070b1715070b173017
2732230227322302322032
3a4c38003a4c38004c204c
33402f0433402f04402040
101c1e06101c1e061e101c
0a1e3a2c0a1e3a2c3a1035
106c925a106c925a92108c
3ab4d26a3ab4d26ad210d0
3593a54d3593a54da510a5
173d431b173d431b431042
0d0b03090d0b03090d300e
10010e1510010e15150015
0e0210140e021014140014
0609141106091411141013
0412180e0412180e181016
0a1718090a171809181018
0d1715050d171505172017
09100f0409100f04102010
0203060502030605061005
1514090815140908153015
2c321e0a2c321e0a322032
2127170721271707272027
0e1310010e131001132013
252e1f04252e1f042e202e
13140b0613140b06142014
0307070303070703071007
0c0d08030c0d08030d200d
0005060500050605061007
141b1201141b12011b201b
101a1600101a16001a201a
19041f2219041f22220022
5f24275c5f24275c5f3062
9c5c107a9c5c107a9c3098
ad841764ad841764ad30a5
a0923444a0923444a030a1
9d9237429d9237429d30a0
95791f5195791f51953091
6e3e0e546e3e0e546e3068
2916474a2916474a4a004d
105b7643105b7643761071
0c526e420c526e426e1069
3a0a2e443a0a2e44440044
7c5a064e7c5a064e7c3077
8357035b8357035b83307d
592223565922235659305c
1d1131351d113135350037
1023200910232009232024
140e0212140e0212143016
01080d0c01080d0c0d100e
10030c1310030c13130013
1b0b2b311b0b2b31310032
1c19423f1c19423f421043
11325d4811325d485d1057
0d4171550d41715571106b
173f775f173f775f771071
1c48866a1c48866a861080
3044948230449482941092
2414061c2414061c243022
302000203020002030302d
3a2c08223a2c08223a3037
3a2f0c1f3a2f0c1f3a3038
30290e1730290e1730302f
25220f0e25220f0e253024
1d1b0b0b1d1b0b0b1d301d
1811020f1811020f183016
12050a1312050a13130013
0d0717170d071717170018
0f0c21200f0c2120211022
1c05242b1c05242b2b002b
2803243328032433330033
2b0425362b042536360036
310a2136310a2136360036
3f1b17393f1b17393f303f
4f2913414f2913414f304c
5d2f174d5d2f174d5d305a
622a245a622a245a623063
6221326362213263630068
611c3766611c3766660069
611b3765611b3765650068
682530656825306568306b
7739236777392367773075
7e4616647e4616647e307a
74470a5574470a5574306e
5a3b023d5a3b023d5a3054
3825002538250025383034
1810001018100010183016
0908030409080304093008
2b2309172b2309172b3029
47390d2747390d27473045
52400c3052400c30523050
3f29032d3f29032d3f303c
13051b1f13051b1f1f001f
162c2c0e162c2c0e2c102e
3143330131433301432043
36442e0636442e06442044
1a271c011a271c01272027
2d19011b2d19011b2d3024
a78f3b49a78f3b49a730a0
ffffa864ffffa864ff2149
fffff551fffff551ff21a4
ffffba2dffffba2dff2134
5759251f5759251f59205e
3a747a2a3a747a2a7a107b
cfffff36cfffff36ff214a
ffffff22ffffff22ff21b9
ffffeb14ffffeb14ff2152
9687304796873047963098
5007446350074463630063
421c6872421c6872720075
4720737c4720737c7c0080
4b1d717f4b1d717f7f0082
4e1160754e116075750076
4a00425e4a00425e5e005e
3d0d213f3d0d213f3f0040
1d060d1c1d060d1c1d301c
191b0b09191b0b091b201c
5e4b10335e4b10335e305a
ad811565ad811565ad30a3
ffb7179bffb7179bff30ef
ffe624c0ffe624c0ff312b
fff43bb2fff43bb2ff312e
d9b0396cd9b0396cd930ce
3524071a3524071a35302c
4e5836144e58361458205a
86a16e1386a16e13a120a2
7db3910d7db3910db320b3
519d9b33519d9b339d20a5
2f8ba14d2f8ba14da1109e
167da25d167da25da2109b
0d639b6f0d639b6f9b1094
2d4893822d489382931094
303f8c81303f8c818c108f
1b3c77621b3c7762771072
082b4c37082b4c374c1045
051121170511211721101c
0901090b0901090b0b000b
0a02080c0a02080c0c000c
0609141106091411141013
0216221802162218221020
031a291e031a291e291027
0914272009142720271025
0c0e201e0c0e201e201021
05101b1605101b161b101b
0e1510030e151003152015
2617061d2617061d263025
3e1228443e122844440046
50044e6a50044e6a6a006a
5d0c718a5d0c718a8a008a
68168aa268168aa2a200a3
76118eaf76118eafaf00af
810179a9810179a9a900a9
7910578c7910578c8c008c
641d3263641d3263643067
5a3c003c5a3c003c5a3054
4c4b221b4c4b221b4c304f
1e2416041e241604242024
0907030509070305093008
1111090511110905112011
161b1203161b12031b201b
2a3626022a362602362036
394b3901394b39014b204b
2f49430b2f49430b492049
0d455f330d455f335f1055
105ea076105ea076a01096
1195f1b11195f1b1f110e7
0da5ffbb0da5ffbbff10f9
2859ac8f2859ac8fac10a8
3a0846523a084652520052
2a091e2d2a091e2d2d002d
1b0119231b011923230023
1b0215201b021520200020
1d0c091a1d0c091a1d301c
1e1402121e1402121e301a
1b15070d1b15070d1b3018
1a15060d1a15060d1a3018
1610020e1610020e163015
0e05060d0e05060d0e300d
0512170c0512170c171015
1d302b0a1d302b0a302031
19251d0319251d03252025
0c110e030c110e03112011
1e2920011e292001292029
10130c0310130c03132013
0102030201020302031002
0707030307070303072007
0000000200000002020002
120c000c120c000c123010
2520091625200916253026
2431200524312005312031
0e09161b0e09161b1b001c
625c262a625c262a623065
909b5029909b50299b20a0
938f3f35938f3f35933098
99781d5499781d54993092
a16d056ba16d056ba13098
84481a6a84481a6a843080
3e084c5c3e084c5c5c005c
0452764c0452764c76106f
095375450953754575106b
3a0a4e583a0a4e58580058
8b3c33808b3c33808b308d
ac4a3c9eac4a3c9eac30ae
9a3c40969a3c40969a30a1
682a2862682a286268306a
2715051b2715051b273022
0808161808081618180019
1d0a11221d0a1122220023
201e0a0e201e0a0e203021
111d1907111d19071d201d
0a2026120a202612261024
1941491f1941491f491048
18566a3618566a366a1065
014c734e014c734e73106c
0653825b0653825b82107b
0a588a620a588a628a1083
201106192011061920301e
2a1c001c2a1c001c2a3027
372a0720372a0720373034
3e330e213e330e213e303c
3a33121b3a33121b3a3039
2d2a11122d2a11122d302d
1f1a090e1f1a090e1f301d
150e010e150e010e153013
0e05060d0e05060d0e300d
020b120d020b120d121011
02161e1202161e121e101c
090f1f1b090f1f1b1f101e
18041e2418041e24240024
20031c2920031c29290029
270a192a270a192a2a002b
3215122d3215122d323031
401e1236401e123640303d
4b1e1f464b1e1f464b304c
561a305a561a305a5a005d
61183d6a61183d6a6a006c
681a4272681a4272720074
6b1d41736b1d4173730076
71243b7271243b72720077
80362e7480362e7480307f
8f4a21768f4a21768f308b
945714719457147194308e
8650106486501064863080
6838165468381654683064
4c201e464c201e464c304c
3008263a3008263a3a003a
13102b2a13102b2a2b102c
0d262b140d262b142b102a
2733230327332303332033
2a2910132a2910132a302d
1308091413080914140015
0f1c1b080f1c1b081c201d
2e341e0a2e341e0a342034
3f38131e3f38131e3f303f
3f240d323f240d323f303d
261148492611484949004a
1c85b4651c85b465b410a7
95ffff7995ffff79ff1153
e5ffff68e5ffff68ff21a8
acfff02dacfff02dff211e
383714193837141938303c
3596ad523596ad52ad10aa
aaffff67aaffff67ff2154
f1ffff3cf1ffff3cff217e
d5ffaf1cd5ffaf1cff2103
8d5f05618d5f05618d3087
58044c7058044c70700070
3914515c3914515c5c005e
22153c3f22153c3f3f0042
100b1e1f100b1e1f1f0020
030d0f07030d0f070f100e
0c2846360c284636461043
2738776a2738776a771077
532d9199532d919999009f
8b0993bf8b0993bfbf00bf
c6238ce1c6238ce1e100e3
ff567effff567effff310f
ff9362ffff9362ffff313e
ffe622ffffe622ffff316b
ffff38eaffff38eaff3181
ffff5e90ffff5e90ff3135
7c6d22377c6d22377c307a
2a49460d2a49460d49204a
7ac0a81c7ac0a81cc020c2
73e3e34b73e3e34be310ef
38c0e87838c0e878e810e2
0899dc8f0899dc8fdc10d1
0c7ec68e0c7ec68ec610bd
1662a47c1662a47ca4109e
1a437a631a437a637a1077
1827524718275247521051
0d18332a0d18332a331030
040c1812040c1812181015
0203080502030805081005
0301050503010505050005
06050e0d06050e0d0e100d
04101c1604101c161c101b
001a261a001a261a261024
011a2518011a2518251023
0210181202101812181018
0204060602040606060007
0904111009041110111010
1c0c30321c0c3032320033
38165a6038165a60600062
5a1f88975a1f889797009a
7c26b4cc7c26b4cccc00cf
9729d3f39729d3f3f300f6
aa23daffaa23daffff0107
b802b2f6b802b2f6f600f6
b5355bb9b5355bb9b900c0
8956035c8956035c89307d
48502e0c48502e0c502050
2c5248162c524816522054
2c554c152c554c15552057
1328250c1328250c282029
0b0903050b0903050b300a
0f140f000f140f00142014
141e1a04141e1a041e201e
2538310825383108382038
3156531431565314562058
286e8038286e803880107b
0b86bd760b86bd76bd10b2
12a3ffb912a3ffb9ff10f6
22b3ffe122b3ffe1ff111f
3a88ffd83a88ffd8ff10ff
691c97aa691c97aaaa00ac
79234b7f79234b7f7f0083
61104d7261104d72720073
5601567556015675750075
5b0e456c5b0e456c6c006c
571e2754571e2754573059
48250e3948250e39483043
331e0524331e052433302e
2516031a2516031a253022
1e1104171e1104171e301c
15060d1615060d16160016
031421180314211821101f
102b3017102b3017301030
09181b0c09181b0c1b101a
1216100012161000162016
1a251e031a251e03252025
0c100c000c100c00102010
0101010101010101010001
0301010303010103030003
0607040306070403072007
0205080702050807081008
221a0414221a0414223020
423e161e423e161e423044
2a170a232a170a232a3029
2b534f1b2b534f1b532057
678a6700678a67008a208a
7076461e7076461e762079
6e632c2d6e632c2d6e306c
7263203572632035723070
6341094763410947633060
3a0546593a054659590059
0e4374570e43745774106d
005b8a57005b8a578a107d
3336837833368378831083
89116da789116da7a700a7
bd3d61c1bd3d61c1c100ca
ca5946b9ca5946b9ca30cd
b86d188db86d188db830b2
7c5a084c7c5a084c7c3075
342c0e16342c0e16343031
080902050809020509200a
27280f1027280f1028202b
28230a1528230a15283028
2b2811122b2811122b302b
41543d0441543d04542054
4674681646746816742076
2565733525657335731072
105a7848105a7848781073
0c5674460c56744674106e
1d1005161d1005161d301b
2419021724190217243021
3126091a3126091a31302e
3b33111d3b33111d3b303a
4039141d4039141d40303f
3730111a3730111a373036
261d0615261d0615263023
1810001018100010183016
0f07050d0f07050d0f300e
000a0e0a000a0e0a0e100e
0c1918070c191807192019
0a1616080a161608161017
020b120d020b120d121011
0d000d120d000d12120012
1709091517090915173016
1e1006181e1006181e301c
26130a1f26130a1f263024
2b0a1b2e2b0a1b2e2e002f
36052e4336052e43430043
470a3956470a3956560056
58123e6458123e64640065
651b3d6d651b3d6d6d0070
6f233b716f233b71710076
7c3232747c3232747c307e
904824789048247890308b
a05b187ba05b187ba03099
9e571e7d9e571e7d9e3098
8d3b39838d3b39838d308f
801d5a91801d5a91910093
7b0677a27b0677a2a200a2
770685aa770685aaaa00aa
6a1084a06a1084a0a000a0
5218768652187686860088
3f155d673f155d67670069
3c0642523c064252520052
4a0e34524a0e3452520053
621b3a67621b3a6767006a
7a1b54897a1b548989008b
880288b4880288b4b400b4
833cddea833cddeaea00f1
57a7ffff57a7ffffff1148
10ffffff10ffffffff1197
64ffffb764ffffb7ff116f
5ea896225ea89622a820ab
2c1e5c602c1e5c60600064
16c2ffa816c2ffa8ff1100
68ffffaa68ffffaaff115c
8dffff6c8dffff6cff1139
6db1a31f6db1a31fb120b3
3846360638463606462046
0d1815040d181504182018
140b2023140b2023230024
2e0936432e093643430043
3b114f5d3b114f5d5d005e
372b7371372b7371731078
2d4d9b852d4d9b859b1099
3059b0973059b097b010af
4743a79f4743a79fa710ac
661a8aa0661a8aa0a000a2
871269a0871269a0a000a1
ae4a3a9cae4a3a9cae30ac
db9a1388db9a1388db30cd
ffff825fffff825fff3119
ffffe732ffffe732ff216f
ffffe315ffffe315ff214f
7194610a7194610a942094
2d4a450e2d4a450e4a204b
8de7cb278de7cb27e720ea
92ffff5492ffff54ff2124
4de5ff814de5ff81ff1106
0a9ee2940a9ee294e210d8
1568af841568af84af10a8
1640765e1640765e761071
0e2242340e22423442103e
060c1a14060c1a141a1017
0204060202040602061004
0500030605000306060006
0602020606020206060006
0609080106090801092009
030f130b030f130b131012
03151b1103151b111b101b
0615180d0615180d181018
0b0f09010b0f09010f200f
1000121610001216160016
1614363216143632361035
24255c5524255c555c105c
3734837c3734837c831086
4a42a8a24a42a8a2a810ae
5d49c3c15d49c3c1c310ce
6f46d1d66f46d1d6d600e1
7e38ccde7e38ccdede00e4
8a129eca8a129ecaca00ca
94402e8694402e86943094
889b5e1b889b5e1b9b209d
4daead464daead46ae20bb
0074a4720074a472a410a2
19457d6719457d677d107b
06395a3f06395a3f5a1054
0516251a0516251a251022
1312090613120906133012
111b1905111b19051b201b
1126291011262910291029
1b454f211b454f214f104c
27778f4327778f438f1088
22a6d67822a6d678d610cc
0ebbffa70ebbffa7ff10fa
04b8ffae04b8ffaeff10fd
0da1d9890da1d989d910d3
045c8454045c845484107c
2c0a22302c0a2230300031
41280b3041280b3041303e
34023a4a34023a4a4a004a
4109516341095163630063
5f1a3d6a5f1a3d6a6a006d
6c371e5d6c371e5d6c306c
623f0645623f064562305d
472f012f472f012f473042
2f1c05222f1c05222f302c
2413081d2413081d243022
1a04141e1a04141e1e001e
0717292107172921291028
05232f1d05232f1d2f102d
0607100f0607100f101010
191f1501191f15011f201f
18231c0318231c03232023
090e0d02090e0d020e200e
0003040300030403041004
0203060502030605061005
0b0801080b0801080b300b
0f0c010a0f0c010a0f300f
090e0d04090e0d040e200e
2e2c14102e2c14102e302e
240e1026240e1026260028
18404a2418404a244a1049
476e6310476e63106e206f
4b70610c4b70610c702070
3c6458163c645816642066
3449340534493405492049
3113173131131731310034
3217545f3217545f5f0061
2438786824387868781076
05689f6a05689f6a9f1094
1a5ea27e1a5ea27ea2109d
670d7795670d7795950095
a03550a1a03550a1a100a9
c5692ba1c5692ba1c530c0
db980392db980392db30d2
bf8e1174bf8e1174bf30b7
7950035279500352793072
3010163030101630300032
030f1109030f1109111011
1f1701171f1701171f3020
392e0b20392e0b20393038
5c663c165c663c16662068
6c916c016c916c01912091
4e83761b4e83761b832085
29646d3029646d306d106e
154a5b30154a5b305b1058
1e1104171e1104171e301c
2319031523190315233020
2a240c142a240c142a3029
352f1117352f1117353034
3e37141d3e37141d3e303e
3d34111e3d34111e3d303c
2d2409182d2409182d302b
1d1401121d1401121d301a
1209040f1209040f123011
04050c0b04050c0b0c100c
0c1412040c141204142014
11160f0211160f02162016
0d0e07040d0e07040e200e
0402020404020204040004
0308090403080904091008
080c0a02080c0a020c200c
0b0801060b0801060b300a
0907131309071313130014
100f2623100f2623261026
2209303722093037370037
3a03364b3a03364b4b004b
501334595013345959005b
60232a5d60232a5d603063
6b3517576b3517576b3065
74500a4874500a4874306b
7665283376652833763071
625826266258262662305f
46260e3446260e34463040
400e5c66400e5c66660066
5f2cadb25f2cadb2b200b7
982be6ff982be6ffff0104
cf16fbffcf16fbffff0136
ea03f4ffea03f4ffff0141
e708ddffe708ddffff012e
d90bc9ffd90bc9ffff0115
d006c6ffd006c6ffff010c
d501d5ffd501d5ffff011b
e60cf6ffe60cf6ffff013c
ed2bffffed2bffffff0167
db64ffffdb64ffffff0190
a0a6ffffa0a6ffffff119c
3dccffff3dccffffff1160
1692c2741692c274c210ba
3602304a3602304a4a004a
3986ffd63986ffd6ff10fc
22e2ffff22e2ffffff1166
01ffffff01ffffffff1171
0ad3ffc50ad3ffc5ff1120
0e7bc6890e7bc689c610b8
293e8170293e8170811080
3725696b3725696b6b0071
3d1b61693d1b616969006c
3d165b663d165b66660068
3718596037185960600062
1f3167591f316759671065
01557d5301557d537d1076
0c5b7c4b0c5b7c4b7c1075
013e5f40013e5f405f1059
1812323218123232320035
2e20061c2e20061c2e302a
46695e0d46695e0d692069
63d4e15263d4e152e110e3
80ffff9c80ffff9cff1165
95ffffb395ffffb3ff119f
7fffff7f7fffff7fff1146
2a71782f2a71782f78107a
46573a0346573a03572057
b3f4b102b3f4b102f420f4
e5ffef02e5ffef02ff213c
b2ffe623b2ffe623ff2111
51a5ab4151a5ab41ab10b1
0f4c673c0f4c673c671060
031b2f21031b2f212f102a
02030a0702030a070a1007
0304070803040708080008
0801080b0801080b0b000b
0602020606020206060006
0509090305090903091009
0411140b0411140b141014
0413160d0413160d161017
07100f0607100f06102011
0c04080c0c04080c0c000c
160c2a2a160c2a2a2a002b
2321575123215751571057
3138857a3138857a851086
4144a39a4144a39aa310a8
494ab1a8494ab1a8b110b7
434eb1a4434eb1a4b110b5
384ca694384ca694a610a6
2e43907f2e43907f90108f
2d245f602d245f60600066
392f131f392f131f393038
4aaab4484aaab448b410b8
3ff5ffa13ff5ffa1ff1125
0dccffb80dccffb8ff1112
2b62b9982b62b998b910b4
391c6368391c636868006b
220b3439220b343939003a
1508091215080912153013
1422200814222008222022
0b2c391e0b2c391e391035
033751350337513551104c
0a5d804d0a5d804d801078
24a3cc6f24a3cc6fcc10c5
2fd6ff962fd6ff96ff1105
1ec5ffa11ec5ffa1ff10fe
1286b6721286b672b610af
2c5350172c535017532056
4221123d4221123d423045
33195b6333195b63630066
3412545c3412545c5c005d
48201c4248201c42483049
3422002434220024343031
0308030003080300082008
3b340b223b340b223b303e
594b1331594b1331593059
4f3e0d2c4f3e0d2c4f304c
3524012235240122353031
2614081e2614081e263024
1801161f1801161f1f001f
0617281f0617281f281026
0118231801182318231021
0f0b01090f0b01090f300e
1c271e031c271e03272027
15201b0415201b04202020
080e0c02080e0c020e200e
0205060302050603061005
0005080500050805081007
0a01080b0a01080b0b000b
14070a1514070a15150016
0c0616180c061618180018
0814180c0814180c181017
0202040602020406060006
2036340e2036340e362037
40675c1140675c11672068
487b6c19487b6c197b207d
385c4c12385c4c125c205d
2414061a2414061a243020
212959552129595559105e
38276e7338276e73730079
332c736e332c736e731076
046a9862046a9862981090
0969915b0969915b91108a
3315515733155157570059
662e225a662e225a663065
976305679763056797308e
cc9e1e76cc9e1e76cc30c5
d3a42178d3a42178d330cb
9e6a006a9e6a006a9e3095
5f3217505f3217505f305e
3319112d3319112d333033
0b02090c0b02090c0c000c
232c1d06232c1d062c202c
59704d0859704d08702070
79a1750379a17503a120a1
6b9977076b997707992099
4670621446706214702071
2143451921434519451047
1f1401161f1401161f301d
231c0712231c0712233021
27230d1127230d11273026
2f290f152f290f152f302e
3932131a3932131a393038
3d36131c3d36131c3d303c
322a0c1a322a0c1a323031
2319031523190315233020
150c0310150c0310153014
0901070b0901070b0b000b
060a0802060a08020a200a
110e030a110e030a113011
160b0613160b0613163015
1201101712011017170017
0c091a190c091a191a101a
0b0919190b09191919001a
10040a1210040a12120012
14160e0414160e04162016
0f21230d0f21230d231023
021f3021021f302130102d
1c0e30341c0e3034340035
380e203c380e203c3c003d
4836102a4836102a483044
42605a0e42605a0e602061
2285b05f2285b05fb010a3
0f90ebaa0f90ebaaeb10de
5166ebd65166ebd6eb10ed
9407a0d39407a0d3d300d3
b3612193b3612193b330b0
8aa472148aa47214a420a5
17a3e78d17a3e78de710d7
825dffff825dffffff0126
f512fffff512ffffff0162
ff13ffffff13ffffff0179
ff17ffffff17ffffff017b
ff03ffffff03ffffff017b
ff12ffffff12ffffff0180
ff24ffffff24ffffff0189
fb3efffffb3effffff018e
d35affffd35affffff017e
9763ffff9763ffffff0140
563dbab9563dbab9ba10c2
2d1f0f252d1f0f252d3030
208ba25b208ba25ba210a6
1ed9ffaf1ed9ffafff1116
1bf8ffd81bf8ffd8ff1148
0bdcffd60bdcffd6ff1132
1396fbb41396fbb4fb10ea
2a54aa8c2a54aa8caa10a3
302e766e302e766e761077
2e1a56582e1a565858005b
2711414527114145450047
1e0d32351e0d3235350036
130f2b29130f2b292b102b
0827321d0827321d321030
2c483e0c2c483e0c482048
3e4e36063e4e36064e204e
3430121634301216343034
1e072c2f1e072c2f2f002f
0d508b620d508b628b107e
01b4ffb401b4ffb4ff10fe
13ffffff13ffffffff1192
1fffffff1fffffffff11e4
1dffffff1dffffffff11ae
0bbaffaa0bbaffaaff10fb
16183a2e16183a2e3a1033
495d4105495d41055d205d
aeca7c20aeca7c20ca20cc
ffffb052ffffb052ff2142
ffffb14dffffb14dff2142
afbe6f28afbe6f28be20c2
4443241344432413443045
160b0211160b0211163014
09050d0f09050d0f0f000f
0403060704030607070007
0206080402060804081007
030b130f030b130f131012
05101b1605101b161b101b
03111b1503111b151b101b
00080a0800080a080a100b
0808181408081814181015
151f473d151f473d471044
2835786b2835786b781077
3a47a0933a47a093a010a3
444fb2a7444fb2a7b210b8
4646a8a04646a8a0a810ae
383a8c84383a8c848c1090
203672602036726072106e
08365c4208365c425c1055
03293b2703293b273b1038
0415200d0415200d201018
1f96c36c1f96c36cc310b8
30ffffcb30ffffcbff114d
1cffffe31cffffe3ff115b
0f9df7af0f9df7aff710eb
302b7269302b7269721071
340f2037340f2037370039
231d0713231d0713233022
14292a0f14292a0f2a102b
0a3e56320a3e563256104f
084c7c58084c7c587c1074
1e50967a1e50967a961091
176eb98c176eb98cb910b2
1bb5ed8d1bb5ed8ded10e5
43e1ff8343e1ff83ff1104
33b0d56e33b0d56ed510cf
04466e4804466e486e1064
0603161306031613161013
0918272209182722271029
132b5547132b5547551053
3811585f3811585f5f0060
6d253d736d253d73730078
7d392d757d392d757d3082
582426565824265658305d
12081e2012081e20200020
31381f1031381f1038203a
4a441a224a441a224a304c
382d0c1d382d0c1d383035
221600162216001622301f
0f0111150f011115150015
01151f1501151f151f101d
010b110d010b110d111011
141b1401141b14011b201b
1a2b26091a2b26092b202b
0f1b19070f1b19071b201b
070c0b02070c0b020c200c
0408080204080802081008
02080a0602080a060a100a
04060c0a04060c0a0c100b
0b030f110b030f11110011
0c0616180c061618180018
0b0615160b061516160016
150d030f150d030f153013
3037200b3037200b372038
5669440b5669440b692069
6975431769754317752077
5739013957390139573050
342160653421606565006a
29478d7d29478d7d8d108f
41206f7641206f7676007a
36185a6036185a60600062
0d5977470d597747771071
205b682f205b682f681066
0d1229220d122922291026
3822062838220628383034
684d0c3d684d0c3d683062
a98c2956a98c2956a930a4
c5a53165c5a53165c530c1
a47b1461a47b1461a4309c
754909537549095375306e
5830144858301448583056
3d15213f3d15213f3f0042
0d213f330d213f333f103c
336967233369672369206e
669a7e10669a7e109a209a
719c7702719c77029c209c
5978590059785900782078
3044360430443604442044
2417021924170219243021
281e0418281e0418283026
2c2208182c2208182c3029
2f260b182f260b182f302c
362f1019362f1019363035
3c34121c3c34121c3c303b
372d0d1d372d0d1d373035
2a1f04192a1f04192a3027
1b1101131b1101131b3019
0f08030c0f08030c0f300e
0202000202020002020002
0900090c0900090c0c000c
1401141b1401141b1b001b
1804202618042026260026
180b282b180b282b2b002c
1b06232a1b06232a2a002a
250f0f23250f0f23253026
2c260c162c260c162c302b
2a3424042a342404342034
1b33310f1b33310f332035
011b291d011b291d291027
221c0c14221c0c14223022
3a7b882d3a7b882d881082
1fd1ffab1fd1ffabff110e
31e9ffff31e9ffffff117e
8bc3ffff8bc3ffffff11aa
d86bffffd86bffffff0195
ff1ff3ffff1ff3ffff016a
ffc146ffffc146ffff315d
ffff6caaffff6caaff3166
fcffde12fcffde12ff2144
42cae47242cae472e410e7
6140bdc26140bdc2c200cc
b103abe9b103abe9e900e9
ca0fb4ffca0fb4ffff00ff
c603ccffc603ccffff010d
bc16deffbc16deffff0112
ae21e0ffae21e0ffff010d
952dd9f5952dd9f5f500f9
7530c1d07530c1d0d000d5
5f188d9e5f188d9e9e009f
64253c6964253c6969006f
8672144886721448863086
b9bb5145b9bb5145bb20c7
ecf77e4becf77e4bf72102
f9ff9f3ff9ff9f3fff2116
c6e9a219c6e9a219e920ea
6993811369938113932094
1b47592b1b47592b591053
081f3a2d081f3a2d3a1036
130c2726130c2726271027
12041a1e12041a1e1e001e
0f0213160f021316160016
0607100f0607100f101010
1016100210161002162016
342b0a1b342b0a1b343032
5430124454301244543053
5f104d725f104d72720073
5537aba95537aba9ab10b1
4399ffef4399ffefff111b
29ffffff29ffffffff1194
04ffffff04ffffffff11e5
11ffffff11ffffffff11cb
02e1ffe302e1ffe3ff113f
283d9079283d9079901087
4742151e4742151e473048
47604d0c47604d0c602060
77885d0e77885d0e882088
fdff9f44fdff9f44ff211a
ffffb75affffb75aff2159
dcdc6a4cdcdc6a4cdc20e8
6552173465521734653061
2716031c2716031c273023
0b0a05040b0a05040b300a
040c1612040c1612161015
0c1124210c112421241025
110f2525110f2525250027
0e0a1a1c0e0a1a1c1c001d
0601000506010005063005
05182d2005182d202d1028
1536675215366752671062
2a4f9e872a4f9e879e109c
4057bcab4057bcabbc10bf
484eb4ac484eb4acb410bc
3e3a908a3e3a908a901095
29245f5a29245f5a5f1060
1317393113173931391036
041c2a18041c2a182a1024
1426260c1426260c261027
10060a0c10060a0c10300d
116c9352116c9352931087
3affffb33affffb3ff1137
3cffffe13cffffe1ff1177
14d1ffb714d1ffb7ff1115
134e8b66134e8b668b1080
26091c2926091c29290029
282e1c08282e1c082e202e
1f3d3d131f3d3d133d103f
124d6235124d623562105d
0567955f0567955f95108c
1077c28d1077c28dc210b8
336cd5b2336cd5b2d510d0
386edcbc386edcbcdc10d9
0498e49e0498e49ee410db
3db5cb5f3db5cb5fcb10cc
488980214889802189208c
1b2d2b071b2d2b072d202d
1410041014100410143016
322a0420322a0420323034
423c1222423c1222423044
28301e0a28301e0a302031
1b0219241b021924240024
5a34104a5a34104a5a305a
69410d5169410d51693067
45290d3945290d39453046
000e160e000e160e161013
363a1e14363a1e143a203d
3b36151a3b36151a3b303b
231c0712231c0712233021
0a020c0e0a020c0e0e000e
0513170d0513170d171017
0503010505030105050005
1927210719272107272027
182b280b182b280b2b202c
0b1617080b161708171017
03090b0503090b050b100a
040b0c05040b0c050c100c
030b0d07030b0d070d100d
00090e0900090e090e100c
020a100c020a100c10100f
0509110f0509110f111011
0a020e100a020e10100010
180e0412180e0412183016
3932111a3932111a393038
665b202d665b202d663065
7b56054e7b56054e7b3074
6312457263124572720073
393787833937878387108e
2b3e87782b3e8778871087
410c5562410c5562620062
37033d4f37033d4f4f004f
053c5536053c5536551050
1e4346191e434619461047
010f150b010f150b151012
1c1200121c1200121c3019
44340a2644340a26443040
8572254085722540853082
b29c3854b29c3854b230b1
a4892a53a4892a53a430a0
77560b4677560b4677306e
582f1245582f1245583053
49132f5149132f51510053
2c1852562c185256560059
0b5271460b52714671106b
417e7b26417e7b267e2083
618c6f08618c6f088c208c
5d7755075d775507772077
3c4830083c483008482048
2718031c2718031c273024
2c1e021c2c1e021c2c3029
2e23061b2e23061b2e302c
30270a1930270a1930302e
352d0f19352d0f19353033
3931111b3931111b393037
372e0d1c372e0d1c373035
2e24081a2e24081a2e302c
211803142118031421301f
1511050b1511050b153014
0b0e0b000b0e0b000e200e
010f150d010f150d151013
0b0e1f1c0b0e1f1c1f101f
150f2b2b150f2b2b2b002d
1b0e31341b0e3134340035
2500253225002532320032
321a0a28321a0a2832302f
3c35141b3c35141b3c303b
3d45290d3d45290d452046
3142310031423100422042
1424220a1424220a242025
243f3a07243f3a073f203f
67eefb5c67eefb5cfb10ff
5fffffe35fffffe3ff11a5
04ffffff04ffffffff11c5
68c0ffff68c0ffffff117d
9f39edff9f39edffff010f
d26338b1d26338b1d230ca
ffff9358ffff9358ff2129
ffffff0affffff0aff21a8
ffffff23ffffff23ff219e
94fbd02994fbd029fb20fe
2255521f2255521f55205a
0f0b1b1b0f0b1b1b1b001d
1b0019221b001922220022
1810303018103030300032
181c443e181c443e441044
1d1b49451d1b494549104a
1b1b49431b1b4943491048
1a17423d1a17423d421041
2d032d3b2d032d3b3b003b
5c30184a5c30184a5c3058
9e5c16769e5c16769e3095
f79021baf79021baf730eb
ffd81dfeffd81dfeff314d
ffff05ffffff05ffff3191
ffff34edffff34edff317f
ffe04488ffe04488ff3106
7b70332a7b70332a7b3077
1d261f041d261f04262026
0409120f0409120f121011
0c010a0f0c010a0f0f000f
0c05040b0c05040b0c300c
0304050003040500051004
0f0519190f051919190019
3203384532033845450045
5c096a835c096a83830083
7628b0c67628b0c6c600ca
6f67fff76f67fff7ff110b
3cbcffff3cbcffffff1140
15ffffe415ffffe4ff115c
69ffff9d69ffff9dff1153
90ffff5290ffff52ff111c
62a6aa2c62a6aa2caa10ab
0e0a2c280e0a2c282c1029
686e3424686e34246e2073
616f4513616f45136f2070
5c6d50055c6d50056d206d
c1f0ad0cc1f0ad0cf020f0
ffffdf1fffffdf1fff2148
caeb9625caeb9625eb20ed
5f6c43145f6c43146c206d
1e322c0a1e322c0a322032
0321332503213325331031
1419363314193633361038
190e292e190e292e2e0030
14020c1614020c16160016
04131c0f04131c0f1c1018
0f2b513f0f2b513f51104c
21488b7421488b748b1088
2f62bb9e2f62bb9ebb10b9
3769cbaf3769cbafcb10cc
3c52b0a03c52b0a0b010b3
382874743828747474007a
2808383e2808383e3e003e
1102131611021316160016
0102070401020704071004
0f130d010f130d01132013
1b19070b1b19070b1b301b
0730533607305336531048
34cefe8834cefe88fe10f6
5bffffc65bffffc6ff1174
43ffffb443ffffb4ff1142
0f7eb16a0f7eb16ab110a4
140d2c27140d2c272c1029
21291b0321291b03292029
25433f1125433f11432045
2459602724596027601061
20728a4620728a468a1085
1c92be6c1c92be6cbe10b5
0aa0e4920aa0e492e410d8
1f85e5af1f85e5afe510db
3962cbb23962cbb2cb10cb
1e5daa891e5daa89aa10a5
2061743920617439741070
494d2b19494d2b194d2050
482614424826144248304c
2d08273a2d08273a3a003a
050f1d17050f1d171d101b
2b30190e2b30190e302032
4343191f4343191f432049
25260d1225260d1226202a
1b17090d1b17090d1b301a
493c0f28493c0f28493048
4f3e0b304f3e0b304f304e
271c011c271c011c273027
1a1e12081a1e12081e201f
3c39181b3c39181b3c303f
2e260c162e260c162e302b
0b01090d0b01090d0d000d
060f1007060f1007101010
0a0f0c010a0f0c010f200f
1d2e27081d2e27082e202e
1828240818282408282028
0a1414060a141406141014
020a0e08020a0e080e100c
020c100a020c100a10100f
010c110a010c110a11100f
000b100b000b100b10100f
000b100b000b100b10100f
00090e0900090e090e100c
05040b0a05040b0a0b100a
1209040f1209040f123011
302508193025081930302c
543e0a30543e0a3054304e
623116516231165162305e
4a044e684a044e68680068
2731716727317167711072
22275e5522275e555e105d
3702354637023546460046
34082a4034082a40400040
0b1f3b310b1f3b313b1039
0c2932170c29321732102f
020d1209020d120912100f
0e06040c0e06040c0e300d
2c1e021a2c1e021a2c3027
6654183466541834663062
a18f354ba18f354ba130a1
a8973a4ba8973a4ba830a8
7966213a7966213a793075
472a0530472a053047303f
2e0328392e032839390039
1f1a47461f1a474647104a
023d6043023d604360105a
265d682d265d682d681067
4971610f4971610f712071
556e4f06556e4f066e206e
404c320a404c320a4c204c
2818041e2818041e283026
2d1f011d2d1f011d2d302a
3024061c3024061c30302d
3328091c3328091c333030
362c0c1c362c0c1c363034
39300f1c39300f1c393037
382d0c1d382d0c1d383035
32280a1c32280a1c323030
2921091529210915293027
1c1c0e0a1c1c0e0a1c201d
121b1603121b16031b201b
091c2110091c2110211020
001b281b001b281b281026
081a2e24081a2e242e102c
12132e2b12132e2b2e102f
24061c2c24061c2c2c002c
3726012437260124373034
43421f1843421f18433046
4751330d4751330d512052
3c4d38033c4d38034d204d
1d2c25061d2c25062c202c
415b4103415b41035b205b
d5ffff1ed5ffff1eff2149
ffffff4fffffff4fff21c7
b7ffff5cb7ffff5cff215a
45807b2845807b28802086
0d2949390d294939491046
18c3ffa318c3ffa3ff10fe
56ffffef56ffffefff11aa
90fffff390fffff3ff11f4
94ffffa594ffffa5ff1192
62bcb23262bcb232bc20c2
3d2b012d3d2b012d3d303e
4206506442065064640064
5a015c7b5a015c7b7b007b
701c487c701c487c7c007f
7329377173293771733078
64242e6264242e62643068
56261a4c56261a4c563054
4027002b4027002b40303a
13110b0513110b05133011
250e0f22250e0f22253024
5a261c4e5a261c4e5a3056
a04a2c86a04a2c86a03099
ff9429ccff9429ccff30fc
ffff01ffffff01ffff3176
ffff4affffff4affff31c4
ffff6ebfffff6ebfff3185
d8c55055d8c55055d830d6
4343231143432311432045
070a0702070a07020a200a
04090c0504090c050c100a
021322170213221722101d
101b3a31101b3a313a1037
2127595121275951591059
362e7472362e747274107a
46368a8c46368a8c8c0096
404394914043949194109f
1258886c1258886c88108b
4f7e65124f7e65127e207f
cead3667cead3667ce30c9
ffe01ec8ffe01ec8ff312c
ffff30d7ffff30d7ff3150
ffd63d8effd63d8eff3100
523c1028523c1028523048
575c2d20575c2d205c2061
807e3a34807e3a34803088
7886521a7886521a862088
b5f3bd09b5f3bd09f320f3
e1ffff16e1ffff16ff213e
a1f2cb1aa1f2cb1af220f3
4484802844848028842089
0b485d380b485d385d105b
0f28453a0f28453a451046
150c2126150c2126260027
0d1415040d141504151014
082f503b082f503b50104b
2442867224428672861083
3658b49e3658b49eb410b4
3d64c9b23d64c9b2c910cc
3463c0a53463c0a5c010c0
22529a7e22529a7e9a1096
1a2a5c4e1a2a5c4e5c1058
1e041e261e041e26260026
1c1a060e1c1a060e1c301d
11130b0311130b03132013
0201000102010001023001
0d0e07020d0e07020e200e
1208221e1208221e22101f
147fac63147fac63ac10a1
55ffffad55ffffadff114b
63ffffb663ffffb6ff1167
37bfe77537bfe775e710df
07364d2a07364d2a4d1044
1218100012181000182018
1e3b3a131e3b3a133b203d
2552552025525520551058
2f6c712c2f6c712c711074
3b8e973c3b8e973c97109a
47b3c35347b3c353c310c5
3dbcdb6a3dbcdb6adb10d7
1594c7781594c778c710be
17508f7217508f728f108b
1e23564f1e23564f561056
0015261900152619261020
2411061d2411061d243021
3f1027463f102746460047
4e103a5c4e103a5c5c005d
490c3d5c490c3d5c5c005c
260c3a42260c3a42420043
0d2c33180d2c3318331032
212d1f05212d1f052d202d
0203000302030003030004
2a2610122a2610122a302a
453c1522453c1522453044
3c38161c3c38161c3c303e
0407060104070601072007
352f0f1d352f0f1d353037
3c310c213c310c213c303b
190b0715190b0715193017
0205080702050807081008
1018140410181404182018
1e2f28071e2f28072f202f
18231c0318231c03232023
0e130e010e130e01132013
0a0e0a000a0e0a000e200e
080c0a02080c0a020c200c
070c0b02070c0b020c200c
080d0c03080d0c030d200d
050a0b04050a0b040b100a
03090b0503090b050b100a
00070a0700070a070a1009
0b04050a0b04050a0b300a
201804122018041220301e
3624022236240222363031
3917153539171535393039
260b363f260b363f3f003f
1023443910234439441042
1116332c1116332c331031
21041d2821041d28280028
26081a2c26081a2c2c002c
130b2527130b2527270028
031423180314231823101f
040a120e040a120e121011
0b01090d0b01090d0d000d
1b0e05141b0e05141b3018
48380e2648380e26483043
8a7e323c8a7e323c8a308b
a8a04644a8a04644a830ad
857c3536857c3536853087
41330d2141330d2141303c
1007181910071819190019
0323311f0323311f31102e
0f3745250f374525451042
2049502120495021501050
36574e1136574e11572058
485f4603485f46035f205f
4250360a4250360a502050
2717051d2717051d273025
2e1f001f2e1f001f2e302b
3324032033240320333030
3628062036280620363033
392c0920392c0920393036
3c300c203c300c203c3039
392c0920392c0920393036
372b091f372b091f373035
322a0c1a322a0c1a323031
2a2812102a2812102a302b
21281b0421281b04282028
1827220718272207272027
0f2529110f252911291028
07222d1a07222d1a2d102a
0616261e0616261e261025
1d0a0d1c1d0a0d1c1d301d
342e1018342e1018343033
464b2a13464b2a134b204d
4c5b3c0b4c5b3c0b5b205b
42563e0242563e02562056
22342c0622342c06342034
5151231b5151231b512055
ffffa751ffffa751ff2147
ffffc3a0ffffc3a0ff31ca
ffff21efffff21efff3175
ff34bfffff34bfffff013a
bf7effffbf7effffff018a
7bffffff7bffffffff11ea
29ffffff29ffffffff1217
1dffffff1dffffffff11d6
2fedffaf2fedffafff1126
164f6a33164f6a336a105e
07161f1c07161f1c1f1023
1a2a544a1a2a544a541055
41115b6941115b6969006a
6e1652806e165280800081
8825589588255895950099
94216cab94216cabab00ae
a8395ab1a8395ab1b100b9
aa58268eaa58268eaa30a7
7248024c7248024c723068
261d0811261d0811263021
0f020b120f020b12120012
391c0b2c391c0b2c393034
8256045282560452823076
ffd74085ffd74085ff30fc
ffffa2a6ffffa2a6ff319c
ffffd091ffffd091ff21bf
ffff8b55ffff8b55ff2123
6861242968612429683069
1e031c251e031c25250025
151d4139151d413941103f
1f2c5f541f2c5f545f105e
2b32716a2b32716a711075
2e306c6a2e306c6a6c1074
2024484820244848480050
09180f0609180f06182018
4610325046103250500051
8c0978ad8c0978adad00ad
df15b1ffdf15b1ffff010b
ff4fbcffff4fbcffff0161
ffc773ffffc773ffff31a1
ffff19ffffff19ffff31c2
ffff6db9ffff6db9ff317e
a9a04142a9a04142a930ad
2724111227241112273028
827a323a827a323a823087
a2ab5a33a2ab5a33ab20b2
dbffbd12dbffbd12ff2112
efffff0cefffff0cff214a
a8ffde24a8ffde24ff2104
489496364894963696109d
0e4454320e445432541054
04090c0d04090c0d0d000f
062744310627443144103e
1c4d8e731c4d8e738e108a
365ebca4365ebca4bc10bd
475ec9b8475ec9b8c910ce
3f5abbaa3f5abbaabb10c0
294b957f294b957f951093
0b3a654a0b3a654a65105e
09293b1f09293b1f3b1033
050c1308050c130813100e
10140c0210140c02142014
1b2117031b211703212021
13170f0313170f03172017
0201000102010001023001
0903050709030507093007
093f552d093f552d55104d
48d6f67648d6f676f610f4
77ffffa777ffffa7ff1168
5afeff8a5afeff8aff1121
206b843f206b843f84107c
01050b0501050b050b1007
112c3116112c3116311031
1b464d221b464d224d104d
255a6128255a6128611062
3674782c3674782c78107c
4f9b99314f9b99319b20a2
68c3ba3768c3ba37c320ca
68c6be3a68c6be3ac620ce
469496364694963696109d
103e4e2a103e4e2a4e104a
1001121710011217170017
0e1108030e110803112011
0110150e0110150e151015
120a1e20120a1e20200021
28022a3628022a36360036
3d0c2b483d0c2b48480048
3d1421423d142142420044
1701171f1701171f1f001f
141a1404141a14041a201a
1412080a1412080a143014
1010080610100806102011
3531131735311317353036
45441f1c45441f1c453049
252a190a252a190a2a202b
1f1601161f1601161f301f
4233082942330829423041
2d1909252d1909252d302c
180a0a16180a0a16183018
201e0c0c201e0c0c203020
2a2a140e2a2a140e2a202c
251c0516251c0516253023
2110091c2110091c213020
220e0e20220e0e20223022
220c1022220c1022220024
230e0d20230e0d20233022
2111071b2111071b21301f
1a0d06151a0d06151a3018
150c0310150c0310153014
110b010b110b010b11300f
0502010405020104053004
0e0d06050e0d06050e300d
1b15050f1b15050f1b3019
1a0b08171a0b08171a3019
0a0b1a190a0b1a191a101b
041720130417201320101d
010f170d010f170d171013
0b020d100b020d10100010
13040d1613040d16160016
0e0314170e031417170017
0709151307091513151015
06050e0d06050e0d0e100d
08010a0b08010a0b0b000b
0f06050e0f06050e0f300f
2f260b162f260b162f302b
6c6830286c6830286c306f
9e9e4e389e9e4e389e20a7
9190453491904534913099
4e481e204e481e204e304e
0b00090c0b00090c0c000c
1929230519292305292029
263c340a263c340a3c203c
29433b0d29433b0d432044
3145370531453705452045
4250380842503808502050
4754370c4754370c542054
2315031923150319233020
2a1d021b2a1d021b2a3027
3023041d3023041d30302d
3428081e3428081e343032
382c0a1e382c0a1e383035
3a2f0c1f3a2f0c1f3a3038
392c0920392c0920393036
392c0920392c0920393036
3a2f0c1f3a2f0c1f3a3038
3832121a3832121a383038
33341b1033341b10342036
2931210529312105312031
1f2f27051f2f27052f202f
152a290e152a290e2a202c
04161e1204161e121e101c
160d0411160d0411163015
30311a0f30311a0f312033
4551350b4551350b512051
4e6244064e624406622062
465a4004465a40045a205a
2c3b2c012c3b2c013b203b
3726031c3726031c37302f
ffd0367effd0367eff30f3
ffff04ffffff04ffff319e
ffbfb6ffffbfb6ffff31de
ff09ffffff09ffffff01fb
ff7dffffff7dffffff01f4
8fd8ffff8fd8ffffff11c4
0effffff0effffffff1176
3fdfff8d3fdfff8dff1107
43818d2b43818d2b8d1087
131e2b0a131e2b0a2b101f
271e0920271e092027302b
4d300f404d300f404d3050
4b20214a4b20214a4b3050
2a0328392a032839390039
0b03050d0b03050d0d000d
1b15413b1b15413b41103e
711b5589711b558989008b
cd7b21a7cd7b21a7cd30cf
c7900d7ec7900d7ec730bf
6e53103b6e53103b6e3065
1f1603101f1603101f301b
080b0a01080b0a010b200b
333c2d04333c2d043c203c
96ba8a0896ba8a08ba20ba
ffffff10ffffff10ff216e
ffffff20ffffff20ff21b9
ffffb335ffffb335ff2131
7e600c4c7e600c4c7e307a
3f0d51613f0d5161610061
322d706d322d706d701075
2b35736b2b35736b731077
232755532327555355105b
12010e1912010e19190019
13294f4113294f414f104c
4e3ea2a24e3ea2a2a200ad
893bd5ed893bd5eded00f4
af30ebffaf30ebffff0118
c717dfffc717dfffff011b
f83d96fff83d96ffff0111
ffed0ce1ffed0ce1ff3146
ffffc99affffc99aff31c4
ffffff4dffffff4dff21bb
bbea9b14bbea9b14ea20ea
070d1513070d1513151017
70672c2f70672c2f703071
b4b75a3db4b75a3db720c0
ffffa044ffffa044ff2127
ffffcd46ffffcd46ff215f
fcffb432fcffb432ff2124
90a3661790a36617a320a4
3924052439240524393032
1e3872601e38726072106f
2e67c2a32e67c2a3c210c0
4170ddc44170ddc4dd10e1
465cc4b4465cc4b4c410ca
323e887e323e887e88108c
0e274a390e274a394a1045
151b1b01151b1b011b101b
291b0719291b0719293024
2a1c041a2a1c041a2a3026
150d010f150d010f153013
080e0c02080e0c020e200e
1a1f14051a1f14051f201f
17190f0517190f05192019
0404020204040202042004
020f160b020f160b161012
337c8734337c8734871086
84ffff6d84ffff6dff112f
92ffff7e92ffff7eff1154
4eb8c8524eb8c852c810c9
0e2a34160e2a341634102f
081a1e10081a1e101e101e
1238402012384020401040
1c4a52241c4a5224521052
2a5c60242a5c6024601062
3d7979273d79792779107f
58a0982c58a0982ca020a5
72c2b02a72c2b02ac220c6
78bda21d78bda21dbd20bf
5c856a095c856a09852085
2931210729312107312031
010b0f0b010b0f0b0f100f
0b1817080b181708182019
0d1715050d171505172017
0b1717070b171707171018
0213180f0213180f181018
14040c1614040c16160016
282814102828141028202b
1727210717272107272027
1a0a081a1a0a081a1a001b
2820081628200816283026
0601060706010607070007
2124170621241706242024
3c4226103c422610422043
3742290c3742290c422043
020c140e020c140e141012
3923072d3923072d393039
4120133a4120133a413042
3917173539171735393039
3d200d303d200d303d3039
41210f3541210f3541303e
3d141f3e3d141f3e3e0041
3c0b2c453c0b2c45450045
3f0a2f4a3f0a2f4a4a004a
420e2c4a420e2c4a4a004b
4213264542132645450047
4016204040162040400043
3a131e3b3a131e3b3b003d
3512193435121934353037
2e14102a2e14102a2e302e
200c0e1e200c0e1e203020
0c0310130c031013130013
010c110a010c110a11100f
0107090501070905091008
0b0903050b0903050b300a
1211080712110807123012
1010080610100806102011
080a0800080a08000a200a
0402080804020808080008
07030b0d07030b0d0d000d
06040c0c06040c0c0c000c
0601080906010809090009
0501050705010507070007
0805000508050005083007
1c1d10071c1d10071d201d
4e522e144e522e14522054
88904e2888904e28902095
95984d3295984d329820a0
635e2928635e2928633066
1d1301131d1301131d301a
18251e0318251e03252025
303f2c03303f2c033f203f
35402b0635402b06402040
353b250b353b250b3b203c
42482a1042482a10482049
4d5633124d563312562057
1f1303171f1303171f301d
271b0119271b0119273024
2d21051b2d21051b2d302a
3328091c3328091c333030
362c0c1c362c0c1c363034
382d0c1d382d0c1d383035
372c0b1e372c0b1e373035
382c0a1e382c0a1e383035
3a2f0c1f3a2f0c1f3a3038
4037121f4037121f40303f
413d191b413d191b413042
3a3b1e133a3b1e133b203d
3239240932392409392039
2631240126312401312031
0f1815040f181504182018
0f0d05070f0d05070f300e
2b321f082b321f08322032
4454380844543808542054
5164450851644508642064
4a5a3e084a5a3e085a205a
343d2609343d26093d203d
0802060408020604083004
7f50034a7f50034a7f306c
ff7942d7ff7942d7ff30f6
ff52bbffff52bbffff0167
ff1bf5ffff1bf5ffff0175
bc0dcaffbc0dcaffff0109
13467d5e13467d5e7d1075
89772f4189772f41893087
db7f15a7db7f15a7db30d1
db6b31bbdb6b31bbdb30d7
9b570f779b570f779b3093
2e372c012e372c01372037
4606546c4606546c6c006c
86136ca586136ca5a500a6
911575b1911575b1b100b2
9530559e9530559e9e00a5
9263086b9263086b923091
393e2112393e21123e2040
715b0f49715b0f49713074
cfbc4166cfbc4166cf30d5
9b8d35439b8d35439b309c
3a300e1a3a300e1a3a3036
040c1810040c1810181014
1d4c59261d4c5926591054
62cbd04b62cbd04bd010d8
cbffff55cbffff55ff2169
ffffff1effffff1eff2181
e0f58c3de0f58c3df520fc
8d471d778d471d778d308a
5509597755095977770077
2f1749512f174951510054
0813201b0813201b201021
120a1e20120a1e20200021
17426f5a17426f5a6f106f
1971b58b1971b58bb510b3
2a75d0a92a75d0a9d010cd
4453bcad4453bcadbc10bf
522b9299522b929999009e
5704517257045172720072
7c6a263a7c6a263a7c3078
dcffe406dcffe406ff212a
ffffff34ffffff34ff21e4
ffffff38ffffff38ff21d1
98f5d02398f5d023f520f7
02202c1a02202c1a2c1029
5a5526235a5526235a305b
a8a95635a8a95635a920b1
ffff7e58ffff7e58ff3112
ffff9085ffff9085ff315f
ffff7697ffff7697ff3157
f1ad0d93f1ad0d93f130e3
7b0681a67b0681a6a600a6
486de0c9486de0c9e010e4
4276e4ca4276e4cae410e9
394da395394da395a310a7
1d1c47421d1c4742471047
0604040a0604040a0a000a
2508273625082736360036
370b213d370b213d3d003d
3b23052b3b23052b3b3037
2f2b11132f2b11132f302f
151b1301151b13011b201b
0b03050b0b03050b0b000b
221c0812221c0812223021
221c0812221c0812223021
110c030a110c030a11300f
152d310f152d310f31102f
5ab9bc415ab9bc41bc10c4
a4ffff6aa4ffff6aff2151
90ffff5c90ffff5cff2128
3c7a7c283c7a7c287c1080
0300010403000104040004
0e2f381d0e2f381d381037
123e4c28123e4c284c1049
1848542818485428541052
285b6025285b6025601062
417f7d27417f7d277f2084
5ba49b2c5ba49b2ca420a9
6db8a7286db8a728b820bc
6ea88e166ea88e16a820a9
546d5003546d50036d206d
2b260d162b260d162b302b
0c0718190c071819190019
0010181000101810181016
0811100508111005112011
1218100212181002182018
15170d0515170d05172017
03050b0903050b090b100a
1a3738131a37381338103a
153c4320153c4320431044
2006182620061826260026
392a0324392a0324393037
1f0913211f091321210022
011e2f20011e2f202f102b
183b421d183b421d421041
224848182248481848104b
0227341f0227341f341031
2f0821362f082136360036
491a234a491a234a4a004e
501f224d501f224d503053
51231b4751231b4751304f
491d1b43491d1b43493049
3f1025423f102542420043
38082a4238082a42420042
380d223d380d223d3d003e
3716153237161532373036
3217102b3217102b323030
3115132d3115132d313031
3314173233141732333035
3617163336171633363037
381a1432381a1432383038
3112193231121932320035
2605202f2605202f2f002f
1b0421281b042128280028
1702192017021920200020
1c0a0c1a1c0a0c1a1c301b
1e1202161e1202161e301c
1d1605101d1605101d301b
1313090713130907132014
060b0a03060b0a030b200b
02050a0902050a090a100a
0601080906010809090009
0601040706010407070007
0404020204040202042004
040a0c06040a0c060c100b
0d1a1b0a0d1a1b0a1b101b
3040300230403002402040
6977491569774915772078
8a914e2b8a914e2b912097
726e322c726e322c723076
3328091c3328091c333030
0a181a0a0a181a0a1a101a
2d3929032d392903392039
343b240b343b240b3b203c
34361c1034361c10362038
4244241442442414442046
51542d1851542d18542057
1d1103151d1103151d301b
2418001824180018243021
2b20051a2b20051a2b3029
3227081b3227081b32302f
352b0b1d352b0b1d353033
382d0c1d382d0c1d383035
362d0e1b362d0e1b363034
352c0d1a352c0d1a353033
362d0e1b362d0e1b363034
3f37131d3f37131d3f303e
463f181f463f181f463046
47421b1e47421b1e473048
43421f1843421f18433046
36371c1136371c11372039
1e1c0c0c1e1c0c0c1e301e
01090b0701090b070b100b
222e2200222e22002e202e
4250360842503608502050
5363410d5363410d632063
4e5b3a0d4e5b3a0d5b205b
37391f0f37391f0f39203a
1711011117110111173018
0d0105070d0105070d3007
3804324638043246460046
6818387668183876760078
826c2448826c2448823081
3e93983d3e93983d98109f
5d53cdcb5d53cdcbcd10db
ef0dd1ffef0dd1ffff012f
ff59b8ffff59b8ffff0164
ff9e6cffff9e6cffff315d
ffd305cdffd305cdff3126
bfb84d48bfb84d48bf30c5
2a534a1b2a534a1b532057
3206364832063648480048
50182a5250182a52520055
6e3e12546e3e12546e3068
a081185ba081185ba0309d
9282205292822052923099
05142d2205142d222d1027
8db179138db17913b120b2
95ad672195ad6721ad20b0
43441f1643441f16442047
0217241702172417241020
2d6d712d2d6d712d711075
78dfcc3d78dfcc3ddf20e7
d3ffed19d3ffed19ff2132
ffff9f46ffff9f46ff2120
f5ad1b9bf5ad1b9bf530e8
b54f33a1b54f33a1b530b3
6e2e24626e2e24626e306c
2c2c160e2c2c160e2c202e
0d29473b0d29473b471047
26336c6526336c656c1071
0f578b690f578b698b1088
1979995519799955991093
2874863e2874863e861083
1545552b1545552b551051
030c1512030c1512151015
163a441c163a441c441040
3cb5d6653cb5d665d610cf
8fffffab8fffffabff118b
e1ffffb2e1ffffb2ff11fc
d9ffff6ed9ffff6eff21a2
7bccb5207bccb520cc20ce
1625240516252405252025
3e401e163e401e16402043
918f4333918f4333913097
e5d1555de5d1555de530e4
ffff559bffff559bff3136
ffff37d6ffff37d6ff3166
ffa63af6ffa63af6ff3128
ae11bcf5ae11bcf5f500f5
575ad1ca575ad1cad110dd
31347b7431347b747b107f
13080d1213080d12133013
0b273b330b273b333b1040
1e234a491e234a494a1050
2807303b2807303b3b003b
2e1e02202e1e02202e302b
313a2308313a23083a203a
263b3007263b30073b203b
1025260f1025260f261027
0c0514150c051415150015
2516051c2516051c253023
2d1e01202d1e01202d302b
241e0a14241e0a14243024
355f5d17355f5d175f2061
7cf7f6557cf7f655f72105
a5ffff70a5ffff70ff2158
71e3e34d71e3e34de310ef
2245461522454615461048
0a1c20100a1c2010201020
153f4923153f4923491048
1144552e1144552e551052
10475c3310475c335c1057
1d5c6f361d5c6f366f106a
38838c3938838c398c108e
50a2a03650a2a036a220aa
60a89a2860a89a28a820ac
5e917c135e917c13912092
4359450143594501592059
1d19090d1d19090d1d301c
0a0716170a071617170018
0b0513150b051315150015
0304090803040908091008
100e0408100e0408103010
1b1005161b1005161b301b
0f0d23210f0d2321231023
1242502a1242502a50104e
0f43552f0f43552f551051
2901293529012935350035
4b2417424b2417424b304b
3e08324c3e08324c4c004c
251d4f4d251d4f4d4f1052
0f345b480f345b485b1058
013b5539013b5539551052
02283a2602283a263a1037
15091f2115091f21210022
2a0f12292a0f12292a302b
3b25032b3b25032b3b3038
3b2e0b203b2e0b203b3038
29250f1129250f11293028
14160e0414160e04162016
050f1309050f1309131011
011b2719011b2719271024
0422362804223628361034
10152e2b10152e2b2e102f
110b2121110b2121210022
060d1a15060d1a151a1018
0613160b0613160b161015
0f1109030f110903112011
15070d1715070d17170018
1d011f291d011f29290029
2202283222022832320032
2704233227042332320032
2d10152c2d10152c2d302e
2d1a05222d1a05222d302a
2921091529210915293027
1d1d0f091d1d0f091d201e
0f130d010f130d01132013
0307070303070703071007
0301010303010103030003
0305050103050501051005
030c0f08030c0f080f100e
0112191001121910191018
051b2315051b2315231022
1b3231101b323110322034
485a4004485a40045a205a
737f4b1d737f4b1d7f2082
73773f2573773f2577207c
3f3c1b183f3c1b183f3040
01080b0601080b060b100a
2830200628302006302030
3237220b3237220b372038
31331d0d31331d0d332034
3c3f22113c3f22113f2041
4c4e28184c4e28184e2051
1b0f05151b0f05151b3019
211601162116011621301f
291f0517291f0517293026
2e24081a2e24081a2e302c
3529091d3529091d353032
382e0c1e382e0c1e383036
392f0d1d392f0d1d393037
362d0e1b362d0e1b363034
352d0f19352d0f19353033
3b34131a3b34131a3b303a
433b151f433b151f433042
4c4318234c4318234c304b
4f471b234f471b234f304f
453c1520453c1520453044
2d21051b2d21051b2d302a
0d000d120d000d12120012
16221c0416221c04222022
3b452b0b3b452b0b452045
565e3616565e36165e2060
585b301b585b301b5b205e
3e36141c3e36141c3e303c
2313051b2313051b233021
221d0813221d0813223022
2934210429342104342034
0a222a0e0a222a0e2a1024
5cd5de535cd5de53de10e4
44ffffb644ffffb6ff1148
40a7fffb40a7fffbff112d
bc16d4ffbc16d4ffff010e
ff6d5df3ff6d5df3ff310a
fff135adfff135adff3128
ffffa558ffffa558ff214b
d9ff9b24d9ff9b24ff2106
656c2f22656c2f226c2071
2901333d2901333d3d003d
2527655d2527655d651064
203f826f203f826f82107f
0c658c5b0c658c5b8c1087
3469601d3469601d69206c
05051d1d05051d1d1d001d
59958f2759958f2795209a
6da3850f6da3850fa320a3
35422b0835422b08422042
0a2024120a202412241024
4d72570a4d72570a722072
a8ba6626a8ba6626ba20bd
ffd03488ffd03488ff30f8
ffb325efffb325efff312a
ff955affff955affff313c
ff8750f1ff8750f1ff3114
da831aa3da831aa3da30d1
9b81274d9b81274d9b3096
546a5000546a50006a206a
1c4a5a2e1c4a5a2e5a1057
1546593015465930591054
355c5716355c57165c205e
4a5f44054a5f44055f205f
38310e1b38310e1b383037
1a1e4c401a1e4c404c1046
0184cb860184cb86cb10bc
23ffffdb23ffffdbff1157
60ffffff60ffffffff11ce
96ffffc896ffffc8ff11bd
9cffff479cffff47ff2125
7c8c56227c8c56228c2090
4d32013a4d32013a4d304c
0013181100131811181019
6760232e6760232e67306a
c299226bc299226bc230ba
ffcc1ea6ffcc1ea6ff3107
fff014dcfff014dcff3145
ffa52dedffa52dedff3120
a6236cbba6236cbbbb00be
4101455941014559590059
1826160418261604262026
0641503506415035501053
02364e3802364e384e104d
0a142a220a142a222a1027
1211040912110409123013
1f332b091f332b09332033
2746411227464112462048
213f3d13213f3d133f2041
10272a1110272a112a102a
070a1512070a1512151014
1d0e07181d0e07181d301b
2b1b031f2b1b031f2b3029
35361b1635361b1636203a
63a18d1963a18d19a120a2
a7ffff56a7ffff56ff213b
a2ffff64a2ffff64ff2145
51a5a73951a5a739a710ae
0c1718050c171805181017
1230341812303418341035
1c4950231c495023501050
194c592a194c592a591056
1450663614506636661060
196681461966814681107b
2a839a4d2a839a4d9a1097
3e929c403e929c409c109f
4f8c81224f8c81228c2090
567a6004567a60047a207a
4351370943513709512051
1710030c1710030c173014
030d1511030d1511151015
0e0408100e040810100010
0c0e0a020c0e0a020e200e
0a0716150a071615161016
2001222d2001222d2d002d
1c163c3c1c163c3c3c003f
04415a3b04415a3b5a1057
083e5230083e523052104e
1f0a2d301f0a2d30300031
3d1221403d122140400042
3b072f493b072f49490049
22133c3f22133c3f3f0041
0524392a0524392a391037
0e1f200d0e1f200d201021
1a0f04151a0f04151a3019
23061b2c23061b2c2c002c
1e082a301e082a30300030
0629422f0629422f42103e
033c5536033c5536551050
0c3154410c315441541051
21204f4a21204f4a4f1050
2b1b51532b1b5153530057
28255c5928255c595c1060
272459562724595659105d
300b404b300b404b4b004b
3001303f3001303f3f003f
25062f3825062f38380038
1d0a2d321d0a2d32320032
1b001d261b001d26260026
180e0614180e0614183018
0b120f020b120f02122012
060f1e19060f1e191e101d
1e00202a1e00202a2a002a
3114153031141530313034
3b25052b3b25052b3b3038
3a2f0c1f3a2f0c1f3a3038
2c2912112c2912112c302c
19190d0719190d07192019
0907010509070105093008
03050b0903050b090b100a
030c1510030c1510151014
03121d1603121d161d101c
0216221802162218221020
031b2517031b2517251023
11282b1211282b122b102b
3044380630443806442044
596a470c596a470c6a206a
6977471969774719772079
484d2a15484d2a154d204f
0b0a05040b0a05040b300a
2427160b2427160b272028
3438200e3438200e382039
2f3521092f352109352035
333a2508333a25083a203a
3f4325113f432511432045
180d0413180d0413183017
1f1601141f1601141f301d
261d0615261d0615263023
2a2108172a2108172a3028
30280c1830280c1830302e
352e1118352e1118353033
362f1019362f1019363035
352e0f1a352e0f1a353034
362e0e1a362e0e1a363034
39300f1c39300f1c393037
413611204136112041303e
4b4015244b4015244b3049
5246162852461628523050
4d3f11294d3f11294d304b
3929052339290523393035
1b0d07171b0d07171b301a
0811120708111207121012
30341e0c30341e0c342035
5351251f5351251f533056
60551e2d60551e2d603060
4d3705314d3705314d3049
33180f2c33180f2c333032
3927012539270125393035
473d1521473d1521473045
0a3842240a384224421042
a0ffec32a0ffec32ff2116
c0ffff41c0ffff41ff214d
57b3af3d57b3af3db320bd
17050d1b17050d1b1b001b
64aa982264aa9822aa20ad
a0ffff5aa0ffff5aff213e
b8ffff57b8ffff57ff215c
96daa20a96daa20ada20da
6531215d6531215d653069
5c32a6ae5c32a6aeae00b5
724ce2e4724ce2e4e400f0
884af6ff884af6ffff010c
883ae0f6883ae0f6f600fc
730c87ac730c87acac00ac
6f510d3d6f510d3d6f3065
759e7d0e759e7d0e9e209e
5a8570115a857011852086
2829140f2829140f29202b
0526372405263724371034
35544b1435544b14542056
746120337461203374306d
bb5835a2bb5835a2bb30b8
ff607bffff607bffff3117
ff878effff878effff315a
ffa885ffffa885ffff3179
ffc062ffffc062ffff3176
ffdb18ffffdb18ffff3151
ffc92b95ffc92b95ff30fa
8b803d2e8b803d2e8b3088
3646380636463806462046
2f4235062f423506422042
41411d1741411d17412044
3b0a31463b0a3146460046
205fb089205fb089b010a6
02daffda02daffdaff1134
24ffffff24ffffffff11aa
45ffffff45ffffffff11ba
52ffffac52ffffacff1143
51928f2651928f26922096
6042004660420046603060
773a2770773a277077307e
592c1b52592c1b5259305d
0a1516070a151607161016
7662203e7662203e763073
c7a63960c7a63960c730bf
f2d85868f2d85868f230ef
cbbe5156cbbe5156cb30d0
6870362268703622702075
254d4117254d41174d2050
154b532d154b532d531057
183d421d183d421d421043
18201a0018201a00202020
0f010f150f010f15150015
001e2c1e001e2c1e2c102a
1339411f1339411f411040
1f46491c1f46491c49104b
1b3c3f181b3c3f183f1040
0c252c150c252c152c102a
060c1814060c1814181017
17080b1617080b16173017
2417001924170019243021
4350370c4350370c502050
90e1c01f90e1c01fe120e3
cdffff4acdffff4aff215f
a0ffff47a0ffff47ff2121
3c6d6a1d3c6d6a1d6d2070
020d100b020d100b101011
183e4620183e4620461045
1d4d57271d4d5727571056
1d535f2b1d535f2b5f105d
1e6274381e627438741070
2278924c2278924c92108e
23809d5423809d549d1099
2874844028748440841084
3860561438605614602062
545e3816545e38165e2060
5751232557512325573059
2715051d2715051d273023
060b1411060b1411141014
0f100b040f100b04102010
0f262b120f262b122b102a
0921392d0921392d391037
2311393f2311393f3f0041
2013383d2013383d3d003f
042a3824042a3824381037
1a2922031a292203292029
1210040c1210040c123014
03040b0803040b080b1008
020d1209020d120912100f
1302151a1302151a1a001a
2f0a1f342f0a1f34340034
3d003b503d003b50500050
460e586a460e586a6a006a
5806607c5806607c7c007c
5c0564815c056481810081
4125777b4125777b7b0080
293d8171293d8171811080
2a306e662a306e666e1070
2f1d57592f1d575959005d
271b4d4d271b4d4d4d0051
191e4540191e4540451046
1214302c1214302c301030
16050e1716050e17170017
100a000a100a000a10300e
0203060502030605061005
0205060302050603061005
0707010307070103072007
1314070813140708142015
1c1d0a0d1c1d0a0d1d201f
1b2011081b201108202020
0610120806101208121011
1b0b0d1b1b0b0d1b1b001d
3825042938250429383037
4938092c4938092c493047
43350b2543350b25433040
2d1f011d2d1f011d2d302a
1905111b1905111b1b001b
0f0b1f1f0f0b1f1f1f0020
0e1126230e112623261026
0c1328230c132823281027
0914272009142720271025
0317251b0317251b251023
0920271409202714271025
2137310b2137310b372038
44573e0344573e03572057
5f6b41155f6b41156b206d
53562d1c53562d1c56205a
221d0811221d0811223021
131b1501131b15011b201b
2e3824082e382408382038
313a2508313a25083a203a
2f3723072f372307372037
34361e0e34361e0e362037
150c0310150c0310153014
1d1503111d1503111d301b
221b0613221b0613223021
2720091427200914273025
2d2911132d2911132d302d
302f1611302f1611303031
2f2e17102f2e17102f3030
2f2d15112f2d15112f3030
302c1214302c1214303030
332c0f18332c0f18333032
3a32101c3a32101c3a3039
453b1321453b1321453043
4e4114274e4114274e304b
4f40112a4f40112a4f304c
41330b2541330b2541303f
271c0318271c0318273024
0601040706010407070007
21200f0c21200f0c213022
473d1521473d1521473045
5c470e355c470e355c3058
5735094157350941573053
471d1d43471d1d43473049
512a1342512a134251304e
5f4001405f4001405f305a
0024302600243026301034
c5e98925c5e98925e920eb
ffff678affff678aff3139
ff8a3edcff8a3edcff3103
a82fe8ffa82fe8ffff0111
41c9ffff41c9ffffff1159
22ffffe522ffffe5ff1168
60e5ec6160e5ec61ec10f8
6f5513436f5513436f306c
6d2aa3bc6d2aa3bcbc00c0
715ff7f3715ff7f3f71104
7a64ffff7a64ffffff1114
874ff9ff874ff9ffff010c
9f1ac9f29f1ac9f2f200f3
c44862c8c44862c8c800d4
e2b32081e2b32081e230dc
c9c86140c9c86140c930d1
7b73352b7b73352b7b307a
3604304236043042420042
1d448b701d448b708b1083
2d48a5922d48a592a510a2
4810687c4810687c7c007d
301d0425301d042530302f
3506455235064552520052
c03f68c7c03f68c7c700d0
ff7e7effff7e7effff313f
ffc76cffffc76cffff318e
ffff0effffff0effff31b8
ffff50ddffff50ddff318c
f7e25b62f7e25b62f730f6
6062321860623218622064
302b0e13302b0e1330302f
3b11233d3b11233d3d003f
37317d7937317d797d1082
1199ebab1199ebabeb10e5
2fffffc42fffffc4ff114a
69ffffc869ffffc8ff118a
66ffffb766ffffb7ff1167
26b2f28a26b2f28af210e1
112755451127554555104f
0210140c0210140c141014
4c1c28524c1c2852520056
824f166b824f166b823085
592927555929275559305e
0543673d0543673d67105a
4daab5444daab544b510b7
67dfe55767dfe557e510ef
51cdd95b51cdd95bd910e0
278b9f51278b9f519f10a0
1255683b1255683b681067
16373c1916373c193c103c
1e1e100a1e1e100a1e201f
2009122320091223230024
1b0a292e1b0a292e2e002f
0c1e382e0c1e382e381036
0934452809344528451041
1840482018404820481047
16383e1a16383e1a3e103d
09242d1809242d182d102b
090c1b18090c1b181b101a
17050f1917050f19190019
231b0715231b0715233022
51745f0651745f06742074
abfff936abfff936ff211d
d4ffff50d4ffff50ff216e
8af0dc388af0dc38f020f6
253f390b253f390b3f203f
0e262a140e262a142a102a
1c4a52241c4a5224521052
1c52602e1c52602e60105e
1b5b6f371b5b6f376f106a
24748a4424748a448a1086
28869e5028869e509e109c
20768e4c20768e4c8e108c
184c5a2e184c5a2e5a1058
232d2301232d23012d202d
4d3e112a4d3e112a4d304a
6653163966531639663064
3f2a012a3f2a012a3f303b
1207060f1207060f123010
1325250b1325250b251026
1540492415404924491049
022e4230022e4230421042
150b2125150b2125250026
0a0600080a0600080a300a
1a05101d1a05101d1d001d
380e203c380e203c3c003d
410c2f4c410c2f4c4c004c
3c013e513c013e51510051
31154f5531154f55550057
3913535d3913535d5d005e
480a5468480a5468680068
4912617249126172720073
461b6c77461b6c7777007a
520f687b520f687b7b007b
5a05627f5a05627f7f007f
47186b7847186b7878007a
2a2b6a632a2b6a636a106b
211c4b48211c4b484b104d
1b0a2b2e1b0a2b2e2e002f
090c1b18090c1b181b101a
060b0a03060b0a030b200b
0c0412140c041214140014
0d172f290d172f292f102f
1b1337371b13373737003a
2e0232402e023240400040
3502334635023346460046
3000304230003042420042
21001f2c21001f2c2c002c
02090c0902090c090c100c
201d0813201d0813203022
261f0617261f0617263026
0b0901070b0901070b300b
1b1403101b1403101b3019
3e3108253e3108253e303d
4c3602324c3602324c3049
4121113741211137413040
2d0427382d042738380038
200d3237200d3237370038
1b1033341b103334340036
180f2e2f180f2e2f2f0031
140e2828140e282828002a
0c1024200c102420241023
0017221700172217221020
182a260a182a260a2a202b
3942290a3942290a422042
595627225956272259305c
62551c3162551c31623062
432d012d432d012d43303f
0e091a1b0e091a1b1b001c
1b2e29081b2e29082e202e
2c3a2a022c3a2a023a203a
2c3422062c342206342034
2a2c180c2a2c180c2c202d
120b020d120b020d123011
1913030f1913030f193018
201a0810201a081020301e
24210e0f24210e0f243024
2a2c180c2a2c180c2c202d
2c311e092c311e09312031
282f1e07282f1e072f202f
262c1c06262c1c062c202c
2428180824281808282028
2728150c2728150c282029
2f2d15112f2d15112f3030
3934151839341518393039
433b151f433b151f433042
493f1523493f1523493048
443c1620443c1620443044
302c1214302c1214303030
10120a0410120a04122012
140c020e140c020e143012
3727032337270323373034
513403385134033851304c
562b1649562b1649563054
521c2852521c2852520056
5f2529595f2529595f3060
753e1b62753e1b62753073
3b10274a3b10274a4a004b
6d6c391c6d6c391c6d306f
f79911b5f79911b5f730ed
ff43a7ffff43a7ffff0132
cb37ffffcb37ffffff014d
5b8dffff5b8dffffff112c
1391c77b1391c77bc710be
543d142f543d142f54304d
672793af672793afaf00b3
6759e3e16759e3e1e310f1
5d5de3d75d5de3d7e310ea
4b53c5b54b53c5b5c510c7
4241a4974241a497a410a4
5e0e768c5e0e768c8c008c
b2602a92b2602a92b230ae
ffda2c9affda2c9aff310a
ffec4590ffec4590ff3114
bb800b74bb800b74bb30ac
47155f6947155f6969006b
1181cf911181cf91cf10c2
477bffdf477bffdfff10fe
c500d3ffc500d3ffff0118
ff7a65ffff7a65ffff311d
d68c0696d68c0696d630cd
38412c0538412c05412041
70243a7670243a7676007b
ffa412c0ffa412c0ff30fc
ffff63d2ffff63d2ff318f
ffffbeabffffbeabff31cd
ffff8c6effff8c6eff3148
947412529474125294308e
550d4163550d4163630063
51186b8051186b80800082
3245888132458881881092
23899b5323899b539b10a0
a2efbe0fa2efbe0fef20ef
ffffed17ffffed17ff214d
f3ffe909f3ffe909ff2139
6fab9f216fab9f21ab20ae
20083a4020083a40400040
594d1135594d113559305d
1827220518272205272027
582f1a4f582f1a4f58305b
7d254f897d254f8989008d
474fc1b1474fc1b1c110c1
0abcffc80abcffc8ff1112
11d7ffbf11d7ffbfff111f
12acec9212acec92ec10e1
0b6891580b689158911088
0832462808324628461040
0d1617060d161706171016
1104091211040912120012
15061d2215061d22220022
140e2a2a140e2a2a2a002c
0b1a332a0b1a332a331031
062b3a23062b3a233a1037
16373c1916373c193c103c
1933331119333311331035
1024260e1024260e261026
010e1710010e1710171015
1005081110050811110011
232c2104232c21042c202c
60a4962260a49622a420a7
baffff50baffff50ff214f
c5ffff58c5ffff58ff2165
68baae2e68baae2eba20bf
1216100412161004162016
13373f1f13373f1f3f103f
1f535d291f535d295d105c
1f5c6b321f5c6b326b1068
1e6a82421e6a824282107c
25839f5325839f539f109b
2585a1552585a155a1109d
175d733f175d733f731070
06212c1906212c192c1029
0c03060d0c03060d0d000d
3922052a3922052a393036
6554193665541936653063
51491d2551491d25513051
20271c0120271c01272027
183b3e1b183b3e1b3e1040
1d4849201d48492049104e
0d1d1b0b0d1d1b0b1d201f
04111c1704111c171c101c
0e223c320e223c323c103c
24133c4124133c41410043
3701334737013347470047
3d0731493d073149490049
36033a4b36033a4b4b004b
27184b4c27184b4c4c004f
2717494b2717494b4b004e
2c0e40482c0e4048480049
24123e4224123e42420044
1a173c391a173c393c103d
1b1235341b123534351037
2209303722093037370037
1d0c31361d0c3136360037
0e122a260e122a262a102a
0905131109051311131011
0607020306070203072007
04060c0a04060c0a0c100b
0e0a1c1c0e0a1c1c1c001d
111b3931111b3931391037
142a5446142a5446541051
291d5555291d5555550059
400a4e5e400a4e5e5e005e
4906536849065368680068
540a466a540a466a6a006a
572225545722255457305a
381f0c2d381f0c2d383036
0403080704030807081007
1f1c07121f1c07121f3021
2015041920150419203020
0a000c100a000c10100010
191a0f06191a0f061a201a
3323012333230123333031
3b161d3c3b161d3c3c003f
3602344836023448480048
2e093c472e093c47470047
2908333e2908333e3e003e
2205283122052831310031
18041e2418041e24240024
0e0718190e071819190019
010c130e010c130e131012
14170e0314170e03172017
3326051e3326051e333030
593b013d593b013d593054
754d0151754d015175306f
663e084c663e084c663062
34111a3334111a33343035
011c291a011c291a291026
1d322d0a1d322d0a322032
2230260222302602302030
1f281f001f281f00282028
0e0900090e0900090e300c
1511050b1511050b153014
1c1c0e0a1c1c0e0a1c201d
2025180520251805252025
2430240024302400302030
24342a0424342a04342034
20312a0720312a07312031
1b2c27081b2c27082c202c
1725210717252107252025
18241e0418241e04242024
1e281e001e281e00282028
262d1e05262d1e052d202d
30341e0c30341e0c342035
3a3b1e133a3b1e133b203d
3f4121153f412115412044
35391f0f35391f0f39203a
1b2117031b211703212021
0508110e0508110e111010
27110d2327110d23273026
4220123842201238423040
4c1d20494c1d20494c304e
4f172d534f172d53530056
5a19345d5a19345d5d0060
762e3270762e3270763079
762f3879762f3879790081
33033d5133033d51510051
1c1918051c1918051c3019
3c062c4c3c062c4c4c004c
211d4f51211d4f51510056
19272d1119272d112d102a
49062f5249062f52520052
573191a1573191a1a100a8
5051c0b95051c0b9c010c9
424bb0a3424bb0a3b010b3
3139897b3139897b891087
1b326b581b326b586b1065
0f315b450f315b455b1054
271649482716494849104b
81421f6881421f6881307b
ffbf1e99ffbf1e99ff30f4
fffc40aefffc40aeff3132
ebb42786ebb42786eb30e0
3f0827403f082740400040
58a18a1b58a18a1ba120a3
61ccc93e61ccc93ecc20d5
3c4dbaa33c4dbaa3ba10b4
ff7e66ffff7e66ffff311f
fffa00fcfffa00fcff3162
ffd02d90ffd02d90ff30fc
463e161a463e161a463043
78773c2b78773c2b78307e
ffffc04cffffc04cff2156
fffff968fffff968ff21c9
ffff7890ffff7890ff3159
d2633eb9d2633eb9d230d1
97077fbf97077fbfbf00bf
7105598b7105598b8b008b
2001182720011827270027
5c2e124c5c2e124c5c3058
fdaa07a8fdaa07a8fd30ef
ffff4cd8ffff4cd8ff317e
ffff6ad2ffff6ad2ff3198
fff04892fff04892ff3118
5c3e06365c3e06365c3052
3950370839503708502050
44654c0144654c01652065
1c2450461c24504650104e
601c8aa0601c8aa0a000a2
4e6decd74e6decd7ec10f1
19afffd119afffd1ff1110
07a6f19c07a6f19cf110e3
10709c5c10709c5c9c1090
0b394f2b0b394f2b4f1047
05151d0f05151d0f1d1019
0203040102030401041003
01090b0701090b070b100b
010e130c010e130c131012
0111170f0111170f171016
06171c0f06171c0f1c101b
1322210a1322210a222023
212d2301212d23012d202d
272d1d07272d1d072d202d
2224140a2224140a242025
1313090713130907132014
00070a0500070a050a1008
234747152347471547104a
73d7cf3d73d7cf3dd720df
c6ffff5dc6ffff5dff216d
b1ffff4db1ffff4dff2140
4c7f74194c7f74197f2081
030e1714030e1714171018
1445542b1445542b541051
1c5a6c361c5a6c366c1068
1d6981411d69814181107b
217e9b52217e9b529b1096
238daf5f238daf5faf10aa
1875965718759657961091
003854380038543854104f
12050c1312050c13130013
0c1918090c19180919201a
200e0a1c200e0a1c20301f
585426245854262458305b
5c6a42145c6a42146a206b
2f4b3f0d2f4b3f0d4b204c
1e43441d1e43441d441049
1f332d0b1f332d0b332034
0e0614180e061418180018
06283e3006283e303e103e
082740310827403140103e
10122a2610122a262a102a
1805101b1805101b1b001b
160a0612160a0612163014
08030c0d08030c0d0d000d
09191d0d09191d0d1d101c
07181f1007181f101f101c
030c1712030c1712171015
0209100d0209100d10100f
070a0700070a07000a200a
120f040b120f040b123012
130f030b130f030b133012
0d0901070d0901070d300b
0b02050a0b02050a0b300a
07060f1007060f10100011
050e1b14050e1b141b1018
0613221b0613221b221021
0a182c240a182c242c102b
032d452f032d452f451041
023c5a3e023c5a3e5a1056
1b244f481b244f484f1050
2e11484d2e11484d4d004e
33134f5733134f57570059
4f0e3b5e4f0e3b5e5e005f
6b3a19586b3a19586b3069
623c0c4a623c0c4a62305f
3a1c12343a1c12343a303b
0e0414160e041416160016
0a0c06040a0c06040c200c
0e040c120e040c12120012
0408141204081412141013
0705030107050301073005
14051c2114051c21210021
2308313a2308313a3a003a
2c0534412c053441410041
2d0527392d052739390039
270a192a270a192a2a002b
1b080f1c1b080f1c1c001d
0f05070f0f05070f0f000f
0203040102030401041003
1101131711011317170017
2c0622342c062234340034
541f2451541f2451543056
7b4513617b4513617b3077
7f5303597f5303597f3079
53300b3e53300b3e53304e
16061e2216061e22220022
10262a1010262a102a1029
1b2e2b0a1b2e2b0a2e202f
162a280c162a280c2a202b
0909050309090503092009
0e110c010e110c01112011
161f1801161f18011f201f
1c2b24051c2b24052b202b
2035300b2035300b352036
1e3836101e38361038203a
1834361418343614361037
112d3317112d3317331032
09242d1809242d182d102b
08212a1708212a172a1028
0c242a140c242a142a1029
1227280f1227280f281029
1b2c27081b2c27082c202c
2734270027342700342034
343f2a07343f2a073f203f
353f2909353f29093f203f
232e2102232e21022e202e
0a1a1c0c0a1a1c0c1c101c
14041a1e14041a1e1e001e
2e0c1c322e0c1c32320033
3d1025423d102542420043
45102d4c45102d4c4c004d
4a0d36554a0d3655550055
5f173b655f173b65650067
79263f7c79263f7c7c0081
80264c8a80264c8a8a008f
771d5387771d538787008a
6d13537f6d13537f7f0080
69065d8269065d82820082
6312779263127792920093
552f939d552f939d9d00a3
3e409a923e409a929a109f
293a8172293a817281107f
1c26584c1c26584c581054
101c3e32101c3e323e1039
04243c2a04243c2a3c1037
022f462d022f462d461041
0f2647380f264738471043
53182b5253182b52533055
c8931877c8931877c830bd
ffff6386ffff6386ff3124
fefa7460fefa7460fe310b
4b59350f4b59350f59205a
8b7725478b7725478b308a
fbf4696cfbf4696cfb310a
acce8028acce8028ce20d1
5512396655123966660067
ffff4ebaffff4ebaff3150
ffff8095ffff8095ff3163
a2943842a2943842a230a2
334e4108334e41084e204e
fbffb12cfbffb12cff2125
ffffa888ffffa888ff318a
fff205f4fff205f4ff3157
ff5f79ffff5f79ffff0126
d85648c6d85648c6d830d7
87782d3887782d38873084
1d676f3d1d676f3d6f1077
4c155a734c155a73730074
ca7f0285ca7f0285ca30b7
ffff52a5ffff52a5ff3144
ffff5fd5ffff5fd5ff3195
ffff2ce5ffff2ce5ff3173
f08a2ec0f08a2ec0f030ec
4a288a8a4a288a8a8a008f
027bb271027bb271b210a7
1d6ab1861d6ab186b110aa
435abfb0435abfb0bf10c5
3671dabb3671dabbda10da
0f7dcb930f7dcb93cb10c0
0c6894580c689458941088
1143572d1143572d571050
06212e1906212e192e1029
050b1713050b1713171015
0f030b110f030b11110011
150b0511150b0511153014
190e0514190e0514193018
1e1006181e1006181e301c
2415041b2415041b243022
2c1c021e2c1c021e2c3029
3625022336250223363032
3c2902273c2902273c3038
3925012739250127393035
2d1809242d1809242d302b
1409222314092223230024
236371312363713171106e
85fffd5185fffd51ff210f
c7ffff5fc7ffff5fff216f
95ffef3d95ffef3dff210a
304a4008304a40084a204a
0b2a331c0b2a331c331032
1b5565311b556531651062
1c6984451c69844584107d
197ca35c197ca35ca3109a
198ebb6e198ebb6ebb10b3
1589b56d1589b56db510af
03587f5403587f547f1079
1712333017123330331033
2721091327210913273026
212a1d02212a1d022a202a
0802040808020408080008
4753350d4753350d532054
63835f0563835f05832083
4365530d4365530d652065
233a330e233a330e3a203b
1513090915130909153015
001c261c001c261c261027
0a262c180a262c182c102c
0d1715050d171505172017
0d04070e0d04070e0e000e
0910211c0910211c211020
0f1127250f112725271028
20031a2720031a27270027
301e0222301e022230302d
2a2108172a2108172a3028
1610020c1610020c163014
0a01080b0a01080b0b000b
0d0513150d051315150015
1d0811201d081120200020
28130c2328130c23283027
210a1322210a1322220023
17021b2217021b22220022
14071e2114071e21210021
0d1125210d112521251025
08192c2308192c232c102b
061c3024061c302430102d
0b3645260b364526451042
1545512915455129511050
0324392803243928391035
0f1731290f17312931102f
0d1f3b310d1f3b313b1039
33072b3d33072b3d3d003d
6135154f6135154f61305f
7442125c7442125c743071
6534175465341754653062
401c163a401c163a403040
1f0e091a1f0e091a1f301d
080d0c03080d0c030d200d
070a1716070a1716171018
1a0e08181a0e08181a301b
1d200f0a1d200f0a202021
0c1918090c19180919201a
0909191709091917191018
1c0a101e1c0a101e1e001f
2414081e2414081e243024
1f1401161f1401161f301d
1514090815140908153015
0816180a0816180a181018
051a2b20051a2b202b1029
1a1538371a15383738103a
3f09314b3f09314b4b004b
6f3f11576f3f11576f306b
88650e5388650e53883082
684e0c3e684e0c3e683063
29120f2429120f24293028
051c2514051c2514251022
162f3011162f3011301031
142d3013142d3013301030
030c0f08030c0f080f100e
0613160b0613160b161015
0f20210c0f20210c211022
19302f0e19302f0e302032
1e3b3a131e3b3a133b203d
1b3d41191b3d4119411041
1438401e1438401e40103f
0a2e3a200a2e3a203a1038
0325352103253521351031
0121332301213323331030
0121332301213323331030
0223342102233421341030
0725311d0725311d31102f
102b3015102b301530102f
2137310b2137310b372038
2a3d30032a3d30033d203d
26372c0326372c03372037
1528270c1528270c282029
0416241a0416241a241022
1b07252b1b07252b2b002b
2e04283a2e04283a3a003a
39082d4439082d44440044
3c05344b3c05344b4b004b
4508375245083752520052
5514355c5514355c5c005e
661c3a6a661c3a6a6a006d
6f1c43786f1c437878007b
6f1451806f145180800081
61015f8161015f81810081
4b176d7b4b176d7b7b007d
32256c6b32256c6b6c1071
2024585020245850581057
1318393213183932391037
0c0e241e0c0e241e241021
0316251a0316251a251022
0629382106293821381034
09384b2c09384b2c4b1047
03324d3603324d364d1049
3201324132013241410041
967214569672145696308e
fffe6a6efffe6a6eff3114
ffff7678ffff7678ff3134
b8951c6bb8951c6bb830b7
05355d4305355d435d1055
97e2bb1497e2bb14e220e2
beffd409beffd409ff2119
1252502a1252502a52205c
feff9849feff9849ff2112
ffffeb42ffffeb42ff2183
b0cb7a23b0cb7a23cb20cd
2021100720211007212021
dccb5057dccb5057dc30dc
ffef16d5ffef16d5ff3140
ffaa57ffffaa57ffff315f
ffa546ffffa546ffff3140
fff25082fff25082ff3112
b3f4af08b3f4af08f420f4
438b8333438b83338b2094
0b0301090b0301090b3009
4d8a852c4d8a852c8a2090
97e2bd2297e2bd22e220e4
ecff9836ecff9836ff210b
fff739a7fff739a7ff312a
ff914cf3ff914cf3ff311a
b60bccffb60bccffff0105
666afff0666afff0ff1106
4c72f0d24c72f0d2f010ee
4360cdb64360cdb6cd10cd
2f53ab932f53ab93ab10a8
174887681748876887107e
043e6444043e644464105c
022e4830022e4830481042
0b1c352a0b1c352a351032
180b282b180b282b2b002c
2403202d2403202d2d002d
2a081e302a081e30300030
2f0b1d332f0b1d33330034
320e1c34320e1c34340035
36131a3536131a35363038
3c1818383c1818383c303c
4521133b4521133b453043
4b280f3c4b280f3c4b3048
49270f3b49270f3b493046
3f1d13373f1d13373f303e
21092d3321092d33330033
2c78863a2c78863a861085
9fffff4c9fffff4cff2129
caffff4dcaffff4dff215d
7bccb92a7bccb92acc20d0
181e1604181e16041e201e
17434f2517434f254f104c
226d8441226d844184107e
1b87b1631b87b163b110a7
0f97d3850f97d385d310c9
0192d7920192d792d710ce
0a6eac7c0a6eac7cac10a5
1b2e5f501b2e5f505f105c
2b0f15292b0f15292b302b
3532151435321514353035
2e321c0c2e321c0c322033
0901090b0901090b0b000b
36554c0f36554c0f552056
5b8e79145b8e79148e208f
416c5d14416c5d146c206d
1927210719272107272027
0504090c0504090c0c000c
0a1a1c0e0a1a1c0e1c101d
1111090511110905112011
16021a2016021a20200020
1e0f36391e0f363939003a
221844462218444646004a
280e3a42280e3a42420043
310b1f35310b1f35350036
3c2702293c2702293c3038
382e0c1e382e0c1e383036
221802142218021422301f
0b0411120b041112120012
060f1c17060f1c171c101b
1703111b1703111b1b001b
2413081d2413081d243022
1e041a241e041a24240024
1c07282f1c07282f2f002f
22052a3322052a33330033
180e2c2e180e2c2e2e0030
0d172f270d172f272f102d
061c3024061c302430102d
0f343d200f343d203d103d
1e3d3a131e3d3a133d203f
1021220910212209221022
0f21250f0f21250f251024
0b29331b0b29331b331031
1a0c2c2c1a0c2c2c2c002d
4918254a4918254a4a004d
723d165f723d165f723070
78480c5878480c58783071
5a3808425a3808425a3056
3e2c02283e2c02283e303b
2726110e2726110e273028
0e1918070e191807192019
180b0a17180b0a17183019
3425002334250023343032
3523032735230327353034
2617041d2617041d263025
0a0500070a0500070a3008
120c0410120c0410123014
241c0418241c0418243024
2626140c2626140c262027
1a2a26081a2a26082a202a
0f2d33190f2d3319331033
0124352401243524351032
1f05252d1f05252d2d002d
523602385236023852304d
7d6b213f7d6b213f7d307c
7364213873642138733072
3b2801263b2801263b3037
04121e1604121e161e101c
1730311017303110311032
1731331317313313331034
000f160f000f160f161015
03151d1103151d111d101b
0b2229140b222914291027
1533371715333717371037
1c3f42191c3f4219421043
1c42461c1c42461c461047
153b431f153b431f431042
0b2f3d210b2f3d213d1039
0327372303273723371034
0223362502233625361032
04233a2904233a293a1035
07253f2f07253f2f3f103b
0b213d310b213d313d103b
07223b2c07223b2c3b1037
082c3a22082c3a223a1037
1634381616343816381038
1e39360f1e39360f39203a
1731311117313111311033
07232d1907232d192d102b
0b172d250b172d252d102b
1f092d331f092d33330033
2e01303f2e01303f3f003f
3401324534013245450045
38062e4438062e44440044
3d1023403d102340400041
3f141f3e3f141f3e3f3041
3f151f3f3f151f3f3f0042
3e1124413e112441410043
32032e4132032e41410041
220e383c220e383c3c003d
1616383416163834381038
130e2b2a130e2b2a2b102c
13061f2013061f20200020
0f0a1f1e0f0a1f1e1f101f
061c3024061c302430102d
0433482d0433482d481044
0941573509415735571053
023754390237543954104f
260c383e260c383e3e003f
7f5205547f5205547f3075
ffcf2e8bffcf2e8bff30f9
fff412d8fff412d8ff3145
ff8c67ffff8c67ffff3137
c917efffc917efffff0129
40b1ffff40b1ffffff113e
25eeffb825eeffb8ff112c
1c3c6c561c3c6c566c1068
e5ffb31be5ffb31bff2110
ffffff14ffffff14ff2186
b6e09a16b6e09a16e020e1
04141a0a04141a0a1a1016
9160055a9160055a913083
e9792bbde9792bbde930e0
ff9339ebff9339ebff3115
ffff43b7ffff43b7ff3148
ffffda4fffffda4fff2187
f3ffcf0ff3ffcf0fff2131
69652d2369652d2369306a
154b8167154b816781107f
0da3df930da3df93df10db
24a6d27a24a6d27ad210ce
598d7f1d598d7f1d8d208f
ab7e1764ab7e1764ab30a0
d64d60d5d64d60d5d630e2
b80ccaffb80ccaffff0108
8546effa8546effafa0103
614bd3cd614bd3cdd310da
493da79f493da79fa710aa
382f827b382f827b821083
2b2869622b286962691069
1e295c511e295c515c105a
1a2450461a24504650104e
1d1a43401d1a4340431045
260c383e260c383e3e003f
30012e3f30012e3f3f003f
3507293f3507293f3f003f
360c243c360c243c3c003d
36101e3836101e3838003a
37121b3637121b36373038
391519373915193739303a
421e163a421e163a423041
4a25143f4a25143f4a3049
4f2715434f2715434f304d
4a2316414a2316414a3049
29022b3829022b38380038
387e8230387e8230821086
bcfffe2dbcfffe2dff212c
d9ffff20d9ffff20ff2141
779d7501779d75019d209d
1709252917092529290029
0f61834d0f61834d83107b
1690c2721690c272c210b7
0fabef970fabef97ef10e4
02a9faab02a9faabfa10f0
167fd09d167fd09dd010c9
263e8270263e8270821080
2f01333f2f01333f3f003f
3628042036280420363033
3b3b1d133b3b1d133b203d
3331151333311513333034
1009201f1009201f201020
25616d3125616d316d106c
428d9037428d9037901097
285c6026285c6026601063
0210160c0210160c161014
0a0e0a020a0e0a020e200e
0d0c05040d0c05040d300c
0c0818180c081818180019
101d3a31101d3a313a1038
1b2551491b255149511051
291a5154291a5154540057
3805304738053047470047
3b20092c3b20092c3b3036
392f0d1b392f0d1b393036
3734151837341518373039
271f0715271f0715273025
0a0714130a071413141014
01141f1601141f161f101d
13040d1613040d16160016
1e1006161e1006161e301b
110c2322110c2322231024
171639361716393639103a
2b0737432b073743430043
2c0738432c073843430043
21113b3d21113b3d3d003f
1717373517173735371039
00212e2100212e212e102e
18221a0018221a00222022
22200e1222200e12223024
2c321e082c321e08322032
2132290621322906322032
08232c1508232c152c1028
1c0b2c311c0b2c31310032
5a350c475a350c475a3058
7555074975550749753070
6645024566450245663061
5c3e02405c3e02405c3059
523a0434523a043452304d
3a2c08223a2c08223a3037
0f0a010a0f0a010a0f300e
1a1102131a1102131a3019
321c0a2a321c0a2a323032
3b25052d3b25052d3b303a
2a230a172a230a172a3029
040f120b040f120b121012
291b011f291b011f293029
3c3c1e163c3c1e163c203f
3040300230403002402040
1d3735111d373511372039
0f272b130f272b132b102b
070a1512070a1512151014
332b0f17332b0f17333030
6464322264643222642069
6d6e37266d6e37266e2074
403c1a1a403c1a1a403041
04050c0904050c090c100a
222f2401222f24012f202f
2635280126352801352035
00111a1100111a111a1018
031821140318211421101f
0a262e180a262e182e102c
14343a1a14343a1a3a103a
1c40441a1c40441a441045
2044461a2044461a461048
193c411a193c411a411041
10323a1c10323a1c3a1039
0829361f0829361f361033
0326372203263722371032
012a3d28012a3d283d103a
032b432f032b432f43103f
0d2343350d23433543103f
121f4239121f4239421040
0e2242360e22423642103f
03283f2c03283f2c3f103b
0d333f210d333f213f103c
11343d1c11343d1c3d103b
092c3920092c3920391036
0523392905233929391035
1716373417163734371038
270a353e270a353e3e003e
31012f4131012f41410041
360d223b360d223b3b003c
3618123036181230363035
2f1909252f1909252f302c
2816061e2816061e283025
2111071b2111071b21301f
1704111a1704111a1a001a
0b0b1d1b0b0b1d1b1d101d
0713251d0713251d251022
100c2422100c2422241024
1a07262b1a07262b2b002b
1b0f31331b0f3133330035
1123453911234539451042
033a593e033a593e591054
0343613f0343613f61105b
0536553c0536553c551050
2111393b2111393b3b003d
612f194d612f194d61305a
cb800788cb800788cb30ba
ff9b33e3ff9b33e3ff3112
ff589fffff589fffff013e
ea14ffffea14ffffff0150
8872ffff8872ffffff1142
3880ffd23880ffd2ff10f5
671b4b6f671b4b6f6f0072
ffff9249ffff9249ff2122
ffffdc56ffffdc56ff217f
f3f6854ef3f6854ef62102
52512a1b52512a1b523055
270c1126270c1126273027
6c3714596c3714596c3068
bd96236abd96236abd30b7
ffffb65affffb65aff215d
ffffff45ffffff45ff21c0
ffffa44cffffa44cff2137
7a2c34747a2c34747a307c
1777bf951777bf95bf10be
0a91c8830a91c883c810c3
155f7943155f7943791074
2a28180c2a28180c2a3029
5713315b5713315b5b005c
7a056c9d7a056c9d9d009d
7a169abc7a169abcbc00bd
6826a4b46826a4b4b400b7
5724919a5724919a9a009e
4a1e7a824a1e7a82820085
4219687142196871710073
39195f6539195f65650068
2e1d5a5b2e1d5a5b5b005f
291b5151291b5151510055
271547492715474949004b
2c0b3c452c0b3c45450045
33022f4233022f42420042
360b263d360b263d3d003d
36111c3736111c37370039
3515153135151531353035
3014122c3014122c303030
2f14112a2f14112a2f302e
3517132f3517132f353034
401c163a401c163a403040
4c2318434c2318434c304b
502716455027164550304f
350c233c350c233c3c003d
356d6b25356d6b256d2073
cbffc900cbffc900ff2112
f5ffaf2ff5ffaf2fff211e
9b73115d9b73115d9b3093
412f8785412f878587108d
1c82dea81c82dea8de10d4
11adffc111adffc1ff1103
0cb8ffc60cb8ffc6ff110e
1298f0ae1298f0aef010e7
21529b7e21529b7e9b1096
300a424a300a424a4a004a
3521052535210525353031
3836181438361814383039
3a3a1a143a3a1a143a203d
3424002234240022343031
141f4239141f4239421040
1c6f884b1c6f884b881085
2c7e8e442c7e8e448e108f
103c4a26103c4a264a1047
0d05070b0d05070b0d300c
0e0e06040e0e06040e200e
08040e0e08040e0e0e000e
021e2e20021e2e202e102b
00334c3300334c334c1048
0934554009345540551052
201a4644201a4644461048
3d181d3e3d181d3e3e0042
4b3a092c4b3a092c4b3048
4037141b4037141b40303d
3830101a3830101a383036
2e1f02212e1f02212e302d
15071f2315071f23230023
0a13241f0a13241f241024
1a07101b1a07101b1b001b
1e0a101e1e0a101e1e001f
0a1c32280a1c3228321030
0c2642340c264234421040
24103c4024103c40400041
3009404b3009404b4b004b
300e4650300e4650500051
2d0839462d083946460046
1e0418261e041826260026
0201020102010201021001
241f0a13241f0a13243024
3b3c1b143b3c1b143c203f
3634161636341616363038
32361e1032361e10362038
1b281f041b281f04282028
3025061b3025061b30302d
5c4a0e345c4a0e345c305a
643b0e4d643b0e4d643061
723e165c723e165c72306e
7844145e7844145e783074
6c400c526c400c526c3068
482a0836482a0836483044
1a0e06141a0e06141a3018
0c0b06050c0b06050c300c
282812102828121028202b
31381d0e31381d0e382039
1d2617041d261704262026
13150d0513150d05152015
394d3703394d37034d204d
3753430937534309532053
203b3811203b38113b203d
0f22230e0f22230e231024
0106090601060906091008
1f261b021f261b02262026
49593d0749593d07592059
5b6e490e5b6e490e6e206e
3f4d33093f4d33094d204d
04090a0504090a050a100a
2b2c170e2b2c170e2c202e
35351b1135351b11352037
02131a0f02131a0f1a1018
081d2413081d2413241022
0e282e160e282e162e102d
1633361516333615361037
21403f1421403f14402043
2444421424444214442046
1e3c3c141e3c3c143c103f
1834361418343614361037
102c3216102c3216321031
0c2b341b0c2b341b341032
0c303c200c303c203c1039
093243260932432643103e
032c4530032c4530451041
1023443910234439441042
161e443c161e443c441043
121f4239121f4239421040
062944310629443144103f
0532452a0532452a451041
0532452a0532452a451041
032b432f032b432f43103f
111e3d34111e3d343d103c
1e0e32361e0e3236360037
2a0424342a042434340034
3216122e3216122e323032
3624002436240024363032
2d2409182d2409182d302b
201b080f201b080f20301e
1613060b1613060b163015
0b0503090b0503090b300a
020e120a020e120a121011
061a2212061a221222101f
061a2e22061a2e222e102a
1715373517153735371039
2017444320174443441046
1927534919275349531052
0b3a61480b3a614861105c
033f6143033f614361105b
092e4d3a092e4d3a4d104a
1b0f31311b0f3131310033
3c1618363c1618363c303a
74400e5474400e54743069
a24e2686a24e2686a2309b
a52a61b2a52a61b2b200b6
800e94bc800e94bcbc00bc
4938a19e4938a19ea110a7
2d2d796d2d2d796d791075
73411b5773411b5773306c
fff6597afff6597aff3112
ffff95a4ffff95a4ff3186
ffff758fffff758fff3147
ab95334dab95334dab30a7
2f2505192f2505192f302c
1522210615222106222022
709a7806709a78069a209a
fffffb02fffffb02ff2156
ffffff28ffffff28ff21a7
ffff7663ffff7663ff3113
6d0b57896d0b5789890089
0d649d760d649d769d109a
1551653515516535651060
201808122018081220301e
26133e4526133e45450047
3520616435206164640068
441f7079441f707979007c
4d1c77844d1c7784840086
5016728250167282820083
4e1168794e11687979007a
4810607048106070700071
430d5767430d5767670067
3b10535e3b10535e5e005f
31144f5631144f56560058
2d11474d2d11474d4d004e
290f3f45290f3f45450046
2a0836402a083640400040
3106293c3106293c3c003c
36111c3736111c37370039
3618123036181230363035
331c0928331c0928333030
2c1906212c1906212c3029
26130a1f26130a1f263024
260e1024260e1024263026
2f10172e2f10172e2f3030
3e1a183a3e1a183a3e303f
4d2713414d2713414d304b
3f1c153a3f1c153a3f3040
23433f1723433f17432046
bfcc6d34bfcc6d34cc20d2
ffd43192ffd43192ff3101
d3456dd9d3456dd9d900e3
854cf3fc854cf3fcfc0107
5991ffff5991ffffff112a
3ca5fff33ca5fff3ff1125
2497ffc52497ffc5ff10f8
1b63af871b63af87af10a7
251c514c251c514c511050
301c0824301c082430302d
3334191033341910342036
33381f0c33381f0c382039
342a0a1a342a0a1a343031
2f0825382f082538380038
1536655415366554651063
116b8b55116b8b558b1088
1c5c6c361c5c6c366c106a
061b2411061b241124101f
0c0e06020c0e06020e200e
0a0504090a0504090a300a
03121d1603121d161d101c
082d3a21082d3a213a1037
1041502b1041502b50104d
07384d3007384d304d1049
1119372f1119372f371035
3918173439181734393039
5c43043d5c43043d5c305a
5c4308395c4308395c3057
4a2e02304a2e02304a3042
3817143338171433383037
24052c3724052c37370037
1c0a2c301c0a2c30300031
27081b2a27081b2a2a002a
2400243024002430300030
0e2240360e22403640103f
0928433209284332431040
1419383114193831381037
1d163d3c1d163d3c3d103f
27103f4627103f46460047
360a2840360a2840400040
3b26072c3b26072c3b303a
2519031925190319253023
0917170b0917170b171019
292e190a292e190a2e202f
352c0d1e352c0d1e353035
4941172149411721493048
3c35101d3c35101d3c303c
020e1410020e1410141015
2a2208162a2208162a3028
451e1942451e1942453048
6a32205c6a32205c6a3068
7e411e697e411e697e307b
87520d6687520d66873082
734c034e734c034e73306c
45280b3445280b34453041
1e0516231e051623230023
071c2112071c2112211021
262c1808262c18082c202c
2f1f05252f1f05252f3030
1611303116113031310033
184a5428184a5428541054
2956551c2956551c56205a
1b3b3d171b3b3d173d103f
071a2112071a211221101f
0903050909030509090009
20271a0320271a03272027
4150370641503706502050
5867420f5867420f672068
4c5634124c563412562057
18180c0818180c08182019
1e2518051e251805252025
2e321c0c2e321c0c322033
0614180c0614180c181017
0e21220d0e21220d221023
14292a0f14292a0f2a102b
1a3232101a323210321034
243f3a0f243f3a0f3f2040
28433c0d28433c0d432044
243b340b243b340b3b203c
1f342f0a1f342f0a342034
1b302d0c1b302d0c302031
1830301018303010301032
1835381518353815381039
163a401c163a401c401040
0d3643240d364324431040
012a412c012a412c41103c
0d2241340d22413441103e
141d4039141d403940103f
1021423710214237421040
032c4530032c4530451041
0532452a0532452a451041
042e4028042e402840103c
061f3427061f3427341031
120d2625120d2625261027
1f0715231f071523230023
2d1d011f2d1d011f2d302a
342e1018342e1018343033
2e2e16102e2e16102e2030
2021120920211209212022
14150c0514150c05152015
0706010407060104073007
0911110509111105111011
1227280d1227280d281029
0c303c200c303c203c1039
0a2948370a294837481044
1c2350491c235049501050
1d2859501d285950591059
12335e4b12335e4b5e105a
0835563f0835563f561052
0c213e310c213e313e103b
1709252717092527270028
260c1426260c1426260027
3f24072e3f24072e3f303a
4e2c083a4e2c083a4e3048
441a1a40441a1a40443045
2900293829002938380038
0b142b240b142b242b1029
040f1c13040f1c131c1018
3e2c06203e2c06203e3036
c8af4059c8af4059c830c4
ffff789cffff789cff3160
ffff6cb5ffff6cb5ff3177
ffc818a2ffc818a2ff3101
973c3f8c973c3f8c973098
4d25858b4d25858b8b008f
0a9cde900a9cde90de10d4
8fffff758fffff75ff1146
e3ffff26e3ffff26ff2158
afbf7131afbf7131bf20c5
3e0e264a3e0e264a4a004b
0928351e0928351e351032
230d0b21230d0b21233023
2918494e2918494e4e0051
2a2c6a642a2c6a646a106d
2f2d716b2f2d716b711074
34286e6c34286e6c6e1073
3b1d656b3b1d656b6b006e
42105a6842105a68680069
4309516343095163630063
3f084b5c3f084b5c5c005c
3c0544553c054455550055
3409424f3409424f4f004f
2d0c3f482d0c3f48480048
2a0938412a093841410041
2509333b2509333b3b003b
26042c3626042c36360036
2d091f332d091f33330033
3418102e3418102e343033
3521032535210325353031
3024061c3024061c30302d
271e0516271e0516273025
1d1201141d1201141d301a
17080b1617080b16173017
1a04141e1a04141e1e001e
2a0e142a2a0e142a2a002c
40240a3240240a3240303d
402a022e402a022e40303e
050c0f0c050c0f0c0f1010
856413488564134885307b
da6e34b8da6e34b8da30d6
d112b5ffd112b5ffff010a
9952ffff9952ffffff012b
6978ffff6978ffffff111e
4271eac94271eac9ea10e6
2157a5832157a583a5109d
162754451627544554104f
1e0d0e1b1e0d0e1b1e301d
28301e0628301e06302030
2c3a2a002c3a2a003a203a
292f1d07292f1d072f202f
220e0e1e220e0e1e223021
1b1f49431b1f4943491049
0f44735c0f44735c731072
034e714c034e714c71106c
0a3040220a30402240103a
01060d0601060d060d1008
0b0801060b0801060b300a
0809141308091413141015
011a271c011a271c271026
0e30381c0e30381c381037
20474a1b20474a1b4a104b
163b441f163b441f441042
0717292107172921291028
290c1526290c1526293027
50300a3c50300a3c50304c
6b4607506b4607506b306a
63390d4b63390d4b63305e
42181a3c42181a3c423040
26042c3626042c36360036
2406303824063038380038
3106293c3106293c3c003c
2b07333f2b07333f3f003f
161f443d161f443d441044
1021443710214437441040
121e4036121e403640103d
1420423a1420423a421042
200d3037200d3037370038
3417122d3417122d343032
432e012c432e012c43303f
3a1d10333a1d10333a303a
1a06242c1a06242c2c002c
01101b1201101b121b1018
191f1505191f15051f201f
3c3d1c133c3d1c133d203f
3a2d08233a2d08233a3039
1c0810221c081022220022
0b0d05030b0d05030d200d
1700131e1700131e1e001e
401f1235401f123540303d
5b30154c5b30154c5b3059
825b0457825b045782307d
856109518561095185307e
5d34114a5d34114a5d305a
3e1420403e142040400043
1c04222a1c04222a2a002a
02090e0902090e090e100c
1501111b1501111b1b001b
1214323012143230321034
0d3c512e0d3c512e51104b
204c5422204c5422541053
1639401b1639401b40103f
0217261b0217261b261023
1a090e1b1a090e1b1b001c
3227081b3227081b32302f
4e4518234e4518234e304d
685b2031685b2031683067
6b5a1d366b5a1d366b3068
3f2a012a3f2a012a3f303b
011621160116211621101f
1a2b26071a2b26072b202b
0614180c0614180c181017
1121210b1121210b211022
172a270a172a270a2a202b
1e332e0b1e332e0b332034
263d360b263d360b3d203d
2a4138092a413809412041
2639300726393007392039
22342c0622342c06342034
21342d0821342d08342034
1e34300c1e34300c342035
1f3a37101f3a37103a203c
213f3d13213f3d133f2041
1c3d40171c3d4017401041
0f343f200f343f203f103d
002a3e2a002a3e2a3e103b
0c203c300c203c303c1039
0e1e3c320e1e3c323c103a
07253f2f07253f2f3f103b
032b3d27032b3d273d103a
0829341d0829341d341032
041b2415041b2415241022
050b1511050b1511151014
1208061012080610123011
23200b1023200b10233023
3132191031321910322034
31331b0f31331b0f332035
2526130c2526130c262027
18170a0918170a09183018
0b0503090b0503090b300a
0614180c0614180c181017
1734371417343714371037
19464f2419464f244f104e
043e5838043e5838581053
112f5747112f5747571055
1b27554b1b27554b551054
142850441428504450104e
0c2544350c254435441040
0e152e270e152e272e102c
15041b2015041b20200020
1f0a0f1e1f0a0f1e1f301f
2d1e011e2d1e011e2d302a
33290b1b33290b1b333031
25200b1225200b12253024
0f1009040f100904102010
0900090c0900090c0c000c
15070b1715070b17170018
0310171003101710171016
6668381a6668381a68206b
ffec5b6effec5b6eff3104
ffff3cceffff3cceff3162
ffc636ffffc636ffff314d
ff3eacffff3eacffff0128
be2afaffbe2afaffff0128
678dffff678dffffff1138
0de9ffdb0de9ffdbff113f
57eaff7657eaff76ff1106
4283862542838625861088
05242f1805242f182f102b
210e3138210e3138380039
2e1c54582e1c545858005c
2d2c6d682d2c6d686d1070
2c31746b2c31746b741075
2d2b6d672d2b6d676d106f
2d23615f2d23615f611065
2f1853562f185356560059
330c4550330c4550500050
36043c4c36043c4c4c004c
3401364734013647470047
3200324232003242420042
2b04313e2b04313e3e003e
27052f3927052f39390039
24042a3424042a34340034
2104273021042730300030
2100212c2100212c2c002c
270d1327270d1327270029
302000203020002030302d
312b0f17312b0f17313030
2c2c160e2c2c160e2c202e
2022140820221408222022
12130a0512130a05132013
0804020608040206083007
05060d0c05060d0c0d100d
12050a1312050a13130013
2a2108172a2108172a3028
3533171535331715353037
1521190115211901212021
3307213533072135350035
6e0e52826e0e5282820082
771897ba771897baba00bb
5b41bbbd5b41bbbdbd00c7
3a44a2943a44a294a210a2
1e316c5b1e316c5b6c1067
061d3627061d3627361030
0302030203020302031002
0c2124110c212411241025
1835361518353615361039
1c35320f1c35320f352037
171e1500171e15001e201e
0713231b0713231b231021
06435c3b06435c3b5c1059
0145654701456547651063
062742310627423142103e
040d1a11040d1a111a1015
0402080604020806081006
07040d0e07040d0e0e000e
03131f1703131f171f101d
0220301e0220301e30102b
0c2c38200c2c3820381036
1d4141171d414117411044
20403e1220403e12402042
0419241704192417241021
19070d1919070d19190019
2f150b232f150b232f3028
52300c4052300c40523050
69420b5269420b52693069
542c1244542c1244543050
2901253129012531310031
1c0e30321c0e3032320033
2c012e3d2c012e3d3d003d
2a0736412a073641410041
1b19413d1b19413d411041
161f443b161f443b441042
1522473e1522473e471046
161f443d161f443d441044
2400263224002632320032
361d0c29361d0c29363032
3e23082f3e23082f3e303a
3c1816383c1816383c303c
2d0921352d092135350035
23071b2923071b29290029
070f1d19070f1d191d101d
1d271d011d271d01272027
241d0a15241d0a15243023
211c0912211c0912213021
2027160320271603272027
050d0d03050d0d030d100d
13060b1213060b12133012
32170e2d32170e2d323032
7058143e7058143e70306b
7e6112477e6112477e3078
603216506032165060305e
5222204e5222204e523055
3d14213e3d14213e3e0041
2d13132b2d13132b2d302f
251a0118251a0118253023
1d2013061d201306202020
283a3006283a30063a203a
2e49420d2e49420d49204a
1f3c3d141f3c3d143d103f
001d2c1d001d2c1d2c1029
20051a2720051a27270027
3d200f323d200f323d303b
59340b4259340b42593054
774b0755774b0755773071
895d015d895d015d893083
6b42074e6b42074e6b3066
29061d2e29061d2e2e002e
051d2513051d2513251022
0614180c0614180c181017
0f20210c0f20210c211022
1729270b1729270b29202a
1f332d091f332d09332033
273c3308273c33083c203c
2a3f34072a3f34073f203f
2539310725393107392039
22352e0922352e09352035
2036300a2036300a362036
2137310b2137310b372038
243d380d243d380d3d203e
26423e1026423e10422043
2243421522434215432046
193d411b193d411b411042
0c303c200c303c203c1039
0025382500253825381034
071f3529071f3529351033
061f3427061f3427341031
0221301f0221301f30102d
081d2413081d2413241022
0813140708131407141014
0607040106070401072007
04090a0504090a050a100a
141c1602141c16021c201c
262c1a08262c1a082c202c
3030161230301612302033
2e270c172e270c172e302d
2418001824180018243021
15040f1815040f18180018
0218261a0218261a261023
163f4821163f4821481047
1f56612c1f56612c611060
104c6036104c603660105d
0535533b0535533b53104f
1024463a1024463a461044
101d3c33101d3c333c103a
0d162f280d162f282f102d
0e0c201e0e0c201e201020
1201101712011017170017
170d0311170d0311173015
211f0d0d211f0d0d213021
292e1b0a292e1b0a2e202f
222c2002222c20022c202c
0f20210c0f20210c211022
090f1f1b090f1f1b1f101e
1c011e271c011e27270027
1a04222a1a04222a2a002a
1d3231121d323112322035
93863b3693863b36933090
ffb913a3ffb913a3ff30f6
ff8e55ffff8e55ffff3128
ff2ec4ffff2ec4ffff0139
d025ffffd025ffffff013f
8867ffff8867ffffff1132
3694ffe23694ffe2ff110e
058ee196058ee196e110ce
085d9665085d9665961089
20346c5c20346c5c6c1069
2f2767652f27676567106c
32286c6a32286c6a6c1071
2c2d6e672c2d6e676e1070
272b675f272b675f671068
26235a5526235a555a105b
25194b4b25194b4b4b004f
260f3c41260f3c41410042
2607303926073039390039
2701293527012935350035
2803243328032433330033
2703233127032331310031
2200222e2200222e2e002e
2000202a2000202a2a002a
1c011e271c011e27270027
1b011d251b011d25250025
1c0416221c041622220022
2414061c2414061c243022
2d2911132d2911132d302d
2f3521092f352109352035
2734270027342700342034
1827220718272207272027
0814160a0814160a161016
0601080906010809090009
0d0a01080d0a01080d300c
0402080804020808080008
12201e0812201e08202020
2238320a2238320a382038
1b3939131b39391339103c
002b3c27002b3c273c103a
16274a4116274a414a104b
1c29564f1c29564f561059
13254b4113254b414b104a
0714271e0714271e271024
0804000608040006083007
15051b2115051b21210021
1515333115153331331035
0c2644360c264436441042
012f4731012f4731471043
0325332103253321331031
0204060602040606060007
1433381914333819381038
20565e2c20565e2c5e1060
0e3a48280e3a4828481046
0809181508091815181016
0805020508050205083007
0207080302070803081007
030f130b030f130b131012
051a2314051a2314231020
082e3e22082e3e223e1039
0230483202304832481045
042f442d042f442d441041
143a401a143a401a40103f
06212a1706212a172a1028
18090c1b18090c1b1b001c
1e0f04151e0f04151e3019
2812081c2812081c283021
4c3106394c3106394c304b
5d3b0b495d3b0b495d305d
3b121f3c3b121f3c3c003e
190e292a190e292a2a002c
180c2a2a180c2a2a2a002b
1d0f37391d0f373939003a
1f153f411f153f41410044
1a1a3e3a1a1a3e3a3e103f
0d1e372e0d1e372e371036
0a1930250a19302530102c
1e031e271e031e27270027
3618143236181432363037
3f1a173a3f1a173a3f303f
3d18193a3d18193a3d303e
350e2138350e2138380039
33101b3633101b36360038
2206182822061828280028
030d1911030d1911191015
0b191d090b191d091d101a
142b2a11142b2a112b202e
1125250f1125250f251027
020f1609020f1609161011
0216221802162218221020
2306172a2306172a2a002a
645218306452183064305f
6a500c3e6a500c3e6a3065
58281c5058281c50583059
5e2c1c525e2c1c525e305d
51221f4a51221f4a513051
491e1d44491e1d4449304a
4b28113e4b28113e4b3049
492f0333492f0333493045
504518255045182550304e
4f532d174f532d17532056
3c4830083c483008482048
1a2a26081a2a26082a202a
0c0b1e1b0c0b1e1b1e101d
2f0c1f342f0c1f34340035
501e244e501e244e503053
7538216475382164753072
975b0f71975b0f71973091
905d0667905d066790308a
552f0f43552f0f43553051
1504191c1504191c1c001c
02141c1202141c121c101a
0a1f24110a1f2411241023
1227280f1227280f281029
1b302d0c1b302d0c302031
253b3309253b33093b203b
293d3307293d33073d203d
263a3006263a30063a203a
24372e0724372e07372037
23362f0823362f08362036
2439320924393209392039
2740390c2740390c402041
2846401028464010462047
2747431327474313472049
2141411521414115411044
1534391815343918391039
0a2b361d0a2b361d361033
0122332201223322331030
051a2d22051a2d222d102a
0318271c0318271c271024
0110191201101912191018
0107090501070905091008
0400040604000406060006
000a0e0a000a0e0a0e100e
0b1413060b141306142014
1c1f14051c1f14051f201f
2a250e132a250e132a3029
2f22031e2f22031e2f302d
2b160b242b160b242b302a
1f031b271f031b27270027
0b1b33290b1b3329331031
1345532b1345532b531051
235d672d235d672d671067
1a505e2e1a505e2e5e105c
0634482c0634482c481044
061f3427061f3427341031
0914272009142720271025
090c1b18090c1b181b101a
09040f1009040f10100010
0c0800080c0800080c300b
0f130d010f130d01132013
1720190217201902202020
2231280322312803312031
22362e0822362e08362036
142e3012142e3012301031
011d2d1f011d2d1f2d102a
180b282b180b282b2b002c
2204283222042832320032
0e14302c0e14302c301030
2a3b360b2a3b360b3b203c
6e581e346e581e346e3066
9146257c9146257c91308e
8d1175af8d1175afaf00af
7522abc27522abc2c200c4
5347c3bb5347c3bbc310c8
315dc3a3315dc3a3c310bb
1e5dae871e5dae87ae10a3
204a9074204a9074901089
2936796c2936796c791078
2f2a6d682f2a6d686d1070
2e2464622e246462641068
27245d5827245d585d105f
2120514c2120514c511052
1e1842401e184240421044
1d1035361d103536360038
1d07292f1d07292f2f002f
1e02222a1e02222a2a002a
1e011c271e011c27270027
2005182520051825250025
1e0516231e051623230023
1b0415201b041520200020
1803141d1803141d1d001d
1500151c1500151c1c001c
1500151c1500151c1c001c
19070f1b19070f1b1b001b
251c0516251c0516253023
30341e0c30341e0c342035
3040300030403000402040
263c340a263c340a3c203c
152c2d10152c2d102d102e
021620140216201420101d
1003161910031619190019
1c07121f1c07121f1f001f
18031c2318031c23230023
0320332403203324331030
103a4624103a4624461044
14414c2514414c254c104a
0d3947270d394727471045
09303d2409303d243d103c
0721291707212917291028
0709070107090701092009
090d1b19090d1b191b101c
1416343014163430341034
1f1741411f174141410044
221c4c4a221c4c4a4c104f
1c24524a1c24524a521052
16234a4116234a414a1049
170a252a170a252a2a002b
1d2115051d211505212021
274c491a274c491a4c2050
2954531e2954531e542059
13292b0f13292b0f2b102b
0604020406040204063005
0808020408080204082008
030c0f08030c0f080f100e
07191f0f07191f0f1f101d
08242e1a08242e1a2e102c
103d4825103d4825481047
083e5432083e543254104f
0c2344390c234439441042
04253c2b04253c2b3c1038
0224321c0224321c32102d
1904152019041520200020
281d021d281d021d283029
190f030b190f030b193012
1f1201101f1201101f3018
402a0430402a043040303f
4221163f4221163f423047
2704233027042330300030
1112292411122924291028
0b20372c0b20372c371036
161638361616383638103a
190e3132190e3132320033
0e1028240e102824281027
0614241a0614241a241020
13091d1f13091d1f1f0020
2a0e122a2a0e122a2a002c
3516153035161530353034
37151b3737151b3737003a
37082d4237082d42420042
4113254741132547470049
411e153a411e153a413041
2301232b2301232b2b002b
09233d2f09233d2f3d103a
032c4332032c4332431042
0d152d250d152d252d102a
0b162d220b162d222d1028
022a3e2e022a3e2e3e103e
29081b2e29081b2e2e002e
5c490e2f5c490e2f5c3056
5a3112495a3112495a3057
5c1e2e605c1e2e60600064
7035205f7035205f70306c
6027265960272659603061
5a1f2c595a1f2c595a305e
642d2059642d2059643063
6a3916556a3916556a3066
754f014f754f014f75306f
7c5d0e497c5d0e497c3076
6f550f416f550f416f306b
523e0c30523e0c3052304e
2c2914112c2914112c302c
0117231701172317231020
2d022b3c2d022b3c3c003c
5b2327575b2327575b305d
8a50146a8a50146a8a3084
a16e016ea16e016ea1309b
825902578259025782307c
3d210b2f3d210b2f3d3039
03131f1703131f171f101d
061c2414061c2414241022
0f2529110f252911291028
172d2d0f172d2d0f2d102f
2138330c2138330c382039
253b3309253b33093b203b
263a3208263a32083a203a
2439320924393209392039
2137310b2137310b372038
223b360d223b360d3b203c
27433d0f27433d0f432044
2a4944112a49441149204a
294843122948431248204a
23423f1223423f12422044
1b3737131b37371337103a
132e3114132e3114311032
0b262d160b262d162d102b
011b291b011b291b291026
0613241d0613241d241022
0d0719190d071919190019
0f0509110f050911110011
0d0901070d0901070d300b
0a0a06020a0a06020a200a
0e0d06050e0d06050e300d
1814060c1814060c183017
2319031523190315233020
2a19041f2a19041f2a3027
2a1110272a1110272a302a
2100212c2100212c2c002c
0d1d392f0d1d392f391037
1144552e1144552e551052
255a6128255a6128611062
204d5221204d5221521053
0f2f371b0f2f371b371036
0319231503192315231020
010e1710010e1710171015
04050c0b04050c0b0c100c
0604000406040004063005
090f0d03090f0d030f200f
0c1716070c171607172018
12201e0812201e08202020
1f322b081f322b08322032
253b3309253b33093b203b
1f38350e1f38350e382039
0d2b33190d2b3319331031
0b172f270b172f272f102d
1d0b2f331d0b2f33330034
200d3439200d343939003a
101b3a33101b3a333a1039
07212d1b07212d1b2d102a
150e030c150e030c153012
1913353519133535350038
1930635419306354631060
184480661844806680107a
154f8d6d154f8d6d8d1086
164e8c6c164e8c6c8c1085
1c4280681c42806880107b
25316f6325316f636f106e
2a235e5b2a235e5b5e1061
291b5151291b5151510055
221948472219484748104b
1e143c3c1e143c3c3c003f
1b0d2f311b0d2f31310032
1809262918092629290029
1a031e251a031e25250025
1b0119231b011923230023
1b0415201b041520200020
1b080f1c1b080f1c1c001d
18090a1718090a17183018
14070a1314070a13143014
10030c1310030c13130013
0f000f140f000f14140014
0f000f140f000f14140014
1509071315090713153015
25230f0f25230f0f253026
343f2a07343f2a073f203f
364c3c04364c3c044c204c
29453f0f29453f0f452046
1431361714313617361036
021c2c1e021c2c1e2c1029
150c2728150c2728280029
2501273325012733330033
26052e3926052e39390039
141d3e37141d3e373e103e
04364c3004364c304c1048
103e4c28103e4c284c1049
10343c1e10343c1e3c103c
0f23250f0f23250f251026
0e0d06050e0d06050e300d
090e1d1a090e1d1a1d101d
0821382b0821382b381036
0e2646380e264638461043
18234c4318234c434c104b
1f204f4a1f204f4a4f1050
1f204f4a1f204f4a4f1050
20123a3e20123a3e3e0040
2b1a03202b1a03202b3029
3248380632483806482048
305750193057501957205a
27433d0f27433d0f432044
1419120314191203192019
0203060702030607070007
0100010201000102020002
0512170c0512170c171015
0a2630180a26301830102c
09303f2609303f263f103d
113e4b28113e4b284b1049
1647522516475225521050
022a422e022a422e42103e
12112e2f12112e2f2f0031
0817281d0817281d281025
0f0819180f081918191019
2e2102232e2102232e3030
2c25081b2c25081b2c302d
140d0605140d060514300d
140c0408140c040814300e
27130f2527130f25273029
2f09293d2f09293d3d003d
240d383f240d383f3f0040
101f3a31101f3a313a1039
0f1429240f142924291029
120a2222120a2222220023
130b2727130b2727270028
11122d2a11122d2a2d102d
140e2828140e282828002a
240e0e22240e0e22243024
28120c2028120c20283024
2604202e2604202e2e002e
2c0736432c073643430043
47132b4d47132b4d4d004f
582b1c4d582b1c4d583058
3c013c4f3c013c4f4f004f
1e27544f1e27544f541058
1c1c44401c1c4440441045
1f0d37351f0d3735371036
12274e4112274e414e104b
132a4f46132a4f464f1051
3d171b373d171b373d303b
57310f3f57310f3f57304f
500c3c62500c3c62620062
6a1b40736a1b4073730076
813b2b71813b2b7181307f
71243d7471243d74740079
701e4278701e427878007b
7d3133757d3133757d307e
833b2b73833b2b73833081
944c247a944c247a94308f
a65b2085a65b2085a630a1
aa5c2088aa5c2088aa30a4
9a5718799a5718799a3095
7d5401547d5401547d3076
4f49211f4f49211f4f304f
0f2429140f242914291029
310b2137310b2137370038
693c0f50693c0f50693064
986d0a61986d0a61983091
9a78185a9a78185a9a3096
634b0d39634b0d3963305e
0910211c0910211c211020
0018241800182418241021
0a2228140a222814281027
132b2d11132b2d112d102e
1d35330f1d35330f352037
2139350d2139350d39203a
223a340c223a340c3a203b
223a340c223a340c3a203b
2139350d2139350d39203a
233e3b10233e3b103e2040
2645421326454213452047
284a4614284a46144a204c
2747431327474313472049
24403c1024403c10402041
1f37330d1f37330d372038
1a2d2a0b1a2d2a0b2d202e
1628260a1628260a282029
0e22240e0e22240e241024
011621160116211621101f
10061a1c10061a1c1c001c
1d09111f1d09111f1f0020
210f0d1f210f0d1f213022
1e0c0c1c1e0c0c1c1e301e
1c0a0c1a1c0a0c1a1c301b
200e0a1c200e0a1c20301f
26120a2026120a20263024
29120d2429120d24293028
270c1528270c1528280029
1e03222b1e03222b2b002b
0b1c332a0b1c332a331032
133e4924133e4924491047
2951511b2951511b511055
2745411127454111452047
1828240818282408282028
0d1411020d141102142014
090d0b01090d0b010d200d
0101010101010101010001
060b0a03060b0a030b200b
0913130709131307131014
0c1716070c171607172018
131e1904131e19041e201e
2430240024302400302030
2e3c2c022e3c2c023c203c
2e3f30012e3f30013f203f
2239340b2239340b39203a
0928331c0928331c331030
1017322d1017322d321032
1c1034361c103436360038
1a1032341a103234340036
17041d2417041d24240024
18180c0818180c08182019
16363a1816363a183a103b
0f495d350f495d355d105a
0652744a0652744a74106e
01547f5601547f567f1078
0a4d7e5b0a4d7e5b7e1077
153e715a153e715a71106d
202a5e54202a5e545e105d
25194b4b25194b4b4b004f
24113e4124113e41410043
1e1036381e10363838003a
1c0a2c301c0a2c30300031
1b0523291b052329290029
18031c2318031c23230023
1700171e1700171e1e001e
1603121b1603121b1b001b
18090a1718090a17183018
170d0311170d0311173015
130f030b130f030b133012
0d0901070d0901070d300b
0601040706010407070007
0601080906010809090009
0701090b0701090b0b000b
100b000b100b000b10300f
2428180824281808282028
3748350237483502482048
3c5848083c584808582058
2d504b142d504b14502052
1439421f1439421f421040
03253b2903253b293b1037
1518393415183934391039
270b373f270b373f3f003f
2e0738452e073845450045
2016424220164242420045
092c4b38092c4b384b1047
063142290631422942103f
0a2228140a222814281027
0d0f09030d0f09030f200f
0c0716170c071617170018
061d3025061d302530102f
022b422d022b422d42103e
03304b3403304b344b1046
0c2b4c3b0c2b4c3b4c1049
1523493f1523493f491048
191b413d191b413d411042
24051c2d24051c2d2d002d
3a452e093a452e09452045
3c69621d3c69621d69206c
235359272353592759105b
102c3216102c3216321031
050c0d04050c0d040d100c
0001000100010001010001
040a0a04040a0a040a100a
0a1a1c0c0a1a1c0c1c101c
1535391715353917391039
133e4b26133e4b264b1048
0c36462a0c36462a461044
173e431c173e431c431044
1435381514353815381039
070b1919070b191919001b
0903050b0903050b0b000b
080a0408080a04080a200c
0d0a01060d0a01060d300b
3027022330270223303034
2e1f06252e1f06252e3030
1909071319090713193015
1009161510091615161016
1911313319113133330035
2a0d424b2a0d424b4b004c
280c3e46280c3e46460047
2204283022042830300030
15091f2115091f21210022
0e1124210e112421241025
0d152d270d152d272d102c
150e2d2c150e2d2c2d102e
2e12162e2e12162e2e0031
2f0f192f2f0f192f2f0031
200b2c33200b2c33330034
1e1032361e103236360038
370b293d370b293d3d003d
521e2852521e2852520057
4504496245044962620062
2f154d552f154d55550057
2a06363c2a06363c3c003c
1d1b473f1d1b473f471044
113a6554113a6554651066
29184d5029184d50500053
4d1f23454d1f23454d304b
4d0d39594d0d3959590059
4b09536f4b09536f6f006f
6d24356a6d24356a6d306f
78342c6a78342c6a783076
6b154d7d6b154d7d7d007e
7b1f4d877b1f4d8787008a
8c3838828c3838828c308d
8b3837808b3837808b308b
973c3d8c973c3d8c973098
b04c3ea0b04c3ea0b030b1
c45d3aabc45d3aabc430c2
ca6d28a3ca6d28a3ca30c4
c2830283c2830283c230b9
9d862b4c9d862b4c9d309a
4e5430124e543012542055
03121f1803121f181f101e
42240c3442240c3442303f
7d5f11497d5f11497d3077
9d872b4f9d872b4f9d309c
7f71293b7f71293b7f307f
170b2729170b272929002a
0c1328230c132823281027
001d2c1d001d2c1d2c1029
0c2830180c28301830102e
1632341416323414341035
1c3634101c363410362038
2138330c2138330c382039
243a340a243a340a3a203a
243d380d243d380d3d203e
2443401324434013432045
244746172447461747204a
264846162648461648204b
2544411225444112442046
233c370e233c370e3c203d
1f342f0a1f342f0a342034
1b2c27081b2c27082c202c
1828240818282408282028
1627240916272409272028
0b1d1f0d0b1d1f0d1f101f
060c1814060c1814181017
1802161e1802161e1e001e
260b1629260b162929002a
2c0d1a2f2c0d1a2f2f0030
2b0a1d302b0a1d30300031
2d0d192f2d0d192f2f0030
2f11152d2f11152d2f3030
2d0f172d2d0f172d2d002f
2a0a1a2e2a0a1a2e2e002f
2001202b2001202b2b002b
0a1428220a142822281027
1633361516333615361037
2e463a082e463a08462046
2e3b2a032e3b2a033b203b
2122130a2122130a222023
1712050c1712050c173015
130f030b130f030b133012
0802040808020408080008
050c0b04050c0b040c200c
0d120d000d120d00122012
12140c0412140c04142014
1a190c091a190c091a301a
2b2b150f2b2b150f2b202d
3a3b1e133a3b1e133b203d
4044261240442612442046
3b4831083b483108482048
263c340a263c340a3c203c
0825301b0825301b30102d
0b1429240b142924291029
13061b2013061b20200020
1914050e1914050e193018
1f37330d1f37330d372038
20535c2920535c295c105c
185e743e185e743e741070
0f5e7d4a0f5e7d4a7d1077
07597d4f07597d4f7d1077
024c724e024c724e72106c
0c3860480c38604860105b
16224a4016224a404a1048
1e1138391e11383939003b
1f092d331f092d33330033
1b08272c1b08272c2c002c
1a031e251a031e25250025
1800182018001820200020
1602141c1602141c1c001c
1503111915031119190019
15050d1715050d17170017
1910011219100112193018
1715090917150909173016
11150f0111150f01152015
060c0c04060c0c040c100c
0401060704010607070007
0703030707030307070007
0604000406040004063005
070b0901070b09010b200b
1f2b21011f2b21012b202b
374f3f05374f3f054f204f
4063540d4063540d632063
335b5517335b55175b205d
19444d2219444d224d104c
0231482f0231482f481043
1223463b1223463b461044
2414424424144244440046
2f0a3f4a2f0a3f4a4a004a
2b10434a2b10434a4a004b
191f4741191f4741471048
0d1b352d0d1b352d351034
0807121108071211121012
01080d0a01080d0a0d100c
0417261d0417261d261025
0124372601243726371034
042e4028042e402840103c
0835462908354629461043
032f432b032f432b43103f
06243c2c06243c2c3c1038
0e142c280e142c282c102c
2720091627200916273026
4a715e0d4a715e0d712071
428686304286863086108e
0f495f390f495f395f105c
10142e2810142e282e102c
1101131711011317170017
0c010e110c010e11110011
02111c1302111c131c1019
07222d1a07222d1a2d102a
163c421e163c421e421043
1b484d201b484d204d104e
0e313c210e313c213c103b
11272b1311272b132b102b
2230240222302402302030
10120c0410120c04122012
0917150309171503172017
0808161608081616160017
1a0f0a1d1a0f0a1d1d0020
0601080706010807081007
31141b3831141b3838003b
411823464118234646004a
2405263124052631310031
062230200622302030102e
0a1f382b0a1f382b381035
240b3a41240b3a41410041
3a0c2c463a0c2c46460047
2d0525372d052537370037
140b2223140b2223230024
0419281b0419281b281024
091a3126091a312631102e
3009243930092439390039
3b0c29443b0c2944440045
2907333f2907333f3f003f
1f092d311f092d31310031
26062e3426062e34340034
3a03324b3a03324b4b004b
3c03344f3c03344f4f004f
3108273831082738380038
23042f3223042f32320032
0c365c480c365c485c105a
0e3a604e0e3a604e601061
2e01303b2e01303b3b003b
3d0f293f3d0f293f3f0040
3315515d3315515d5d005f
4601466146014661610061
6435164d6435164d64305d
5620265056202650563056
4b014b674b014b67670067
6d2239706d223970700075
803e246c803e246c80307c
7830327078303270783079
7e2842807e284280800086
993943939939439399309d
b95639a2b95639a2b930b7
d47822a6d47822a6d430cc
ebab1393ebab1393eb30e1
ddc24566ddc24566dd30db
8b89432f8b89432f8b3090
2a3424022a342402342034
1e0d0a1b1e0d0a1b1e301d
5d4b13315d4b13315d3059
9284324292843242923093
948a3840948a3840943098
29022b3829022b38380038
1a0b2a2d1a0b2a2d2d002e
0b172d250b172d252d102b
0323311f0323311f31102e
0f2c33180f2c3318331032
1831321118313211321033
1e35320d1e35320d352036
223b360d223b360d3b203c
25433f1125433f11432045
264846162648461648204b
244746172447461747204a
2444421424444214442046
24403c1024403c10402041
2138330c2138330c382039
1e312c091e312c09312031
1b2c27081b2c27082c202c
1828240818282408282028
1828240818282408282028
1221200912212009212022
04141a0e04141a0e1a1018
0b0a19180b0a191819101a
1b001b241b001b24240024
28071e2f28071e2f2f002f
2e0822362e082236360036
340e2038340e2038380039
37121d3837121d3838003a
350e1f38350e1f38380039
310d1d35310d1d35350036
2709192b2709192b2b002b
1106191c1106191c1c001c
1222200a1222200a222023
2f3723092f372309372037
3632161636321616363036
2b20051a2b20051a2b3029
211501172115011721301f
1c1404101c1404101c3019
0c0a04060c0a04060c300b
0703030707030307070007
160b0613160b0613163015
1f10071a1f10071a1f301e
2616041c2616041c263023
3426061e3426061e343030
4338112243381122433041
4f471b234f471b234f304f
54552a1d54552a1d552059
464f300f464f300f4f2050
2634280226342802342034
0a16160a0a16160a161018
0709070107090701092009
122c3014122c3014301030
1c515c2b1c515c2b5c105b
1f67793d1f67793d791077
196983471969834783107e
12617e4912617e497e1079
0d5673440d56734473106d
0845603b0845603b60105a
02304a3202304a324a1045
0c1c362c0c1c362c361034
150c2728150c2728280029
18041e2418041e24240024
16021a2016021a20200020
1602141c1602141c1c001c
15040f1815040f18180018
14040e1614040e16160016
13040d1613040d16160016
1509071315090713153015
1b18090c1b18090c1b301a
191f1503191f15031f201f
111c1906111c19061c201c
0312190e0312190e191016
0b0513150b051315150015
15050d1715050d17170017
1508091415080914153015
0609141106091411141013
152c2d10152c2d102d102e
31534b1131534b11532054
406a5e14406a5e146a206b
37645f1a37645f1a642067
2150572421505724571057
0a3e52300a3e523052104e
0a2c4c3a0a2c4c3a4c1048
1d1b45411d1b4541451046
2a0f40472a0f4047470048
2c0d40492c0d404949004a
23103b4023103b40400041
1f01212b1f01212b2b002b
1c1604101c1604101c301b
11201f0a11201f0a202021
07242f1c07242f1c2f102d
0327372303273723371034
082d3c23082d3c233c1039
0f333d1f0f333d1f3d103b
0e2d34190e2d3419341033
0a2126130a212613261026
000a0e0a000a0e0a0e100e
24382e0624382e06382038
57907d1a57907d1a902092
53998f2953998f2999209e
1241502b1241502b50104d
17021d2217021d22220022
1806101a1806101a1a001a
1200121812001218180018
04192a1d04192a1d2a1026
042f442b042f442b44103f
09394d3109394d314d104b
133e4722133e4722471046
112c2f12112c2f122f102f
0c16180a0c16180a181018
1a2018021a201802202020
161d1405161d14051d201d
1211040b1211040b123014
1b1d0b0f1b1d0b0f1d2020
070903050709030509200a
1b2919071b291907292029
051e2f22051e2f222f102d
400d3251400d3251510052
4a172e554a172e55550058
20092c3120092c31310031
06282e1606282e162e102d
011f2b1d011f2b1d2b102a
2806223228062232320032
340e263e340e263e3e003f
2c042a3a2c042a3a3a003a
1515332f1515332f331033
08273e2d08273e2d3e103b
25062b3625062b36360036
340a243c340a243c3c003c
2c0428382c042838380038
25022b3425022b34340034
1c153a391c153a393a103c
27062b3a27062b3a3a003a
311b0927311b092731302f
24140c1a24140c1a243020
0c2240320c22403240103c
0048684c0048684c681068
161f443d161f443d441044
2a0e18262a0e18262a3028
1b1031321b103132320034
15274b4515274b454b104f
3d14213e3d14213e3e0041
563b0237563b0237563050
3a092c453a092c45450045
330c4150330c4150500050
58291a4b58291a4b583055
653b0f4b653b0f4b65305f
5b202b5a5b202b5a5b305f
62173e6b62173e6b6b006d
7a293c797a293c797a307f
9c4830889c4830889c3099
c6771493c6771493c630bd
fbc52b8dfbc52b8dfb30f2
fff5676dfff5676dff310c
bcbe603cbcbe603cbe20c7
4f5631124f563112562057
00080c0800080c080c100b
3e330e1f3e330e1f3e303b
7e712a397e712a397e307e
9f8e334a9f8e334a9f30a0
480d3453480d3453530054
34032e4134032e41410041
1c0d2e311c0d2e31310032
081b3025081b302530102d
0624301c0624301c30102d
102b3015102b301530102f
1934351219343512351037
203d3c13203d3c133d203f
254745152547451547204a
274b4917274b49174b204e
2345451723454517451048
21403f1421403f14402043
213b370f213b370f3b203c
1f342f0a1f342f0a342034
1e2f28071e2f28072f202f
1c2c26061c2c26062c202c
1a2924071a292407292029
1827220718272207272027
14221e0614221e06222022
0d1b1b090d1b1b091b101c
03151d1103151d111d101b
0c0c1e1c0c0c1e1c1e101e
1b0421281b042128280028
2602243226022432320032
330c2138330c2138380039
39111f3b39111f3b3b003d
370f213b370f213b3b003c
3714193637141936373039
31180d2a31180d2a313030
1b0d07171b0d07171b301a
090c0900090c09000c200c
2b250d152b250d152b302a
382b0821382b0821383036
3322012233220122333030
2a1d021b2a1d021b2a3027
221f0c0f221f0c0f223022
1219140112191401192019
040d1813040d1813181017
1900192219001922220022
280b182b280b182b2b002c
3216122e3216122e323032
3e25062d3e25062d3e303a
4a35062d4a35062d4a3045
5848142e5848142e583055
665c242c665c242c663065
605d2a25605d2a25603064
45411b1b45411b1b453046
221502172215021722301f
06192a1f06192a1f2a1027
0d4255300d425530551051
1a637a411a637a417a1076
1d6f89491d6f8949891084
196a8548196a8548851080
145c7642145c7642761071
0f4a5f360f4a5f365f105b
0c3846260c384626461043
0a2730190a27301930102e
041820120418201220101e
040a1410040a1410141012
0a0310110a031011110011
0d010f130d010f13130013
12040c1412040c14140014
1307091313070913130014
1105091111050911110011
0f05070f0f05070f0f000f
130f030b130f030b133012
1b2015041b201504202020
1b2923051b292305292029
1126291011262910291029
001b281b001b281b281026
120b2223120b2223230024
2006182620061826260026
240b1425240b1425250026
15071f2315071f23230023
072a3720072a3720371034
2852521c2852521c521056
3d6c651a3d6c651a6c206f
3a6c681e3a6c681e6c2070
275b6127275b6127611063
1246562e1246562e561053
0131493101314931491045
0f203f340f203f343f103d
1b1337371b13373737003a
210a2f36210a2f36360036
2001222d2001222d2d002d
2516051c2516051c253023
282e1c08282e1c082e202e
1f352f0b1f352f0b352036
112e3318112e3318331033
0929351d0929351d351032
0b2b351d0b2b351d351033
0f2a2f160f2a2f162f102f
1323210913232109232024
15170d0515170d05172017
0c0616160c061616160016
1b4851261b485126511051
5294882652948826942098
5c927a145c927a14922093
26392e0326392e03392039
0102010001020100022002
0704030607040306073007
06020a0c06020a0c0c000c
0a2024100a202410241023
1b43491d1b43491d491049
0f3c4f2e0f3c4f2e4f104b
02273c2902273c293c1038
051e2714051e2714271024
0514190c0514190c191017
0a181c0e0a181c0e1c101b
0d1f1f0b0d1f1f0b1f1020
0f0615140f061514151014
2e15142f2e15142f2f0033
2b0a23382b0a2338380038
0124332201243322331031
163b3611163b36113b203d
0d1527210d152721271027
3b171f3f3b171f3f3f0043
3c1722433c172243430046
110f2725110f2725271027
0e1f1a050e1f1a051f201f
030e0f04030e0f040f100e
1209222312092223230024
2d0235442d023544440044
2d0b3f4b2d0b3f4b4b004b
171f433b171f433b431042
1d0521291d052129290029
220c1020220c1020223022
1c031a231c031a23230023
1c06242c1c06242c2c002c
11152d2b11152d2b2d102f
1a090e1b1a090e1b1b001c
2b2a0d102b2a0d102b302c
1a0322251a032225250025
0045624700456247621063
063c5a44063c5a445a105a
20031e2520031e25250025
1f0a131e1f0a131e1f301f
0326392c0326392c39103a
061f3227061f3227321031
2e2102192e2102192e3029
3b2901253b2901253b3037
23092f3b23092f3b3b003b
28022a3828022a38380038
4731012b4731012b473041
472b0733472b0733473042
3e0d2a473e0d2a47470048
480d3453480d3453530054
5b1d2f5b5b1d2f5b5b005f
7839226778392267783075
a973056fa973056fa9309f
eed65468eed65468ee30ed
ffff9353ffff9353ff2125
d4e78237d4e78237e720ed
6b73411b6b73411b732076
181c1204181c12041c201c
221a0612221a061222301f
62531a2f62531a2f62305f
957b214f957b214f953092
702040767020407676007a
5a1836605a183660600062
3b0631483b063148480048
1e0d30331e0d3033330034
081a2e24081a2e242e102c
07242f1a07242f1a2f102c
1633361516333615361037
1f3f3f151f3f3f153f1042
264948172649481749204c
274c4b18274c4b184c204f
2144451821444518451048
1d3c3d161d3c3d163d103f
1b3433101b343310342036
1c2f2a091c2f2a092f202f
1e2c24041e2c24042c202c
1f2c23021f2c23022c202c
1e2b22031e2b22032b202b
1a2620041a262004262026
17221d0417221d04222022
131f1b05131f1b051f201f
0e1e1e0a0e1e1e0a1e101f
03171f1303171f131f101d
0b0e1f1c0b0e1f1c1f101f
17061f2417061f24240024
25071b2b25071b2b2b002b
2e0e1a302e0e1a30300032
310f1b33310f1b33330035
381a1232381a1232383038
3b26032a3b26032a3b3038
2c22061a2c22061a2c302a
0c0b04050c0b04050c300c
1912011019120110193018
302202203022022030302e
3627042336270423363034
322a0e18322a0e18323030
292e1d08292e1d082e202e
192a2508192a25082a202a
041d2617041d2617261025
120c2424120c2424240025
25041f2e25041f2e2e002e
3615163336151633363037
4327093343270933433040
4d3503314d3503314d3048
5a4812305a4812305a3056
6a5d20316a5d20316a3069
6e6224326e6224326e306e
5a4710315a4710315a3056
3313173133131731333034
0e2444360e244436441040
0d526d400d526d406d1068
1b6e894a1b6e894a891084
1a708e4e1a708e4e8e1088
1464824a1464824a82107c
0d516b3f0d516b3f6b1066
08384c2e08384c2e4c1048
0926311a0926311a31102e
0d1a19080d1a19081a201b
0f1109050f110905112011
0e0b02090e0b02090e300e
0908030409080304093008
0205060302050603061005
0702050807020508080008
0d07030b0d07030b0d300d
0d07030b0d07030b0d300d
0c0902070c0902070c300b
11150f0111150f01152015
1927210519272105272027
1c34320e1c34320e342035
12333a1b12333a1b3a1039
0124372601243726371034
15112f2d15112f2d2f1030
2803243328032433330033
310c1f36310c1f36360037
2403283324032833330033
06243c2c06243c2c3c1038
1e4d56251e4d5625561055
376c6b22376c6b226c2071
3a716e233a716e23712076
2c6062242c606224621066
1b464d221b464d224d104d
0d2f391d0d2f391d391037
05212b1905212b192b1029
031421180314211821101f
0b0615160b061516160016
130a0510130a0510133012
2025160720251607252025
2b3d2f032b3d2f033d203d
2841380b2841380b412041
1b3433101b343310342036
122c3014122c3014301030
10292e1510292e152e102e
0d1e210e0d1e210e211021
0f140f000f140f00142014
1207081112070811123012
081c3226081c322632102f
1755693917556939691066
3e8184333e81843384108a
476f5f0f476f5f0f6f2070
2a2912132a2912132a302d
1501151d1501151d1d001d
1408081414080814140015
0e0900070e0900070e300b
1b1d0f071b1d0f071d201d
3f50350a3f50350a502050
3753470937534709532053
0824342208243422341031
0f0b21210f0b2121210022
05131f1505131f151f101c
051c2516051c2516251023
0419241704192417241021
051421160514211621101d
1a0d2a2b1a0d2a2b2b002c
3601384d3601384d4d004d
2f073f4f2f073f4f4f004f
071c2f24071c2f242f102d
0f1a0f060f1a0f061a201a
0105010301050103052005
1d0f0b1d1d0f0b1d1d0020
1f081d2c1f081d2c2c002c
0e061c1c0e061c1c1c001c
0313150903131509151015
0e2b2c110e2b2c112c102e
0c1d342d0c1d342d341035
26042c3a26042c3a3a003a
1a092a2d1a092a2d2d002d
1a08121c1a08121c1c001d
1b0b0d191b0b0d191b301b
14081e2214081e22220022
16061c2416061c24240024
0c0412140c041214140014
1613020916130209163015
27150b1f27150b1f273025
152a4f46152a4f464f1051
0346654c0346654c651067
1010282410102824281027
1715050517150505173015
020c1410020c1410141014
0d292f1b0d292f1b2f1031
03070f0b03070f0b0f100d
1c2012021c201202202020
180b0615180b0615183017
0d0f21230d0f2123230026
201108192011081920301e
342e0e16342e0e16343032
2c140e282c140e282c302c
2a012a392a012a39390039
36082a4036082a40400040
4415244544152445450048
5c30124a5c30124a5c3058
8e7522498e7522498e3089
dae17443dae17443e120ea
ffffa145ffffa145ff2129
ecf6824aecf6824af62100
9790433a9790433a97309b
3f3819183f3819183f303c
0502030605020306060006
41330d2141330d2141303c
75580f4475580f4475306f
8a30448a8a30448a8a0092
7d2e397a7d2e397a7d3082
611f3363611f3363630067
3e0a2e483e0a2e48480048
1e0a2c301e0a2c30300031
051c2f22051c2f222f102c
0f30391c0f30391c391037
1c3f42191c3f4219421043
254a4918254a49184a204d
274b4917274b49174b204e
2243421522434215432046
1d3837121d38371238203a
182d2c0d182d2c0d2d202e
1a2924071a292407292029
1c2820021c282002282028
212b1f01212b1f012b202b
222c2002222c20022c202c
1e271c011e271c01272027
19231b0119231b01232023
17221d0417221d04222022
1524210815242108242024
0d1f210d0d1f210d211021
02141c1202141c121c101a
080b1815080b1815181017
1401161b1401161b1b001b
2006182620061826260026
2b0c192e2b0c192e2e002f
391c0f30391c0f30393037
442f022d442f022d443041
40320a2440320a2440303d
261f0815261f0815263025
0303010103030101032003
1c1402121c1402121c301a
31290b1b31290b1b313031
39391b1539391b1539203c
33402d0433402d04402040
2239340d2239340d39203a
0c272e170c272e172e102d
0715251d0715251d251023
18031c2318031c23230023
2b1211282b1211282b302b
3d28012a3d28012a3d303a
48380c2848380c28483044
5348192653481926533051
6259242962592429623061
6a5e22306a5e22306a3069
5c450a375c450a375c3058
3910213c3910213c3c003e
112c5342112c534253104f
0e5c7c4a0e5c7c4a7c1076
1b73914f1b73914f91108b
186f8e4f186f8e4f8e1088
0e5b7a490e5b7a497a1074
05415d3b05415d3b5d1057
03253b2903253b293b1037
03131f1703131f171f101d
0308090403080904091008
0d05050d0d05050d0d000d
170a0916170a0916173018
1a0e06161a0e06161a301a
150c0310150c0310153014
0904030809040308093008
0103030101030301031003
0708050207080502082008
0a0f0c010a0f0c010f200f
0f1b19070f1b19071b201b
182d2c0d182d2c0d2d202e
1f3f3f151f3f3f153f1042
1840482018404820481047
022e442c022e442c44103f
161a3e38161a3e383e103d
2e0434422e043442420042
3d0d29453d0d2945450046
33042d4033042d40400040
151b3d37151b3d373d103d
1146572e1146572e571053
316a6d28316a6d286d1071
396f6d23396f6d236f2074
305b581b305b581b5b205e
223d380f223d380f3d203e
1a261e021a261e02262026
1b1c0f081b1c0f081c201d
1713050d1713050d173017
0e05060d0e05060d0e300d
010d110b010d110b111011
1728230817282308282028
2c3f30032c3f30033f203f
3242300232423002422042
2b392b012b392b01392039
22322a0622322a06322032
1729270b1729270b29202a
0a16180a0a16180a181018
0406060204060602061006
020c140e020c140e141012
0c3442240c34422442103f
2263723722637237721071
2c6a74342c6a7434741076
2344451623444516451047
1411060b1411060b143014
1202161c1202161c1c001c
2214061c2214061c223022
1d1503111d1503111d301b
1d14030e1d14030e1d3018
4949231b4949231b49204d
6070441860704418702072
2c433a0b2c433a0b432043
12051e2512051e25250025
1305191d1305191d1d001d
0720271207202712271024
051f2d1b051f2d1b2d1029
08162a2408162a242a102a
081d2c21081d2c212c102b
1119312911193129311030
2605343f2605343f3f003f
300f243d300f243d3d003e
190d0715190d0715193018
0c0906110c090611110013
1110010e1110010e113015
060c1a16060c1a161a1019
21022b3621022b36360036
2208323a2208323a3a003a
002f422b002f422b42103f
04252c1b04252c1b2c102d
0f06030c0f06030c0f300d
0503030305030303053004
0b030b0d0b030b0d0d000d
16031c2316031c23230023
170d292d170d292d2d002e
1f0813221f081322220022
180b0c15180b0c15183017
1c021c221c021c22220022
26133e4526133e45450047
1437605314376053601063
0e1f3c330e1f3c333c103b
1c1d0a071c1d0a071d201d
0c100a020c100a02102010
10211e0d10211e0d212023
0e1d1c0b0e1d1c0b1d201f
070a0502070a05020a200a
1110050611100506113011
090c191a090c191a1a001c
0e06161a0e06161a1a001a
231e090e231e090e233021
271b0117271b0117273023
1f0425301f042530300030
2807323d2807323d3d003d
3407283d3407283d3d003d
3b131d3b3b131d3b3b003d
4e3006384e3006384e3049
82752a3982752a39823082
d7d5634bd7d5634bd730e1
ffff796bffff796bff311f
fffb6a77fffb6a77ff3115
ceba4c58ceba4c58ce30cd
6761292767612927673068
14170e0314170e03172017
2319031523190315233020
4d3403304d3403304d3046
9236428e9236428e923097
933d3989933d3989933095
8336337a8336337a833085
65252f6365252f63653069
410c2f4a410c2f4a4a004a
1e1034361e103436360038
01293d2901293d293d1039
133b4521133b4521451043
2147491b2147491b49104b
254745152547451547204a
24403c1024403c10402041
1e35320d1e35320d352036
1729270b1729270b29202a
15231f0715231f07232023
19231b0119231b01232023
21291d0321291d03292029
242c1e04242c1e042c202c
21281b0421281b04282028
1e251a031e251a03252025
1c271e011c271e01272027
1a2822061a282206282028
1324230a1324230a242025
08181c0e08181c0e1c101b
030d1711030d1711171015
0a0b1a170a0b1a171a1019
15061d2215061d22220022
25071b2b25071b2b2b002b
371b0f2f371b0f2f373036
4933032f4933032f493045
4c3b0c2b4c3b0c2b4c3049
3b2e09223b2e09223b3039
1f1703131f1703131f301d
0103030101030301031003
2323110d2323110d232025
3c43280f3c43280f432044
4051380540513805512051
2e4436062e443606442044
182b280b182b280b2b202c
09181b0c09181b0c1b101a
0508110e0508110e111010
180c0614180c0614183017
2f270b192f270b192f302e
3f3b19193f3b19193f3040
484722194847221948304b
5453281d5453281d543057
5c5422265c5422265c305c
523c0832523c083252304e
340a263c340a263c3c003c
0c355c450c355c455c1057
1164854e1164854e85107e
1a7392511a73925192108c
166a884c166a884c881082
0b506d420b506d426d1067
03304b3403304b344b1046
0c142a240c142a242a1029
0d010f130d010f13130013
090b0701090b07010b200b
0408100e0408100e101010
15040f1815040f18180018
200e0c1e200e0c1e203021
2312091e2312091e233022
1b0c09181b0c09181b301a
0f0409100f040910100010
04060c0a04060c0a0c100b
0712130807121308131013
1020200a1020200a201021
1b3433101b343310342036
244848182448481848104b
1f4c53221f4c5322531053
093d5331093d533153104e
13284f4213284f424f104d
310c434e310c434e4e004e
470f3151470f3151510052
420e2c4a420e2c4a4a004b
23103b3e23103b3e3e0040
083d5433083d543354104f
2b6267282b626728671069
37655f1b37655f1b652068
314d410b314d410b4d204d
272d1d07272d1d072d202d
2419021724190217243021
28130c2328130c23283027
2b1111292b1111292b302c
240a1426240a1426260027
1106191c1106191c1c001c
0c1e200e0c1e200e201021
2833240328332403332033
383b2011383b20113b203d
3c3e20143c3e20143e2041
363c240c363c240c3c203d
252f2301252f23012f202f
0d1615060d161506162016
0503010505030105050005
111e1b06111e1b061e201e
254c4d1a254c4d1a4d1050
3572772e3572772e77107a
225a6630225a6630661066
05222f1c05222f1c2f102c
0804040608040406083007
02090a0502090a050a100a
1715070b1715070b173017
1d2113091d211309212022
12130c0112130c01132013
3035200930352009352035
67794b1767794b1779207b
536f5105536f51056f206f
011a2b22011a2b222b102a
270e152c270e152c2c002e
0715231907152319231020
0f3137170f313717371036
031f3529031f3529351033
0e0e26260e0e2626260028
021a2010021a201020101e
021e2614021e2614261024
2a0922352a092235350035
4b2b15454b2b15454b3051
3116132e3116132e313032
03141b1003141b101b1019
0f2d2d110f2d2d112d1030
0d203b300d203b303b1039
2d0b414d2d0b414d4d004d
201a4a4a201a4a4a4a004e
1809262918092629290029
1b1d11051b1d11051d201d
0102050801020508080008
0918190a0918190a19101a
0816262208162622261028
1609242716092427270028
2712112427121124273028
2604222e2604222e2e002e
211d4947211d494749104c
232657562326575657105e
1a1c42401a1c4240421045
1d0e0d181d0e0d181d301b
2729110b2729110b29202a
1101111911011119190019
05222b1c05222b1c2b102c
020a120c020a120c12100f
0e0804080e0804080e300b
0d09191b0d09191b1b001c
0e1328270e13282728102b
1e09121f1e09121f1f0020
2c1e021c2c1e021c2c3029
23021f2c23021f2c2c002c
1e153a3d1e153a3d3d0040
2c05323f2c05323f3f003f
330c2138330c2138380039
3617143136171431363036
4831002f4831002f483043
7b661d3c7b661d3c7b3076
ccb2425cccb2425ccc30c8
fff56775fff56775ff310f
ffff8069ffff8069ff3124
dfea7b42dfea7b42ea20f3
7b874d1d7b874d1d87208a
252c1b06252c1b062c202c
0d0701090d0701090d300b
281a001a281a001a283024
88323e8488323e8488308d
963f3a8b963f3a8b963098
9843368b9843368b98309a
8b3b337f8b3b337f8b308c
6a23366b6a23366b6b0070
42043c5442043c54540054
1c19403d1c19403d401041
0331452b0331452b451041
183e441e183e441e441044
203f3e13203f3e133f2041
243b340b243b340b3b203c
20322a0620322a06322032
1b271f031b271f03272027
171f1901171f19011f201f
191e1502191e15021e201e
2026180620261806262026
272b1909272b19092b202b
2528170a2528170a282029
2428180824281808282028
242d2003242d20032d202d
202e2604202e26042e202e
1729270b1729270b29202a
091b1f0f091b1f0f1f101e
020f1811020f1811181016
02121c1402121c141c101a
080f1e19080f1e191e101d
1801161f1801161f1f001f
2d1a05222d1a05222d302a
41340d2241340d2241303e
473e1522473e1522473046
4037121f4037121f40303f
2c270e152c270e152c302c
0f0e05060f0e05060f300f
18190e0718190e07192019
3c452a0d3c452a0d452046
4c5a3a0c4c5a3a0c5a205a
3e4930093e493009492049
272c1b08272c1b082c202c
18180c0818180c08182019
0d0b03070d0b03070d300d
0206080402060804081007
1b241b001b241b00242024
2e3b2a032e3b2a033b203b
38442e0638442e06442044
424b2e0d424b2e0d4b204c
484722194847221948304b
402e0428402e042840303c
28022c3828022c38380038
044064460440644664105e
156a894e156a894e891083
1a6f8c4d1a6f8c4d8c1087
15617d4515617d457d1077
0845603b0845603b60105a
0a213c2f0a213c2f3c1039
15041b2015041b20200020
1810001018100010183016
151b1301151b13011b201b
0614180c0614180c181017
0d0617180d061718180018
1f0715231f071523230023
2c1310292c1310292c302d
2b130f272b130f272b302b
210c0f20210c0f20213022
1200121812001218180018
02101a1202101a121a1018
0d2429120d242912291028
1b3c3f181b3c3f183f1040
2451562124515621561057
2159652d2159652d651063
0d4e673c0d4e673c671062
0f355d490f355d495d105a
2f1249502f124950500052
49112f5149112f51510052
4a1a244a4a1a244a4a004e
2c03303d2c03303d3d003d
0132493001324930491045
26555a2326555a235a105b
32554e1332554e13552057
2c392a012c392a01392039
231a0316231a0316233022
250b1527250b1527270028
2d0a1d322d0a1d32320032
34101c3634101c36360038
3213163132131631323034
2109132321091323230024
030a110e030a110e111011
1d1f11091d1f11091f2020
3730111a3730111a373036
4740192047401920473047
4947211b4947211b49304b
373b210f373b210f3b203c
191e1502191e15021e201e
0605000506050005063007
202c2200202c22002c202c
3d6357113d635711632064
4781792347817923812085
2150572621505726571058
0a0c1e1a0a0c1e1a1e101c
170c0712170c0712173015
15080b1615080b16160017
04101e1804101e181e101c
0a262e160a262e162e102b
001a261a001a261a261024
0c2228160c222816281028
4c674c014c674c01672067
6889600b6889600b892089
2544411225444112442046
290f1731290f1731310033
2106192821061928280028
1435381314353813381038
1237401d1237401d40103e
19082b3219082b32320032
1b02212a1b02212a2a002a
06252c1506252c152c102a
091b2b1f091b2b1f2b1029
441822464418224646004a
5d272b5f5d272b5f5f0066
3f053b533f053b53530053
0d2a47360d2a4736471044
0335452903354529451043
121c3832121c3832381039
1e0d34391e0d343939003a
30121c3230121c32320035
3f2f01293f2f01293f303e
1d0219241d021924240024
01252f1f01252f1f2f1030
001a2418001a2418241023
0b091b170b091b171b1018
21051b2721051b27270027
22113a3f22113a3f3f0041
172b5349172b5349531054
19183b3a19183b3a3b103e
1b0b0f1b1b0b0f1b1b001d
211e070c211e070c213020
2514071e2514071e253024
190c2930190c2930300031
10122c2810122c282c102b
1701191d1701191d1d001d
1707212517072125250025
1217302f1217302f301034
170a2528170a2528280029
25100f2025100f20253023
2c0f162b2c0f162b2c302d
200f343b200f343b3b003c
1d14393a1d14393a3a003d
2604202e2604202e2e002e
2a130e252a130e252a3029
2d1a07222d1a07222d302a
3e2a00283e2a00283e303a
6750133867501338673061
a9994147a9994147a930a8
ebf78745ebf78745f72100
ffffb933ffffb933ff2131
ddffab21ddffab21ff2109
839d6713839d67139d209e
3139250731392507392039
0104050201040502051004
110a010c110a010c11300f
6c26346a6c26346a6c3070
8233367b8233367b823085
9640388a9640388a963098
9c45388f9c45388f9c309e
8c363c868c363c868c3090
6a1c40726a1c4072720075
4201445942014459590059
1a1e46401a1e4640461046
022d4029022d402940103c
1432361614323616361036
1f322b081f322b08322032
222c2002222c20022c202c
2125170721251707252025
1c1e10081c1e10081e201f
1b1b0d091b1b0d091b201c
23210f0d23210f0d233023
2b270f132b270f132b302b
2e280e162e280e162e302d
302d1413302d1413303030
3035200b3035200b352036
2a3728012a372801372037
1e2f28071e2f28072f202f
0e1d1e0b0e1d1e0b1e101f
030f130b030f130b131012
0711110707111107111012
09100d0209100d02102010
0102010001020100022002
131a1300131a13001a201a
2733250127332501332033
303d2c03303d2c033d203d
2e3a28042e3a28043a203a
2430220224302202302030
101b1805101b18051b201b
160f000f160f000f163015
42401e1842401e18423044
595a2d1e595a2d1e5a205e
4f4b211f4f4b211f4f3051
382d0c1d382d0c1d383035
2718031c2718031c273024
1e0c0c1c1e0c0c1c1e301e
1204181c1204181c1c001c
05202b1a05202b1a2b1029
19383b1619383b163b103c
23403d1223403d12402042
293f3509293f35093f203f
2e3622082e362208362036
2a1b021d2a1b021d2a3027
1614343216143432341035
084b6841084b6841681063
1d6b83451d6b834583107f
1e687e401e687e407e107a
18576a3718576a376a1066
0a3c502e0a3c502e50104b
0b172f270b172f272f102d
1d09111f1d09111f1f0020
251f0913251f0913253024
2328190623281906282028
13201d0613201d06202020
00131c1300131c131c101a
15041b2015041b20200020
290d172b290d172b2b002c
3315153133151531333035
3112173031121730313033
25061d2c25061d2c2c002c
150c2728150c2728280029
0126392601263926391035
134351291343512951104e
1f5c6b321f5c6b326b1068
1e677c3f1e677c3f7c1078
0c5b7c4b0c5b7c4b7c1075
103c6a52103c6a526a1065
30124a5230124a52520053
4a16284c4a16284c4c004f
4e2418444e2418444e304c
3209263b3209263b3b003b
072641300726413041103d
1b474f231b474f234f104f
2444421424444214442046
1a2620041a262004262026
1007040d1007040d10300e
1304191e1304191e1e001e
2001202b2001202b2b002b
2f0e1b322f0e1b32320033
381a1232381a1232383038
30190c2930190c29303030
1a0e06161a0e06161a301a
0708050207080502082008
2922091629220916293028
453e1720453e1720453045
524f241f524f241f523054
464622184646221846204a
292b170d292b170d2b202c
0303030103030301031003
2933210729332107332033
5674560056745600742074
628a6c08628a6c088a208a
324b4009324b40094b204b
02040a0802040a080a1008
1008040c1008040c10300e
0f071b1b0f071b1b1b001b
0f15312d0f15312d311031
0a2440320a24403240103d
0f203f320f203f323f103b
1019383310193833381038
1f45491f1f45491f49104b
5c7f5e035c7f5e037f207f
4c684a064c684a06682068
080a1818080a181818001a
2a1b06252a1b06252a302d
0a2228120a222812281026
2c4e460c2c4e460c4e204e
03253d2b03253d2b3d1038
33072f4733072f47470047
210b3139210b313939003a
03202b1a03202b1a2b1029
120b1c1b120b1c1b1c101d
380f223d380f223d3d003e
460e3858460e3858580059
2d0f49512d0f4951510052
0c2440320c24403240103d
011a2316011a2316231022
020e160e020e160e161013
1e0a121e1e0a121e1e001f
4422143c4422143c443044
3806304a3806304a4a004a
1c1238381c12383838003a
0f0d231f0f0d231f231021
0a11221b0a11221b22101f
13132d2b13132d2b2d102f
131d3b37131d3b373b103e
0a1f382d0a1f382d381036
1101131711011317170017
1e1c080c1e1c080c1e301e
1f1007181f1007181f301c
1e05222d1e05222d2d002d
1d0929311d092931310031
1c0424281c042428280028
1d06272c1d06272c2c002c
1a1538391a15383939003c
1b1033361b103336360038
2207182522071825250025
230d0f1f230d0f1f233021
1d04212a1d04212a2a002a
15122f3015122f30300033
1806222618062226260026
1e0e0a1a1e0e0a1a1e301d
211503172115031721301f
2517031b2517031b253023
332101213321012133302e
50451a2550451a2550304e
8b995b218b995b2199209c
d4ffb216d4ffb216ff2104
f6ffe40cf6ffe40cff213c
d1ffc706d1ffc706ff2110
7da579037da57903a520a5
2f402f002f402f00402040
040a0a04040a0a040a100a
0803020708030207083007
451329494513294949004b
5e202e5e5e202e5e5e0063
7a3032727a3032727a307b
903e3484903e3484903091
953e3b8c953e3b8c953099
852f4185852f418585008d
6718437267184372720074
3f0343573f034357570057
1d143b3a1d143b3a3b103d
021f3021021f302130102d
1023240d1023240d241025
1a2218021a221802222022
2022120a2022120a222023
201c0a0e201c0a0e20301f
1f1703131f1703131f301d
271b0119271b0119273024
3021021f3021021f30302d
3728052237280522373034
3d330f1f3d330f1f3d303b
403e1c18403e1c18403042
3c3f22113c3f22113f2041
30341e0c30341e0c342035
1e1f10091e1f10091f2020
110c010a110c010a11300f
1408081214080812143013
1c08101e1c08101e1e001f
1c011e271c011e27270027
0b1931290b193129311030
072f3f25072f3f253f103b
1339411f1339411f411040
16373c1916373c193c103c
1530331415303314331034
0921271309212713271026
1704111a1704111a1a001a
44350a2744350a27443041
6453183364531833643061
624b0e39624b0e3962305e
4e3006384e3006384e3049
3b1a13343b1a13343b303a
2f0d1b312f0d1b31310032
2104273021042730300030
0d1c372e0d1c372e371035
0732432807324328431040
1339411f1339411f411040
1731331317313313331034
19221b0219221b02222022
12050a1312050a13130013
00273a2700273a273a1037
1954653419546534651062
2668763626687636761075
24606c3024606c306c106b
1d4d57271d4d5727571056
10343e1e10343e1e3e103c
051321190513211921101f
1c0f06171c0f06171c301b
2c2910132c2910132c302d
2e321c0c2e321c0c322033
222c2002222c20022c202c
11201f0a11201f0a202021
05101d1605101d161d101b
1b011d251b011d25250025
300d1e35300d1e35350036
3b11233f3b11233f3f0041
37072d4337072d43430043
2b0939432b093943430043
15244b4015244b404b1049
0547653f0547653f65105e
196781451967814581107b
1b73914f1b73914f91108b
0962895609628956891082
143c6c56143c6c566c1068
330b434f330b434f4f004f
4b1e1f464b1e1f464b304c
4f2a11404f2a11404f304c
390f233d390f233d3d003e
141d4039141d403940103f
08394e2f08394e2f4e1049
0f3643220f36432243103f
021a2618021a2618261023
1006081010060810100011
11130b0511130b05132013
020d120b020d120b121011
1705111b1705111b1b001b
2d180b262d180b262d302c
3622042836220428363034
2f21011f2f21011f2f302d
140d020f140d020f143013
0f110b030f110b03112011
3535191335351913352038
4f50271c4f50271c502054
4e4d261b4e4d261b4e3051
37371b1337371b1337203a
1110050811100508113011
2530230225302302302030
5f7955075f795507792079
6f8b61096f8b61098b208b
3e4d36073e4d36074d204d
070a0902070a09020a200a
0900090c0900090c0c000c
011b2719011b2719271024
04273e2d04273e2d3e103b
0e24463a0e24463a461044
15244b3e15244b3e4b1047
1d1f4d471d1f4d474d104d
0f2951450f295145511050
275659222756592259105c
4a694e034a694e03692069
1c2c24021c2c24022c202c
2015041d2015041d203023
0c07181b0c07181b1b001b
304d3e05304d3e054d204d
2a4d440d2a4d440d4d204e
1513333315133333330036
340e2642340e2642420043
1d0517231d051723230023
040b0603040b06030b200b
0b0f05070b0f05070f2010
080b1815080b1815181017
170b2d31170b2d31310032
19092d3119092d31310031
1101151911011519190019
010b0d05010b0d050d100c
010e110a010e110a111011
1e0218241e021824240024
29012b3b29012b3b3b003b
2d022f3e2d022f3e3e003e
2801283528012835350035
1514312e1514312e311032
0c1c322a0c1c322a321032
0717292107172921291028
040e1c14040e1c141c1018
130a0710130a0710133012
2313071b2313071b233021
1e03202b1e03202b2b002b
1b0b292f1b0b292f2f0030
1e031a251e031a25250025
18011a1f18011a1f1f001f
0e142a260e142a262a102a
0d19312b0d19312b311031
19021d2419021d24240024
2213081b2213081b223021
1a080e1a1a080e1a1a001b
0c0d1e1d0c0d1e1d1e101f
0a0d1e1b0a0d1e1b1e101d
13050d1513050d15150015
1b1201121b1201121b3019
1d1103151d1103151d301b
211303192113031921301f
2a240e142a240e142a3029
3f503d023f503d02502050
71ac951871ac9518ac20ad
adfff330adfff330ff2118
c5ffff3ac5ffff3aff2145
a0ffea32a0ffea32ff210e
5b9c8b205b9c8b209c209f
1f3b370f1f3b370f3b203c
020a0c06020a0c060c100b
0403000304030003043004
1a021c241a021c24240024
330b2339330b233939003a
4f1b274f4f1b274f4f0053
6c2c2a646c2c2a646c306d
80372e7580372e75803081
8436347c8436347c843087
762b3875762b387576307c
5a173a635a173a63630065
3d06354c3d06354c4c004c
21082d3421082d34340034
0b0f211d0b0f211d211020
0713150907131509151015
171b1105171b11051b201b
1b18090c1b18090c1b301a
1a1100111a1100111a3018
211305192113051921301f
2c1908232c1908232c302b
3b26032a3b26032a3b3038
4936072c4936072c493045
52410e2d52410e2d52304f
53420f2e53420f2e533050
4b37072d4b37072d4b3047
3921072b3921072b393036
280a182a280a182a2a002b
2201222d2201222d2d002d
26032a3526032a35350035
2808343e2808343e3e003e
1f1741411f174141410044
0f27493b0f27493b491046
002f462f002f462f461042
082f3e23082f3e233e103a
0c2c361c0c2c361c361034
06222e1a06222e1a2e102a
13071d1f13071d1f1f001f
3e24082e3e24082e3e303a
634605406346054063305e
6d48014a6d48014a6d3067
5e350e495e350e495e305a
4a201a424a201a424a3049
390f233d390f233d3d003e
2a032e3b2a032e3b3b003b
18173a3718173a373a103b
0428402e0428402e40103c
092d3b21092d3b213b1037
0c2328130c232813281027
090f0d03090f0d030f200f
000f160f000f160f161015
12363e1e12363e1e3e103d
27595d2527595d255d1060
3063642330636423641069
2d58571c2d58571c58205c
2444421424444214442046
182d2c0d182d2c0d2d202e
0610120806101208121011
1110070611100706113011
2529170925291709292029
30351e0d30351e0d352036
2f351f0b2f351f0b352036
222b1e03222b1e032b202b
0f1e1f0a0f1e1f0a1f101f
0614241c0614241c241022
2104273021042730300030
35052f4335052f43430043
3c003e523c003e52520052
3b0b4d5b3b0b4d5b5b005b
2c22605e2c22605e601063
1146795c1146795c791073
0c6b92590c6b925992108b
1777995717779957991093
0a6186530a61865386107f
10345e4a10345e4a5e105a
2f002f3e2f002f3e3e003e
4423103744231037443041
49290d3949290d39493046
380e243e380e243e3e003f
1c19423f1c19423f421043
082f503b082f503b50104b
062d4a35062d4a354a1045
1515353115153531351035
2b0b1b2f2b0b1b2f2f0030
351e092a351e092a353033
2c1e001e2c1e001e2c302a
120d020b120d020b123011
0e0a000a0e0a000a0e300e
281f0419281f0419283027
3327051f3327051f333031
2719031d2719031d273026
0d010f130d010f13130013
1a251e031a251e03252025
3e462a0e3e462a0e462047
4a4f2a174a4f2a174f2052
3f4021143f402114402043
1d19090d1d19090d1d301c
1a2c2a0a1a2c2a0a2c202d
5479640b5479640b792079
5f8b730d5f8b730d8b208b
31544d1231544d12542055
0517271d0517271d271025
1707212717072127270027
0623382906233829381035
05384d2e05384d2e4d1048
092e4f3c092e4f3c4f104b
162a5648162a5648561053
1e2e62541e2e625462105f
2a225e5e2a225e5e5e0063
1628564c1628564c561055
1a464e201a464e204e104c
203d3609203d36093d203d
0f081b1c0f081b1c1c001d
20051e2f20051e2f2f002f
1030381c1030381c381037
39543d0239543d02542054
22362a0222362a02362036
1705131f1705131f1f001f
3223062932230629323035
1a1302131a1302131a301a
0d0c010a0d0c010a0d300f
2121091321210913212026
1923190119231901232023
070c1d1a070c1d1a1d101c
230e1326230e1326260028
1702151e1702151e1e001e
0111170f0111170f171016
0111150b0111150b151014
0712211a0712211a21101f
1f0427301f042730300030
2e05283b2e05283b3b003b
1f0b2f351f0b2f35350036
0f1027240f102724271027
080a1814080a1814181016
050a1510050a1510151012
1400141a1400141a1a001a
2105172721051727270027
1a0722291a072229290029
16031c2116031c21210021
1c0a101c1c0a101c1c001d
1304191e1304191e1e001e
0517251d0517251d251025
02111a1302111a131a1019
0d06050a0d06050a0d300b
1611020d1611020d163015
11030d1511030d15150015
070c1916070c1916191019
0807121108071211121012
1108050e1108050e113010
1810001018100010183016
180f0011180f0011183016
1a170a0b1a170a0b1a3019
23362f0623362f06362036
3771732737717327731077
5fd1db535fd1db53db10e0
89ffff7789ffff77ff1141
8fffff7c8fffff7cff114f
6aebf45d6aebf45df410fc
377c8130377c8130811084
12292c0f12292c0f2c102b
0305050103050501051005
0204040202040402041004
12150e0312150e03152015
050b1511050b1511151014
2105192721051927270027
3f181b3c3f181b3c3f3040
58271e4f58271e4f583058
6930235e6930235e693069
6f3127656f3127656f3070
65262d6265262d62653069
53192f5753192f5757005a
3e0d2c473e0d2c47470048
2b0525352b052535350035
19021d2419021d24240024
050f1b15050f1b151b1019
0512150a0512150a151014
060a0802060a08020a200a
0c0702090c0702090c300b
1b0c09181b0c09181b301a
321d0827321d0827323030
4a3004344a3004344a3046
5b3b033f5b3b033f5b3056
643f0647643f064764305e
61370f4b61370f4b61305d
52251a4952251a49523051
3d0f25413d0f2541410042
2b022d3a2b022d3a3a003a
250a333a250a333a3a003a
240e383e240e383e3e003f
1f143d3e1f143d3e3e0041
131b3b35131b3b353b103b
051f3325051f3325331030
0a242c160a242c162c102a
1328290e1328290e29102a
1024260e1024260e261026
03111d1503111d151d101b
28110e2328110e23283026
4f3401364f3401364f304a
634103456341034563305e
60390c4960390c4960305c
512815445128154451304e
3d131f3d3d131f3d3d003f
2a002a382a002a38380038
1911333319113333330035
0a1d362b0a1d362b361033
001f2e1f001f2e1f2e102b
03141b1003141b101b1019
0101010101010101010001
0d1f210d0d1f210d211021
1f4041181f404118411044
2f59571b2f59571b59205d
355d5717355d57175d205f
304f460f304f460f4f2050
283b3005283b30053b203b
1f271b031f271b03272027
0f0c03080f0c03080f300e
050f1109050f1109111011
17211b0317211b03212021
282f1e07282f1e072f202f
32351c0f32351c0f352037
30321a1030321a10322034
262d1c07262d1c072d202d
1626220816262208262026
0219281b0219281b281024
1911333319113333330035
2b12474c2b12474c4c004e
36175a6136175a61610063
35266f6e35266f6e6f1074
2142857021428570851082
036295660362956695108d
116d9155116d915591108a
0d5673440d56734473106d
0b2643340b264334431040
260b1627260b1627270028
3524012235240122353031
3721052737210527373033
2906213229062132320032
171b413b171b413b411040
0d2d513f0d2d513f51104d
102a5040102a504050104c
21143f4021143f40400043
390d253f390d253f3f0040
4824123c4824123c483045
472b0735472b0735473044
3522032635220326353032
150c0310150c0310153014
100e0408100e0408103010
2a1c021e2a1c021e2a3029
31190d2b31190d2b313031
260a182a260a182a2a002b
0713231d0713231d231022
1f332d091f332d09332033
3b472f093b472f09472047
3d4427103d442710442045
21200f0c21200f0c213022
192b2507192b25072b202b
567f680b567f680b7f207f
5e96861a5e96861a962098
29636f2f29636f2f6f106d
14254c4114254c414c104a
2e0a3c482e0a3c48480048
1c1b44411c1b4441441046
003c5838003c5838581052
013f5f3f013f5f3f5f1059
1235624f1235624f62105f
1937695719376957691066
2827625b2827625b621063
3311515b3311515b5b005c
1c1b48451c1b484548104a
052f3f23052f3f233f103a
0124331e0124331e33102e
1e0b30371e0b3037370038
1910353a1910353a3a003c
142f3213142f3213321032
323d240f323d240f3d203e
151c1304151c13041c201c
25130d2325130d23253027
3f20153c3f20153c3f3044
2d0c1f342d0c1f34340035
0415221904152219221020
182e2606182e26062e202e
0d22210c0d22210c222024
1a0316211a031621210021
250a192c250a192c2c002d
18011c2318011c23230023
060e1a14060e1a141a1018
0920231009202310231023
0516231a0516231a231022
1b001b261b001b26260026
1b001d261b001d26260026
1401181d1401181d1d001d
0f0315170f031517170017
080e1c18080e1c181c101b
0f09191b0f09191b1b001c
15030f1915030f19190019
0d000f120d000f12120012
0c000e100c000e10100010
15040f1815040f18180018
11071b1f11071b1f1f001f
080c1a18080c1a181a101a
0501070705010707070007
0609080306090803092009
0706030207060302073006
05040b0c05040b0c0c000c
0408100e0408100e101010
0601080906010809090009
0b0801060b0801060b300a
0f0e07060f0e07060f300f
10130c0310130c03132013
14221e0614221e06222022
274f4f19274f4f194f1052
479ca33c479ca33ca310a7
71feff6871feff68ff1112
8dffff838dffff83ff1157
7fffff767fffff76ff1135
54b9c24954b9c249c210c6
2a53561b2a53561b561057
1018160210181602182018
0502010405020104053004
0003040300030403041004
3a2802263a2802263a3037
26200a1226200a12263024
0a0f0c010a0f0c010f200f
12040c1412040c14140014
2d140f282d140f282d302c
4521133b4521133b453043
562b1649562b1649563054
59291d4f59291d4f593059
5320255053202550533056
4b18294e4b18294e4e0051
43112b4943112b4949004a
380a2a42380a2a42420042
28022c3828022c38380038
1b08272c1b08272c2c002c
18011a2118011a21210021
14070a1514070a15150016
0806020408060204083007
1509091315090913153015
361d0c2d361d0c2d363035
532e0f42532e0f42533050
6436145064361450643060
68341a5868341a58683066
612c1f56612c1f56613060
4c1c224a4c1c224a4c304f
3307273b3307273b3b003b
1f0829301f082930300030
160d2829160d282929002b
0f0e23220f0e2322231024
070c1916070c1916191019
060e1006060e100610100f
18180c0818180c08182019
26230e1126230e11263026
2b270f132b270f132b302b
1d1a090e1d1a090e1d301d
0100010201000102020002
241e0812241e0812243022
4232082842320828423040
503600365036003650304c
4b2d09394b2d09394b3048
3a1916353a1916353a303a
2704213027042130300030
180c2a2c180c2a2c2c002d
0d142b260d142b262b102a
0712231c0712231c231021
0706111007061110111011
0e0e08040e0e08040e200e
1b2b25071b2b25072b202b
2a47400f2a47400f472048
35574d1135574d11572058
3756490c3756490c562056
3246380432463804462046
2932230429322304322032
21200f0c21200f0c213022
1308071213080712133013
040d1813040d1813181017
08181c0e08181c0e1c101b
18231c0318231c03232023
282b180b282b180b2b202c
3331151533311515333035
383618163836181638303a
31341d0e31341d0e342035
202e2402202e24022e202e
0d2b33190d2b3319331031
062c4834062c4834481044
192d5d4f192d5d4f5d105a
243270642432706470106f
2041826d2041826d82107e
0d538b670d538b678b1084
03577f5303577f537f1078
0540593805405938591055
0a1428200a142820281025
1d1401121d1401121d301a
2624100e2624100e263026
201702132017021320301d
12071c1f12071c1f1f001f
06233a2b06233a2b3a1037
01324d3401324d344d1048
0a2d4e3b0a2d4e3b4e104a
1f143d3e1f143d3e3e0041
390f233d390f233d3d003e
49270f3b49270f3b493046
4f3303374f3303374f304b
4734072c4734072c473044
2d250b172d250b172d302b
060d0e05060d0e050e100d
1c0514211c051421210021
320f1c35320f1c35350037
360e223c360e223c3c003d
2402283424022834340034
031c2d20031c2d202d102a
20352e0920352e09352035
333e2908333e29083e203e
2425120d2425120d252027
17241f0617241f06242024
6083620160836201832083
77af8f0d77af8f0daf20af
3f8489323f84893289108d
1238685412386854681064
3f084b5e3f084b5e5e005e
360a4452360a4452520052
0c31543f0c31543f54104f
0a4960370a49603760105b
033f593b033f593b591056
043350390433503950104c
0a2a48340a2a4834481042
1c17403d1c17403d401041
29083b4629083b46460046
1a1238381a12383838003a
02293c2502293c253c1037
07253b2b07253b2b3b1038
21072f3921072f39390039
1905272d1905272d2d002d
1125270d1125270d271027
1f3023021f302302302030
02161e1402161e141e101d
3109253b3109253b3b003b
4813305348133053530055
3a04384e3a04384e4e004e
1319393313193933391038
03222b1803222b182b1029
080b1411080b1411141014
1603121b1603121b1b001b
1d0519251d051925250025
16041e2416041e24240024
0119231701192317231021
091919090919190919101a
0106090601060906091008
08000a0c08000a0c0c000c
0e010e130e010e13130013
0f0313170f031317170017
060d1815060d1815181018
06030a0b06030a0b0b000b
080a0600080a06000a200a
0001000100010001010001
00090e0900090e090e100c
0a0612140a061214140014
0c0512150c051215150015
0a010a0d0a010a0d0d000d
0b0b03050b0b03050b200c
090b0701090b07010b200b
0100010001000100011000
0508050005080500082008
0505030105050301052005
0003040300030403041004
03090b0503090b050b100a
060f1007060f1007101010
0a1718090a171809181018
162d2e0f162d2e0f2e102f
356969213569692169106e
62c6c64262c6c642c610d0
8fffff618fffff61ff212e
a1ffff5ea1ffff5eff2142
8cefd8338cefd833ef20f4
658b6f03658b6f038b208b
3d3f27113d3f27113f2041
1d16070e1d16070e1d301a
0905010709050107093008
0201040302010403041003
5939053f5939053f593054
4932013049320130493045
302000203020002030302d
160f000f160f000f163015
0301010303010103030003
1b1003141b1003141b3019
311f0323311f032331302e
3d23092f3d23092f3d303a
3f1c15383f1c15383f303e
4016204040162040400043
41102b4841102b48480049
420c324e420c324e4e004e
3e06364e3e06364e4e004e
3702354837023548480048
36082a4036082a40400040
3714193637141936373039
2f1a09262f1a09262f302e
1712030e1712030e173016
0c010a0f0c010a0f0f000f
32190e2b32190e2b323031
4d2615424d2615424d304c
5d2f174f5d2f174f5d305b
6133154f6133154f61305e
532b1345532b1345533051
3919133339191333393038
1c06121e1c06121e1e001e
0801080b0801080b0b000b
0501050705010507070007
0f0313170f031317170017
1b011d251b011d25250025
2e0b1e332e0b1e33330034
431c193e431c193e433044
4f2813424f2813424f304d
4821163f4821163f483047
32101a3432101a34340036
13051b1f13051b1f1f001f
101b1805101b18051b201b
2a2810122a2810122a302b
3628042236280422363034
321a0c2a321a0c2a323031
25071b2b25071b2b2b002b
1808242818082428280028
100d2423100d2423241025
0f0a1f1e0f0a1f1e1f101f
1403101914031019190019
1f1a07101f1a07101f301e
2c3422062c342206342034
394c3900394c39004c204c
4056420240564202562056
3d4f3b013d4f3b014f204f
343f2a07343f2a073f203f
2a2c180c2a2c180c2c202d
201804122018041220301e
14040e1814040e18180018
0b0b1b190b0b1b191b101b
02111c1502111c151c101b
08161a0c08161a0c1a1019
171e1700171e17001e201e
2728150c2728150c282029
3635181536351815363039
3c3c1c163c3c1c163c203f
383e240e383e240e3e203f
2f4233022f423302422042
224646182246461846104a
1046583010465830581054
0143654501436545651060
084672520846725272106b
064974530649745374106e
033d5f43033d5f435f105a
0321352503213525351031
0901070909010709090009
111c1906111c19061c201c
1423200914232009232024
080e0e04080e0e040e100e
0a1312050a131205132013
172e2f10172e2f102f1030
183c421c183c421c421042
0b3341250b33412541103f
0f142d280f142d282d102c
2a0f14292a0f14292a302b
3d27032b3d27032b3d303a
49380b2a49380b2a493046
4a431a214a431a214a304a
383d220f383d220f3d203e
1729250917292509292029
0a1428220a142822281027
28012a3728012a37370037
390b2943390b2943430043
380b2841380b2841410041
2005283120052831310031
031d2919031d2919291026
202e2402202e24022e202e
21210f0d21210f0d212023
0b1e25120b1e2512251022
557f6b0f557f6b0f7f207f
81c39f1181c39f11c320c3
60a9982560a99825a920ad
0c506a400c506a406a1066
3209424f3209424f4f004f
3b033b4f3b033b4f4f004f
19214d4519214d454d104c
0841583508415835581053
0f3b47250f3b4725471045
0c262c160c262c162c102b
1324210813242108242024
1328270a1328270a282029
06172a2106172a212a1028
1c0528311c052831310031
0a182e260a182e262e102c
0c2b30150c2b301530102f
0614241a0614241a241020
1e02202c1e02202c2c002c
140c2a2c140c2a2c2c002d
09252d1709252d172d102b
1328230813282308282028
01151b1101151b111b101b
1f011d291f011d29290029
3008283c3008283c3c003c
27012d3b27012d3b3b003b
1408222414082224240024
07060f0c07060f0c0f100d
02090e0902090e090e100c
0c0716170c071617170018
16021a2216021a22220022
0d07191b0d07191b1b001b
01090d0701090d070d100b
0706010607060106073008
0808020408080204082008
0106070401060704071007
02050a0902050a090a100a
0106090601060906091008
0408060204080602082008
060c0a04060c0a040c200c
0306050203060502062006
0612120806121208121013
000a0e0a000a0e0a0e100e
0501050705010507070007
0806000408060004083007
0d0b03070d0b03070d300d
100b000b100b000b10300f
0803040908030409090009
0104050201040502051004
0403000304030003043004
0004060400040604061005
040b0c05040b0c050c100c
0812140808121408141013
0b1e25100b1e2510251022
163f4c23163f4c234c1048
3587974135879741971095
66e5ee5d66e5ee5dee10f7
92ffff5f92ffff5fff2130
9dfff13a9dfff13aff2110
87b78f0387b78f03b720b7
6a7040206a704020702074
4b461d204b461d204b304c
26220c1026220c10263025
0c0a02060c0a02060c300b
0300030403000304040004
6b410b4f6b410b4f6b3066
653e094a653e094a653060
522e0e40522e0e4052304e
3d1e11343d1e11343d303c
2810102628101026283029
11010f1511010f15150015
09100f0409100f04102010
1917090b1917090b193019
1f1303171f1303171f301d
230c1122230c1122233024
2704213027042130300030
31022f4031022f40400040
3a04364c3a04364c4c004c
4006385040063850500050
440f2e4d440f2e4d4d004e
4b1e1f464b1e1f464b304c
4b290f3d4b290f3d4b3049
4129052f4129052f41303e
261b0219261b0219263024
0004060400040604061005
23100b2023100b20233023
412609324126093241303e
513601385136013851304d
4f3805324f3805324f304b
3b2f0b213b2f0b213b3039
1d1c0d0a1d1c0d0a1d301d
0413180d0413180d181017
0c1226220c122622261026
1911333319113333330035
260e3a40260e3a40400041
38023a4c38023a4c4c004c
4f1333574f133357570059
62262a5e62262a5e623065
6227285d6227285d623064
551f2753551f2753553058
3e1322413e132241410043
1e001e281e001e28280028
0311170d0311170d171015
1917090b1917090b193019
2112071c2112071c213021
1f0715231f071523230023
16051e2316051e23230023
120a2222120a2222220023
1309212313092123230024
1f0715231f071523230023
3124051e3124051e31302e
3e3e20143e3e20143e2041
4651340b4651340b512051
46563a0846563a08562056
3f4c33083f4c33084c204c
343a240a343a240a3a203a
2827120f2827120f283029
1d1103151d1103151d301b
1300131a1300131a1a001a
0d091b1b0d091b1b1b001c
090c1b18090c1b181b101a
040e1a14040e1a141a1018
05151b0f05151b0f1b1019
111d1b07111d1b071d201d
242d2003242d20032d202d
343b240b343b240b3b203c
3c44280e3c44280e442045
424f320b424f320b4f204f
42573e0342573e03572057
3b5949093b594909592059
2d5451182d545118542057
204f5625204f5625561057
164450281644502850104e
0926311c0926311c31102f
0102050401020504051004
021720150217201520101f
0124352401243524351032
0421362704213627361033
1508212415082124240024
2b1b031f2b1b031f2b3029
3b3919173b3919173b303d
3f46290e3f46290e462047
3039260730392607392039
1318130013181300182018
0d0a01080d0a01080d300c
25220d1025220d10253025
39391b1539391b1539203c
474d2b13474d2b134d204f
414e330a414e330a4e204e
2b3f33052b3f33053f203f
0d2b33190d2b3319331031
1315332f1315332f331033
3001304130013041410041
4012264640122646460048
37101f3a37101f3a3a003c
18031c2318031c23230023
0a1718090a171809181018
1713050d1713050d173017
0624301c0624301c30102d
457d7723457d77237d2081
7bc0a31c7bc0a31cc020c2
77af890b77af890baf20af
405c4602405c46025c205c
07171d0d07171d0d1d101a
1408242614082426260026
101e4038101e403840103f
01324f3601324f364f1049
042e442a042e442a44103e
03192b1f03192b1f2b1027
041720130417201320101d
182e2a0a182e2a0a2e202f
1330311213303112311033
0f1027260f102726271029
17041f2817041f28280028
031821120318211221101e
0f201d060f201d06202020
03131d1503131d151d101c
1308212613082126260026
0b0e23200b0e2320231022
0c1a1c0a0c1a1c0a1c101b
171b0f07171b0f071b201b
0f1107070f110707112012
01080b0801080b080b100b
1000121810001218180018
190a0f1c190a0f1c1c001d
14070c1514070c15150016
030c130e030c130e131012
0112170e0112170e171016
0906111209061112120012
0f040b120f040b12120012
0c06060c0c06060c0c000d
0302070603020706071006
060a0802060a08020a200a
0609060106090601092009
0606020206060202062006
0302010203020102033002
0708030207080302082008
0c06020a0c06020a0c300b
03090f0d03090f0d0f100f
060f1007060f1007101010
0507050105070501072007
0003040300030403041004
0304030003040300042004
0805000508050005083007
0d07030b0d07030b0d300d
0e06060e0e06060e0e000f
0a03060b0a03060b0b000b
0500050605000506060006
0605020306050203063005
0b0e0b000b0e0b000e200e
0d1a1b080d1a1b081b101b
1034401e1034401e40103c
176583471765834783107b
2caeda762caeda76da10d2
4ef5ff914ef5ff91ff111c
65ffff8865ffff88ff112a
59d7ed6359d7ed63ed10ec
3b8a953a3b8a953a951095
2e5e5c1e2e5e5c1e5e2062
28473c0d28473c0d472048
18271e0318271e03272027
090b0701090b07010b200b
0101030301010303030003
6a3f0c4f6a3f0c4f6a3065
6e4010546e4010546e3069
66331c5766331c57663064
5c2624565c2624565c305e
501e244e501e244e503053
3d1223403d122340400042
2401222f2401222f2f002f
1106191c1106191c1c001c
04060c0a04060c0a0c100b
0300030403000304040004
050c1712050c1712171015
0f1027240f102724271027
22082e3622082e36360036
32032e4132032e41410041
4012264440122644440046
4c221a444c221a444c304c
552e1144552e1144553052
5735094157350941573053
4b3005364b3005364b3048
301f0423301f042330302e
0f07050d0f07050d0f300e
16170c0716170c07172018
3333191333331913332036
3e4122133e412213412043
3640280a3640280a402040
2031280520312805312031
0c252a150c252a152a102a
012131210121312131102e
0b1d352b0b1d352b351033
1517373315173733371037
230a3138230a3138380038
370a273e370a273e3e003e
4c1f1e474c1f1e474c304d
57291b4d57291b4d573057
56291a4b56291a4b563055
4b2515414b2515414b304a
3518133035181330353035
19070f1b19070f1b1b001b
0300030403000304040004
0e030a110e030a11110011
1701171f1701171f1f001f
1707232717072327270027
180c2a2c180c2a2c2c002d
1b0a292e1b0a292e2e002f
290a192c290a192c2c002d
3d2d07253d2d07253d303a
4b4a231a4b4a231a4b304e
4e5734114e573411572058
4c56360e4c56360e562057
434b2d0f434b2d0f4b204c
36381e1036381e1038203a
28220c1228220c12283026
190c0716190c0716193019
1102131811021318180018
0c0818180c081818180019
0a0a1a180a0a1a181a101a
090c1b18090c1b181b101a
04111e1704111e171e101c
021722150217221522101f
1025281110252811281028
1f332d091f332d09332033
3040300030403000402040
404e3408404e34084e204e
4d59370f4d59370f59205a
54603a1254603a12602061
515f3b0f515f3b0f5f2060
48583c0848583c08582058
36412c0536412c05412041
1a14040e1a14040e1a3018
08172a2108172a212a1028
072b4735072b4735471044
102c5242102c524252104f
1c2250481c22504850104f
3208404c3208404c4c004c
501d264f501d264f503054
6a3e0e506a3e0e506a3065
734c014e734c014e73306c
6643004566430045663060
4427083344270833443040
1b05111d1b05111d1d001d
0815160908151609161016
29311f0729311f07312031
454c2b12454c2b124c204e
4e5734134e573413572059
4250360842503608502050
283f3609283f36093f203f
0a2b361d0a2b361d361033
1910313219103132320034
3a11223f3a11223f3f0041
4320153c4320153c433044
2f160f2a2f160f2a2f302f
0f030b110f030b11110011
0400040604000406060006
142f3215142f3215321033
4b7d6f194b7d6f197d207f
7aac880c7aac880cac20ac
7d9463127d946312942095
5e5726295e5726295e3060
3a2f0c213a2f0c213a3039
1f291d011f291d01292029
0e2d361d0e2d361d361035
042c3e28042c3e283e103b
01273b2701273b273b1037
0d18332a0d18332a331030
1412323014123230321033
03253b2b03253b2b3b1038
0d343d1e0d343d1e3d103c
011e2b1c011e2b1c2b1029
1802182218021822220022
1103191d1103191d1d001d
081a1e0e081a1e0e1e101d
10201c0610201c06202020
0413180d0413180d181017
0908191809081918191019
080a1a18080a1a181a101a
020c100a020c100a10100f
0e0e04080e0e04080e2010
1713030f1713030f173018
0e0f08050e0f08050f200f
0b02090e0b02090e0e000e
19090d1b19090d1b1b001c
0e0516190e051619190019
010d130d010d130d131012
0005060300050603061005
0502030405020304053004
0c04080e0c04080e0e000e
0e000e140e000e14140014
09030d0f09030d0f0f000f
0202040402020404040004
0503010505030105050005
0705010507050105073007
0203060502030605061005
09010b0f09010b0f0f000f
07040d0e07040d0e0e000e
0004060400040604061005
0401020504010205050005
0401060704010607070007
0301050503010505050005
0100010201000102020002
0301010303010103030003
0905010709050107093008
0a0700070a0700070a3009
0604000406040004063005
0607040106070401072007
0b1311030b131103132013
1328290e1328290e29102a
2052582420525824581059
36909c4436909c449c109f
51d4e96651d4e966e910eb
65ffff7f65ffff7fff1120
5afdff895afdff89ff111f
2cb9ee832cb9ee83ee10e2
026ba46f026ba46fa4109a
0a436e510a436e516e1069
002e462e002e462e461041
051921110519211121101e
0206060202060602061006
0003040300030403041004
5536053c5536053c553050
60370e4960370e4960305b
612b2157612b2157613061
63252d6163252d61633067
65252f6365252f63653069
5c1f2e5d5c1f2e5d5d0062
49142b4e49142b4e4e0050
360e223a360e223a3a003b
250b1527250b1527270028
1c0e06161c0e06161c301a
191b0f07191b0f071b201b
13221f0813221f08222022
0018241800182418241021
1706212617062126260026
2e0e1a302e0e1a30300032
401f1237401f123740303f
4e2b0e3d4e2b0e3d4e304a
5937074159370741593055
5b3a05405b3a05405b3056
4d2e093a4d2e093a4d304a
3519112f3519112f353035
13061d2013061d20200020
112a2d12112a2d122d102d
2941370929413709412041
2f4537052f453705452045
273b2f05273b2f053b203b
1c2d26071c2d26072d202d
1626220816262208262026
13211d0713211d07212021
0e1a18060e1a18061a201a
050d0f07050d0f070f100e
0b03070b0b03070b0b000b
1e1302151e1302151e301c
3222002232220022323030
3e2a002a3e2a002a3e303b
412d012b412d012b41303e
3827022538270225383035
251b0317251b0317253023
13150b0513150b05152015
0110170e0110170e171015
0e0e24220e0e2422241024
1910313219103132320034
1f10373a1f10373a3a003c
2509333b2509333b3b003b
34101c3634101c36360038
4b38092c4b38092c4b3047
595527215955272159305b
595e3518595e35185e2061
5058341250583412582059
44492a1144492a1149204a
37371b1337371b1337203a
2720091427200914273025
170a0714170a0714173016
0d010f130d010f13130013
0808141208081412141013
060c1814060c1814181017
070d1b17070d1b171b101a
061120190611201920101e
0318271c0318271c271024
0422301e0422301e30102d
0d2c371c0d2c371c371034
1a3738151a37381538103a
2b4237082b423708422042
404e3408404e34084e204e
535a3316535a33165a205c
5e60321e5e60321e602064
5c5c2c205c5c2c205c2061
483e1422483e1422483046
25051d2b25051d2b2b002b
0c2b4c3b0c2b4c3b4c1049
0c3a624a0c3a624a62105e
1835685518356855681064
2829665f2829665f661067
44105c6a44105c6a6a006b
6816487668164876760078
8b3b337f8b3b337f8b308c
9b4f25819b4f25819b3097
96521c7896521c78963091
7942156079421560793074
4923133d4923133d493046
1803121b1803121b1b001b
161f1801161f18011f201f
3d4125113d412511412043
545a3218545a32185a205d
535d3713535d37135d205e
404f3607404f36074f204f
283f3609283f36093f203f
06232e1b06232e1b2e102c
2508192a2508192a2a002a
3f2607303f2607303f303d
3c28022a3c28022a3c303a
261a001a261a001a263024
14140a0614140a06142014
25382f0825382f08382038
55775d0755775d07772077
7794670a7794670a942094
727844207278442078207c
5c5424285c5424285c305d
494a2718494a27184a204d
354a3904354a39044a204a
1c40421a1c40421a421045
092d3b23092d3b233b1039
0125372301253723371032
0621362706213627361033
1219363112193631361037
1017322f1017322f321034
04202c1a04202c1a2c1029
0e20220a0e20220a221021
060a1612060a1612161014
1500172015001720200020
0c0c201e0c0c201e201020
061920110619201120101e
091b1d0b091b1d0b1d101d
01131b1301131b131b101a
0e091c1d0e091c1d1d001e
1402141c1402141c1c001c
0c030a0f0c030a0f0f000f
090f0d01090f0d010f200f
131b1301131b13011b201b
030f1109030f1109111011
10010e1510010e15150015
12030e1712030e17170017
0a02080c0a02080c0c000c
0202000002020000022002
0306050003060500062006
02080c0a02080c0a0c100c
0b010d110b010d11110011
0e05080f0e05080f0f000f
0b0901070b0901070b300b
0203020102030201032003
080a0602080a06020a200a
070d0b03070d0b030d200d
0205080702050807081008
0502030605020306060006
0405020104050201052005
0004060400040604061005
0400040604000406060006
0501030505010305050005
0403000304030003043004
0303010103030101032003
0304030003040300042004
0608060006080600082008
0408080204080802081008
040c1008040c100810100e
081d2613081d2613261022
1137412111374121411040
295d5d25295d5d255d1064
5c9880185c988018982099
9ce0ae0a9ce0ae0ae020e0
c2ffd60cc2ffd60cff2112
b1ffdd1db1ffdd1dff210a
6abcb4326abcb432bc20c2
1e5e743c1e5e743c74106f
052743310527433143103e
0711231b0711231b23101f
01080f0a01080f0a0f100c
0101010101010101010001
0204040202040402041004
3928032439280324393035
4529073345290733453041
471d1b41471d1b41473047
4f1b274f4f1b274f4f0053
5c2328595c2328595c305f
5f2725595f2725595f3061
56261e4e56261e4e563056
4720173e4720173e473045
371b0f2f371b0f2f373036
2e1d04212e1d04212e302b
2d270d152d270d152d302c
2b2f1b0b2b2f1b0b2f2030
1c261c001c261c00262026
0412160c0412160c161015
15050d1715050d17170017
2a1708212a1708212a3028
3a23062b3a23062b3a3037
4c3202344c3202344c3048
563a003a563a003a563052
5234043a5234043a52304d
42230e3542230e3542303f
26061e2e26061e2e2e002e
041c2e22041c2e222e102c
1a3636121a363612361038
2b3f33052b3f33053f203f
2d3827042d382704382038
282b180b282b180b2b202c
27230d1127230d11273026
271c0318271c0318273024
2818041e2818041e283026
220f0c1f220f0c1f223022
1603121b1603121b1b001b
0805101108051011110011
0d1411020d141102142014
2223120b2223120b232024
2e2c14122e2c14122e302f
2f2e15122f2e15122f3031
2629160b2629160b29202a
1b241b001b241b00242024
0e22240e0e22240e241024
01212f1f01212f1f2f102d
0d1d392f0d1d392f391037
1a153a391a153a393a103c
2707313b2707313b3b003b
3a1914353a1914353a303a
5343112b5343112b53304f
5f5e2d225f5e2d225f3063
6066381a6066381a662069
545c3614545c36145c205e
44492a1144492a1149204a
35351b1135351b11352037
25200b1225200b12253024
150c0310150c0310153014
0b000b0e0b000b0e0e000e
0408100e0408100e101010
010f170f010f170f171015
0110191201101912191018
021420160214201620101d
021d2a1b021d2a1b2a1027
0324332003243320331030
062b3a23062b3a233a1037
0c2f3c210c2f3c213c1039
1632361616323616361036
2a3d32052a3d32053d203d
424d320b424d320b4d204d
535a3316535a33165a205c
59582b1e59582b1e59305c
46360a2846360a28463043
21082d3421082d34340034
0539593f0539593f591054
0344694803446948691063
0e3f6c510e3f6c516c1066
1e336a5b1e336a5b6a1068
381b6065381b6065650068
5c0a4c705c0a4c70700070
8232387c8232387c823085
9c4e28849c4e28849c3099
a7601780a7601780a730a0
9761076b9761076b973090
6d4a01486d4a01486d3067
3523012335230123353031
01080b0601080b060b100a
2f331d0d2f331d0d332034
525832165258321658205a
5b643b165b643b16642066
4f5a37104f5a37105a205b
3e4d34073e4d34074d204d
22332a0522332a05332033
0a0614140a061414140014
302202203022022030302e
3d300b223d300b223d303a
322a0c1a322a0c1a323031
2526130c2526130c262027
313f2d01313f2d013f203f
556a4906556a49066a206a
707b481b707b481b7b207d
6f6a312c6f6a312c6f3072
645e2a28645e2a28643066
59653d1359653d13652066
47624b0447624b04622062
2c4c46122c4c46124c204e
1231381912313819381037
0726331e0726331e331030
0428382204283822381034
041f3225041f3225321030
0f0a1f200f0a1f20200021
0509151105091511151013
0f1b19050f1b19051b201b
0b1b1b090b1b1b091b101c
080c1a18080c1a181a101a
1208202212082022220022
0c1128230c112823281026
0418281e0418281e281026
0217221702172217221020
070d1915070d1915191018
1503111915031119190019
1c0a101e1c0a101e1e001f
0f071b1d0f071b1d1d001d
0219221502192215221020
0314190e0314190e191018
07050d0d07050d0d0d000d
0e06060e0e06060e0e000f
110b030d110b030d113011
0d06050c0d06050c0d300d
02090e0b02090e0b0e100e
020d1009020d100910100f
0503090905030909090009
0d07030b0d07030b0d300d
130e010c130e010c133012
0d07030b0d07030b0d300d
010b0f09010b0f090f100e
060f1007060f1007101010
0005080500050805081007
0604000406040004063005
0907010509070105093008
0806000608060006083008
0501030505010305050005
0203060502030605061005
0104070601040706071007
0203060502030605061005
0604000406040004063005
090a0702090a07020a200a
0810120608101206121011
031a2516031a2516251022
0330452c0330452c451041
06425c3c06425c3c5c1059
164b5a31164b5a315a1059
5172590651725906722072
b2c36e2fb2c36e2fc320c8
ffff8d52ffff8d52ff211a
ffff9d51ffff9d51ff212a
cadc8230cadc8230dc20e1
5d6c470c5d6c470c6c206c
161e1a04161e1a041e201e
0104070401040704071005
0000000000000000000000
0204040202040402041004
0104050201040502051004
