0300030403000304040004
0202040402020404040004
0004060400040604061005
0005080500050805081007
00070a0700070a070a1009
00070a0700070a070a1009
0203060502030605061005
0102050401020504051004
0004060400040604061005
0307070303070703071007
0506050005060500062006
0404020204040202042004
0303010103030101032003
0103030101030301031003
0204040202040402041004
0104050201040502051004
0205060302050603061005
0004060400040604061005
0003040300030403041004
0001020100010201021001
0304030003040300042004
0304030003040300042004
0001020100010201021001
0003040300030403041004
0003040300030403041004
0305050103050501051005
0304030003040300042004
0304030003040300042004
0304030003040300042004
0304030003040300042004
0305050103050501051005
0300030403000304040004
0601040706010407070007
0600060806000608080008
0600060806000608080008
0703030707030307070007
0603020506030205063005
0501030505010305050005
0600060806000608080008
04040a0a04040a0a0a000a
0503090905030909090009
0304090803040908091008
0304090803040908091008
0600060806000608080008
0600060806000608080008
0600060806000608080008
0600060806000608080008
0600060806000608080008
0401060704010607070007
0300030403000304040004
0504010205040102053004
0604000406040004063005
0601040706010407070007
0600060806000608080008
0600060806000608080008
0601080906010809090009
0701090b0701090b0b000b
08020a0c08020a0c0c000c
08020a0c08020a0c0c000c
0802060a0802060a0a000a
0803040708030407083007
0601040706010407070007
0600060806000608080008
0600060806000608080008
0304090803040908091008
0304090803040908091008
0601080906010809090009
0700070a0700070a0a000a
0801060908010609090009
0703030707030307070007
0500050605000506060006
0303070703030707070007
0401060704010607070007
0301050503010505050005
0501030505010305050005
0601040706010407070007
0703030707030307070007
0603020506030205063005
0003040300030403041004
0607040106070401072007
1210060812100608123011
211b0711211b071121301f
2c2308192c2308192c302b
2c2308192c2308192c302b
1e1806101e1806101e301c
100e0606100e060610300f
090c0900090c09000c200c
080c0a02080c0a020c200c
090c0900090c09000c200c
0708050207080502082008
0706030207060302073006
0e0d06050e0d06050e300d
1613060b1613060b163015
1c17060f1c17060f1c301b
1c17060f1c17060f1c301b
1916070c1916070c193019
1211080712110807123012
0a0a06020a0a06020a200a
0608060006080600082008
0608060006080600082008
0608060006080600082008
0608060006080600082008
0608060006080600082008
0305050103050501051005
0204040202040402041004
0408080204080802081008
0509090305090903091009
040a0a04040a0a040a100a
0307070303070703071007
0305050103050501051005
0607040106070401072007
0708050207080502082008
0809060108090601092009
0505030105050301052005
0404020204040202042004
0303010103030101032003
0304030003040300042004
0407060104070601072007
0307070303070703071007
0308090403080904091008
0308090403080904091008
0509090305090903091009
0809060108090601092009
1210060812100608123011
28210a1328210a13283026
392e0b20392e0b20393038
3c2d06253c2d06253c303a
2e20021e2e20021e2e302b
1a1100111a1100111a3018
0d0a03060d0a03060d300b
0506050005060500062006
0300030403000304040004
0601040706010407070007
0904030809040308093008
0904030809040308093008
0904030809040308093008
0904030809040308093008
0904030809040308093008
0a0700070a0700070a3009
0603020506030205063005
0501030505010305050005
0704010607040106073007
0804020608040206083007
0704010607040106073007
0804020608040206083007
0601040706010407070007
0600060806000608080008
0402080804020808080008
0304090803040908091008
0303070703030707070007
0005080500050805081007
0308090403080904091008
0107090501070905091008
0104070601040706071007
0204080602040806081007
0303070703030707070007
0401060704010607070007
0301050503010505050005
0600060806000608080008
0402080804020808080008
0304090803040908091008
02060a0802060a080a100a
00070a0700070a070a1009
0005080500050805081007
0102050401020504051004
0202040402020404040004
0003040300030403041004
0304030003040300042004
0404020204040202042004
0505030105050301052005
0304030003040300042004
0304030003040300042004
0304030003040300042004
0304030003040300042004
0407060104070601072007
0204040202040402041004
0001020100010201021001
0001020100010201021001
0204040202040402041004
0104050201040502051004
0003040300030403041004
0003040300030403041004
0002040200020402041002
0204040202040402041004
0103030101030301031003
0304030003040300042004
0305050103050501051005
0205060302050603061005
0107090501070905091008
0303070703030707070007
0600060806000608080008
0600060806000608080008
0600060806000608080008
0903050909030509090009
0a03060b0a03060b0b000b
0900090c0900090c0c000c
0801080b0801080b0b000b
0503090905030909090009
0402080804020808080008
0303070703030707070007
0203060502030605061005
0301050503010505050005
0401060704010607070007
0600060806000608080008
0600060806000608080008
0600060806000608080008
0600060806000608080008
0703030707030307070007
0804020608040206083007
0601040706010407070007
0600060806000608080008
0600060806000608080008
0601080906010809090009
06030a0b06030a0b0b000b
08020a0c08020a0c0c000c
0701090b0701090b0b000b
0601080906010809090009
0903050909030509090009
0a04040a0a04040a0a000a
0801060908010609090009
0600060806000608080008
0600060806000608080008
0304090803040908091008
0304090803040908091008
0503090905030909090009
0700070a0700070a0a000a
0903050909030509090009
0904030809040308093008
0600060806000608080008
0304090803040908091008
0601040706010407070007
0501030505010305050005
0300030403000304040004
0300030403000304040004
0603020506030205063005
0703030707030307070007
0401060704010607070007
0102050401020504051004
0808040208080402082008
1511050b1511050b153014
241b0415241b0415243022
2e24061c2e24061c2e302d
2c22061a2c22061a2c302a
1e1806101e1806101e301c
1312090613120906133012
0b0d09010b0d09010d200d
0809060108090601092009
0708050207080502082008
0607040106070401072007
0809060108090601092009
0e0d06050e0d06050e300d
1613060b1613060b163015
1c17060f1c17060f1c301b
1e1806101e1806101e301c
1a17080d1a17080d1a301a
1110070611100706113011
0809060108090601092009
0608060006080600082008
0608060006080600082008
0609080106090801092009
0508070205080702082008
0206060202060602061006
0205060302050603061005
0308090403080904091008
040a0a04040a0a040a100a
0508070205080702082008
0405040104050401052005
0504010205040102053004
0605020306050203063005
0909050309090503092009
090b0701090b07010b200b
0304030003040300042004
0304030003040300042004
0304030003040300042004
0304030003040300042004
0608060006080600082008
0609080106090801092009
0509090305090903091009
0307070303070703071007
0407060104070601072007
0505030105050301052005
0b0903050b0903050b300a
1a15060d1a15060d1a3018
2c2106192c2106192c3029
392a0524392a0524393037
3928012639280126393037
2c1e001e2c1e001e2c302a
1d1503111d1503111d301b
0e0d06050e0d06050e300d
0205060302050603061005
0401060704010607070007
0904030809040308093008
0904030809040308093008
0904030809040308093008
0904030809040308093008
0904030809040308093008
0c0800080c0800080c300b
0904030809040308093008
0600060806000608080008
0904030809040308093008
0904030809040308093008
0903050909030509090009
0a03060b0a03060b0b000b
0900090c0900090c0c000c
0900090c0900090c0c000c
08020a0c08020a0c0c000c
06030a0b06030a0b0b000b
0601080906010809090009
0303070703030707070007
0107090501070905091008
0308090403080904091008
0005080500050805081007
0104070601040706071007
0203060502030605061005
0300030403000304040004
0300030403000304040004
0301050503010505050005
0303070703030707070007
0304090803040908091008
0105090701050907091008
0005080500050805081007
0004060400040604061005
0202040402020404040004
0101030301010303030003
0001020100010201021001
0201000102010001023001
0404020204040202042004
0607040106070401072007
0305050103050501051005
0204040202040402041004
0104050201040502051004
0204040202040402041004
0407060104070601072007
0304030003040300042004
0001020100010201021001
0003040300030403041004
0004060400040604061005
0004060400040604061005
0003040300030403041004
0001020100010201021001
0103030101030301031003
0205060302050603061005
0102050401020504051004
0004060400040604061005
0107090501070905091008
00070a0700070a070a1009
00070a0700070a070a1009
0203060502030605061005
0300030403000304040004
0300030403000304040004
0300030403000304040004
0501030505010305050005
0601040706010407070007
0600060806000608080008
0501050705010507070007
0301050503010505050005
0202040402020404040004
0101030301010303030003
0002040200020402041002
0003040300030403041004
0203060502030605061005
0401060704010607070007
0600060806000608080008
0600060806000608080008
0600060806000608080008
0903050909030509090009
0a03060b0a03060b0b000b
0900090c0900090c0c000c
0900090c0900090c0c000c
0900090c0900090c0c000c
08020a0c08020a0c0c000c
06040c0c06040c0c0c000c
07020b0c07020b0c0c000c
0900090c0900090c0c000c
0900090c0900090c0c000c
0b02070c0b02070c0c000c
0c04060c0c04060c0c000c
0a02080c0a02080c0c000c
0900090c0900090c0c000c
0900090c0900090c0c000c
06030a0b06030a0b0b000b
0503090905030909090009
0303070703030707070007
0500050605000506060006
0703030707030307070007
0904030809040308093008
0601040706010407070007
0204080602040806081007
0501050705010507070007
0703030707030307070007
0501030505010305050005
0300030403000304040004
0501030505010305050005
0601040706010407070007
0600060806000608080008
0600060806000608080008
0202060602020606060006
0609080106090801092009
1311070713110707133012
221b0613221b0613223021
2e23041d2e23041d2e302d
2d21031d2d21031d2d302b
241b0415241b0415243022
1713070b1713070b173015
0c0b06030c0b06030c300b
0608060006080600082008
0608060006080600082008
0608060006080600082008
0809060108090601092009
0e0d06050e0d06050e300d
1613060b1613060b163015
1c17060f1c17060f1c301b
1f1a07101f1a07101f301e
1a16060e1a16060e1a301a
110e0508110e0508113010
0a0a06020a0a06020a200a
0609080106090801092009
060b0a03060b0a030b200b
0308090403080904091008
0205060302050603061005
0206060202060602061006
0508070205080702082008
0609080106090801092009
0505030105050301052005
0404020204040202042004
0505030105050301052005
0305050103050501051005
060a0802060a08020a200a
070b0901070b09010b200b
0304030003040300042004
0304030003040300042004
0304030003040300042004
0304030003040300042004
0609080106090801092009
060b0a03060b0a030b200b
0409080304090803092009
0305050103050501051005
0506050005060500062006
0305050103050501051005
0406060204060602061006
0b0d09010b0d09010d200d
1715090917150909173016
271f0715271f0715273025
3325032133250321333031
3625002536250025363034
2f21011f2f21011f2f302d
211905132119051321301f
100e0606100e060610300f
0205060302050603061005
0702050807020508080008
0a04040a0a04040a0a000a
0b04050a0b04050a0b300a
0a04040a0a04040a0a000a
0b04050a0b04050a0b300a
0d07030b0d07030b0d300d
0c05040b0c05040b0c300c
0801060908010609090009
0903050909030509090009
0a04040a0a04040a0a000a
0a02060a0a02060a0a000a
0901070b0901070b0b000b
0900090c0900090c0c000c
09010b0d09010b0d0d000d
08010a0d08010a0d0d000d
0800080a0800080a0a000a
0600060806000608080008
0401060704010607070007
0005080500050805081007
0308090403080904091008
0106070401060704071007
0004060400040604061005
0102050401020504051004
0300030403000304040004
0300030403000304040004
0103030101030301031003
0205060302050603061005
0004060400040604061005
0003040300030403041004
0104050201040502051004
0204040202040402041004
0002040200020402041002
0101030301010303030003
0301010303010103030003
0201000102010001023001
0304030003040300042004
0608060006080600082008
0407060104070601072007
0205060302050603061005
0004060400040604061005
0004060400040604061005
0206080402060804081007
0004060400040604061005
0202040402020404040004
0004060400040604061005
0004060400040604061005
0004060400040604061005
0102050401020504051004
0300030403000304040004
0004060400040604061005
0106070401060704071007
0203060502030605061005
0105090701050907091008
00080c0800080c080c100b
00070a0700070a070a1009
0004060400040604061005
0001020100010201021001
0001020100010201021001
0101030301010303030003
0301010303010103030003
0201000102010001023001
0000000000000000000000
0000000000000000000000
0201000102010001023001
0100010201000102020002
0002040200020402041002
0101030301010303030003
0203060502030605061005
0104070601040706071007
0204080602040806081007
0303070703030707070007
0600060806000608080008
0600060806000608080008
0600060806000608080008
0801060908010609090009
0901070b0901070b0b000b
0900090c0900090c0c000c
09010b0d09010b0d0d000d
0a010c0f0a010c0f0f000f
0a010c0f0a010c0f0f000f
08040e0e08040e0e0e000e
09030d0f09030d0f0f000f
0c000c100c000c10100010
0c010a0f0c010a0f0f000f
0c03080d0c03080d0d000d
0c03080d0c03080d0d000d
0c010a0f0c010a0f0f000f
0c000c100c000c10100010
0c010a0f0c010a0f0f000f
0900090c0900090c0c000c
0601080906010809090009
0401060704010607070007
0500050605000506060006
0601040706010407070007
0903050909030509090009
0803040908030409090009
0403080704030807081007
0502070805020708080008
0a04040a0a04040a0a000a
0903050909030509090009
0600060806000608080008
0600060806000608080008
0600060806000608080008
0600060806000608080008
0600060806000608080008
0600060806000608080008
0105090701050907091008
0509090305090903091009
100e0606100e060610300f
211803142118031421301f
2e2000202e2000202e302d
3222002232220022323030
291e031a291e031a293027
1a15060d1a15060d1a3018
0c0c08020c0c08020c200c
0509090305090903091009
0308090403080904091008
0308090403080904091008
0509090305090903091009
0b0c07020b0c07020c200c
1412060a1412060a143014
1e1806101e1806101e301c
1f1805121f1805121f301e
1a15040f1a15040f1a3019
120f0409120f0409123011
0c0c06040c0c06040c200c
0b0d09010b0d09010d200d
0609080106090801092009
0205060302050603061005
0206080402060804081007
0308090403080904091008
0307070303070703071007
0104050201040502051004
0204040202040402041004
0206060202060602061006
0307070303070703071007
0509090305090903091009
0608060006080600082008
0404020204040202042004
0505030105050301052005
0305050103050501051005
0205060302050603061005
040a0a04040a0a040a100a
060b0a03060b0a030b200b
0506050005060500062006
0404020204040202042004
0607040106070401072007
0407060104070601072007
0307070303070703071007
0509090305090903091009
0b0e0b000b0e0b000e200e
1513090715130907153014
211803142118031421301f
302002223020022230302e
3925032939250329393037
3625002536250025363034
271c0318271c0318273024
130f0509130f0509133011
0205060302050603061005
0802060a0802060a0a000a
0c03080d0c03080d0d000d
0d04070e0d04070e0e000e
0e04080e0e04080e0e000e
0f06050e0f06050e0f300f
0f07050d0f07050d0f300e
0a03060b0a03060b0b000b
0a02060a0a02060a0a000a
0a03060b0a03060b0b000b
0a02080c0a02080c0c000c
0901070b0901070b0b000b
0800080a0800080a0a000a
06030a0b06030a0b0b000b
0900090c0900090c0c000c
0a03060b0a03060b0b000b
0801060908010609090009
0600060806000608080008
0304090803040908091008
00070a0700070a070a1009
0005080500050805081007
0004060400040604061005
0203060502030605061005
0401060704010607070007
0600060806000608080008
0304030003040300042004
0407060104070601072007
0205060302050603061005
0102050401020504051004
0003040300030403041004
0104050201040502051004
0003040300030403041004
0202040402020404040004
0402020404020204040004
0402020404020204040004
0004060400040604061005
0307070303070703071007
0407060104070601072007
0407060104070601072007
0205060302050603061005
0004060400040604061005
0106070401060704071007
0005080500050805081007
0202060602020606060006
0204080602040806081007
0104070601040706071007
0204080602040806081007
0303070703030707070007
0601080906010809090009
04040a0a04040a0a0a000a
0304090803040908091008
0204080602040806081007
0006080600060806081008
0107090501070905091008
0205060302050603061005
0001020100010201021001
0001020100010201021001
0003040300030403041004
0202040402020404040004
0402020404020204040004
0402020404020204040004
0300030403000304040004
0300030403000304040004
0300030403000304040004
0300030403000304040004
0202040402020404040004
0203060502030605061005
0105090701050907091008
0304090803040908091008
0304090803040908091008
0304090803040908091008
0600060806000608080008
0600060806000608080008
0600060806000608080008
0600060806000608080008
0600060806000608080008
0601080906010809090009
06030a0b06030a0b0b000b
08030c0d08030c0d0d000d
0a010c0f0a010c0f0f000f
09030d0f09030d0f0f000f
08030c0d08030c0d0d000d
0900090c0900090c0c000c
0a02080c0a02080c0c000c
0c04060c0c04060c0c000c
0b02070c0b02070c0c000c
0900090c0900090c0c000c
0900090c0900090c0c000c
0a02080c0a02080c0c000c
0a03060b0a03060b0b000b
0801060908010609090009
0600060806000608080008
0600060806000608080008
0600060806000608080008
0801060908010609090009
0a03060b0a03060b0b000b
0701090b0701090b0b000b
0503090905030909090009
0904030809040308093008
0904030809040308093008
0600060806000608080008
0600060806000608080008
0600060806000608080008
0600060806000608080008
0601080906010809090009
0701090b0701090b0b000b
06030a0b06030a0b0b000b
0304090803040908091008
0205060302050603061005
0d0a03060d0a03060d300b
1e1502131e1502131e301c
2d20011e2d20011e2d302b
3324012233240122333031
2d21031d2d21031d2d302b
1e1806101e1806101e301c
0f0f09030f0f09030f200f
0509090305090903091009
0308090403080904091008
0308090403080904091008
0406060204060602061006
0b0a05040b0a05040b300a
1613060b1613060b163015
1c1604101c1604101c301b
1f1703131f1703131f301d
1c1402121c1402121c301a
1711030d1711030d173015
1210060812100608123011
0c0c06040c0c06040c200c
0608060006080600082008
0307070303070703071007
0308090403080904091008
0206080402060804081007
0004060400040604061005
0004060400040604061005
0206080402060804081007
0307070303070703071007
0407060104070601072007
0505030105050301052005
0404020204040202042004
0607040106070401072007
0407060104070601072007
0306050203060502062006
0609080106090801092009
080a0800080a08000a200a
0304030003040300042004
0304030003040300042004
0608060006080600082008
0608060006080600082008
0608060006080600082008
0608060006080600082008
090c0900090c09000c200c
0b0c07020b0c07020c200c
100b0209100b020910300e
1f1301151f1301151f301c
2f1e03222f1e03222f302d
3c28022a3c28022a3c303a
3a2902273a2902273a3038
2a1f04192a1f04192a3027
1410040a1410040a143012
0304030003040300042004
0401060704010607070007
0a02080c0a02080c0c000c
0d04070e0d04070e0e000e
0f07050d0f07050d0f300e
0f08030c0f08030c0f300e
0c04060c0c04060c0c000c
0a03060b0a03060b0b000b
0a02060a0a02060a0a000a
0901070b0901070b0b000b
0a02080c0a02080c0c000c
0900090c0900090c0c000c
06030a0b06030a0b0b000b
0800080a0800080a0a000a
0a04040a0a04040a0a000a
0903050909030509090009
0601080906010809090009
04040a0a04040a0a0a000a
0304090803040908091008
0204080602040806081007
0104070601040706071007
0203060502030605061005
0203060502030605061005
0401060704010607070007
0004060400040604061005
0308090403080904091008
0106070401060704071007
0202040402020404040004
0101030301010303030003
0104050201040502051004
0204040202040402041004
0002040200020402041002
0300030403000304040004
0601040706010407070007
0304090803040908091008
0105090701050907091008
0005080500050805081007
0307070303070703071007
0206060202060602061006
0205060302050603061005
0206080402060804081007
0107090501070905091008
0303070703030707070007
0303070703030707070007
0204080602040806081007
0104070601040706071007
0204080602040806081007
0303070703030707070007
0304090803040908091008
0402080804020808080008
0303070703030707070007
0005080500050805081007
0205060302050603061005
0104050201040502051004
0101030301010303030003
0202040402020404040004
0003040300030403041004
0001020100010201021001
0201000102010001023001
0301010303010103030003
0301050503010505050005
0401060704010607070007
0600060806000608080008
0600060806000608080008
0402080804020808080008
0304090803040908091008
02060a0802060a080a100a
0304090803040908091008
0304090803040908091008
0304090803040908091008
0601040706010407070007
0501030505010305050005
0301050503010505050005
0401060704010607070007
0600060806000608080008
0503090905030909090009
04050c0b04050c0b0c100c
06040c0c06040c0c0c000c
08020a0c08020a0c0c000c
07020b0c07020b0c0c000c
07020b0c07020b0c0c000c
0901070b0901070b0b000b
0a02060a0a02060a0a000a
0a03060b0a03060b0b000b
0a02080c0a02080c0c000c
0901070b0901070b0b000b
0801060908010609090009
0801060908010609090009
0a03060b0a03060b0b000b
0a02080c0a02080c0c000c
0901070b0901070b0b000b
0801060908010609090009
0600060806000608080008
0600060806000608080008
0801060908010609090009
0700070a0700070a0a000a
0601080906010809090009
0904030809040308093008
0904030809040308093008
0600060806000608080008
0600060806000608080008
0600060806000608080008
0600060806000608080008
0503090905030909090009
06030a0b06030a0b0b000b
0701090b0701090b0b000b
0601080906010809090009
0401060704010607070007
0102050401020504051004
0a0904030a0904030a3009
1b1403101b1403101b3019
2c1f021d2c1f021d2c302a
3526032235260322353032
3024041e3024041e30302e
221a0414221a0414223020
130f0509130f0509133011
0a0a06020a0a06020a200a
0608060006080600082008
0304030003040300042004
0505030105050301052005
0e0d06050e0d06050e300d
1510030c1510030c153014
1c1300131c1300131c301a
201600162016001620301f
1f1601141f1601141f301d
1b15050f1b15050f1b3019
1412080814120808143013
0b0d09010b0d09010d200d
0509090305090903091009
0308090403080904091008
0106070401060704071007
0004060400040604061005
0005080500050805081007
0006080600060806081008
0005080500050805081007
0205060302050603061005
0104050201040502051004
0204040202040402041004
0407060104070601072007
0607040106070401072007
0605020306050203063005
0908030409080304093008
0a0b06030a0b06030b200b
0506050005060500062006
0204040202040402041004
0407060104070601072007
0608060006080600082008
0608060006080600082008
0608060006080600082008
090b0701090b07010b200b
0909050309090503092009
0806020408060204083007
0d0901070d0901070d300b
1a1100111a1100111a3018
2e1f001f2e1f001f2e302b
3d2b01293d2b01293d303b
3d2b01293d2b01293d303b
2d1d011f2d1d011f2d302a
190f0111190f0111193016
0b0903050b0903050b300a
0004060400040604061005
0803040908030409090009
0e07040b0e07040b0e300d
0e07040d0e07040d0e300e
0e05060d0e05060d0e300d
0c05040b0c05040b0c300c
0903050909030509090009
0600060806000608080008
0801060908010609090009
0700070a0700070a0a000a
0601080906010809090009
0600060806000608080008
0903050909030509090009
0a03060b0a03060b0b000b
08020a0c08020a0c0c000c
06030a0b06030a0b0b000b
0601080906010809090009
0304090803040908091008
0304090803040908091008
0401060704010607070007
0203060502030605061005
0202040402020404040004
0304090803040908091008
00070a0700070a070a1009
0004060400040604061005
0001020100010201021001
0000000000000000000000
0304030003040300042004
0304030003040300042004
0103030101030301031003
0004060400040604061005
0401060704010607070007
0303070703030707070007
0204080602040806081007
0104070601040706071007
0005080500050805081007
0206080402060804081007
0106070401060704071007
0106070401060704071007
0308090403080904091008
0005080500050805081007
0202060602020606060006
0204080602040806081007
0104070601040706071007
0204080602040806081007
0104070601040706071007
0203060502030605061005
0203060502030605061005
0202060602020606060006
0203060502030605061005
0004060400040604061005
0004060400040604061005
0202040402020404040004
0101030301010303030003
0002040200020402041002
0101030301010303030003
0300030403000304040004
0300030403000304040004
0203060502030605061005
0303070703030707070007
0601080906010809090009
0701090b0701090b0b000b
08020a0c08020a0c0c000c
06030a0b06030a0b0b000b
03050b0903050b090b100a
0304090803040908091008
0303070703030707070007
0203060502030605061005
0402020404020204040004
0402020404020204040004
0202040402020404040004
0203060502030605061005
0402080804020808080008
04050c0b04050c0b0c100c
05060d0c05060d0c0d100d
06040c0c06040c0c0c000c
07020b0c07020b0c0c000c
08020a0c08020a0c0c000c
08020a0c08020a0c0c000c
0a02080c0a02080c0c000c
0a03060b0a03060b0b000b
0a02060a0a02060a0a000a
0901070b0901070b0b000b
0a02080c0a02080c0c000c
0a03060b0a03060b0b000b
0801060908010609090009
0801060908010609090009
0901070b0901070b0b000b
0a03060b0a03060b0b000b
0903050909030509090009
0600060806000608080008
0600060806000608080008
0600060806000608080008
0600060806000608080008
0600060806000608080008
0904030809040308093008
0904030809040308093008
0600060806000608080008
0600060806000608080008
0600060806000608080008
0600060806000608080008
0304090803040908091008
0304090803040908091008
0600060806000608080008
0600060806000608080008
0600060806000608080008
0601040706010407070007
0101030301010303030003
0a0804040a0804040a3008
1a15060d1a15060d1a3018
2921071729210717293028
3225041f3225041f323030
302202203022022030302e
251b0317251b0317253023
1612060a1612060a163014
0a0a06020a0a06020a200a
0304030003040300042004
0304030003040300042004
0809060108090601092009
0b0a05040b0a05040b300a
110d0309110d030911300f
1913030f1913030f193018
1f1703131f1703131f301d
201a0612201a061220301f
1c1a0a0c1c1a0a0c1c301c
12140c0412140c04142014
080c0a02080c0a020c200c
0308090403080904091008
0205060302050603061005
0104050201040502051004
0307070303070703071007
0206080402060804081007
0004060400040604061005
0004060400040604061005
0004060400040604061005
0003040300030403041004
0305050103050501051005
0505030105050301052005
0404020204040202042004
0808040208080402082008
0a0c08020a0c08020c200c
070a0700070a07000a200a
0204040202040402041004
0305050103050501051005
0608060006080600082008
0608060006080600082008
0608060006080600082008
0809060108090601092009
0708050207080502082008
0606020206060202062006
0605020306050203063005
0c0700070c0700070c3009
1a1202101a1202101a3018
2f20011e2f20011e2f302b
3d29012b3d29012b3d303b
3d27052d3d27052d3d303b
2f1e03222f1e03222f302d
1f1603121f1603121f301c
0e0d06050e0d06050e300d
0101030301010303030003
0904030809040308093008
0c05040b0c05040b0c300c
0d06050c0d06050c0d300d
0d06050c0d06050c0d300d
0c04060c0c04060c0c000c
0901070b0901070b0b000b
0800080a0800080a0a000a
0701090b0701090b0b000b
0900090c0900090c0c000c
0900090c0900090c0c000c
0b01090d0b01090d0d000d
0c010a0f0c010a0f0f000f
0a010c0f0a010c0f0f000f
0900090c0900090c0c000c
0801060908010609090009
0304090803040908091008
0304090803040908091008
0600060806000608080008
0401060704010607070007
0301050503010505050005
0303070703030707070007
0005080500050805081007
0102050401020504051004
0301010303010103030003
0201000102010001023001
0304030003040300042004
0304030003040300042004
0304030003040300042004
0407060104070601072007
0004060400040604061005
0202060602020606060006
0203060502030605061005
0004060400040604061005
0004060400040604061005
0106070401060704071007
0206080402060804081007
0205060302050603061005
0407060104070601072007
0407060104070601072007
0004060400040604061005
0105090701050907091008
0304090803040908091008
0303070703030707070007
0204080602040806081007
0202060602020606060006
0203060502030605061005
0203060502030605061005
0202060602020606060006
0204080602040806081007
0104070601040706071007
0301050503010505050005
0300030403000304040004
0202040402020404040004
0203060502030605061005
0401060704010607070007
0600060806000608080008
0304090803040908091008
0304090803040908091008
0503090905030909090009
06030a0b06030a0b0b000b
0701090b0701090b0b000b
06020a0a06020a0a0a000a
04040a0a04040a0a0a000a
0503090905030909090009
0401060704010607070007
0301050503010505050005
0501030505010305050005
0601040706010407070007
0401060704010607070007
0204080602040806081007
02060a0802060a080a100a
03070d0b03070d0b0d100d
04050c0b04050c0b0c100c
05040b0a05040b0a0b100a
06030a0b06030a0b0b000b
0701090b0701090b0b000b
0601080906010809090009
0801060908010609090009
0a03060b0a03060b0b000b
0a02080c0a02080c0c000c
0900090c0900090c0c000c
0b01090d0b01090d0d000d
0d04070e0d04070e0e000e
0c03080d0c03080d0d000d
0900090c0900090c0c000c
0900090c0900090c0c000c
0c04060c0c04060c0c000c
0c05040b0c05040b0c300c
0801060908010609090009
0600060806000608080008
0600060806000608080008
0600060806000608080008
0600060806000608080008
0903050909030509090009
0a04040a0a04040a0a000a
0801060908010609090009
0600060806000608080008
0600060806000608080008
0600060806000608080008
0303070703030707070007
0203060502030605061005
0300030403000304040004
0300030403000304040004
0300030403000304040004
0402020404020204040004
0402020404020204040004
0004060400040604061005
0a0d0a010a0d0a010d200d
1715090917150909173016
251c0516251c0516253023
2f22031e2f22031e2f302d
3024041e3024041e30302e
261d0417261d0417263025
1711030d1711030d173015
0a0804040a0804040a3008
0405040104050401052005
0407060104070601072007
0608060006080600082008
0809060108090601092009
0e0d06050e0d06050e300d
1613060b1613060b163015
1f1905111f1905111f301e
241d0615241d0615243023
221b0613221b0613223021
1712050c1712050c173015
0d0a03060d0a03060d300b
0605020306050203063005
0505030105050301052005
0608060006080600082008
0407060104070601072007
0205060302050603061005
0004060400040604061005
0003040300030403041004
0002040200020402041002
0204040202040402041004
0103030101030301031003
0304030003040300042004
0608060006080600082008
090b0701090b07010b200b
0a0b06030a0b06030b200b
0605020306050203063005
0505030105050301052005
0608060006080600082008
0608060006080600082008
0608060006080600082008
0608060006080600082008
0608060006080600082008
0505030105050301052005
0404020204040202042004
0504010205040102053004
0b0903050b0903050b300a
1912030e1912030e193016
2a1c001c2a1c001c2a3027
3925032939250329393037
3d28032c3d28032c3d303b
3525012335250123353032
2319031523190315233020
0e0a02080e0a02080e300c
0102030201020302031002
0702050807020508080008
0c05040b0c05040b0c300c
0e05060d0e05060d0e300d
0d04070e0d04070e0e000e
0c03080d0c03080d0d000d
0900090c0900090c0c000c
08020a0c08020a0c0c000c
0900090c0900090c0c000c
0900090c0900090c0c000c
0900090c0900090c0c000c
09010b0d09010b0d0d000d
0a000a0e0a000a0e0e000e
0c03080d0c03080d0d000d
0a02080c0a02080c0c000c
06030a0b06030a0b0b000b
0503090905030909090009
0600060806000608080008
0600060806000608080008
0600060806000608080008
0102050401020504051004
0004060400040604061005
0202040402020404040004
0402020404020204040004
0402020404020204040004
0003040300030403041004
0104050201040502051004
0204040202040402041004
0407060104070601072007
0407060104070601072007
0003040300030403041004
0101030301010303030003
0104050201040502051004
0205060302050603061005
0205060302050603061005
0206060202060602061006
0204040202040402041004
0305050103050501051005
0608060006080600082008
0407060104070601072007
0307070303070703071007
0004060400040604061005
0102050401020504051004
0004060400040604061005
0203060502030605061005
0202060602020606060006
0204080602040806081007
0303070703030707070007
0303070703030707070007
0203060502030605061005
0301050503010505050005
0401060704010607070007
0401060704010607070007
0203060502030605061005
0203060502030605061005
0401060704010607070007
0303070703030707070007
0204080602040806081007
0104070601040706071007
0204080602040806081007
0401060704010607070007
0502070805020708080008
0304090803040908091008
0402080804020808080008
0600060806000608080008
0600060806000608080008
0600060806000608080008
0600060806000608080008
0601080906010809090009
04040a0a04040a0a0a000a
02070c0902070c090c100b
00080c0800080c080c100b
03050b0903050b090b100a
04040a0a04040a0a0a000a
0503090905030909090009
0600060806000608080008
0600060806000608080008
0600060806000608080008
0801060908010609090009
0901070b0901070b0b000b
0900090c0900090c0c000c
0900090c0900090c0c000c
0c03080d0c03080d0d000d
0d03090f0d03090f0f000f
0c010a0f0c010a0f0f000f
0b01090d0b01090d0d000d
0c04060c0c04060c0c000c
0d06050c0d06050c0d300d
0a02080c0a02080c0c000c
0900090c0900090c0c000c
0900090c0900090c0c000c
0901070b0901070b0b000b
0801060908010609090009
0801060908010609090009
0a03060b0a03060b0b000b
0a02080c0a02080c0c000c
0900090c0900090c0c000c
0901070b0901070b0b000b
0801060908010609090009
0401060704010607070007
0301050503010505050005
0300030403000304040004
0300030403000304040004
0300030403000304040004
0501030505010305050005
0601040706010407070007
0304090803040908091008
02090c0702090c070c100b
070b0b03070b0b030b100b
1111090511110905112011
1f1a07101f1a07101f301e
2c21041b2c21041b2c302a
302202203022022030302e
281b001b281b001b283026
1912011019120110193018
0d0a03060d0a03060d300b
0707050107070501072007
0607040106070401072007
0708050207080502082008
0a0a06020a0a06020a200a
0e0d06050e0d06050e300d
1711030d1711030d173015
2218021622180216223020
291d011b291d011b293027
2419001924190019243023
1a1100111a1100111a3018
0e0a02080e0a02080e300c
0808040208080402082008
0608060006080600082008
0608060006080600082008
0407060104070601072007
0204040202040402041004
0002040200020402041002
0003040300030403041004
0003040300030403041004
0001020100010201021001
0304030003040300042004
0608060006080600082008
0809060108090601092009
0909050309090503092009
0707030307070303072007
0607040106070401072007
0608060006080600082008
0608060006080600082008
0608060006080600082008
0608060006080600082008
0608060006080600082008
0304030003040300042004
0304030003040300042004
0304030003040300042004
0505030105050301052005
0b0903050b0903050b300a
160e000e160e000e163013
2719011b2719011b273024
3825022738250227383035
402c002c402c002c40303e
3826002638260026383035
2419021724190217243021
100d0407100d040710300e
0004060400040604061005
0802060a0802060a0a000a
0c04060c0c04060c0c000c
0c04060c0c04060c0c000c
0c03080d0c03080d0d000d
0a01080d0a01080d0d000d
0800080a0800080a0a000a
0600060806000608080008
0601080906010809090009
0701090b0701090b0b000b
08020a0c08020a0c0c000c
0900090c0900090c0c000c
0c03080d0c03080d0d000d
0c02080e0c02080e0e000e
0900090c0900090c0c000c
0601080906010809090009
0600060806000608080008
0601080906010809090009
0701090b0701090b0b000b
0202040402020404040004
0003040300030403041004
0002040200020402041002
0300030403000304040004
0601040706010407070007
0401060704010607070007
0203060502030605061005
0003040300030403041004
0305050103050501051005
0608060006080600082008
0304030003040300042004
0001020100010201021001
0204040202040402041004
0206060202060602061006
0205060302050603061005
0205060302050603061005
0103030101030301031003
0304030003040300042004
0608060006080600082008
0608060006080600082008
0608060006080600082008
0304030003040300042004
0103030101030301031003
0204040202040402041004
0104050201040502051004
0004060400040604061005
0104070601040706071007
0204080602040806081007
0202060602020606060006
0301050503010505050005
0202040402020404040004
0203060502030605061005
0401060704010607070007
0401060704010607070007
0204080602040806081007
0303070703030707070007
0401060704010607070007
0203060502030605061005
0004060400040604061005
0004060400040604061005
0203060502030605061005
0202060602020606060006
0204080602040806081007
0303070703030707070007
0600060806000608080008
0600060806000608080008
0600060806000608080008
0601080906010809090009
06040c0c06040c0c0c000c
07040d0e07040d0e0e000e
06050e0d06050e0d0e100d
03070d0b03070d0b0d100d
04060c0a04060c0a0c100b
04040a0a04040a0a0a000a
0601080906010809090009
0600060806000608080008
0600060806000608080008
0601080906010809090009
0701090b0701090b0b000b
0900090c0900090c0c000c
0900090c0900090c0c000c
0901070b0901070b0b000b
0a02060a0a02060a0a000a
0901070b0901070b0b000b
0a02080c0a02080c0c000c
0a02080c0a02080c0c000c
0c04060c0c04060c0c000c
0e05060d0e05060d0e300d
0c02080e0c02080e0e000e
0b01090d0b01090d0d000d
0900090c0900090c0c000c
0a02080c0a02080c0c000c
0a03060b0a03060b0b000b
0801060908010609090009
0801060908010609090009
0901070b0901070b0b000b
0900090c0900090c0c000c
0a02080c0a02080c0c000c
0a03060b0a03060b0b000b
0801060908010609090009
0600060806000608080008
0600060806000608080008
0600060806000608080008
0601040706010407070007
0500050605000506060006
0401060704010607070007
0304090803040908091008
00080c0800080c080c100b
00070a0700070a070a1009
0509090305090903091009
100f0805100f080510300f
1d1503111d1503111d301b
2a1d001d2a1d001d2a3029
302002223020022230302e
2b1c011e2b1c011e2b3029
1e1400141e1400141e301c
110c010a110c010a11300f
0a0702050a0702050a3008
0908030409080304093008
0a0b06030a0b06030b200b
0a0904030a0904030a3009
0c0902070c0902070c300b
1710010e1710010e173015
2218021622180216223020
281c021a281c021a283026
2319011723190117233021
1913030f1913030f193018
100e0606100e060610300f
080a0800080a08000a200a
0508070205080702082008
0407060104070601072007
0304030003040300042004
0102010001020100022002
0304030003040300042004
0202020002020200021002
0000000000000000000000
0304030003040300042004
0608060006080600082008
0608060006080600082008
0608060006080600082008
0608060006080600082008
0608060006080600082008
0608060006080600082008
0608060006080600082008
0608060006080600082008
0608060006080600082008
0608060006080600082008
0305050103050501051005
0204040202040402041004
0103030101030301031003
0304030003040300042004
0505030105050301052005
0806020408060204083007
130e030a130e030a133011
2319031523190315233020
3526032235260322353032
3d2b01293d2b01293d303b
3727012537270125373035
271c0318271c0318273024
130f0509130f0509133011
0205060302050603061005
0802060a0802060a0a000a
0c03080d0c03080d0d000d
0c02080e0c02080e0e000e
0c03080d0c03080d0d000d
0a02080c0a02080c0c000c
0900090c0900090c0c000c
08020a0c08020a0c0c000c
08020a0c08020a0c0c000c
0701090b0701090b0b000b
0800080a0800080a0a000a
0901070b0901070b0b000b
0a02080c0a02080c0c000c
0a02080c0a02080c0c000c
0901070b0901070b0b000b
0801060908010609090009
0503090905030909090009
06030a0b06030a0b0b000b
0101030301010303030003
0002040200020402041002
0003040300030403041004
0202040402020404040004
0300030403000304040004
0301050503010505050005
0202060602020606060006
0301050503010505050005
0004060400040604061005
0307070303070703071007
0104050201040502051004
0003040300030403041004
0004060400040604061005
0205060302050603061005
0206060202060602061006
0204040202040402041004
0002040200020402041002
0204040202040402041004
0407060104070601072007
0608060006080600082008
0608060006080600082008
0304030003040300042004
0304030003040300042004
0305050103050501051005
0205060302050603061005
0106070401060704071007
0004060400040604061005
0004060400040604061005
0202040402020404040004
0300030403000304040004
0102050401020504051004
0004060400040604061005
0203060502030605061005
0401060704010607070007
0303070703030707070007
0203060502030605061005
0300030403000304040004
0102050401020504051004
0004060400040604061005
0004060400040604061005
0004060400040604061005
0203060502030605061005
0105090701050907091008
0304090803040908091008
0601080906010809090009
0701090b0701090b0b000b
0900090c0900090c0c000c
08030c0d08030c0d0d000d
06060e0e06060e0e0e000f
08040e0e08040e0e0e000e
07040d0e07040d0e0e000e
06050e0d06050e0d0e100d
04050c0b04050c0b0c100c
05040b0a05040b0a0b100a
0701090b0701090b0b000b
0900090c0900090c0c000c
0900090c0900090c0c000c
08020a0c08020a0c0c000c
08020a0c08020a0c0c000c
0900090c0900090c0c000c
0900090c0900090c0c000c
0a02080c0a02080c0c000c
0a02080c0a02080c0c000c
0901070b0901070b0b000b
0a02060a0a02060a0a000a
0901070b0901070b0b000b
0c03080d0c03080d0d000d
0d04070e0d04070e0e000e
0c04060c0c04060c0c000c
0903050909030509090009
0600060806000608080008
0802040808020408080008
0904030809040308093008
0702050807020508080008
0600060806000608080008
0601080906010809090009
0701090b0701090b0b000b
0b02070c0b02070c0c000c
0c05040b0c05040b0c300c
0903050909030509090009
0600060806000608080008
0600060806000608080008
0601040706010407070007
0603020506030205063005
0300030403000304040004
0203060502030605061005
0105090701050907091008
00070a0700070a070a1009
0005080500050805081007
0205060302050603061005
0607040106070401072007
0e0900090e0900090e300c
1d1201141d1201141d301a
2b1c011e2b1c011e2b3029
302002223020022230302e
2c1e001e2c1e001e2c302a
201500152015001520301d
120c000c120c000c123010
0d0901070d0901070d300b
0d0b03070d0b03070d300d
0c0800080c0800080c300b
0b0601080b0601080b300a
100a000a100a000a10300e
1811020f1811020f183016
2219021522190215223020
261b0219261b0219263024
251b0317251b0317253023
1c17060f1c17060f1c301b
1110070611100706113011
0809060108090601092009
0506050005060500062006
0304030003040300042004
0201000102010001023001
0404020204040202042004
0303010103030101032003
0001020100010201021001
0204040202040402041004
0407060104070601072007
0608060006080600082008
0608060006080600082008
0608060006080600082008
0608060006080600082008
0608060006080600082008
0608060006080600082008
0608060006080600082008
0608060006080600082008
0608060006080600082008
0407060104070601072007
0204040202040402041004
0002040200020402041002
0204040202040402041004
0104050201040502051004
0205060302050603061005
0509090305090903091009
0d0e09020d0e09020e200e
1d19090d1d19090d1d301c
2e23061b2e23061b2e302c
3929032539290325393037
3727012537270125373035
291d011b291d011b293027
1711030d1711030d173015
0505030105050301052005
0401060704010607070007
0801080b0801080b0b000b
0c03080d0c03080d0d000d
0c010a0f0c010a0f0f000f
0c010a0f0c010a0f0f000f
0900090c0900090c0c000c
06020a0a06020a0a0a000a
0701090b0701090b0b000b
0900090c0900090c0c000c
0900090c0900090c0c000c
0b02070c0b02070c0c000c
0b02070c0b02070c0c000c
0a02080c0a02080c0c000c
0a02080c0a02080c0c000c
06030a0b06030a0b0b000b
0503090905030909090009
0301010303010103030003
0101010101010101010001
0304030003040300042004
0202020002020200021002
0000000000000000000000
0103030101030301031003
0004060400040604061005
0401060704010607070007
0304090803040908091008
0105090701050907091008
0203060502030605061005
0003040300030403041004
0104050201040502051004
0205060302050603061005
0205060302050603061005
0104050201040502051004
0004060400040604061005
0104070601040706071007
0005080500050805081007
0307070303070703071007
0407060104070601072007
0304030003040300042004
0304030003040300042004
0407060104070601072007
0307070303070703071007
0206080402060804081007
0004060400040604061005
0003040300030403041004
0002040200020402041002
0101030301010303030003
0203060502030605061005
0104070601040706071007
0203060502030605061005
0202040402020404040004
0102050401020504051004
0102050401020504051004
0300030403000304040004
0203060502030605061005
0104070601040706071007
0204080602040806081007
0104070601040706071007
0204080602040806081007
00070a0700070a070a1009
0304090803040908091008
0503090905030909090009
06030a0b06030a0b0b000b
0900090c0900090c0c000c
06040c0c06040c0c0c000c
04050c0b04050c0b0c100c
05040b0a05040b0a0b100a
04050c0b04050c0b0c100c
06040c0c06040c0c0c000c
06030a0b06030a0b0b000b
05040b0a05040b0a0b100a
06030a0b06030a0b0b000b
0900090c0900090c0c000c
0900090c0900090c0c000c
07020b0c07020b0c0c000c
07020b0c07020b0c0c000c
0900090c0900090c0c000c
0901070b0901070b0b000b
0a02060a0a02060a0a000a
0901070b0901070b0b000b
0a02080c0a02080c0c000c
0a02080c0a02080c0c000c
0900090c0900090c0c000c
0b02070c0b02070c0c000c
0c05040b0c05040b0c300c
0c06040a0c06040a0c300b
0a04040a0a04040a0a000a
0801060908010609090009
0702050807020508080008
0904030809040308093008
0802040808020408080008
0600060806000608080008
0503090905030909090009
06030a0b06030a0b0b000b
0a03060b0a03060b0b000b
0c06040a0c06040a0c300b
0a04040a0a04040a0a000a
0801060908010609090009
0600060806000608080008
0703030707030307070007
0804020608040206083007
0401060704010607070007
0304090803040908091008
0205080702050807081008
0005080500050805081007
0004060400040604061005
0003040300030403041004
0202020002020200021002
0502010405020104053004
0e0900090e0900090e300c
1b1301111b1301111b3019
281b001b281b001b283026
302100213021002130302e
2c1e001e2c1e001e2c302a
201500152015001520301d
140d000d140d000d143012
100a000a100a000a10300e
0d08010a0d08010a0d300c
0c0800080c0800080c300b
0b0903050b0903050b300a
0e0c04060e0c04060e300d
1711030d1711030d173015
201600162016001620301f
291d011b291d011b293027
291f0519291f0519293027
201804122018041220301e
120d020b120d020b123011
0b0801060b0801060b300a
0605020306050203063005
0201000102010001023001
0304030003040300042004
0304030003040300042004
0103030101030301031003
0205060302050603061005
0205060302050603061005
0408080204080802081008
0509090305090903091009
0307070303070703071007
0407060104070601072007
0607040106070401072007
0708050207080502082008
0809060108090601092009
0608060006080600082008
0608060006080600082008
0607040106070401072007
0404020204040202042004
0304030003040300042004
0205060302050603061005
0005080500050805081007
00070a0700070a070a1009
00070a0700070a070a1009
03090b0503090b050b100a
0c0f0c010c0f0c010f200f
1715090917150909173016
281f0617281f0617283026
3526032235260322353032
3625002536250025363034
2c1f021d2c1f021d2c302a
1912030e1912030e193016
0809060108090601092009
0303070703030707070007
0901070b0901070b0b000b
0900090c0900090c0c000c
0a02080c0a02080c0c000c
0a02080c0a02080c0c000c
08020a0c08020a0c0c000c
08020a0c08020a0c0c000c
0900090c0900090c0c000c
0900090c0900090c0c000c
0a02080c0a02080c0c000c
0a02080c0a02080c0c000c
0b02070c0b02070c0c000c
0b02070c0b02070c0c000c
0701090b0701090b0b000b
0601080906010809090009
0201020302010203030003
0201020302010203030003
0103030101030301031003
0102010001020100022002
0001020100010201021001
0204040202040402041004
0206060202060602061006
0004060400040604061005
0104070601040706071007
0203060502030605061005
0101030301010303030003
0002040200020402041002
0204040202040402041004
0206060202060602061006
0205060302050603061005
0004060400040604061005
0106070401060704071007
0005080500050805081007
0104070601040706071007
0005080500050805081007
0205060302050603061005
0104050201040502051004
0205060302050603061005
0308090403080904091008
0308090403080904091008
0106070401060704071007
0004060400040604061005
0102050401020504051004
0203060502030605061005
0303070703030707070007
0303070703030707070007
0204080602040806081007
0202060602020606060006
0301050503010505050005
0203060502030605061005
0303070703030707070007
0600060806000608080008
0304090803040908091008
0304090803040908091008
0304090803040908091008
0304090803040908091008
0304090803040908091008
00080c0800080c080c100b
0304090803040908091008
0304090803040908091008
0304090803040908091008
0600060806000608080008
0303070703030707070007
0204080602040806081007
0105090701050907091008
02070c0902070c090c100b
04040a0a04040a0a0a000a
0601080906010809090009
0304090803040908091008
0304090803040908091008
0601080906010809090009
0701090b0701090b0b000b
08020a0c08020a0c0c000c
08020a0c08020a0c0c000c
0901070b0901070b0b000b
0903050909030509090009
0702050807020508080008
0600060806000608080008
0801060908010609090009
0901070b0901070b0b000b
0900090c0900090c0c000c
0a03060b0a03060b0b000b
0c06040a0c06040a0c300b
0c05040b0c05040b0c300c
0c04060c0c04060c0c000c
0a02080c0a02080c0c000c
0b02070c0b02070c0c000c
0c04060c0c04060c0c000c
0a02080c0a02080c0c000c
0900090c0900090c0c000c
0602080a0602080a0a000a
0402060604020606060006
0603020506030205063005
0905010709050107093008
0904030809040308093008
0702050807020508080008
0601040706010407070007
0804020608040206083007
0703030707030307070007
0502070805020708080008
0304090803040908091008
0203080702030807081007
0203060502030605061005
0003040300030403041004
0002040200020402041002
0101030301010303030003
0300030403000304040004
0204040202040402041004
0b0a05040b0a05040b300a
1711030d1711030d173015
251b0317251b0317253023
2d20011e2d20011e2d302b
2a1c021e2a1c021e2a3029
211403182114031821301f
170e0110170e0110173015
100b0209100b020910300e
0c0b04050c0b04050c300c
0a0a04040a0a04040a200a
0b0903050b0903050b300a
0e0a02080e0a02080e300c
160e000e160e000e163013
2218021622180216223020
2c21041b2c21041b2c302a
291e031a291e031a293027
1e1400141e1400141e301c
140d000d140d000d143012
0c0800080c0800080c300b
0604000406040004063005
0505030105050301052005
0304030003040300042004
0304030003040300042004
0407060104070601072007
0205060302050603061005
0308090403080904091008
040a0a04040a0a040a100a
0206080402060804081007
0205060302050603061005
0305050103050501051005
0608060006080600082008
070a0700070a07000a200a
0608060006080600082008
0608060006080600082008
0505030105050301052005
0404020204040202042004
0607040106070401072007
0407060104070601072007
0307070303070703071007
0308090403080904091008
0206080402060804081007
0308090403080904091008
060b0a03060b0a030b200b
0a0b08010a0b08010b200b
1612060a1612060a163014
251b0317251b0317253023
3222002232220022323030
3728032437280324373035
2c21041b2c21041b2c302a
1a15060d1a15060d1a3018
0a0b08010a0b08010b200b
0203080702030807081007
0701090b0701090b0b000b
0b01090d0b01090d0d000d
0c010a0f0c010a0f0f000f
0a010c0f0a010c0f0f000f
0900090c0900090c0c000c
0801060908010609090009
0600060806000608080008
0801060908010609090009
0901070b0901070b0b000b
0a03060b0a03060b0b000b
0903050909030509090009
0600060806000608080008
0600060806000608080008
0202000202020002020002
0100010201000102020002
0102050401020504051004
0102050401020504051004
0202040402020404040004
0004060400040604061005
0205060302050603061005
0206060202060602061006
0204040202040402041004
0001020100010201021001
0000000000000000000000
0103030101030301031003
0204040202040402041004
0305050103050501051005
0407060104070601072007
0205060302050603061005
0205060302050603061005
0206060202060602061006
0205060302050603061005
0004060400040604061005
0004060400040604061005
0004060400040604061005
0106070401060704071007
0308090403080904091008
0308090403080904091008
0206080402060804081007
0004060400040604061005
0203060502030605061005
0104070601040706071007
0204080602040806081007
0202060602020606060006
0203060502030605061005
0202040402020404040004
0301050503010505050005
0104070601040706071007
0204080602040806081007
0402080804020808080008
04040a0a04040a0a0a000a
0503090905030909090009
0304090803040908091008
0304090803040908091008
0304090803040908091008
00070a0700070a070a1009
0204080602040806081007
0104070601040706071007
0204080602040806081007
0401060704010607070007
0401060704010607070007
0204080602040806081007
00070a0700070a070a1009
00070a0700070a070a1009
0204080602040806081007
0401060704010607070007
0304090803040908091008
0304090803040908091008
0503090905030909090009
06030a0b06030a0b0b000b
0701090b0701090b0b000b
0601080906010809090009
0702050807020508080008
0904030809040308093008
0802040808020408080008
0600060806000608080008
0600060806000608080008
0600060806000608080008
0600060806000608080008
0904030809040308093008
0b0503090b0503090b300a
0a03060b0a03060b0b000b
0c04060c0c04060c0c000c
0b02070c0b02070c0c000c
0a02080c0a02080c0c000c
0c03080d0c03080d0d000d
0c02080e0c02080e0e000e
0b01090d0b01090d0d000d
0801080b0801080b0b000b
0702050807020508080008
0702030607020306073006
0704010607040106073007
0804020608040206083007
0602020606020206060006
0603020506030205063005
0603020506030205063005
0601040706010407070007
0401060704010607070007
0203060502030605061005
0203060502030605061005
0202060602020606060006
0301050503010505050005
0202040402020404040004
0202040402020404040004
0301050503010505050005
0202060602020606060006
0005080500050805081007
0709070107090701092009
1210060812100608123011
211803142118031421301f
291a031e291a031e293027
2a1906212a1906212a3029
2518011a2518011a253023
1a14040e1a14040e1a3018
100e0606100e060610300f
0b0903050b0903050b300a
0a0700070a0700070a3009
0c0800080c0800080c300b
0e0a02080e0a02080e300c
1611040b1611040b163014
221b0613221b0613223021
291e031a291e031a293027
261a001a261a001a263024
1e1400141e1400141e301c
140d000d140d000d143012
0c0902070c0902070c300b
0808040208080402082008
0305050103050501051005
0205060302050603061005
0308090403080904091008
0106070401060704071007
0307070303070703071007
0609080106090801092009
0407060104070601072007
0204040202040402041004
0104050201040502051004
0508070205080702082008
0609080106090801092009
0608060006080600082008
0608060006080600082008
0304030003040300042004
0304030003040300042004
0608060006080600082008
0608060006080600082008
0608060006080600082008
0609080106090801092009
0307070303070703071007
0307070303070703071007
0609080106090801092009
0608060006080600082008
0a0904030a0904030a3009
140f040b140f040b143012
2319031523190315233020
3225041f3225041f323030
3729052337290523373035
2e22041c2e22041c2e302c
1c17060f1c17060f1c301b
0b0c07020b0c07020c200c
0105090701050907091008
0701090b0701090b0b000b
0900090c0900090c0c000c
0900090c0900090c0c000c
0a03060b0a03060b0b000b
0903050909030509090009
0600060806000608080008
0600060806000608080008
0600060806000608080008
0904030809040308093008
0904030809040308093008
0600060806000608080008
0600060806000608080008
0404020204040202042004
0304030003040300042004
0003040300030403041004
0202040402020404040004
0102050401020504051004
0004060400040604061005
0003040300030403041004
0304030003040300042004
0404020204040202042004
0201000102010001023001
0000000000000000000000
0304030003040300042004
0305050103050501051005
0204040202040402041004
0407060104070601072007
0407060104070601072007
0205060302050603061005
0206080402060804081007
0106070401060704071007
0004060400040604061005
0004060400040604061005
0003040300030403041004
0305050103050501051005
0608060006080600082008
0609080106090801092009
0307070303070703071007
0004060400040604061005
0004060400040604061005
0003040300030403041004
0104050201040502051004
0003040300030403041004
0101030301010303030003
0002040200020402041002
0004060400040604061005
0105090701050907091008
03050b0903050b090b100a
05050b0b05050b0b0b000c
06030a0b06030a0b0b000b
0601080906010809090009
0303070703030707070007
0204080602040806081007
0104070601040706071007
0005080500050805081007
0004060400040604061005
0004060400040604061005
0005080500050805081007
0303070703030707070007
0600060806000608080008
0304090803040908091008
00070a0700070a070a1009
0005080500050805081007
0005080500050805081007
0303070703030707070007
0304090803040908091008
0304090803040908091008
0304090803040908091008
0304090803040908091008
0600060806000608080008
0600060806000608080008
0801060908010609090009
0a03060b0a03060b0b000b
0a03060b0a03060b0b000b
0801060908010609090009
0600060806000608080008
0600060806000608080008
0600060806000608080008
0903050909030509090009
0a04040a0a04040a0a000a
0a02060a0a02060a0a000a
0a03060b0a03060b0b000b
0a02080c0a02080c0c000c
0b01090d0b01090d0d000d
0c02080e0c02080e0e000e
0c03080d0c03080d0d000d
0a03060b0a03060b0b000b
0a02060a0a02060a0a000a
0a04040a0a04040a0a000a
0903050909030509090009
0904030809040308093008
0904030809040308093008
0703030707030307070007
0804020608040206083007
0601040706010407070007
0600060806000608080008
0600060806000608080008
0401060704010607070007
0204080602040806081007
0303070703030707070007
0600060806000608080008
0401060704010607070007
0301050503010505050005
0203060502030605061005
0303070703030707070007
0304090803040908091008
0105090701050907091008
0406060204060602061006
0f0c03080f0c03080f300e
1b1003141b1003141b3019
2617041d2617041d263025
2d1f011f2d1f011f2d302b
291e031a291e031a293027
1d1503111d1503111d301b
100a000a100a000a10300e
0b0601080b0601080b300a
0c0902070c0902070c300b
0c0b04050c0b04050c300c
0e0d06050e0d06050e300d
1612060a1612060a163014
1f1703131f1703131f301d
261a001a261a001a263024
2619021b2619021b263024
1f1401161f1401161f301d
1711030d1711030d173015
0e0d06050e0d06050e300d
0608060006080600082008
0307070303070703071007
0308090403080904091008
0206080402060804081007
0205060302050603061005
0407060104070601072007
0608060006080600082008
0305050103050501051005
0205060302050603061005
0308090403080904091008
0308090403080904091008
0308090403080904091008
0307070303070703071007
0104050201040502051004
0204040202040402041004
0407060104070601072007
0608060006080600082008
0608060006080600082008
070b0901070b09010b200b
0509090305090903091009
0205060302050603061005
0407060104070601072007
0608060006080600082008
0506050005060500062006
0809060108090601092009
1110070611100706113011
201906112019061120301e
3025061d3025061d30302f
3628042236280422363034
2f22031e2f22031e2f302d
211803142118031421301f
110e0508110e0508113010
0407080304070803081007
0502090a0502090a0a000a
0901070b0901070b0b000b
0b04050a0b04050a0b300a
0a04040a0a04040a0a000a
0801060908010609090009
0600060806000608080008
0601040706010407070007
0804020608040206083007
0703030707030307070007
0600060806000608080008
0600060806000608080008
0505030105050301052005
0407060104070601072007
0204040202040402041004
0001020100010201021001
0103030101030301031003
0204040202040402041004
0001020100010201021001
0201000102010001023001
0404020204040202042004
0303010103030101032003
0001020100010201021001
0204040202040402041004
0206060202060602061006
0205060302050603061005
0205060302050603061005
0407060104070601072007
0407060104070601072007
0307070303070703071007
0206080402060804081007
0004060400040604061005
0004060400040604061005
0102050401020504051004
0004060400040604061005
0308090403080904091008
040a0a04040a0a040a100a
0308090403080904091008
0004060400040604061005
0004060400040604061005
0102050401020504051004
0003040300030403041004
0103030101030301031003
0001020100010201021001
0004060400040604061005
00070a0700070a070a1009
02070c0902070c090c100b
03060b0a03060b0a0b100b
03050b0903050b090b100a
0402080804020808080008
0600060806000608080008
0401060704010607070007
0203060502030605061005
0004060400040604061005
0004060400040604061005
0004060400040604061005
0005080500050805081007
00070a0700070a070a1009
0304090803040908091008
0601080906010809090009
04040a0a04040a0a0a000a
0304090803040908091008
0204080602040806081007
0006080600060806081008
0204080602040806081007
0104070601040706071007
0203060502030605061005
0004060400040604061005
0005080500050805081007
0401060704010607070007
0600060806000608080008
0600060806000608080008
0801060908010609090009
0a04040a0a04040a0a000a
0903050909030509090009
0600060806000608080008
0600060806000608080008
0600060806000608080008
0801060908010609090009
0a03060b0a03060b0b000b
0a03060b0a03060b0b000b
0a02060a0a02060a0a000a
0901070b0901070b0b000b
0901070b0901070b0b000b
0903050909030509090009
0903050909030509090009
0a03060b0a03060b0b000b
0a03060b0a03060b0b000b
0b04050a0b04050a0b300a
0a04040a0a04040a0a000a
0b04050a0b04050a0b300a
0a04040a0a04040a0a000a
0b04050a0b04050a0b300a
0a04040a0a04040a0a000a
0801060908010609090009
0600060806000608080008
0600060806000608080008
0600060806000608080008
0304090803040908091008
0304090803040908091008
0600060806000608080008
0600060806000608080008
0601080906010809090009
04040a0a04040a0a0a000a
0503090905030909090009
0303070703030707070007
0203060502030605061005
0101030301010303030003
0402000204020002043002
0c06020a0c06020a0c300b
1a1002121a1002121a3018
281b001b281b001b283026
302100213021002130302e
2c1d021f2c1d021f2c302a
1e1104171e1104171e301c
130a030e130a030e133011
0f0b01090f0b01090f300e
0f0c03080f0c03080f300e
0f0d05070f0d05070f300e
100e0606100e060610300f
130f0509130f0509133011
1b1301111b1301111b3019
2316031a2316031a233022
2719031d2719031d273026
251a0118251a0118253023
1b15050f1b15050f1b3019
100e0606100e060610300f
0809060108090601092009
0608060006080600082008
0406040004060400062006
0304030003040300042004
0506050005060500062006
0608060006080600082008
0407060104070601072007
0307070303070703071007
0308090403080904091008
0308090403080904091008
0308090403080904091008
0205060302050603061005
0104050201040502051004
0204040202040402041004
0305050103050501051005
0608060006080600082008
0608060006080600082008
090c0900090c09000c200c
070b0901070b09010b200b
0204040202040402041004
0305050103050501051005
0608060006080600082008
0407060104070601072007
0508070205080702082008
080a0800080a08000a200a
100e0606100e060610300f
201906112019061120301e
2f22031e2f22031e2f302d
3625002536250025363034
3222002232220022323030
251b0317251b0317253023
1513070915130709153015
0509090305090903091009
0600080a0600080a0a000a
0c04060c0c04060c0c000c
0c04060c0c04060c0c000c
0a03060b0a03060b0b000b
0801060908010609090009
0702050807020508080008
0904030809040308093008
0802040808020408080008
0600060806000608080008
0601040706010407070007
0607040106070401072007
0608060006080600082008
0304030003040300042004
0000000000000000000000
0304030003040300042004
0304030003040300042004
0001020100010201021001
0101030301010303030003
0003040300030403041004
0104050201040502051004
0003040300030403041004
0004060400040604061005
0205060302050603061005
0206060202060602061006
0205060302050603061005
0206080402060804081007
0308090403080904091008
0307070303070703071007
0206060202060602061006
0205060302050603061005
0004060400040604061005
0203060502030605061005
0104070601040706071007
0107090501070905091008
050a0b04050a0b040b100a
0308090403080904091008
0004060400040604061005
0004060400040604061005
0202040402020404040004
0102050401020504051004
0102050401020504051004
0203060502030605061005
00070a0700070a070a1009
00080c0800080c080c100b
00070a0700070a070a1009
0005080500050805081007
0004060400040604061005
0203060502030605061005
0401060704010607070007
0600060806000608080008
0401060704010607070007
0203060502030605061005
0004060400040604061005
0005080500050805081007
00070a0700070a070a1009
00080c0800080c080c100b
03050b0903050b090b100a
06030a0b06030a0b0b000b
06030a0b06030a0b0b000b
0601080906010809090009
0304090803040908091008
0105090701050907091008
0203060502030605061005
0003040300030403041004
0001020100010201021001
0304030003040300042004
0407060104070601072007
0004060400040604061005
0401060704010607070007
0600060806000608080008
0600060806000608080008
0903050909030509090009
0a04040a0a04040a0a000a
0801060908010609090009
0601080906010809090009
0701090b0701090b0b000b
0901070b0901070b0b000b
0a02060a0a02060a0a000a
0a04040a0a04040a0a000a
0903050909030509090009
0601040706010407070007
0603020506030205063005
0603020506030205063005
0601040706010407070007
0801060908010609090009
0a04040a0a04040a0a000a
0b04050a0b04050a0b300a
0a04040a0a04040a0a000a
0b04050a0b04050a0b300a
0a03060b0a03060b0b000b
0c04060c0c04060c0c000c
0c05040b0c05040b0c300c
0903050909030509090009
0600060806000608080008
0600060806000608080008
0600060806000608080008
0304090803040908091008
0304090803040908091008
0600060806000608080008
0600060806000608080008
0503090905030909090009
04040a0a04040a0a0a000a
0601080906010809090009
0401060704010607070007
0301050503010505050005
0300030403000304040004
0403000304030003043004
0000000000000000000000
0b0801060b0801060b300a
1810001018100010183016
281a021c281a021c283026
301e0424301e042430302e
2c1b04212c1b04212c302a
201402162014021620301d
160e000e160e000e163013
120d020b120d020b123011
120f0409120f0409123011
100f0607100f0607103010
0e0c04060e0c04060e300d
100b0209100b020910300e
170e0110170e0110173015
2217001722170017223020
291e031a291e031a293027
261d0417261d0417263025
1c1604101c1604101c301b
110d0309110d030911300f
0b0903050b0903050b300a
0806020408060204083007
0605020306050203063005
0607040106070401072007
0608060006080600082008
0608060006080600082008
0608060006080600082008
0608060006080600082008
0608060006080600082008
0608060006080600082008
0305050103050501051005
0204040202040402041004
0103030101030301031003
0304030003040300042004
0608060006080600082008
0608060006080600082008
090c0900090c09000c200c
090c0900090c09000c200c
0304030003040300042004
0304030003040300042004
0608060006080600082008
0608060006080600082008
0608060006080600082008
0608060006080600082008
0809060108090601092009
100e0606100e060610300f
1d1503111d1503111d301b
2c1e001e2c1e001e2c302a
3624022636240226363034
3625002536250025363034
2d21051b2d21051b2d302a
1a15060d1a15060d1a3018
0607040106070401072007
0502030605020306060006
0903050909030509090009
0a03060b0a03060b0b000b
0a02080c0a02080c0c000c
0b02070c0b02070c0c000c
0c04060c0c04060c0c000c
0a03060b0a03060b0b000b
0801060908010609090009
0702050807020508080008
0608060006080600082008
0607040106070401072007
0404020204040202042004
0201000102010001023001
0304030003040300042004
0304030003040300042004
0103030101030301031003
0003040300030403041004
0102050401020504051004
0004060400040604061005
0004060400040604061005
0004060400040604061005
0004060400040604061005
0205060302050603061005
0206060202060602061006
0307070303070703071007
0308090403080904091008
0206080402060804081007
0206080402060804081007
0107090501070905091008
0104070601040706071007
0203060502030605061005
0004060400040604061005
0206080402060804081007
040a0a04040a0a040a100a
0308090403080904091008
0004060400040604061005
0003040300030403041004
0001020100010201021001
0103030101030301031003
0004060400040604061005
0105090701050907091008
00080c0800080c080c100b
00070a0700070a070a1009
0005080500050805081007
0004060400040604061005
0004060400040604061005
0005080500050805081007
0303070703030707070007
0601080906010809090009
0701090b0701090b0b000b
0701090b0701090b0b000b
0503090905030909090009
02060a0802060a080a100a
00080c0800080c080c100b
00080c0800080c080c100b
02060a0802060a080a100a
0304090803040908091008
0402080804020808080008
0601080906010809090009
0403080904030809090009
0402060604020606060006
0101030301010303030003
0001020100010201021001
0001020100010201021001
0205060302050603061005
0308090403080904091008
0107090501070905091008
0303070703030707070007
0600060806000608080008
0600060806000608080008
0801060908010609090009
0a04040a0a04040a0a000a
0903050909030509090009
0503090905030909090009
06030a0b06030a0b0b000b
0a02080c0a02080c0c000c
0a03060b0a03060b0b000b
0b0503090b0503090b300a
0904030809040308093008
0703030707030307070007
0804020608040206083007
0601040706010407070007
0600060806000608080008
0601040706010407070007
0804020608040206083007
0703030707030307070007
0904030809040308093008
0904030809040308093008
0801060908010609090009
0a04040a0a04040a0a000a
0c06040a0c06040a0c300b
0a03060b0a03060b0b000b
0900090c0900090c0c000c
0900090c0900090c0c000c
0900090c0900090c0c000c
06030a0b06030a0b0b000b
0503090905030909090009
0600060806000608080008
0600060806000608080008
0304090803040908091008
0304090803040908091008
0600060806000608080008
0600060806000608080008
0600060806000608080008
0601040706010407070007
0804020608040206083007
0502030605020306060006
0102050401020504051004
0705010307050103073005
150d010f150d010f153013
2518011a2518011a253023
2d20011e2d20011e2d302b
291d011b291d011b293027
1e1502131e1502131e301c
1611040b1611040b163014
1210060812100608123011
1210060812100608123011
0f0c03080f0c03080f300e
0c0800080c0800080c300b
0e0900090e0900090e300c
1711030d1711030d173015
221a0414221a0414223020
291e031a291e031a293027
281b001b281b001b283026
1f1303171f1303171f301d
170d0311170d0311173015
0f09010b0f09010b0f300e
0b0903050b0903050b300a
080a0800080a08000a200a
0509090305090903091009
0308090403080904091008
0308090403080904091008
0308090403080904091008
0307070303070703071007
0407060104070601072007
0407060104070601072007
0204040202040402041004
0001020100010201021001
0304030003040300042004
0608060006080600082008
0608060006080600082008
090b0701090b07010b200b
0a0c08020a0c08020c200c
0505030105050301052005
0304030003040300042004
0607040106070401072007
0708050207080502082008
0809060108090601092009
0608060006080600082008
0608060006080600082008
0808040208080402082008
0e0a02080e0a02080e300c
1c1200121c1200121c3019
2b1b031f2b1b031f2b3029
3925032939250329393037
3d2c03283d2c03283d303b
3023041d3023041d30302d
1a1202101a1202101a3018
0806020408060204083007
0201040502010405050005
0801060908010609090009
0901070b0901070b0b000b
0a02080c0a02080c0c000c
0c04060c0c04060c0c000c
0c04060c0c04060c0c000c
0a02080c0a02080c0c000c
0b02070c0b02070c0c000c
0707030307070303072007
0806020408060204083007
0605020306050203063005
0303010103030101032003
0304030003040300042004
0305050103050501051005
0204040202040402041004
0103030101030301031003
0103030101030301031003
0205060302050603061005
0004060400040604061005
0004060400040604061005
0005080500050805081007
0104070601040706071007
0005080500050805081007
0308090403080904091008
0307070303070703071007
0206060202060602061006
0307070303070703071007
0308090403080904091008
0004060400040604061005
0102050401020504051004
0005080500050805081007
00070a0700070a070a1009
02090c0702090c070c100b
0107090501070905091008
0003040300030403041004
0001020100010201021001
0001020100010201021001
0205060302050603061005
0107090501070905091008
00070a0700070a070a1009
00080c0800080c080c100b
0105090701050907091008
0203060502030605061005
0004060400040604061005
0005080500050805081007
0006080600060806081008
0204080602040806081007
0304090803040908091008
06030a0b06030a0b0b000b
0900090c0900090c0c000c
07020b0c07020b0c0c000c
04050c0b04050c0b0c100c
02070c0902070c090c100b
00070a0700070a070a1009
0005080500050805081007
0005080500050805081007
0303070703030707070007
0502070805020708080008
0401060704010607070007
0401040504010405050005
0300030403000304040004
0300030403000304040004
0203060502030605061005
00070a0700070a070a1009
00080c0800080c080c100b
00080c0800080c080c100b
0304090803040908091008
0600060806000608080008
0600060806000608080008
0600060806000608080008
0903050909030509090009
0a04040a0a04040a0a000a
0503090905030909090009
0304090803040908091008
0801060908010609090009
0a03060b0a03060b0b000b
0d06050c0d06050c0d300d
0c05040b0c05040b0c300c
0b04050a0b04050a0b300a
0a03060b0a03060b0b000b
0901070b0901070b0b000b
0801060908010609090009
0702050807020508080008
0904030809040308093008
0802040808020408080008
0904030809040308093008
0904030809040308093008
0600060806000608080008
0904030809040308093008
0b0503090b0503090b300a
0900090c0900090c0c000c
0a000a0e0a000a0e0e000e
0b01090d0b01090d0d000d
0900090c0900090c0c000c
0701090b0701090b0b000b
0601080906010809090009
0600060806000608080008
0600060806000608080008
0303070703030707070007
0204080602040806081007
0401060704010607070007
0600060806000608080008
0600060806000608080008
0703030707030307070007
0804020608040206083007
0601040706010407070007
0601040706010407070007
0402020404020204040004
0403020104030201043003
120f0409120f0409123011
221a0414221a0414223020
2a1e021c2a1e021c2a3029
291e031a291e031a293027
201906112019061120301e
1612060a1612060a163014
1210060812100608123011
0f0c03080f0c03080f300e
0c0800080c0800080c300b
0c0902070c0902070c300b
100d0407100d040710300e
1711030d1711030d173015
2217001722170017223020
291a031e291a031e293027
2818041e2818041e283026
211501172115011721301f
1711030d1711030d173015
0f1009040f100904102010
090e0b02090e0b020e200e
040a0a04040a0a040a100a
0308090403080904091008
0308090403080904091008
0308090403080904091008
0206080402060804081007
0206080402060804081007
0307070303070703071007
0103030101030301031003
0001020100010201021001
0204040202040402041004
0407060104070601072007
0608060006080600082008
0809060108090601092009
0a0b06030a0b06030b200b
0707030307070303072007
0505030105050301052005
0505030105050301052005
0707030307070303072007
0a0b06030a0b06030b200b
0809060108090601092009
0608060006080600082008
0505030105050301052005
0605020306050203063005
0d0901070d0901070d300b
170e0110170e0110173015
2a1b021d2a1b021d2a3027
3d2c03283d2c03283d303b
3f2d03293f2d03293f303c
2e1f001f2e1f001f2e302b
1b1301111b1301111b3019
0b0903050b0903050b300a
0102030201020302031002
0300030403000304040004
0500050605000506060006
0803040908030409090009
0b04050a0b04050a0b300a
0901070b0901070b0b000b
0a02080c0a02080c0c000c
0605020306050203063005
0707030307070303072007
0607040106070401072007
0305050103050501051005
0205060302050603061005
0106070401060704071007
0003040300030403041004
0002040200020402041002
0204040202040402041004
0206060202060602061006
0205060302050603061005
0005080500050805081007
0006080600060806081008
0204080602040806081007
0105090701050907091008
00080c0800080c080c100b
0105090701050907091008
0005080500050805081007
0307070303070703071007
0407060104070601072007
0305050103050501051005
0003040300030403041004
0106070401060704071007
0308090403080904091008
0308090403080904091008
0205060302050603061005
0001020100010201021001
0001020100010201021001
0004060400040604061005
00070a0700070a070a1009
00080c0800080c080c100b
00080c0800080c080c100b
00070a0700070a070a1009
0204080602040806081007
0202060602020606060006
0204080602040806081007
0006080600060806081008
0005080500050805081007
0005080500050805081007
00070a0700070a070a1009
0304090803040908091008
0601080906010809090009
06030a0b06030a0b0b000b
06030a0b06030a0b0b000b
03050b0903050b090b100a
0105090701050907091008
0204080602040806081007
0006080600060806081008
0204080602040806081007
0202060602020606060006
0501030505010305050005
0502010405020104053004
0301050503010505050005
0401060704010607070007
0304090803040908091008
00080c0800080c080c100b
00080c0800080c080c100b
00080c0800080c080c100b
0304090803040908091008
0600060806000608080008
0600060806000608080008
0600060806000608080008
0801060908010609090009
0a04040a0a04040a0a000a
0600060806000608080008
0204080602040806081007
0401060704010607070007
0801060908010609090009
0c05040b0c05040b0c300c
0d06050c0d06050c0d300d
0c03080d0c03080d0d000d
0c02080e0c02080e0e000e
0c03080d0c03080d0d000d
0a02080c0a02080c0c000c
0b02070c0b02070c0c000c
0c04060c0c04060c0c000c
0a03060b0a03060b0b000b
0b04050a0b04050a0b300a
0a04040a0a04040a0a000a
0801060908010609090009
0903050909030509090009
0a03060b0a03060b0b000b
08020a0c08020a0c0c000c
0901070b0901070b0b000b
0903050909030509090009
0600060806000608080008
0600060806000608080008
0600060806000608080008
0600060806000608080008
0600060806000608080008
0401060704010607070007
0203060502030605061005
0203060502030605061005
0401060704010607070007
0600060806000608080008
0904030809040308093008
0904030809040308093008
0600060806000608080008
0703030707030307070007
0804020608040206083007
0400040604000406060006
0406060204060602061006
110e0508110e0508113010
1f1703131f1703131f301d
2a20041a2a20041a2a3029
2a20041a2a20041a2a3029
211803142118031421301f
1913050d1913050d193017
110d0309110d030911300f
0c0902070c0902070c300b
0c0b04050c0b04050c300c
0c0c06040c0c06040c200c
0d0b05050d0b05050d300c
130e030a130e030a133011
1c1402121c1402121c301a
2319011723190117233021
241c0416241c0416243023
1f1b090f1f1b090f1f301e
17190f0517190f05192019
0d120f020d120f02122012
050a0b04050a0b040b100a
0307070303070703071007
0407060104070601072007
0608060006080600082008
0407060104070601072007
0307070303070703071007
0205060302050603061005
0001020100010201021001
0103030101030301031003
0204040202040402041004
0306070203060702071006
0509090305090903091009
0307070303070703071007
0608060006080600082008
0708050207080502082008
0607040106070401072007
0304030003040300042004
0505030105050301052005
0a0c08020a0c08020c200c
090b0701090b07010b200b
0608060006080600082008
0304030003040300042004
0304030003040300042004
0505030105050301052005
0805000508050005083007
160f020d160f020d163013
2c2106192c2106192c3029
3a2c06243a2c06243a3038
3928012639280126393037
2e1f001f2e1f001f2e302b
1e1400141e1400141e301c
0e0900090e0900090e300c
0403020104030201043003
0003040300030403041004
0500050605000506060006
0802060a0802060a0a000a
0901070b0901070b0b000b
0a02060a0a02060a0a000a
0204040202040402041004
0407060104070601072007
0608060006080600082008
0408080204080802081008
0207080502070805081008
0005080500050805081007
0102050401020504051004
0202040402020404040004
0004060400040604061005
0206080402060804081007
0107090501070905091008
0006080600060806081008
0005080500050805081007
0004060400040604061005
0106070401060704071007
0308090403080904091008
0004060400040604061005
0004060400040604061005
0206080402060804081007
0205060302050603061005
0206060202060602061006
0205060302050603061005
0205060302050603061005
0408080204080802081008
0508070205080702082008
0104050201040502051004
0101030301010303030003
0203060502030605061005
00070a0700070a070a1009
00080c0800080c080c100b
00080c0800080c080c100b
00070a0700070a070a1009
0005080500050805081007
0004060400040604061005
0203060502030605061005
0104070601040706071007
0005080500050805081007
0004060400040604061005
0107090501070905091008
02090c0702090c070c100b
0304090803040908091008
0503090905030909090009
04040a0a04040a0a0a000a
06020a0a06020a0a0a000a
04040a0a04040a0a0a000a
0503090905030909090009
0304090803040908091008
0105090701050907091008
0203060502030605061005
0202040402020404040004
0403000304030003043004
0302010203020102033002
0003040300030403041004
0203060502030605061005
0105090701050907091008
00080c0800080c080c100b
00080c0800080c080c100b
00070a0700070a070a1009
0203060502030605061005
0301050503010505050005
0401060704010607070007
0600060806000608080008
0601040706010407070007
0804020608040206083007
0502030605020306060006
0203060502030605061005
0202040402020404040004
0300030403000304040004
0603020506030205063005
0904030809040308093008
0901070b0901070b0b000b
0a02080c0a02080c0c000c
0c04060c0c04060c0c000c
0b02070c0b02070c0c000c
0a03060b0a03060b0b000b
0b04050a0b04050a0b300a
0a03060b0a03060b0b000b
0c04060c0c04060c0c000c
0c04060c0c04060c0c000c
0a03060b0a03060b0b000b
0a02060a0a02060a0a000a
0901070b0901070b0b000b
0701090b0701090b0b000b
0902070a0902070a0a000a
0a04040a0a04040a0a000a
0801060908010609090009
0600060806000608080008
0600060806000608080008
0600060806000608080008
0600060806000608080008
0600060806000608080008
0401060704010607070007
0204080602040806081007
0303070703030707070007
0600060806000608080008
0903050909030509090009
0a04040a0a04040a0a000a
0801060908010609090009
0903050909030509090009
0a04040a0a04040a0a000a
0801060908010609090009
0400040604000406060006
0305050103050501051005
100d0407100d040710300e
1f1703131f1703131f301d
2c1e001e2c1e001e2c302a
2d1e01202d1e01202d302b
271b0119271b0119273024
1a1202101a1202101a3018
110d0309110d030911300f
0e0c04060e0c04060e300d
0d0c05060d0c05060d300d
0c0c06040c0c06040c200c
0a0a06020a0a06020a200a
0e0d06050e0d06050e300d
1814060c1814060c183017
221b0613221b0613223021
2721091527210915273027
25220d1025220d10253025
18180c0818180c08182019
0b0c07020b0c07020c200c
0506050005060500062006
0506050005060500062006
0608060006080600082008
0608060006080600082008
0607040106070401072007
0404020204040202042004
0201000102010001023001
0303010103030101032003
0404020204040202042004
0607040106070401072007
070a0700070a07000a200a
0506050005060500062006
0506050005060500062006
0608060006080600082008
0608060006080600082008
0304030003040300042004
0304030003040300042004
090b0701090b07010b200b
0a0c08020a0c08020c200c
0809060108090601092009
0304030003040300042004
0304030003040300042004
0304030003040300042004
0202020002020200021002
0809060108090601092009
16150a0716150a07163016
27210b1327210b13273026
3225041f3225041f323030
3424002434240024343032
2e1f001f2e1f001f2e302b
1e1502131e1502131e301c
0e0c04060e0c04060e300d
0406060204060602061006
0204080602040806081007
0602080a0602080a0a000a
0a02080c0a02080c0c000c
0a03060b0a03060b0b000b
0004060400040604061005
0205060302050603061005
0408080204080802081008
060b0a03060b0a030b200b
0308090403080904091008
0005080500050805081007
0303070703030707070007
0401060704010607070007
0204080602040806081007
0006080600060806081008
0107090501070905091008
0206080402060804081007
0004060400040604061005
0003040300030403041004
0305050103050501051005
0608060006080600082008
0305050103050501051005
0204040202040402041004
0206060202060602061006
0205060302050603061005
0206080402060804081007
0106070401060704071007
0004060400040604061005
0308090403080904091008
0308090403080904091008
0004060400040604061005
0203060502030605061005
0104070601040706071007
0107090501070905091008
0308090403080904091008
0308090403080904091008
0206080402060804081007
0005080500050805081007
0104070601040706071007
0203060502030605061005
0004060400040604061005
0004060400040604061005
0004060400040604061005
0308090403080904091008
040a0a04040a0a040a100a
0005080500050805081007
0105090701050907091008
0304090803040908091008
0502070805020708080008
0304090803040908091008
0402080804020808080008
0303070703030707070007
0204080602040806081007
0202060602020606060006
0300030403000304040004
0504010205040102053004
0301010303010103030003
0004060400040604061005
0005080500050805081007
00070a0700070a070a1009
00080c0800080c080c100b
00070a0700070a070a1009
0005080500050805081007
0102050401020504051004
0202040402020404040004
0202040402020404040004
0300030403000304040004
0402020404020204040004
0603020506030205063005
0601040706010407070007
0401060704010607070007
0301050503010505050005
0300030403000304040004
0501030505010305050005
0601040706010407070007
0600060806000608080008
0802040808020408080008
0904030809040308093008
0702050807020508080008
0903050909030509090009
0a04040a0a04040a0a000a
0a02060a0a02060a0a000a
0a03060b0a03060b0b000b
0c04060c0c04060c0c000c
0c04060c0c04060c0c000c
0a02080c0a02080c0c000c
0901070b0901070b0b000b
0801060908010609090009
0801060908010609090009
0a03060b0a03060b0b000b
0a02080c0a02080c0c000c
0900090c0900090c0c000c
0901070b0901070b0b000b
0801060908010609090009
0600060806000608080008
0600060806000608080008
0600060806000608080008
0304090803040908091008
0304090803040908091008
0600060806000608080008
0801060908010609090009
0a04040a0a04040a0a000a
0903050909030509090009
0801060908010609090009
0a04040a0a04040a0a000a
0903050909030509090009
0702050807020508080008
0400040604000406060006
0304030003040300042004
100a000a100a000a10300e
1f1401161f1401161f301d
2c1d021f2c1d021f2c302a
302100213021002130302e
281b001b281b001b283026
1d1401121d1401121d301a
140f040b140f040b143012
100e0606100e060610300f
0d0e07040d0e07040e200e
0a0b06030a0b06030b200b
0a0a06020a0a06020a200a
0e0d06050e0d06050e300d
1814060c1814060c183017
251e0714251e0714253024
2d2509192d2509192d302c
281f0617281f0617283026
1a1202101a1202101a3018
0e0a02080e0a02080e300c
0808040208080402082008
0608060006080600082008
0608060006080600082008
0505030105050301052005
0404020204040202042004
0303010103030101032003
0202020002020200021002
0304030003040300042004
0607040106070401072007
0909050309090503092009
0707030307070303072007
0607040106070401072007
0608060006080600082008
0607040106070401072007
0404020204040202042004
0505030105050301052005
0809060108090601092009
0a0b06030a0b06030b200b
0a0b06030a0b06030b200b
0505030105050301052005
0304030003040300042004
0304030003040300042004
0104050201040502051004
04090a0504090a050a100a
080d0c03080d0c030d200d
14140a0614140a06142014
211905132119051321301f
2e1f001f2e1f001f2e302b
3424002434240024343032
2f21011f2f21011f2f302d
211803142118031421301f
110e0508110e0508113010
0709070107090701092009
0005080500050805081007
0600060806000608080008
0a03060b0a03060b0b000b
0203060502030605061005
0004060400040604061005
0308090403080904091008
060b0a03060b0a030b200b
0408080204080802081008
0307070303070703071007
0005080500050805081007
0401060704010607070007
0304090803040908091008
0105090701050907091008
0005080500050805081007
0106070401060704071007
0004060400040604061005
0102050401020504051004
0003040300030403041004
0407060104070601072007
0407060104070601072007
0205060302050603061005
0205060302050603061005
0207080302070803081007
02080a0602080a060a100a
01060b0801060b080b100a
0304090803040908091008
0006080600060806081008
0207080302070803081007
0205060302050603061005
0004060400040604061005
0004060400040604061005
0206080402060804081007
0308090403080904091008
0308090403080904091008
0107090501070905091008
0006080600060806081008
0204080602040806081007
0202060602020606060006
0203060502030605061005
0004060400040604061005
0005080500050805081007
02080a0602080a060a100a
0308090403080904091008
0206060202060602061006
0307070303070703071007
0005080500050805081007
0202060602020606060006
0203060502030605061005
0203060502030605061005
0202060602020606060006
0203060502030605061005
0202040402020404040004
0402020404020204040004
0603020506030205063005
0400040604000406060006
0204080602040806081007
0006080600060806081008
0107090501070905091008
0308090403080904091008
0206080402060804081007
0004060400040604061005
0202040402020404040004
0102050401020504051004
0102050401020504051004
0300030403000304040004
0501030505010305050005
0601040706010407070007
0600060806000608080008
0600060806000608080008
0600060806000608080008
0600060806000608080008
0600060806000608080008
0600060806000608080008
0600060806000608080008
0702050807020508080008
0904030809040308093008
0802040808020408080008
0801060908010609090009
0a04040a0a04040a0a000a
0903050909030509090009
0801060908010609090009
0a03060b0a03060b0b000b
0c04060c0c04060c0c000c
0b02070c0b02070c0c000c
0a02080c0a02080c0c000c
0a02080c0a02080c0c000c
0900090c0900090c0c000c
0b01090d0b01090d0d000d
0c02080e0c02080e0e000e
0b01090d0b01090d0d000d
0a02080c0a02080c0c000c
0a03060b0a03060b0b000b
0801060908010609090009
0600060806000608080008
0600060806000608080008
0304090803040908091008
0304090803040908091008
0600060806000608080008
0601040706010407070007
0804020608040206083007
0703030707030307070007
0600060806000608080008
0904030809040308093008
0904030809040308093008
0801060908010609090009
0803040908030409090009
0602040606020406060006
0101010101010101010001
0c0902070c0902070c300b
1d1503111d1503111d301b
291e031a291e031a293027
2d20011e2d20011e2d302b
281b001b281b001b283026
1f1703131f1703131f301d
1713050b1713050b173015
110e0508110e0508113010
0f0d05070f0d05070f300e
0c0b04050c0b04050c300c
0b0903050b0903050b300a
110d0309110d030911300f
1d1503111d1503111d301b
2b20051a2b20051a2b3029
2f23051d2f23051d2f302d
251b0317251b0317253023
1813040d1813040d183017
0e0d06050e0d06050e300d
0809060108090601092009
0608060006080600082008
0305050103050501051005
0204040202040402041004
0103030101030301031003
0103030101030301031003
0204040202040402041004
0305050103050501051005
0608060006080600082008
0608060006080600082008
0608060006080600082008
0608060006080600082008
0505030105050301052005
0404020204040202042004
0606020206060202062006
0708050207080502082008
0a0a06020a0a06020a200a
0a0b06030a0b06030b200b
0707030307070303072007
0505030105050301052005
0305050103050501051005
0307070303070703071007
040a0a04040a0a040a100a
0509090305090903091009
0a0b08010a0b08010b200b
110e0508110e0508113010
1d1401121d1401121d301a
2c1e001e2c1e001e2c302a
3625002536250025363034
3222002232220022323030
251a0118251a0118253023
1711030d1711030d173015
0b0a05040b0a05040b300a
0205060302050603061005
0600060806000608080008
0401060704010607070007
0203060502030605061005
0307070303070703071007
060a0a02060a0a020a100a
0509090305090903091009
0308090403080904091008
0107090501070905091008
0303070703030707070007
0304090803040908091008
0304090803040908091008
0304090803040908091008
0105090701050907091008
0203060502030605061005
0202040402020404040004
0102050401020504051004
0205060302050603061005
0407060104070601072007
0407060104070601072007
0205060302050603061005
0308090403080904091008
040b0c05040b0c050c100c
00070a0700070a070a1009
0303070703030707070007
0103070501030705071005
0206080402060804081007
0106070401060704071007
0004060400040604061005
0005080500050805081007
00070a0700070a070a1009
00070a0700070a070a1009
0107090501070905091008
0308090403080904091008
0206080402060804081007
0004060400040604061005
0203060502030605061005
0202060602020606060006
0204080602040806081007
00070a0700070a070a1009
00070a0700070a070a1009
0005080500050805081007
0206080402060804081007
0307070303070703071007
0206060202060602061006
0003040300030403041004
0102050401020504051004
0004060400040604061005
0203060502030605061005
0202060602020606060006
0301050503010505050005
0501030505010305050005
0601040706010407070007
0601080906010809090009
04040a0a04040a0a0a000a
0304090803040908091008
0005080500050805081007
0307070303070703071007
0206060202060602061006
0204040202040402041004
0002040200020402041002
0003040300030403041004
0203060502030605061005
0401060704010607070007
0600060806000608080008
0601080906010809090009
0700070a0700070a0a000a
0801060908010609090009
0601080906010809090009
0701090b0701090b0b000b
0900090c0900090c0c000c
0900090c0900090c0c000c
0901070b0901070b0b000b
0a02060a0a02060a0a000a
0a04040a0a04040a0a000a
0903050909030509090009
0601040706010407070007
0804020608040206083007
0703030707030307070007
0600060806000608080008
0801060908010609090009
0a04040a0a04040a0a000a
0903050909030509090009
0801060908010609090009
0901070b0901070b0b000b
0900090c0900090c0c000c
0900090c0900090c0c000c
0a02080c0a02080c0c000c
0a03060b0a03060b0b000b
0a02060a0a02060a0a000a
0a03060b0a03060b0b000b
0a02080c0a02080c0c000c
0900090c0900090c0c000c
0901070b0901070b0b000b
0502070805020708080008
0203060502030605061005
0300030403000304040004
0402020404020204040004
0603020506030205063005
0601040706010407070007
0601040706010407070007
0804020608040206083007
0703030707030307070007
0600060806000608080008
0904030809040308093008
0904030809040308093008
0702050807020508080008
0201040502010405050005
0a0b06030a0b06030b200b
1a14040e1a14040e1a3018
261b0219261b0219263024
2c1d021f2c1d021f2c302a
2c1e001e2c1e001e2c302a
261a0218261a0218263023
1a1100111a1100111a3018
1510030c1510030c153014
110d0309110d030911300f
0c0902070c0902070c300b
0d0a03060d0a03060d300b
110d0309110d030911300f
1e1704111e1704111e301c
2a2106192a2106192a3029
2c21041b2c21041b2c302a
251b0317251b0317253023
1b15050f1b15050f1b3019
100d0407100d040710300e
0909050309090503092009
0608060006080600082008
0204040202040402041004
0001020100010201021001
0304030003040300042004
0304030003040300042004
0304030003040300042004
0607040106070401072007
0707030307070303072007
0909050309090503092009
0809060108090601092009
0304030003040300042004
0303010103030101032003
0605020306050203063005
0908030409080304093008
0a0b06030a0b06030b200b
0a0a06020a0a06020a200a
0708050207080502082008
0607040106070401072007
0406040004060400062006
0608060006080600082008
080a0800080a08000a200a
0608060006080600082008
0608060006080600082008
0809060108090601092009
0d0a03060d0a03060d300b
1a1100111a1100111a3018
2c1e001e2c1e001e2c302a
3624022636240226363034
3522032635220326353032
2b1c011e2b1c011e2b3029
1d1401121d1401121d301a
0f0c03080f0c03080f300e
0505030105050301052005
0601040706010407070007
0301050503010505050005
0206080402060804081007
040a0a04040a0a040a100a
040b0c05040b0c050c100c
02090c0702090c070c100b
00080c0800080c080c100b
0304090803040908091008
0303070703030707070007
0204080602040806081007
0104070601040706071007
0203060502030605061005
0102050401020504051004
0102050401020504051004
0202040402020404040004
0003040300030403041004
0305050103050501051005
0609080106090801092009
0308090403080904091008
02080a0602080a060a100a
040b0c05040b0c050c100c
0307070303070703071007
0002040200020402041002
0004060400040604061005
0006080600060806081008
0005080500050805081007
0005080500050805081007
00070a0700070a070a1009
00070a0700070a070a1009
0005080500050805081007
0206080402060804081007
0307070303070703071007
0206060202060602061006
0205060302050603061005
0004060400040604061005
0203060502030605061005
0105090701050907091008
00070a0700070a070a1009
0005080500050805081007
0004060400040604061005
0106070401060704071007
0206080402060804081007
0205060302050603061005
0104050201040502051004
0004060400040604061005
0104070601040706071007
0203060502030605061005
0202040402020404040004
0301050503010505050005
0401060704010607070007
0600060806000608080008
0502070805020708080008
0304090803040908091008
0402080804020808080008
0303070703030707070007
0005080500050805081007
0205060302050603061005
0104050201040502051004
0003040300030403041004
0004060400040604061005
0005080500050805081007
0303070703030707070007
0600060806000608080008
0503090905030909090009
0701090b0701090b0b000b
0a02080c0a02080c0c000c
08020a0c08020a0c0c000c
08020a0c08020a0c0c000c
0900090c0900090c0c000c
0900090c0900090c0c000c
0a02080c0a02080c0c000c
0a03060b0a03060b0b000b
0b0503090b0503090b300a
0904030809040308093008
0703030707030307070007
0804020608040206083007
0601040706010407070007
0600060806000608080008
0600060806000608080008
0903050909030509090009
0a03060b0a03060b0b000b
0901070b0901070b0b000b
0801060908010609090009
0600060806000608080008
0600060806000608080008
0801060908010609090009
0a04040a0a04040a0a000a
0903050909030509090009
0801060908010609090009
0901070b0901070b0b000b
0900090c0900090c0c000c
0a03060b0a03060b0b000b
0702050807020508080008
0301050503010505050005
0300030403000304040004
0502010405020104053004
0502010405020104053004
0300030403000304040004
0402020404020204040004
0603020506030205063005
0601040706010407070007
0600060806000608080008
0904030809040308093008
0904030809040308093008
0801060908010609090009
0803040908030409090009
0102050401020504051004
0b0903050b0903050b300a
1810001018100010183016
2517031b2517031b253023
2f1e03222f1e03222f302d
302100213021002130302e
2619001926190019263023
1d1503111d1503111d301b
1510030c1510030c153014
0f0c03080f0c03080f300e
0c0c06040c0c06040c200c
0a0a06020a0a06020a200a
100e0606100e060610300f
1e1806101e1806101e301c
291e031a291e031a293027
2c1e001e2c1e001e2c302a
291e031a291e031a293027
1d1503111d1503111d301b
110d0309110d030911300f
0c0b04050c0b04050c300c
0605020306050203063005
0201000102010001023001
0303010103030101032003
0404020204040202042004
0504010205040102053004
0605020306050203063005
0806020408060204083007
0a0a04040a0a04040a200a
0a0a04040a0a04040a200a
0605020306050203063005
0402000204020002043002
0404020204040202042004
0808040208080402082008
0a0b06030a0b06030b200b
0a0b06030a0b06030b200b
0808040208080402082008
0707030307070303072007
0806020408060204083007
0908030409080304093008
0a0b06030a0b06030b200b
0809060108090601092009
0608060006080600082008
0607040106070401072007
0605020306050203063005
0c0700070c0700070c3009
1a1100111a1100111a3018
2b1c011e2b1c011e2b3029
3522032635220326353032
3624022636240226363034
2e1f001f2e1f001f2e302b
201602142016021420301d
110d0309110d030911300f
0402020404020204040004
0301050503010505050005
00070a0700070a070a1009
02090c0702090c070c100b
040b0c05040b0c050c100c
040a0a04040a0a040a100a
0308090403080904091008
0005080500050805081007
0202060602020606060006
0203060502030605061005
0003040300030403041004
0002040200020402041002
0003040300030403041004
0202040402020404040004
0101030301010303030003
0002040200020402041002
0205060302050603061005
040a0a04040a0a040a100a
040a0a04040a0a040a100a
0308090403080904091008
0509090305090903091009
0305050103050501051005
0103030101030301031003
0307070303070703071007
0206080402060804081007
0005080500050805081007
00070a0700070a070a1009
00070a0700070a070a1009
0005080500050805081007
0004060400040604061005
0106070401060704071007
0206080402060804081007
0206080402060804081007
0106070401060704071007
0004060400040604061005
0005080500050805081007
0006080600060806081008
0005080500050805081007
0004060400040604061005
0004060400040604061005
0205060302050603061005
0206060202060602061006
0205060302050603061005
0005080500050805081007
0006080600060806081008
0203060502030605061005
0102050401020504051004
0102050401020504051004
0202040402020404040004
0203060502030605061005
0401060704010607070007
0401060704010607070007
0203060502030605061005
0203060502030605061005
0202060602020606060006
0204080602040806081007
0104070601040706071007
0204080602040806081007
0105090701050907091008
0304090803040908091008
02060a0802060a080a100a
0304090803040908091008
0600060806000608080008
0304090803040908091008
0503090905030909090009
0901070b0901070b0b000b
0701090b0701090b0b000b
0601080906010809090009
0600060806000608080008
0600060806000608080008
0802040808020408080008
0904030809040308093008
0a0602080a0602080a300a
0904030809040308093008
0903050909030509090009
0a03060b0a03060b0b000b
0900090c0900090c0c000c
0900090c0900090c0c000c
0901070b0901070b0b000b
0a02060a0a02060a0a000a
0901070b0901070b0b000b
0a02080c0a02080c0c000c
0a02080c0a02080c0c000c
0900090c0900090c0c000c
0901070b0901070b0b000b
0801060908010609090009
0903050909030509090009
0a03060b0a03060b0b000b
0901070b0901070b0b000b
0801060908010609090009
0601040706010407070007
0804020608040206083007
0703030707030307070007
0600060806000608080008
0600060806000608080008
0703030707030307070007
0603020506030205063005
0300030403000304040004
0501030505010305050005
0601040706010407070007
0600060806000608080008
0601040706010407070007
0804020608040206083007
0703030707030307070007
0601040706010407070007
0804020608040206083007
0503010505030105050005
0001020100010201021001
0a0600060a0600060a3008
150d010f150d010f153013
2417021924170219243021
302100213021002130302e
302002223020022230302e
2a1c001c2a1c001c2a3027
201704132017041320301d
1611040b1611040b163014
100f0607100f0607103010
0c0b04050c0b04050c300c
0b0903050b0903050b300a
130f0509130f0509133011
1d1605101d1605101d301b
251b0317251b0317253023
2c21041b2c21041b2c302a
271e0518271e0518273026
1c15040f1c15040f1c3019
110e0508110e0508113010
0908030409080304093008
0303010103030101032003
0201000102010001023001
0403000304030003043004
0604000406040004063005
0604000406040004063005
0707030307070303072007
0a0a06020a0a06020a200a
0909050309090503092009
0707030307070303072007
0303010103030101032003
0304030003040300042004
0608060006080600082008
0809060108090601092009
0a0b06030a0b06030b200b
0908030409080304093008
0806020408060204083007
0707030307070303072007
0808040208080402082008
0a0c08020a0c08020c200c
090b0701090b07010b200b
0608060006080600082008
0505030105050301052005
0403000304030003043004
0604000406040004063005
0c0700070c0700070c3009
1811020f1811020f183016
271b0119271b0119273024
3222002232220022323030
3625002536250025363034
2f21011f2f21011f2f302d
211803142118031421301f
0501030505010305050005
0302050603020506060006
0107090501070905091008
0308090403080904091008
0509090305090903091009
0609080106090801092009
0608060006080600082008
0407060104070601072007
0003040300030403041004
0101030301010303030003
0001020100010201021001
0103030101030301031003
0204040202040402041004
0001020100010201021001
0001020100010201021001
0003040300030403041004
0106070401060704071007
050a0b04050a0b040b100a
050a0b04050a0b040b100a
0307070303070703071007
0407060104070601072007
0305050103050501051005
0204040202040402041004
0407060104070601072007
0407060104070601072007
0307070303070703071007
0308090403080904091008
0206080402060804081007
0005080500050805081007
0104070601040706071007
0005080500050805081007
0107090501070905091008
00070a0700070a070a1009
0105090701050907091008
0204080602040806081007
0006080600060806081008
0005080500050805081007
0004060400040604061005
0004060400040604061005
0004060400040604061005
0004060400040604061005
0205060302050603061005
0206060202060602061006
0307070303070703071007
0205060302050603061005
0002040200020402041002
0003040300030403041004
0203060502030605061005
0202060602020606060006
0203060502030605061005
0202040402020404040004
0300030403000304040004
0102050401020504051004
0004060400040604061005
0203060502030605061005
0105090701050907091008
0304090803040908091008
0304090803040908091008
02070c0902070c090c100b
04040a0a04040a0a0a000a
03050b0903050b090b100a
0304090803040908091008
0600060806000608080008
0303070703030707070007
0203060502030605061005
0300030403000304040004
0300030403000304040004
0301050503010505050005
0400040604000406060006
0501030505010305050005
0402020404020204040004
0604000406040004063005
0805000508050005083007
0703030707030307070007
0801060908010609090009
0901070b0901070b0b000b
0900090c0900090c0c000c
0900090c0900090c0c000c
0a02080c0a02080c0c000c
0a02080c0a02080c0c000c
0900090c0900090c0c000c
0b01090d0b01090d0d000d
0c010a0f0c010a0f0f000f
0c010a0f0c010a0f0f000f
0c03080d0c03080d0d000d
0a03060b0a03060b0b000b
0a02060a0a02060a0a000a
0901070b0901070b0b000b
0a03060b0a03060b0b000b
0903050909030509090009
0702050807020508080008
0903050909030509090009
0902050a0902050a0a000a
0801060908010609090009
0601040706010407070007
0804020608040206083007
0703030707030307070007
0600060806000608080008
0601040706010407070007
0501030505010305050005
0300030403000304040004
0402020404020204040004
0603020506030205063005
0601040706010407070007
0703030707030307070007
0804020608040206083007
0703030707030307070007
0703030707030307070007
0300030403000304040004
0505030105050301052005
110d0309110d030911300f
211701152117011521301f
2d1e01202d1e01202d302b
3222002232220022323030
2c21041b2c21041b2c302a
201906112019061120301e
1612060a1612060a163014
0f0d05070f0d05070f300e
0b0903050b0903050b300a
0c0b04050c0b04050c300c
120f0409120f0409123011
1b1403101b1403101b3019
271c0318271c0318273024
2d21031d2d21031d2d302b
291e031a291e031a293027
1d1503111d1503111d301b
110d0309110d030911300f
0806020408060204083007
0201000102010001023001
0201000102010001023001
0404020204040202042004
0505030105050301052005
0608060006080600082008
070a0700070a07000a200a
0608060006080600082008
0608060006080600082008
0304030003040300042004
0304030003040300042004
0608060006080600082008
0608060006080600082008
0809060108090601092009
0708050207080502082008
0607040106070401072007
0608060006080600082008
0608060006080600082008
090b0701090b07010b200b
0a0b06030a0b06030b200b
0908030409080304093008
0605020306050203063005
0402000204020002043002
0404020204040202042004
0505030105050301052005
0a0a06020a0a06020a200a
1411060914110609143013
211803142118031421301f
2f22031e2f22031e2f302d
3525012335250123353032
302002223020022230302e
0300030403000304040004
0102050401020504051004
0206080402060804081007
0307070303070703071007
0407060104070601072007
0608060006080600082008
0608060006080600082008
0607040106070401072007
0404020204040202042004
0201000102010001023001
0000000000000000000000
0304030003040300042004
0304030003040300042004
0001020100010201021001
0003040300030403041004
0004060400040604061005
0206080402060804081007
040a0a04040a0a040a100a
040a0a04040a0a040a100a
0205060302050603061005
0305050103050501051005
0407060104070601072007
0204040202040402041004
0305050103050501051005
0608060006080600082008
0608060006080600082008
0609080106090801092009
0307070303070703071007
0106070401060704071007
0004060400040604061005
0004060400040604061005
0308090403080904091008
0308090403080904091008
0005080500050805081007
0104070601040706071007
0005080500050805081007
0004060400040604061005
0004060400040604061005
0004060400040604061005
0004060400040604061005
0004060400040604061005
0004060400040604061005
0206080402060804081007
0308090403080904091008
0004060400040604061005
0202040402020404040004
0004060400040604061005
0004060400040604061005
0202040402020404040004
0101030301010303030003
0002040200020402041002
0101030301010303030003
0202040402020404040004
0004060400040604061005
0004060400040604061005
0106070401060704071007
0005080500050805081007
0105090701050907091008
00070a0700070a070a1009
0204080602040806081007
0104070601040706071007
0204080602040806081007
0401060704010607070007
0401060704010607070007
0301050503010505050005
0300030403000304040004
0300030403000304040004
0202040402020404040004
0300030403000304040004
0402020404020204040004
0501030505010305050005
0704010607040106073007
0804020608040206083007
0601040706010407070007
0600060806000608080008
0600060806000608080008
0600060806000608080008
0600060806000608080008
0801060908010609090009
0901070b0901070b0b000b
0900090c0900090c0c000c
0900090c0900090c0c000c
0900090c0900090c0c000c
0a03060b0a03060b0b000b
0b04050a0b04050a0b300a
0a03060b0a03060b0b000b
0a02080c0a02080c0c000c
0901070b0901070b0b000b
0b04050a0b04050a0b300a
0a03060b0a03060b0b000b
0b01090d0b01090d0d000d
0c02080e0c02080e0e000e
0c03080d0c03080d0d000d
0a03060b0a03060b0b000b
0903050909030509090009
0904030809040308093008
0802040808020408080008
0600060806000608080008
0703030707030307070007
0603020506030205063005
0300030403000304040004
0501030505010305050005
0602020606020206060006
0501030505010305050005
0603020506030205063005
0703030707030307070007
0801060908010609090009
0a03060b0a03060b0b000b
0a03060b0a03060b0b000b
0600060806000608080008
0205060302050603061005
0d0a03060d0a03060d300b
1c1402121c1402121c301a
2c20021c2c20021c2c302a
3325032133250321333031
2f23051d2f23051d2f302d
221a0612221a061222301f
1411060914110609143013
0c0c06040c0c06040c200c
0a0a06020a0a06020a200a
0b0a05040b0a05040b300a
110d0309110d030911300f
1b1301111b1301111b3019
281b001b281b001b283026
302100213021002130302e
2c1d021f2c1d021f2c302a
211501172115011721301f
140d000d140d000d143012
0805000508050005083007
0201000102010001023001
0304030003040300042004
0407060104070601072007
0508070205080702082008
0609080106090801092009
0608060006080600082008
0608060006080600082008
0304030003040300042004
0304030003040300042004
0608060006080600082008
0608060006080600082008
0608060006080600082008
0608060006080600082008
0608060006080600082008
0608060006080600082008
0608060006080600082008
0809060108090601092009
0909050309090503092009
0908030409080304093008
0707030307070303072007
0303010103030101032003
0304030003040300042004
0407060104070601072007
0508070205080702082008
080a0800080a08000a200a
100e0606100e060610300f
1e1806101e1806101e301c
2b1e011c2b1e011c2b3029
321e0626321e0626323030
0300030403000304040004
0202040402020404040004
0106070401060704071007
0206080402060804081007
0206080402060804081007
0307070303070703071007
0407060104070601072007
0505030105050301052005
0403000304030003043004
0403000304030003043004
0201000102010001023001
0304030003040300042004
0305050103050501051005
0003040300030403041004
0004060400040604061005
0005080500050805081007
0006080600060806081008
0308090403080904091008
0608060006080600082008
0404020204040202042004
0505030105050301052005
0608060006080600082008
0305050103050501051005
0204040202040402041004
0407060104070601072007
0608060006080600082008
070a0700070a07000a200a
0608060006080600082008
0506050005060500062006
0305050103050501051005
0205060302050603061005
0308090403080904091008
0308090403080904091008
0106070401060704071007
0004060400040604061005
0004060400040604061005
0003040300030403041004
0104050201040502051004
0204040202040402041004
0104050201040502051004
0205060302050603061005
0004060400040604061005
0106070401060704071007
0308090403080904091008
0004060400040604061005
0102050401020504051004
0004060400040604061005
0003040300030403041004
0002040200020402041002
0101030301010303030003
0202040402020404040004
0203060502030605061005
0202060602020606060006
0203060502030605061005
0004060400040604061005
0206080402060804081007
0106070401060704071007
0106070401060704071007
0206080402060804081007
0004060400040604061005
0004060400040604061005
0005080500050805081007
0303070703030707070007
0600060806000608080008
0601040706010407070007
0501030505010305050005
0300030403000304040004
0101030301010303030003
0200020202000202020002
0301010303010103030003
0300030403000304040004
0603020506030205063005
0703030707030307070007
0600060806000608080008
0600060806000608080008
0600060806000608080008
0600060806000608080008
0600060806000608080008
0600060806000608080008
0600060806000608080008
0600060806000608080008
0600060806000608080008
0601040706010407070007
0804020608040206083007
0703030707030307070007
0801060908010609090009
0901070b0901070b0b000b
0a02080c0a02080c0c000c
0c04060c0c04060c0c000c
0b02070c0b02070c0c000c
0900090c0900090c0c000c
0a02080c0a02080c0c000c
0c04060c0c04060c0c000c
0c04060c0c04060c0c000c
0c04060c0c04060c0c000c
0c04060c0c04060c0c000c
0a03060b0a03060b0b000b
0802040808020408080008
0804020608040206083007
0703030707030307070007
0600060806000608080008
0601040706010407070007
0603020506030205063005
0402020404020204040004
0501030505010305050005
0601040706010407070007
0600060806000608080008
0801060908010609090009
0a04040a0a04040a0a000a
0903050909030509090009
0401060704010607070007
0102050401020504051004
0a0904030a0904030a3009
1b1403101b1403101b3019
2c1f021d2c1f021d2c302a
3628042236280422363034
3024041e3024041e30302e
2319031523190315233020
1712050c1712050c173015
0e0c04060e0c04060e300d
0908030409080304093008
0b0903050b0903050b300a
100b0209100b020910300e
1a1100111a1100111a3018
281b001b281b001b283026
2f1f01212f1f01212f302d
2c1d021f2c1d021f2c302a
2216021822160218223020
150c0310150c0310153014
0b0601080b0601080b300a
0706030207060302073006
0609080106090801092009
0509090305090903091009
0308090403080904091008
0308090403080904091008
0307070303070703071007
0103030101030301031003
0304030003040300042004
0608060006080600082008
0608060006080600082008
0608060006080600082008
0609080106090801092009
0508070205080702082008
0407060104070601072007
0608060006080600082008
0608060006080600082008
0608060006080600082008
0607040106070401072007
0707030307070303072007
0605020306050203063005
0505030105050301052005
0608060006080600082008
0608060006080600082008
0608060006080600082008
0809060108090601092009
100e0606100e060610300f
1a1202101a1202101a3018
2414061c2414061c243022
0001020100010201021001
0102030201020302031002
0305050103050501051005
0407060104070601072007
0307070303070703071007
0205060302050603061005
0305050103050501051005
0304030003040300042004
0201000102010001023001
0404020204040202042004
0303010103030101032003
0304030003040300042004
0407060104070601072007
0204040202040402041004
0104050201040502051004
0307070303070703071007
0206080402060804081007
0205060302050603061005
0304030003040300042004
0404020204040202042004
0607040106070401072007
0608060006080600082008
0407060104070601072007
0205060302050603061005
0206080402060804081007
0308090403080904091008
0508070205080702082008
0507050105070501072007
0607040106070401072007
0407060104070601072007
0307070303070703071007
03090b0503090b050b100a
02080a0602080a060a100a
0005080500050805081007
0004060400040604061005
0003040300030403041004
0002040200020402041002
0204040202040402041004
0104050201040502051004
0204040202040402041004
0206060202060602061006
0205060302050603061005
0206080402060804081007
0308090403080904091008
0004060400040604061005
0202040402020404040004
0003040300030403041004
0002040200020402041002
0003040300030403041004
0203060502030605061005
0202060602020606060006
0204080602040806081007
0303070703030707070007
0401060704010607070007
0204080602040806081007
0006080600060806081008
0005080500050805081007
0205060302050603061005
0206060202060602061006
0204040202040402041004
0104050201040502051004
0307070303070703071007
0004060400040604061005
0300030403000304040004
0402020404020204040004
0403000304030003043004
0201000102010001023001
0001020100010201021001
0101030301010303030003
0300030403000304040004
0300030403000304040004
0501030505010305050005
0601040706010407070007
0600060806000608080008
0601040706010407070007
0500050605000506060006
0401060704010607070007
0600060806000608080008
0600060806000608080008
0600060806000608080008
0600060806000608080008
0600060806000608080008
0703030707030307070007
0804020608040206083007
0601040706010407070007
0600060806000608080008
0600060806000608080008
0801060908010609090009
0a04040a0a04040a0a000a
0903050909030509090009
0600060806000608080008
0801060908010609090009
0a03060b0a03060b0b000b
0c04060c0c04060c0c000c
0c04060c0c04060c0c000c
0c04060c0c04060c0c000c
0c05040b0c05040b0c300c
0a0504090a0504090a300a
0904030809040308093008
0802040808020408080008
0600060806000608080008
0703030707030307070007
0804020608040206083007
0601040706010407070007
0600060806000608080008
0600060806000608080008
0600060806000608080008
0601040706010407070007
0804020608040206083007
0703030707030307070007
0600060806000608080008
0601040706010407070007
0101030301010303030003
0a0702050a0702050a3008
1b1403101b1403101b3019
2e22041c2e22041c2e302c
3626022436260224363034
3223022132230221323030
261c0416261c0416263023
1712050c1712050c173015
0d0a03060d0a03060d300b
0908030409080304093008
0907010509070105093008
0e0a02080e0a02080e300c
1912030e1912030e193016
231a0316231a0316233022
2b1e011c2b1e011c2b3029
291b011d291b011d293027
211403182114031821301f
160f000f160f000f163015
0e0c04060e0c04060e300d
090b0701090b07010b200b
070b0901070b09010b200b
0509090305090903091009
0308090403080904091008
0205060302050603061005
0002040200020402041002
0204040202040402041004
0407060104070601072007
0608060006080600082008
0609080106090801092009
060b0a03060b0a030b200b
0307070303070703071007
0305050103050501051005
0608060006080600082008
0608060006080600082008
0607040106070401072007
0605020306050203063005
0806020408060204083007
0707030307070303072007
0607040106070401072007
0608060006080600082008
0608060006080600082008
0608060006080600082008
0608060006080600082008
0809060108090601092009
0b0a05040b0a05040b300a
100a000a100a000a10300e
0402020404020204040004
0403000304030003043004
0505030105050301052005
0608060006080600082008
0607040106070401072007
0404020204040202042004
0505030105050301052005
0304030003040300042004
0000000000000000000000
0304030003040300042004
0305050103050501051005
0205060302050603061005
0307070303070703071007
0104050201040502051004
0205060302050603061005
0307070303070703071007
0206060202060602061006
0204040202040402041004
0002040200020402041002
0204040202040402041004
0407060104070601072007
0608060006080600082008
0609080106090801092009
0308090403080904091008
00070a0700070a070a1009
00070a0700070a070a1009
0005080500050805081007
0205060302050603061005
0407060104070601072007
0608060006080600082008
0608060006080600082008
070b0901070b09010b200b
0509090305090903091009
0004060400040604061005
0004060400040604061005
0102050401020504051004
0202040402020404040004
0004060400040604061005
0005080500050805081007
0104070601040706071007
0005080500050805081007
0107090501070905091008
00070a0700070a070a1009
00070a0700070a070a1009
0204080602040806081007
0202060602020606060006
0301050503010505050005
0202040402020404040004
0003040300030403041004
0104050201040502051004
0004060400040604061005
0104070601040706071007
0204080602040806081007
0402080804020808080008
04040a0a04040a0a0a000a
03050b0903050b090b100a
0304090803040908091008
0303070703030707070007
0004060400040604061005
0104050201040502051004
0205060302050603061005
0307070303070703071007
0104050201040502051004
0101030301010303030003
0502010405020104053004
0604000406040004063005
0402020404020204040004
0203060502030605061005
0303070703030707070007
0600060806000608080008
0601040706010407070007
0501030505010305050005
0300030403000304040004
0300030403000304040004
0402020404020204040004
0301050503010505050005
0303070703030707070007
0601080906010809090009
0701090b0701090b0b000b
0900090c0900090c0c000c
0901070b0901070b0b000b
0801060908010609090009
0903050909030509090009
0a03060b0a03060b0b000b
0901070b0901070b0b000b
0801060908010609090009
0600060806000608080008
0600060806000608080008
0904030809040308093008
0904030809040308093008
0600060806000608080008
0600060806000608080008
0802040808020408080008
0904030809040308093008
0903050909030509090009
0a04040a0a04040a0a000a
0c0702090c0702090c300b
0b0503090b0503090b300a
0a04040a0a04040a0a000a
0903050909030509090009
0600060806000608080008
0904030809040308093008
0904030809040308093008
0600060806000608080008
0601040706010407070007
0501030505010305050005
0300030403000304040004
0402020404020204040004
0603020506030205063005
0601040706010407070007
0601040706010407070007
0603020506030205063005
0402020404020204040004
0100010201000102020002
0b0903050b0903050b300a
1d1503111d1503111d301b
2c1e001e2c1e001e2c302a
3727012537270125373035
3526032235260322353032
271d0517271d0517273025
1612060a1612060a163014
0a0a06020a0a06020a200a
0506050005060500062006
0607040106070401072007
0c0b04050c0b04050c300c
1712050c1712050c173015
211803142118031421301f
261a001a261a001a263024
261a001a261a001a263024
211803142118031421301f
1814060c1814060c183017
100e0606100e060610300f
0c0c06040c0c06040c200c
0a0b06030a0b06030b200b
0809060108090601092009
0304030003040300042004
0103030101030301031003
0205060302050603061005
0206080402060804081007
0308090403080904091008
040a0a04040a0a040a100a
060b0a03060b0a030b200b
0305050103050501051005
0304030003040300042004
0608060006080600082008
0608060006080600082008
0505030105050301052005
0404020204040202042004
0607040106070401072007
0608060006080600082008
0608060006080600082008
0608060006080600082008
0608060006080600082008
0608060006080600082008
0608060006080600082008
0608060006080600082008
0608060006080600082008
0505030105050301052005
0201000102010001023001
0404020204040202042004
0606020206060202062006
0707030307070303072007
0806020408060204083007
0605020306050203063005
0606020206060202062006
0404020204040202042004
0201000102010001023001
0304030003040300042004
0407060104070601072007
0307070303070703071007
0205060302050603061005
0104050201040502051004
0307070303070703071007
0205060302050603061005
0305050103050501051005
0305050103050501051005
0003040300030403041004
0004060400040604061005
0206080402060804081007
0308090403080904091008
040b0c05040b0c050c100c
030b0d07030b0d070d100d
00070a0700070a070a1009
0005080500050805081007
0004060400040604061005
0004060400040604061005
0206080402060804081007
0308090403080904091008
0308090403080904091008
060b0a03060b0a030b200b
050a0902050a09020a200a
0204040202040402041004
0104050201040502051004
0004060400040604061005
0202060602020606060006
0203060502030605061005
0106070401060704071007
0005080500050805081007
0105090701050907091008
00080c0800080c080c100b
00070a0700070a070a1009
0005080500050805081007
0004060400040604061005
0203060502030605061005
0401060704010607070007
0401060704010607070007
0301050503010505050005
0004060400040604061005
0107090501070905091008
0104070601040706071007
0204080602040806081007
0205080702050807081008
0304090803040908091008
0304090803040908091008
0304090803040908091008
0402080804020808080008
0402080804020808080008
0304090803040908091008
02060a0802060a080a100a
0105090701050907091008
0203060502030605061005
0202040402020404040004
0402020404020204040004
0603020506030205063005
0601040706010407070007
0304090803040908091008
0304090803040908091008
0601040706010407070007
0603020506030205063005
0402020404020204040004
0300030403000304040004
0300030403000304040004
0501030505010305050005
0303070703030707070007
0304090803040908091008
0503090905030909090009
06030a0b06030a0b0b000b
0900090c0900090c0c000c
0a02080c0a02080c0c000c
0a02080c0a02080c0c000c
0b01090d0b01090d0d000d
0c02080e0c02080e0e000e
0c03080d0c03080d0d000d
0a03060b0a03060b0b000b
0801060908010609090009
0600060806000608080008
0903050909030509090009
0a03060b0a03060b0b000b
0901070b0901070b0b000b
0801060908010609090009
0703030707030307070007
0804020608040206083007
0601040706010407070007
0904030809040308093008
0c0800080c0800080c300b
0904030809040308093008
0904030809040308093008
0904030809040308093008
0600060806000608080008
0903050909030509090009
0a04040a0a04040a0a000a
0801060908010609090009
0702050807020508080008
0703030707030307070007
0501030505010305050005
0501030505010305050005
0601040706010407070007
0600060806000608080008
0703030707030307070007
0804020608040206083007
0601040706010407070007
0703030707030307070007
0101030301010303030003
0b0903050b0903050b300a
1a1202101a1202101a3018
2d20031c2d20031c2d302a
3728032437280324373035
3628042236280422363034
281f0617281f0617283026
1612060a1612060a163014
0809060108090601092009
0405040104050401052005
0606040206060402062006
0e0c04060e0c04060e300d
1511050b1511050b153014
1d1503111d1503111d301b
231a0316231a0316233022
261d0417261d0417263025
221b0613221b0613223021
1814060c1814060c183017
100e0606100e060610300f
0c0d08030c0d08030d200d
090b0701090b07010b200b
0304030003040300042004
0304030003040300042004
0407060104070601072007
0307070303070703071007
0308090403080904091008
0509090305090903091009
0609080106090801092009
0304030003040300042004
0304030003040300042004
0608060006080600082008
0608060006080600082008
0304030003040300042004
0304030003040300042004
0608060006080600082008
0608060006080600082008
0608060006080600082008
0608060006080600082008
0608060006080600082008
0608060006080600082008
0608060006080600082008
0608060006080600082008
0608060006080600082008
0304030003040300042004
0000000000000000000000
0304030003040300042004
0505030105050301052005
0605020306050203063005
0707030307070303072007
0607040106070401072007
0505030105050301052005
0404020204040202042004
0304030003040300042004
0205060302050603061005
0307070303070703071007
0407060104070601072007
0304030003040300042004
0304030003040300042004
0608060006080600082008
0304030003040300042004
0304030003040300042004
0407060104070601072007
0205060302050603061005
0005080500050805081007
00070a0700070a070a1009
00080c0800080c080c100b
030b0d07030b0d070d100d
040b0c05040b0c050c100c
0206080402060804081007
0005080500050805081007
0104070601040706071007
0204080602040806081007
00070a0700070a070a1009
00070a0700070a070a1009
0107090501070905091008
0509090305090903091009
0609080106090801092009
0305050103050501051005
0205060302050603061005
0106070401060704071007
0202040402020404040004
0102050401020504051004
0205060302050603061005
0206060202060602061006
0307070303070703071007
0308090403080904091008
0205060302050603061005
0104050201040502051004
0204040202040402041004
0104050201040502051004
0003040300030403041004
0300030403000304040004
0301050503010505050005
0105090701050907091008
00070a0700070a070a1009
0204080602040806081007
0104070601040706071007
0005080500050805081007
0005080500050805081007
0104070601040706071007
0204080602040806081007
0303070703030707070007
0503090905030909090009
04040a0a04040a0a0a000a
0304090803040908091008
0204080602040806081007
0202060602020606060006
0301050503010505050005
0501030505010305050005
0601040706010407070007
0600060806000608080008
0303070703030707070007
0203060502030605061005
0402020404020204040004
0603020506030205063005
0601040706010407070007
0600060806000608080008
0600060806000608080008
0600060806000608080008
0304090803040908091008
0304090803040908091008
0304090803040908091008
0304090803040908091008
0600060806000608080008
0801060908010609090009
0901070b0901070b0b000b
0900090c0900090c0c000c
0a03060b0a03060b0b000b
0b04050a0b04050a0b300a
0a03060b0a03060b0b000b
0a02080c0a02080c0c000c
0900090c0900090c0c000c
0b02070c0b02070c0c000c
0b02070c0b02070c0c000c
0a02080c0a02080c0c000c
0a03060b0a03060b0b000b
0b04050a0b04050a0b300a
0a04040a0a04040a0a000a
0801060908010609090009
0904030809040308093008
0c0800080c0800080c300b
0905010709050107093008
0804020608040206083007
0703030707030307070007
0600060806000608080008
0801060908010609090009
0a03060b0a03060b0b000b
0a03060b0a03060b0b000b
0a02060a0a02060a0a000a
0a03060b0a03060b0b000b
0a02080c0a02080c0c000c
0901070b0901070b0b000b
0801060908010609090009
0600060806000608080008
0903050909030509090009
0a04040a0a04040a0a000a
0801060908010609090009
0904030809040308093008
0703030707030307070007
0102050401020504051004
0808040208080402082008
1814060c1814060c183017
2a2006182a2006182a3028
3629062136290621363034
3629062136290621363034
281e0418281e0418283026
1711030d1711030d173015
0a0702050a0702050a3008
0505030105050301052005
0809060108090601092009
0c0c06040c0c06040c200c
1210060812100608123011
1a15060d1a15060d1a3018
221a0414221a0414223020
271d0319271d0319273026
251b0317251b0317253023
1b1403101b1403101b3019
1411060914110609143013
0e0d06050e0d06050e300d
0605020306050203063005
0504010205040102053004
0707030307070303072007
0909050309090503092009
0809060108090601092009
0608060006080600082008
0608060006080600082008
0304030003040300042004
0304030003040300042004
0608060006080600082008
0607040106070401072007
0404020204040202042004
0504010205040102053004
0707030307070303072007
0908030409080304093008
0909050309090503092009
0809060108090601092009
0607040106070401072007
0707030307070303072007
0909050309090503092009
0809060108090601092009
0608060006080600082008
0304030003040300042004
0201000102010001023001
0303010103030101032003
0404020204040202042004
0504010205040102053004
0707030307070303072007
0908030409080304093008
0605020306050203063005
0505030105050301052005
0407060104070601072007
0307070303070703071007
0205060302050603061005
0305050103050501051005
0304030003040300042004
0304030003040300042004
0608060006080600082008
0305050103050501051005
0205060302050603061005
0308090403080904091008
0107090501070905091008
0006080600060806081008
0107090501070905091008
03090b0503090b050b100a
040a0c06040a0c060c100b
03090b0503090b050b100a
0106070401060704071007
0106070401060704071007
0005080500050805081007
0105090701050907091008
00080c0800080c080c100b
0105090701050907091008
0005080500050805081007
0308090403080904091008
0307070303070703071007
0206060202060602061006
0307070303070703071007
0206080402060804081007
0102050401020504051004
0202040402020404040004
0004060400040604061005
0206080402060804081007
0308090403080904091008
0307070303070703071007
0104050201040502051004
0204040202040402041004
0103030101030301031003
0304030003040300042004
0304030003040300042004
0001020100010201021001
0004060400040604061005
00070a0700070a070a1009
0105090701050907091008
0204080602040806081007
0104070601040706071007
0204080602040806081007
0006080600060806081008
0204080602040806081007
0105090701050907091008
0304090803040908091008
0303070703030707070007
0204080602040806081007
0202060602020606060006
0203060502030605061005
0202040402020404040004
0301050503010505050005
0401060704010607070007
0601040706010407070007
0501030505010305050005
0102050401020504051004
0102050401020504051004
0501030505010305050005
0601040706010407070007
0601040706010407070007
0502010405020104053004
0202020002020200021002
0102050401020504051004
0702050807020508080008
0a0502090a0502090a300a
0a0702050a0702050a3008
0506050005060500062006
0102050401020504051004
0401060704010607070007
0600060806000608080008
0601040706010407070007
0804020608040206083007
0703030707030307070007
0801060908010609090009
0901070b0901070b0b000b
0900090c0900090c0c000c
0a02080c0a02080c0c000c
0a03060b0a03060b0b000b
0a0304090a0304090a3009
0904030809040308093008
0903050909030509090009
0a03060b0a03060b0b000b
0a03060b0a03060b0b000b
0b0503090b0503090b300a
0c0800080c0800080c300b
0a0602080a0602080a300a
0904030809040308093008
0802040808020408080008
0600060806000608080008
0600060806000608080008
0801060908010609090009
0a04040a0a04040a0a000a
0903050909030509090009
0801060908010609090009
0901070b0901070b0b000b
0a02080c0a02080c0c000c
0a03060b0a03060b0b000b
0801060908010609090009
0801060908010609090009
0a04040a0a04040a0a000a
0903050909030509090009
0904030809040308093008
0904030809040308093008
0600060806000608080008
0202060602020606060006
080a0800080a08000a200a
1715090917150909173016
2720091427200914273025
3328071e3328071e333032
3325032133250321333031
281b001b281b001b283026
1811020f1811020f183016
0c0a04040c0a04040c300a
0608060006080600082008
0809060108090601092009
0c0d08030c0d08030d200d
1110070611100706113011
1711030d1711030d173015
2217001722170017223020
2a1d001d2a1d001d2a3029
281b001b281b001b283026
211701152117011521301f
1811020f1811020f183016
0e0900090e0900090e300c
0805000508050005083007
0806020408060204083007
0a0b06030a0b06030b200b
090b0701090b07010b200b
0608060006080600082008
0608060006080600082008
0304030003040300042004
0304030003040300042004
0607040106070401072007
0605020306050203063005
0605020306050203063005
0504010205040102053004
0605020306050203063005
0908030409080304093008
0a0b06030a0b06030b200b
090a0502090a05020a200a
0605020306050203063005
0806020408060204083007
0a0a04040a0a04040a200a
0a0b06030a0b06030b200b
0809060108090601092009
0304030003040300042004
0102010001020100022002
0202020002020200021002
0304030003040300042004
0304030003040300042004
0506050005060500062006
0607040106070401072007
0506030205060302062006
0607040106070401072007
0608060006080600082008
0608060006080600082008
0304030003040300042004
0304030003040300042004
0304030003040300042004
0304030003040300042004
0609080106090801092009
0307070303070703071007
0106070401060704071007
0308090403080904091008
0308090403080904091008
0206080402060804081007
0206080402060804081007
040a0a04040a0a040a100a
040a0a04040a0a040a100a
0308090403080904091008
0206080402060804081007
0205060302050603061005
0206060202060602061006
0307070303070703071007
0308090403080904091008
0005080500050805081007
0105090701050907091008
00070a0700070a070a1009
0005080500050805081007
0206080402060804081007
0308090403080904091008
0106070401060704071007
0202040402020404040004
0101030301010303030003
0104050201040502051004
0307070303070703071007
03090b0503090b050b100a
0106090601060906091008
0203060502030605061005
0003040300030403041004
0002040200020402041002
0204040202040402041004
0104050201040502051004
0004060400040604061005
00070a0700070a070a1009
00080c0800080c080c100b
0304090803040908091008
0303070703030707070007
0204080602040806081007
0104070601040706071007
0005080500050805081007
0005080500050805081007
0006080600060806081008
0204080602040806081007
0202060602020606060006
0203060502030605061005
0202040402020404040004
0102050401020504051004
0102050401020504051004
0202040402020404040004
0202040402020404040004
0402020404020204040004
0402020404020204040004
0202040402020404040004
0202040402020404040004
0300030403000304040004
0301010303010103030003
0306070203060702071006
010d170f010d170f171013
0d122d260d122d262d102a
2113434321134343430045
3b08495a3b08495a5a005a
4d0d375b4d0d375b5b005b
491a1d44491a1d44493048
301708253017082530302b
160e020c160e020c163012
0406060204060602061006
0401060704010607070007
0703030707030307070007
0804020608040206083007
0601040706010407070007
0601080906010809090009
0701090b0701090b0b000b
0901070b0901070b0b000b
0a0304090a0304090a3009
0905010709050107093008
0708050207080502082008
03080b0603080b060b100a
05030b0b05030b0b0b000b
0700070a0700070a0a000a
0401040504010405050005
0203000102030001032003
0805020708050207083008
0c05040b0c05040b0c300c
0c04060c0c04060c0c000c
0a02080c0a02080c0c000c
0901070b0901070b0b000b
0801060908010609090009
0600060806000608080008
0903050909030509090009
0a04040a0a04040a0a000a
0801060908010609090009
0600060806000608080008
0801060908010609090009
0a04040a0a04040a0a000a
0903050909030509090009
0600060806000608080008
0904030809040308093008
0904030809040308093008
0903050909030509090009
0a03060b0a03060b0b000b
0900090c0900090c0c000c
0900090c0900090c0c000c
04040a0a04040a0a0a000a
060c0c04060c0c040c100c
14140a0614140a06142014
241c0614241c0614243022
302100213021002130302e
3321032533210325333031
2c1f021d2c1f021d2c302a
1c15040f1c15040f1c3019
0d0b05050d0b05050d300c
080a0800080a08000a200a
080b0801080b08010b200b
0a0b06030a0b06030b200b
0e0a02080e0a02080e300c
160e000e160e000e163013
2217001722170017223020
2a1d001d2a1d001d2a3029
2a1b021d2a1b021d2a3027
2317011923170119233021
1a1100111a1100111a3018
0e0a02080e0a02080e300c
0808040208080402082008
090c0900090c09000c200c
090c0900090c09000c200c
0608060006080600082008
0608060006080600082008
0304030003040300042004
0304030003040300042004
0505030105050301052005
0404020204040202042004
0606020206060202062006
0404020204040202042004
0505030105050301052005
0608060006080600082008
090b0701090b07010b200b
0909050309090503092009
0605020306050203063005
0606020206060202062006
0909050309090503092009
0c0d08030c0d08030d200d
090b0701090b07010b200b
0304030003040300042004
0001020100010201021001
0103030101030301031003
0205060302050603061005
0004060400040604061005
0106070401060704071007
0206080402060804081007
0206080402060804081007
0307070303070703071007
0407060104070601072007
0608060006080600082008
0304030003040300042004
0304030003040300042004
0305050103050501051005
0205060302050603061005
040a0a04040a0a040a100a
0308090403080904091008
0205060302050603061005
0407060104070601072007
0608060006080600082008
0406040004060400062006
0406040004060400062006
080a0800080a08000a200a
080a0800080a08000a200a
0608060006080600082008
0407060104070601072007
0205060302050603061005
0206080402060804081007
0308090403080904091008
0308090403080904091008
0106070401060704071007
0106070401060704071007
0206080402060804081007
0004060400040604061005
0106070401060704071007
0308090403080904091008
0205060302050603061005
0001020100010201021001
0001020100010201021001
0205060302050603061005
0308090403080904091008
040a0a04040a0a040a100a
0107090501070905091008
0202060602020606060006
0301050503010505050005
0202040402020404040004
0004060400040604061005
0005080500050805081007
00070a0700070a070a1009
00080c0800080c080c100b
00070a0700070a070a1009
0204080602040806081007
0202060602020606060006
0203060502030605061005
0004060400040604061005
0005080500050805081007
00070a0700070a070a1009
0105090701050907091008
0204080602040806081007
0303070703030707070007
0401060704010607070007
0301050503010505050005
0202040402020404040004
0203060502030605061005
0202060602020606060006
0301050503010505050005
0501030505010305050005
0602020606020206060006
0300030403000304040004
0001020100010201021001
0000000000000000000000
0106090401060904091007
0219281702192817281021
0a3460440a346044601055
2e47a0892e47a089a0109a
6742cdd06742cdd0d000da
a51acbfaa51acbfafa00fb
d02498f4d02498f4f400f6
cb4e51c0cb4e51c0cb30cf
964f1873964f187396308b
4f34052e4f34052e4f3045
18150a0718150a07183016
0104070601040706071007
0903050909030509090009
0a03060b0a03060b0b000b
0900090c0900090c0c000c
08020a0c08020a0c0c000c
08020a0c08020a0c0c000c
0a03060b0a03060b0b000b
0a0802060a0802060a300a
070f1307070f1307131010
011b2f1f011b2f1f2f1029
171e4940171e4940491046
370f515d370f515d5d005e
4e0546654e054665650065
4c122c524c122c52520053
3513132f3513132f353032
160b020f160b020f163012
0102050401020504051004
0a03060b0a03060b0b000b
0b02070c0b02070c0c000c
0a03060b0a03060b0b000b
0903050909030509090009
0600060806000608080008
0801060908010609090009
0a04040a0a04040a0a000a
0903050909030509090009
0600060806000608080008
0600060806000608080008
0904030809040308093008
0904030809040308093008
0600060806000608080008
0904030809040308093008
0904030809040308093008
0801060908010609090009
0901070b0901070b0b000b
0900090c0900090c0c000c
0900090c0900090c0c000c
0701090b0701090b0b000b
0105090701050907091008
080a0800080a08000a200a
130f0509130f0509133011
201500152015001520301d
2d1e01202d1e01202d302b
3627022336270223363034
2d21031d2d21031d2d302b
1d1503111d1503111d301b
1110070611100706113011
0a0b08010a0b08010b200b
0707050107070501072007
0707030307070303072007
0b0801060b0801060b300a
140d000d140d000d143012
2217001722170017223020
291a031e291a031e293027
2b1b031f2b1b031f2b3029
261b0219261b0219263024
1a14040e1a14040e1a3018
0e0d06050e0d06050e300d
0b0d09010b0d09010d200d
090d0b01090d0b010d200d
0509090305090903091009
0307070303070703071007
0103030101030301031003
0303010103030101032003
0404020204040202042004
0504010205040102053004
0605020306050203063005
0605020306050203063005
0607040106070401072007
0608060006080600082008
0809060108090601092009
0708050207080502082008
0606020206060202062006
0605020306050203063005
0908030409080304093008
0d0e07040d0e07040e200e
0c0c06040c0c06040c200c
0604000406040004063005
0001020100010201021001
0204040202040402041004
0206060202060602061006
0205060302050603061005
0206080402060804081007
0106070401060704071007
0106070401060704071007
0205060302050603061005
0305050103050501051005
0608060006080600082008
0305050103050501051005
0204040202040402041004
0206060202060602061006
0307070303070703071007
0509090305090903091009
0408080204080802081008
0205060302050603061005
0205060302050603061005
0407060104070601072007
0505030105050301052005
0605020306050203063005
0a0a04040a0a04040a200a
0a0b06030a0b06030b200b
0809060108090601092009
0608060006080600082008
0407060104070601072007
0307070303070703071007
0308090403080904091008
0308090403080904091008
0206080402060804081007
0205060302050603061005
0206060202060602061006
0204040202040402041004
0305050103050501051005
0608060006080600082008
0304030003040300042004
0000000000000000000000
0103030101030301031003
0307070303070703071007
0308090403080904091008
0509090305090903091009
0408080204080802081008
0004060400040604061005
0401060704010607070007
0401060704010607070007
0204080602040806081007
0006080600060806081008
0107090501070905091008
0308090403080904091008
0206080402060804081007
0005080500050805081007
0303070703030707070007
0401060704010607070007
0204080602040806081007
0006080600060806081008
0107090501070905091008
0005080500050805081007
0104070601040706071007
0204080602040806081007
0401060704010607070007
0600060806000608080008
0401060704010607070007
0203060502030605061005
0202040402020404040004
0300030403000304040004
0300030403000304040004
0402020404020204040004
0402020404020204040004
0300030403000304040004
0303030103030301031003
0617200f0617200f20101b
084b6e3f084b6e3f6e1061
0b89dd990b89dd99dd10cd
48a1ffff48a1ffffff1130
9e7cffff9e7cffffff1166
f423fffff423ffffff016a
ff4ac3ffff4ac3ffff015a
ff9d55ffff9d55ffff313a
ffad04b1ffad04b1ff30f7
9c7a1c529c7a1c529c3092
3a3416143a3416143a3037
060a0a04060a0a040a100a
0801060908010609090009
0901070b0901070b0b000b
0900090c0900090c0c000c
0701090b0701090b0b000b
0601080906010809090009
0906010609060106093008
0c171a070c171a071a1018
05344f2e05344f2e4f1045
155399731553997399108d
4d56d3c24d56d3c2d310d4
972cd9fa972cd9fafa00fd
cd11b1ffcd11b1ffff0103
d4426edad4426edada00e3
ab502d90ab502d90ab30a4
6439084564390845643059
241904132419041324301f
0204060402040604061005
0802060a0802060a0a000a
0b04050a0b04050a0b300a
0a04040a0a04040a0a000a
0801060908010609090009
0600060806000608080008
0904030809040308093008
0904030809040308093008
0600060806000608080008
0600060806000608080008
0903050909030509090009
0a04040a0a04040a0a000a
0801060908010609090009
0904030809040308093008
0904030809040308093008
0600060806000608080008
0601080906010809090009
0701090b0701090b0b000b
0900090c0900090c0c000c
0900090c0900090c0c000c
0700070a0700070a0a000a
0203060502030605061005
0608060006080600082008
0d0a03060d0a03060d300b
1b1403101b1403101b3019
2e22041c2e22041c2e302c
3424002434240024343032
302002223020022230302e
261a0218261a0218263023
1712050c1712050c173015
0a0904030a0904030a3009
0505030105050301052005
0605020306050203063005
0a0600060a0600060a3008
140e020c140e020c143012
1e1502131e1502131e301c
251a0118251a0118253023
2a20041a2a20041a2a3029
261e0616261e0616263025
1a15060d1a15060d1a3018
1111090511110905112011
0c100c000c100c00102010
060b0a03060b0a030b200b
0205060302050603061005
0001020100010201021001
0201000102010001023001
0403000304030003043004
0604000406040004063005
0605020306050203063005
0607040106070401072007
0608060006080600082008
0608060006080600082008
0607040106070401072007
0707030307070303072007
0805000508050005083007
0704010607040106073007
0b0903050b0903050b300a
0e0d06050e0d06050e300d
0d0b03070d0b03070d300d
0905010709050107093008
0202040402020404040004
0003040300030403041004
0305050103050501051005
0407060104070601072007
0307070303070703071007
0206080402060804081007
0205060302050603061005
0104050201040502051004
0205060302050603061005
0307070303070703071007
0206060202060602061006
0205060302050603061005
0206080402060804081007
0308090403080904091008
0307070303070703071007
0407060104070601072007
0407060104070601072007
0205060302050603061005
0205060302050603061005
0104050201040502051004
0204040202040402041004
0609080106090801092009
090c0900090c09000c200c
070a0700070a07000a200a
0608060006080600082008
0607040106070401072007
0707030307070303072007
0909050309090503092009
0809060108090601092009
0407060104070601072007
0204040202040402041004
0305050103050501051005
0305050103050501051005
0204040202040402041004
0407060104070601072007
0304030003040300042004
0001020100010201021001
0205060302050603061005
0308090403080904091008
0308090403080904091008
0308090403080904091008
0308090403080904091008
0106070401060704071007
0203060502030605061005
0401060704010607070007
0304090803040908091008
0105090701050907091008
0005080500050805081007
0308090403080904091008
0107090501070905091008
00070a0700070a070a1009
0304090803040908091008
0600060806000608080008
0303070703030707070007
0005080500050805081007
0206080402060804081007
0107090501070905091008
0104070601040706071007
0203060502030605061005
0202040402020404040004
0300030403000304040004
0300030403000304040004
0101030301010303030003
0001020100010201021001
0000000000000000000000
0000000000000000000000
0201000102010001023001
0301010303010103030003
0300030403000304040004
060c0c02060c0c020c100c
133d4b21133d4b214b1045
25a1cf6d25a1cf6dcf10c2
18f8ffd818f8ffd8ff1148
2defffff2defffffff117e
8690ffff8690ffffff115e
d411eaffd411eaffff0129
ff7270ffff7270ffff311d
ffe204daffe204daff313a
ffff519affff519aff3131
d2c9584fd2c9584fd230d7
575c3116575c31165c205e
0d130f030d130f03132013
0600060806000608080008
0600060806000608080008
0600060806000608080008
0600060806000608080008
0601040706010407070007
0a0f0e010a0f0e010f200f
123b4a21123b4a214a1043
1082b86c1082b86cb810a9
18b5ffd718b5ffd7ff1119
6e9fffff6e9fffffff1159
d245ffffd245ffffff0163
ff28e0ffff28e0ffff0158
ff837affff837affff3142
ffaa21d6ffaa21d6ff3111
c2890c77c2890c77c230b5
5a47142b5a47142b5a3053
14150c0314150c03152015
0700070a0700070a0a000a
0c04060c0c04060c0c000c
0c05040b0c05040b0c300c
0903050909030509090009
0600060806000608080008
0903050909030509090009
0a03060b0a03060b0b000b
0901070b0901070b0b000b
0801060908010609090009
0801060908010609090009
0a03060b0a03060b0b000b
0a02080c0a02080c0c000c
0c04060c0c04060c0c000c
0c04060c0c04060c0c000c
0900090c0900090c0c000c
08020a0c08020a0c0c000c
08020a0c08020a0c0c000c
0900090c0900090c0c000c
0900090c0900090c0c000c
0a02080c0a02080c0c000c
0801080b0801080b0b000b
0304090803040908091008
0004060400040604061005
0a0904030a0904030a3009
1b1403101b1403101b3019
2b1c011e2b1c011e2b3029
3522032635220326353032
3423022534230225343032
2b1e011c2b1e011c2b3029
1a1100111a1100111a3018
0d0701090d0701090d300b
0805000508050005083007
0604000406040004063005
0b0903050b0903050b300a
120f0409120f0409123011
1b1403101b1403101b3019
271c0318271c0318273024
2d22051c2d22051c2d302c
281e0418281e0418283026
1e1806101e1806101e301c
1715090917150909173016
0e0d06050e0d06050e300d
0604000406040004063005
0301010303010103030003
0201000102010001023001
0201000102010001023001
0404020204040202042004
0607040106070401072007
0608060006080600082008
0608060006080600082008
0607040106070401072007
0605020306050203063005
0805000508050005083007
0704010607040106073007
0805000508050005083007
0a0a04040a0a04040a200a
0c0c06040c0c06040c200c
0b0903050b0903050b300a
0806000608060006083008
0101030301010303030003
0002040200020402041002
0204040202040402041004
0407060104070601072007
0608060006080600082008
0407060104070601072007
0205060302050603061005
0004060400040604061005
0106070401060704071007
0205060302050603061005
0305050103050501051005
0408080204080802081008
02080a0602080a060a100a
00070a0700070a070a1009
0005080500050805081007
0205060302050603061005
0407060104070601072007
0407060104070601072007
0204040202040402041004
0104050201040502051004
0205060302050603061005
0308090403080904091008
060b0a03060b0a030b200b
0609080106090801092009
0608060006080600082008
0505030105050301052005
0605020306050203063005
0a0b06030a0b06030b200b
090b0701090b07010b200b
0608060006080600082008
0305050103050501051005
0204040202040402041004
0206060202060602061006
0205060302050603061005
0205060302050603061005
0104050201040502051004
0004060400040604061005
0006080600060806081008
0107090501070905091008
0308090403080904091008
0308090403080904091008
0308090403080904091008
0206080402060804081007
0005080500050805081007
0303070703030707070007
0303070703030707070007
0204080602040806081007
0104070601040706071007
0107090501070905091008
0308090403080904091008
03090b0503090b050b100a
0105090701050907091008
0600060806000608080008
0401060704010607070007
0204080602040806081007
0006080600060806081008
0107090501070905091008
0004060400040604061005
0101030301010303030003
0001020100010201021001
0000000000000000000000
0001020100010201021001
0101030301010303030003
0300030403000304040004
0301010303010103030003
0201000102010001023001
0000000000000000000000
0001020100010201021001
0100010201000102020002
0e1a1a060e1a1a061a101a
32747c2c32747c2c7c107c
65ffff7b65ffff7bff1120
64ffffcc64ffffccff1189
18ffffe518ffffe5ff1159
3f70e7c43f70e7c4e710e1
8013669780136697970098
c68c0a7cc68c0a7cc630bb
ffff706dffff706dff3119
ffffaf55ffffaf55ff214a
e4ff9c2fe4ff9c2fff2107
687d520d687d520d7d207d
131d1905131d19051d201d
0700070a0700070a0a000a
0801060908010609090009
0600060806000608080008
0600060806000608080008
0705010507050105073007
1124270c1124270c271025
29798f3f29798f3f8f1088
3aebff9b3aebff9bff1119
15fffff915fffff9ff1174
47c6ffff47c6ffffff1160
a740ffffa740ffffff0123
f44292fff44292ffff010c
ffb625e6ffb625e6ff3125
fff830b6fff830b6ff3133
f9de4f72f9de4f72f930f9
85823b2e85823b2e853089
262c1c04262c1c042c202c
04040a0a04040a0a0a000a
0c04060c0c04060c0c000c
0d06050c0d06050c0d300d
0c04060c0c04060c0c000c
0900090c0900090c0c000c
0b02070c0b02070c0c000c
0b02070c0b02070c0c000c
0a02080c0a02080c0c000c
0a02080c0a02080c0c000c
0900090c0900090c0c000c
0b01090d0b01090d0d000d
0c02080e0c02080e0e000e
0e04080e0e04080e0e000e
0d04070e0d04070e0e000e
0b01090d0b01090d0d000d
0701090b0701090b0b000b
06020a0a06020a0a0a000a
0701090b0701090b0b000b
0901070b0901070b0b000b
0a02060a0a02060a0a000a
0901070b0901070b0b000b
0701090b0701090b0b000b
0601080906010809090009
0201040502010405050005
0806020408060204083007
1810001018100010183016
281b001b281b001b283026
3422022434220224343031
3724032837240328373035
2e1b06232e1b06232e302c
1e1104171e1104171e301c
120b000b120b000b12300f
0806020408060204083007
0807020308070203083007
0c0902070c0902070c300b
140e020c140e020c143012
1d1503111d1503111d301b
281e0418281e0418283026
2d21031d2d21031d2d302b
2b1f031b2b1f031b2b3029
241b0415241b0415243022
1810001018100010183016
0e05060d0e05060d0e300d
0a03060b0a03060b0b000b
0904030809040308093008
0502010405020104053004
0505030105050301052005
0608060006080600082008
0608060006080600082008
0607040106070401072007
0605020306050203063005
0604000406040004063005
0604000406040004063005
0604000406040004063005
0706010407060104073007
0b0a05040b0a05040b300a
0c0c06040c0c06040c200c
0908030409080304093008
0806020408060204083007
0001020100010201021001
0003040300030403041004
0004060400040604061005
0206080402060804081007
0308090403080904091008
0307070303070703071007
0206060202060602061006
0204040202040402041004
0305050103050501051005
0304030003040300042004
0304030003040300042004
070b0901070b09010b200b
060b0a03060b0a030b200b
0206080402060804081007
0004060400040604061005
0004060400040604061005
0205060302050603061005
0407060104070601072007
0305050103050501051005
0205060302050603061005
0106070401060704071007
0307070303070703071007
0609080106090801092009
0608060006080600082008
0608060006080600082008
0304030003040300042004
0304030003040300042004
090c0900090c09000c200c
090c0900090c09000c200c
0608060006080600082008
0407060104070601072007
0204040202040402041004
0305050103050501051005
0407060104070601072007
0205060302050603061005
0005080500050805081007
0006080600060806081008
0005080500050805081007
0206080402060804081007
0308090403080904091008
0308090403080904091008
0308090403080904091008
0107090501070905091008
0006080600060806081008
0204080602040806081007
0202060602020606060006
0204080602040806081007
0104070601040706071007
0005080500050805081007
0308090403080904091008
040a0a04040a0a040a100a
0107090501070905091008
0401060704010607070007
0600060806000608080008
0304090803040908091008
0105090701050907091008
0004060400040604061005
0104050201040502051004
0101030301010303030003
0300030403000304040004
0300030403000304040004
0202040402020404040004
0202040402020404040004
0300030403000304040004
0403000304030003043004
0302010203020102033002
0101030301010303030003
0202040402020404040004
0302010203020102033002
182b2809182b28092b202b
5caba22b5caba22bab20b0
b4ffff64b4ffff64ff2164
b4ffff8cb4ffff8cff1191
50e9ff8150e9ff81ff110a
12447c5c12447c5c7c1072
532c1544532c1544533050
9d943f3e9d943f3e9d30a0
f5ff993ef5ff993eff2111
ffffd937ffffd937ff215b
f6ffc422f6ffc422ff2127
78966a0878966a08962096
1727230917272309272028
0a000a0e0a000a0e0e000e
0c03080d0c03080d0d000d
0901070b0901070b0b000b
0801060908010609090009
0b0b05050b0b05050b200c
2444421024444210442045
5ac7d04b5ac7d04bd010d4
83ffff9b83ffff9bff116b
5dffffc75dffffc7ff1179
02b7ffb902b7ffb9ff1104
56248e9656248e9696009a
9f5423809f5423809f3099
f0cb3e77f0cb3e77f030eb
ffff8a69ffff8a69ff3133
ffff9d48ffff9d48ff2123
9eb5701d9eb5701db520b7
3142310231423102422042
0408100e0408100e101010
0f0409100f040910100010
1106071011060710113011
0f0409100f040910100010
0c010a0f0c010a0f0f000f
0c03080d0c03080d0d000d
0a02080c0a02080c0c000c
0b02070c0b02070c0c000c
0b02070c0b02070c0c000c
0900090c0900090c0c000c
0900090c0900090c0c000c
0a03060b0a03060b0b000b
0b04050a0b04050a0b300a
0a03060b0a03060b0b000b
0a02080c0a02080c0c000c
0900090c0900090c0c000c
08020a0c08020a0c0c000c
08020a0c08020a0c0c000c
0a03060b0a03060b0b000b
0903050909030509090009
0600060806000608080008
0600060806000608080008
0600060806000608080008
0703030707030307070007
0402020404020204040004
0706030207060302073006
1510030c1510030c153014
2418001824180018243021
311f0323311f032331302e
3420062834200628343033
2f1d05232f1d05232f302d
2217001722170017223020
130d010b130d010b133011
0a0702050a0702050a3008
0806020408060204083007
0c0b04050c0b04050c300c
120f0409120f0409123011
1d1503111d1503111d301b
281c021a281c021a283026
2f2001202f2001202f302d
2f1e03222f1e03222f302d
2715071f2715071f273025
1a0a0a181a0a0a181a301a
1306091213060912133012
1008040e1008040e103010
0c0702090c0702090c300b
0907010509070105093008
0908030409080304093008
0908030409080304093008
0806020408060204083007
0604000406040004063005
0604000406040004063005
0604000406040004063005
0604000406040004063005
0806020408060204083007
0a0a04040a0a04040a200a
0c0b04050c0b04050c300c
0a0904050a0904050a300a
0808040208080402082008
0103030101030301031003
0205060302050603061005
0004060400040604061005
0106070401060704071007
0308090403080904091008
0205060302050603061005
0304030003040300042004
0404020204040202042004
0505030105050301052005
0304030003040300042004
0305050103050501051005
080c0a02080c0a020c200c
070b0901070b09010b200b
0407060104070601072007
0204040202040402041004
0104050201040502051004
0205060302050603061005
0205060302050603061005
0206060202060602061006
0307070303070703071007
0205060302050603061005
0305050103050501051005
0608060006080600082008
0608060006080600082008
0608060006080600082008
0305050103050501051005
0205060302050603061005
060b0a03060b0a030b200b
070b0901070b09010b200b
0608060006080600082008
0608060006080600082008
0305050103050501051005
0205060302050603061005
0307070303070703071007
0206060202060602061006
0307070303070703071007
0206080402060804081007
0005080500050805081007
0006080600060806081008
0107090501070905091008
0308090403080904091008
03090b0503090b050b100a
02080a0602080a060a100a
0005080500050805081007
0004060400040604061005
0203060502030605061005
0104070601040706071007
0204080602040806081007
0104070601040706071007
0107090501070905091008
0509090305090903091009
0408080204080802081008
0003040300030403041004
0301050503010505050005
0104070601040706071007
0204080602040806081007
0202060602020606060006
0203060502030605061005
0202040402020404040004
0300030403000304040004
0300030403000304040004
0101030301010303030003
0001020100010201021001
0000000000000000000000
0303010103030101032003
0301010303010103030003
0202040402020404040004
0101030301010303030003
0406040004060400062006
243b3409243b34093b203b
85d4b72085d4b720d420d6
f4ffff3ff4ffff3fff218a
e8ffff4ce8ffff4cff2185
6acac83e6acac83eca20d3
002d462d002d462d46103f
442e002c442e002c44303f
928c3e38928c3e38923096
f6ff9244f6ff9244ff210e
ffffdb42ffffdb42ff216a
ffffd32cffffd32cff2146
90b17a0d90b17a0db120b1
2131290721312907312031
09010b0d09010b0d0d000d
0d03090f0d03090f0f000f
0d03090f0d03090f0f000f
0c03080d0c03080d0d000d
1312090813120908133013
41685b0e41685b0e682068
99fffd4199fffd41ff2118
cdffff76cdffff76ff2195
90ffff7e90ffff7eff1152
2590b55e2590b55eb510ab
290c3d42290c3d42420043
6f5b19396f5b19396f306b
c5cd6f39c5cd6f39cd20d4
ffffbb37ffffbb37ff2133
ffffd127ffffd127ff213f
abd9990babd9990bd920d9
3753450b3753450b532053
060b1613060b1613161015
12050a1312050a13130013
1207081112070811123012
0f05070f0f05070f0f000f
0c04060c0c04060c0c000c
0b04050a0b04050a0b300a
0901070b0901070b0b000b
0a03060b0a03060b0b000b
0903050909030509090009
0601040706010407070007
0501030505010305050005
0603020506030205063005
0703030707030307070007
0801060908010609090009
0901070b0901070b0b000b
0900090c0900090c0c000c
0701090b0701090b0b000b
0600060806000608080008
0804020608040206083007
0703030707030307070007
0600060806000608080008
0600060806000608080008
0600060806000608080008
0904030809040308093008
0904030809040308093008
0400040604000406060006
0506050005060500062006
110e0508110e0508113010
1d1401121d1401121d301a
291b011d291b011d293027
3221022332210223323030
302002223020022230302e
2517031b2517031b253023
170e0110170e0110173015
0d0901070d0901070d300b
0b0903050b0903050b300a
0e0a02080e0a02080e300c
140e020c140e020c143012
1d1401121d1401121d301a
2718031c2718031c273024
2f1b07252f1b07252f302d
2f190b272f190b272f302e
26120c2226120c22263026
1d0d09191d0d09191d301c
170d0311170d0311173015
120c000c120c000c123010
0e0900090e0900090e300c
0c0800080c0800080c300b
0c0800080c0800080c300b
0a0700070a0700070a3009
0805000508050005083007
0604000406040004063005
0604000406040004063005
0604000406040004063005
0706010407060104073007
0b0a05040b0a05040b300a
0b0a05040b0a05040b300a
0a0a04040a0a04040a200a
0a0a04040a0a04040a200a
0304030003040300042004
0407060104070601072007
0205060302050603061005
0206080402060804081007
0307070303070703071007
0103030101030301031003
0201000102010001023001
0404020204040202042004
0607040106070401072007
0305050103050501051005
0307070303070703071007
060b0a03060b0a030b200b
060a0a02060a0a020a100a
0508070205080702082008
0104050201040502051004
0204040202040402041004
0206060202060602061006
0204040202040402041004
0305050103050501051005
0608060006080600082008
0305050103050501051005
0205060302050603061005
0307070303070703071007
0407060104070601072007
0608060006080600082008
0407060104070601072007
0307070303070703071007
050a0b04050a0b040b100a
0509090305090903091009
0407060104070601072007
0608060006080600082008
0407060104070601072007
0307070303070703071007
0206080402060804081007
0205060302050603061005
0407060104070601072007
0407060104070601072007
0307070303070703071007
0206080402060804081007
0206080402060804081007
0308090403080904091008
040a0a04040a0a040a100a
0308090403080904091008
0004060400040604061005
0004060400040604061005
0004060400040604061005
0004060400040604061005
0004060400040604061005
0004060400040604061005
0206080402060804081007
0307070303070703071007
0407060104070601072007
0305050103050501051005
0003040300030403041004
0004060400040604061005
0004060400040604061005
0202040402020404040004
0102050401020504051004
0102050401020504051004
0300030403000304040004
0301010303010103030003
0201000102010001023001
0000000000000000000000
0000000000000000000000
0201000102010001023001
0101030301010303030003
0102050401020504051004
0300030403000304040004
0909050309090503092009
3246360232463602462046
a5ecbb0ea5ecbb0eec20ec
ffffff1cffffff1cff219a
ffffff20ffffff20ff217b
78baa01a78baa01aba20bb
0d2931170d29311731102f
3223021f3223021f32302e
8079363180793631803082
edfa8944edfa8944fa2103
ffffdc49ffffdc49ff2174
ffffe237ffffe237ff2167
afd18b17afd18b17d120d2
2f3e2f022f3e2f023e203e
06040c0c06040c0c0c000c
0c02080e0c02080e0e000e
0e04080e0e04080e0e000e
0d04070e0d04070e0e000e
1a1b0e091a1b0e091b201c
5c89700b5c89700b892089
d1ffff2fd1ffff2fff214a
ffffff4bffffff4bff21a5
a7ffff47a7ffff47ff212b
30717c3130717c317c107b
1a001a221a001a22220022
5c5c2e1e5c5c2e1e5c2060
afc97d21afc97d21c920cb
ffffcd23ffffcd23ff2134
ffffee18ffffee18ff2154
b9f3b303b9f3b303f320f3
3e5f500d3e5f500d5f205f
040b1411040b1411141014
1108050e1108050e113010
0f08030c0f08030c0f300e
0d06050c0d06050c0d300d
0d06050c0d06050c0d300d
0c04060c0c04060c0c000c
0901070b0901070b0b000b
0b04050a0b04050a0b300a
0a04040a0a04040a0a000a
0903050909030509090009
0703030707030307070007
0702030607020306073006
0601040706010407070007
0600060806000608080008
0600060806000608080008
0600060806000608080008
0600060806000608080008
0703030707030307070007
0804020608040206083007
0601040706010407070007
0600060806000608080008
0600060806000608080008
0600060806000608080008
0904030809040308093008
0904030809040308093008
0702050807020508080008
0400040604000406060006
0407060104070601072007
0d0a03060d0a03060d300b
1810001018100010183016
281a021c281a021c283026
321f0425321f0425323030
321e0626321e0626323030
291a031e291a031e293027
1c1200121c1200121c3019
100a000a100a000a10300e
0c0800080c0800080c300b
0f0c03080f0c03080f300e
130e030a130e030a133011
170e0110170e0110173015
211403182114031821301f
2817061f2817061f283026
2916092229160922293028
2616061e2616061e263025
201402162014021620301d
1810001018100010183016
120c000c120c000c123010
0e0900090e0900090e300c
0c0902070c0902070c300b
0b0801060b0801060b300a
0806000608060006083008
0805000508050005083007
0604000406040004063005
0604000406040004063005
0806020408060204083007
0a0a04040a0a04040a200a
0a0a04040a0a04040a200a
0b0a05040b0a05040b300a
0b0903050b0903050b300a
0304030003040300042004
0608060006080600082008
0407060104070601072007
0307070303070703071007
0205060302050603061005
0001020100010201021001
0001020100010201021001
0204040202040402041004
0407060104070601072007
0407060104070601072007
0508070205080702082008
060a0a02060a0a020a100a
060b0a03060b0a030b200b
0308090403080904091008
0004060400040604061005
0004060400040604061005
0205060302050603061005
0104050201040502051004
0204040202040402041004
0407060104070601072007
0407060104070601072007
0307070303070703071007
0206080402060804081007
0205060302050603061005
0407060104070601072007
0608060006080600082008
0609080106090801092009
060b0a03060b0a030b200b
0308090403080904091008
0205060302050603061005
0407060104070601072007
0608060006080600082008
0608060006080600082008
0407060104070601072007
0204040202040402041004
0305050103050501051005
0609080106090801092009
0509090305090903091009
0107090501070905091008
00070a0700070a070a1009
00070a0700070a070a1009
0308090403080904091008
0408080204080802081008
0205060302050603061005
0005080500050805081007
0104070601040706071007
0204080602040806081007
0104070601040706071007
0204080602040806081007
0006080600060806081008
0005080500050805081007
0205060302050603061005
0206060202060602061006
0205060302050603061005
0004060400040604061005
0003040300030403041004
0001020100010201021001
0101010101010101010001
0200040402000404040004
0400040604000406060006
0400020404000204040004
0100010001000100011000
0101030301010303030003
0300030403000304040004
0300030403000304040004
0202040402020404040004
0203060502030605061005
0401060704010607070007
0d0a01080d0a01080d300c
3d4c35063d4c35064c204c
baf8ba00baf8ba00f820f8
ffffff06ffffff06ff21a2
ffffff08ffffff08ff2178
83b58d0783b58d07b520b5
1a2c28081a2c28082c202c
1d1605101d1605101d301b
6465341f6465341f652069
d3e88932d3e88932e820ed
ffffeb3bffffeb3bff2175
ffffff2cffffff2cff2182
c0f0a610c0f0a610f020f0
364c3a04364c3a044c204c
03070d0b03070d0b0d100d
0a03060b0a03060b0b000b
0b04050a0b04050a0b300a
0a0502090a0502090a300a
1e2418041e241804242024
70a1800970a18009a120a1
f7ffff1df7ffff1dff2168
ffffff29ffffff29ff21a8
b3ffe723b3ffe723ff2113
3760591637605916602062
0f07050d0f07050d0f300e
4d5b3b0b4d5b3b0b5b205b
9ec184119ec18411c120c1
f6ffd418f6ffd418ff2132
fffffe13fffffe13ff2165
c8ffc402c8ffc402ff2108
4667540b4667540b672067
0309110d0309110d11100f
100b000b100b000b10300f
0e08020a0e08020a0e300c
0c05040b0c05040b0c300c
0e06040c0e06040c0e300d
0c04060c0c04060c0c000c
0a02080c0a02080c0c000c
0c04060c0c04060c0c000c
0c04060c0c04060c0c000c
0c04060c0c04060c0c000c
0c04060c0c04060c0c000c
0a03060b0a03060b0b000b
0801060908010609090009
0600060806000608080008
0600060806000608080008
0600060806000608080008
0600060806000608080008
0904030809040308093008
0904030809040308093008
0600060806000608080008
0600060806000608080008
0600060806000608080008
0601040706010407070007
0804020608040206083007
0703030707030307070007
0801060908010609090009
0803040908030409090009
0301050503010505050005
0304030003040300042004
0a0600060a0600060a3008
170e0110170e0110173015
2517031b2517031b253023
2f1d05232f1d05232f302d
3320052633200526333031
2d1d03212d1d03212d302b
1f1301151f1301151f301c
120b000b120b000b12300f
0f0c03080f0c03080f300e
0f0b01090f0b01090f300e
0f08030c0f08030c0f300e
170e0110170e0110173015
1d1201141d1201141d301a
211403182114031821301f
2619021b2619021b263024
2619021b2619021b263024
211501172115011721301f
1a1100111a1100111a3018
120c000c120c000c123010
0f0c03080f0c03080f300e
0b0903050b0903050b300a
0805000508050005083007
0806000608060006083008
0805000508050005083007
0605020306050203063005
0607040106070401072007
0809060108090601092009
0909050309090503092009
0a0a04040a0a04040a200a
0907010509070105093008
0304030003040300042004
0608060006080600082008
0608060006080600082008
0608060006080600082008
0304030003040300042004
0001020100010201021001
0003040300030403041004
0004060400040604061005
0206080402060804081007
0308090403080904091008
0308090403080904091008
040a0a04040a0a040a100a
060b0a03060b0a030b200b
0408080204080802081008
0205060302050603061005
0004060400040604061005
0003040300030403041004
0104050201040502051004
0204040202040402041004
0305050103050501051005
0608060006080600082008
0609080106090801092009
0307070303070703071007
0004060400040604061005
0205060302050603061005
0407060104070601072007
070b0901070b09010b200b
080c0a02080c0a020c200c
0408080204080802081008
0205060302050603061005
0205060302050603061005
0408080204080802081008
0509090305090903091009
0307070303070703071007
0104050201040502051004
0205060302050603061005
040a0a04040a0a040a100a
040a0a04040a0a040a100a
0308090403080904091008
0308090403080904091008
0206080402060804081007
0205060302050603061005
0407060104070601072007
0407060104070601072007
0308090403080904091008
01060b0801060b080b100a
04040a0a04040a0a0a000a
0503090905030909090009
0303070703030707070007
0005080500050805081007
0004060400040604061005
0004060400040604061005
0205060302050603061005
0206060202060602061006
0204040202040402041004
0002040200020402041002
0308130e0308130e131010
0f0c25220f0c2522251024
1f0c33381f0c3338380039
3000304230003042420042
330c1f38330c1f38380039
260f0c21260f0c21263024
130b010b130b010b13300f
0304050203040502051004
0401060704010607070007
0401060704010607070007
0204080602040806081007
0303070703030707070007
0e0900090e0900090e300c
414f3509414f35094f204f
c3feb906c3feb906fe20fe
ffffff03ffffff03ff21a5
ffffff01ffffff01ff2179
87b4870087b48700b420b4
222e2200222e22002e202e
0d0e09020d0e09020e200e
4955370b4955370b552055
b4d68e1ab4d68e1ad620d7
ffffff21ffffff21ff2174
ffffff16ffffff16ff2198
c8ffc004c8ffc004ff2106
3b5545073b554507552055
01080d0a01080d0a0d100c
0b0503090b0503090b300a
0905010709050107093008
0907010509070105093008
202b2001202b20012b202b
7eb18c097eb18c09b120b1
ffffff16ffffff16ff2178
ffffff1affffff1aff21a6
b5ffcd10b5ffcd10ff2102
3d5441023d544102542054
050c0d06050c0d060d100d
3e5744053e574405572057
8bb685048bb68504b620b6
ebffd90debffd90dff212d
ffffff0cffffff0cff2170
d3ffd300d3ffd300ff211a
4b6d590b4b6d590b6d206d
05070f0d05070f0d0f100e
120d020b120d020b123011
0e08020a0e08020a0e300c
0a04040a0a04040a0a000a
0c0702090c0702090c300b
0904030809040308093008
0801060908010609090009
0a04040a0a04040a0a000a
0b04050a0b04050a0b300a
0a03060b0a03060b0b000b
0c04060c0c04060c0c000c
0c04060c0c04060c0c000c
0a03060b0a03060b0b000b
0801060908010609090009
0600060806000608080008
0600060806000608080008
0600060806000608080008
0904030809040308093008
0904030809040308093008
0600060806000608080008
0600060806000608080008
0600060806000608080008
0703030707030307070007
0804020608040206083007
0601040706010407070007
0601040706010407070007
0804020608040206083007
0502030605020306060006
0300030403000304040004
0000000000000000000000
0805000508050005083007
140d000d140d000d143012
211403182114031821301f
2e1c04222e1c04222e302c
3522032635220326353032
2e1f02212e1f02212e302d
201500152015001520301d
150e010c150e010c153012
0f09010b0f09010b0f300e
0e06040c0e06040c0e300d
120c000c120c000c123010
150f010d150f010d153013
1810001018100010183016
201500152015001520301d
2518011a2518011a253023
2619021b2619021b263024
2216021822160218223020
1b1101131b1101131b3019
1710010e1710010e173015
100c020a100c020a10300f
0a0600060a0600060a3008
0806020408060204083007
0707030307070303072007
0607040106070401072007
0608060006080600082008
0608060006080600082008
0608060006080600082008
0808040208080402082008
0705010507050105073007
0204040202040402041004
0407060104070601072007
0608060006080600082008
0608060006080600082008
0304030003040300042004
0103030101030301031003
0204040202040402041004
0104050201040502051004
0307070303070703071007
03090b0503090b050b100a
02090c0702090c070c100b
02090c0702090c070c100b
03090b0503090b050b100a
0307070303070703071007
0206060202060602061006
0204040202040402041004
0001020100010201021001
0304030003040300042004
0304030003040300042004
0304030003040300042004
0608060006080600082008
070b0901070b09010b200b
0508070205080702082008
0104050201040502051004
0204040202040402041004
0306070203060702071006
080c0a02080c0a020c200c
070b0901070b09010b200b
0608060006080600082008
0407060104070601072007
0205060302050603061005
03090b0503090b050b100a
030b0d07030b0d070d100d
0105090701050907091008
0203060502030605061005
0106070401060704071007
0509090305090903091009
060a0a02060a0a020a100a
0509090305090903091009
0307070303070703071007
0206060202060602061006
0205060302050603061005
0206080402060804081007
0308090403080904091008
040a0a04040a0a040a100a
02090a0502090a050a100a
0105090701050907091008
0402080804020808080008
0401060704010607070007
0203060502030605061005
0004060400040604061005
0004060400040604061005
0004060400040604061005
0204040202040402041004
0201060502010605061005
031425180314251825101f
0f2d59430f2d5943591050
323a9082323a908290108e
662cacba662cacbaba00bf
990197cf990197cfcf00cf
ab2e61b6ab2e61b6b600bb
8f3f297b8f3f297b8f308a
5631063b5631063b56304c
201604102016041020301b
0406060204060602061006
0401060704010607070007
0304090803040908091008
0304090803040908091008
0c0800080c0800080c300b
424f3409424f34094f204f
c7ffb70bc7ffb70bff20ff
ffffff0bffffff0bff21a7
ffffff08ffffff08ff217c
8cb584058cb58405b520b5
262d1e05262d1e052d202d
050b0b05050b0b050b100c
3849360138493601492049
9fc98f0b9fc98f0bc920c9
ffffff12ffffff12ff2172
ffffff10ffffff10ff21a6
d4ffcc05d4ffcc05ff2115
415c4906415c49065c205c
01080d0a01080d0a0d100c
0c0702090c0702090c300b
0a0700070a0700070a3009
0b0903050b0903050b300a
2531250125312501312031
88bf960988bf9609bf20bf
ffffff16ffffff16ff2184
ffffff19ffffff19ff21a1
abf1bf0dabf1bf0df120f1
3747330337473303472047
0410140c0410140c141014
3551450b3551450b512051
7faa81027faa8102aa20aa
e1ffd907e1ffd907ff2127
ffffff06ffffff06ff2178
dbffe104dbffe104ff2128
4d735f0d4d735f0d732073
07040d0e07040d0e0e000e
1410040a1410040a143012
0c0800080c0800080c300b
0904030809040308093008
0c0800080c0800080c300b
0904030809040308093008
0601040706010407070007
0804020608040206083007
0703030707030307070007
0801060908010609090009
0a04040a0a04040a0a000a
0b04050a0b04050a0b300a
0a03060b0a03060b0b000b
0a02080c0a02080c0c000c
0901070b0901070b0b000b
0801060908010609090009
0600060806000608080008
0903050909030509090009
0a04040a0a04040a0a000a
0801060908010609090009
0600060806000608080008
0600060806000608080008
0904030809040308093008
0904030809040308093008
0600060806000608080008
0703030707030307070007
0804020608040206083007
0601040706010407070007
0703030707030307070007
0603020506030205063005
0101030301010303030003
0505030105050301052005
0e0900090e0900090e300c
1c1300131c1300131c301a
2b1e011c2b1e011c2b3029
3222002232220022323030
2e2000202e2000202e302d
221502172215021722301f
140b020f140b020f143012
0e0900090e0900090e300c
0e0c04060e0c04060e300d
0f0c03080f0c03080f300e
120d020b120d020b123011
1710010e1710010e173015
1c1300131c1300131c301a
2417021924170219243021
2617041d2617041d263025
2517031b2517031b253023
201500152015001520301d
1811020f1811020f183016
0f0b01090f0b01090f300e
0908030409080304093008
0809060108090601092009
0608060006080600082008
0608060006080600082008
0608060006080600082008
0607040106070401072007
0605020306050203063005
0605020306050203063005
0003040300030403041004
0305050103050501051005
0608060006080600082008
0608060006080600082008
0304030003040300042004
0304030003040300042004
0305050103050501051005
0205060302050603061005
0308090403080904091008
040b0c05040b0c050c100c
030b0d07030b0d070d100d
00070a0700070a070a1009
0107090501070905091008
0205060302050603061005
0305050103050501051005
0304030003040300042004
0001020100010201021001
0204040202040402041004
0104050201040502051004
0204040202040402041004
0407060104070601072007
090b0701090b07010b200b
0708050207080502082008
0505030105050301052005
0305050103050501051005
0307070303070703071007
060c0c04060c0c040c100c
050a0b04050a0b040b100a
0308090403080904091008
0308090403080904091008
01080b0601080b060b100a
020b0e09020b0e090e100e
010a0d08010a0d080d100c
0204080602040806081007
0203080702030807081007
0105090701050907091008
0107090501070905091008
040a0a04040a0a040a100a
040a0a04040a0a040a100a
0206080402060804081007
0206080402060804081007
0107090501070905091008
00070a0700070a070a1009
00080c0800080c080c100b
02090c0702090c070c100b
03090b0503090b050b100a
0106070401060704071007
0203060502030605061005
0401060704010607070007
0401060704010607070007
0203060502030605061005
0004060400040604061005
0004060400040604061005
0102030001020300031002
011623140116231423101d
0147734901477349731065
1981e1a51981e1a5e110d1
5d8dffff5d8dffffff112f
bb59ffffbb59ffffff0160
ff08ffffff08ffffff0166
ff689dffff689dffff014e
ff9838e6ff9838e6ff3113
c381037dc381037dc330b3
58400c2e58400c2e58304e
1713070917130709173015
0205060302050603061005
0104070601040706071007
0204080602040806081007
0a0700070a0700070a3009
414b2f0b414b2f0b4b204b
c8faae12c8faae12fa20fa
ffffff16ffffff16ff21a8
ffffff12ffffff12ff2182
94ba840a94ba840aba20ba
262d1e05262d1e052d202d
0509090305090903091009
3241300132413001412041
96bf880996bf8809bf20bf
ffffff13ffffff13ff216b
ffffff17ffffff17ff21ab
e5ffcf0fe5ffcf0fff2123
4f6549034f654903652065
050a0b04050a0b040b100a
0a0802060a0802060a300a
0b0801060b0801060b300a
0b0b05050b0b05050b200c
2a3728012a372801372037
92ca9c0692ca9c06ca20ca
ffffff0fffffff0fff218f
ffffff13ffffff13ff219d
a1e2b30ca1e2b30ce220e2
2c3c30022c3c30023c203c
0c1310030c131003132013
384d3c03384d3c034d204d
7aa27a007aa27a00a220a2
ddffd903ddffd903ff2123
ffffff01ffffff01ff217f
e1ffeb07e1ffeb07ff2133
5077620d5077620d772077
0900090c0900090c0c000c
1513070915130709153015
0c0800080c0800080c300b
0903050909030509090009
0d07030b0d07030b0d300d
0c05040b0c05040b0c300c
0904030809040308093008
0804020608040206083007
0601040706010407070007
0600060806000608080008
0904030809040308093008
0904030809040308093008
0801060908010609090009
0901070b0901070b0b000b
0a03060b0a03060b0b000b
0903050909030509090009
0600060806000608080008
0801060908010609090009
0a04040a0a04040a0a000a
0903050909030509090009
0600060806000608080008
0600060806000608080008
0904030809040308093008
0904030809040308093008
0600060806000608080008
0904030809040308093008
0904030809040308093008
0600060806000608080008
0904030809040308093008
0904030809040308093008
0600060806000608080008
0401060704010607070007
0102050401020504051004
0a0904030a0904030a3009
1913030f1913030f193018
281b001b281b001b283026
3221022332210223323030
2e1d04232e1d04232e302d
2315031923150319233020
1711030d1711030d173015
100d0407100d040710300e
0c0a04060c0a04060c300b
0e0c04060e0c04060e300d
0f0c03080f0c03080f300e
140d000d140d000d143012
1b1003141b1003141b3019
2213061b2213061b223021
291a031e291a031e293027
281b001b281b001b283026
211701152117011521301f
1811020f1811020f183016
110d0309110d030911300f
0c0b04050c0b04050c300c
0908030409080304093008
0908030409080304093008
0908030409080304093008
0806020408060204083007
0605020306050203063005
0607040106070401072007
0001020100010201021001
0304030003040300042004
0607040106070401072007
0708050207080502082008
0506050005060500062006
0204040202040402041004
0206060202060602061006
0307070303070703071007
03090b0503090b050b100a
050c0d06050c0d060d100d
040b0c05040b0c050c100c
0206080402060804081007
0205060302050603061005
0103030101030301031003
0304030003040300042004
0304030003040300042004
0103030101030301031003
0204040202040402041004
0104050201040502051004
0204040202040402041004
0305050103050501051005
0809060108090601092009
0708050207080502082008
0607040106070401072007
0408080204080802081008
04090a0504090a050a100a
040b0c05040b0c050c100c
040a0a04040a0a040a100a
03090b0503090b050b100a
02090c0702090c070c100b
010b0f09010b0f090f100e
020c100a020c100a10100f
01060b0801060b080b100a
0204080602040806081007
02060a0802060a080a100a
04040a0a04040a0a0a000a
03050b0903050b090b100a
02090c0702090c070c100b
03090b0503090b050b100a
0107090501070905091008
00070a0700070a070a1009
00080c0800080c080c100b
00080c0800080c080c100b
00080c0800080c080c100b
00080c0800080c080c100b
00080c0800080c080c100b
0105090701050907091008
0203060502030605061005
0202040402020404040004
0300030403000304040004
0102050401020504051004
0004060400040604061005
0002020200020202020002
040e1208040e1208121010
0e42582c0e42582c58104f
19a4df8019a4df80df10d0
00f2fff200f2fff2ff1156
53dcffff53dcffffff118c
bb73ffffbb73ffffff017c
ff18f8ffff18f8ffff0164
ffa17affffa17affff3168
fff907fffff907ffff3165
ffe832a2ffe832a2ff311a
9b8229489b8229489b3094
322c1212322c121232302f
080c0a02080c0a020c200c
0104070601040706071007
0203060502030605061005
0805000508050005083007
3b43290b3b43290b432043
c4efa217c4efa217ef20f0
ffffff1fffffff1fff21a8
ffffff19ffffff19ff218d
9dc58b0b9dc58b0bc520c5
2631240126312401312031
0707030307070303072007
323c2806323c28063c203c
92b2781092b27810b220b2
ffffed21ffffed21ff215e
ffffff29ffffff29ff21ae
feffd01ffeffd01fff2134
61724b0e61724b0e722072
0e100a020e100a02102010
0707030307070303072007
0908030409080304093008
0c0c06040c0c06040c200c
2e3a28042e3a28043a203a
9dcf99039dcf9903cf20cf
ffffff00ffffff00ff2196
ffffff03ffffff03ff219d
a3dca904a3dca904dc20dc
27392f0527392f05392039
13140b0613140b06142014
3e4b32073e4b32074b204b
7d9f71097d9f71099f209f
e1ffd707e1ffd707ff2125
ffffff01ffffff01ff2187
e6fff209e6fff209ff213b
5177610b5177610b772077
0903050909030509090009
1514090815140908153015
0c0800080c0800080c300b
0801060908010609090009
0c04060c0c04060c0c000c
0e06060e0e06060e0e000f
0f07050d0f07050d0f300e
0c05040b0c05040b0c300c
0801060908010609090009
0600060806000608080008
0903050909030509090009
0a04040a0a04040a0a000a
0801060908010609090009
0601040706010407070007
0804020608040206083007
0703030707030307070007
0600060806000608080008
0601040706010407070007
0804020608040206083007
0704010607040106073007
0501030505010305050005
0300030403000304040004
0603020506030205063005
0703030707030307070007
0600060806000608080008
0904030809040308093008
0904030809040308093008
0600060806000608080008
0903050909030509090009
0a04040a0a04040a0a000a
0801060908010609090009
0600060806000608080008
0601040706010407070007
0101030301010303030003
0a0702050a0702050a3008
1810001018100010183016
2718031c2718031c273024
301d0625301d062530302f
311f0525311f0525313030
2a1c001c2a1c001c2a3027
1c1302111c1302111c3019
110d0309110d030911300f
0e0c04060e0c04060e300d
0c0902070c0902070c300b
0e0900090e0900090e300c
110a010c110a010c11300f
170d0311170d0311173015
2216021822160218223020
2a1c021e2a1c021e2a3029
2b1b031f2b1b031f2b3029
2518011a2518011a253023
1d1401121d1401121d301a
140e020c140e020c143012
0e0900090e0900090e300c
0c0800080c0800080c300b
0c0800080c0800080c300b
0a0700070a0700070a3009
0908030409080304093008
0808040208080402082008
0301010303010103030003
0505030105050301052005
0505030105050301052005
0707030307070303072007
080a0602080a06020a200a
0406060204060602061006
0205060302050603061005
0408080204080802081008
060b0a03060b0a030b200b
060b0a03060b0a030b200b
0609080106090801092009
0407060104070601072007
0204040202040402041004
0001020100010201021001
0304030003040300042004
0305050103050501051005
0204040202040402041004
0104050201040502051004
0204040202040402041004
0104050201040502051004
0204040202040402041004
0407060104070601072007
0608060006080600082008
0608060006080600082008
070b0901070b09010b200b
060b0a03060b0a030b200b
0509090305090903091009
060a0a02060a0a020a100a
060b0a03060b0a030b200b
040b0c05040b0c050c100c
050c0d06050c0d060d100d
040b0c05040b0c050c100c
0004060400040604061005
0004060400040604061005
0308090403080904091008
0005080500050805081007
0104070601040706071007
0107090501070905091008
0308090403080904091008
03090b0503090b050b100a
02090c0702090c070c100b
00080c0800080c080c100b
00080c0800080c080c100b
00080c0800080c080c100b
00080c0800080c080c100b
00070a0700070a070a1009
0203060502030605061005
0101030301010303030003
0001020100010201021001
0000000000000000000000
0103030101030301031003
0204040202040402041004
0103030101030301031003
0c232a110c232a112a1026
2d8297422d829742971091
56ffff9956ffff99ff1137
49ffffea49ffffeaff1194
0bf5ffff0bf5ffffff1164
6866feee6866feeefe1102
c12985d7c12985d7d700da
ffbb0fcdffbb0fcdff3115
ffff59bbffff59bbff3167
ffff838cffff838cff3159
cfca5d4acfca5d4acf30d7
4d4f29154d4f29154f2051
0f140f020f140f02142014
0203060502030605061005
0102050401020504051004
0602040606020406060006
35381f0e35381f0e382039
bddf911dbddf911ddf20e0
ffffff29ffffff29ff21a5
ffffff23ffffff23ff219e
aed7960faed7960fd720d7
2b392b012b392b01392039
0904030809040308093008
33361d0e33361d0e362037
8ea0621c8ea0621ca020a2
ffffcf33ffffcf33ff214a
ffffff42ffffff42ff21b1
ffffcf37ffffcf37ff214d
7d88511c7d88511c88208a
1b1a0d081b1a0d081b301b
0304030003040300042004
0708050207080502082008
0b0b05030b0b05030b200b
2e3826062e382606382038
a2d09608a2d09608d020d0
ffffff08ffffff08ff2198
ffffff06ffffff06ff21a0
a8dfa601a8dfa601df20df
2a3b2e032a3b2e033b203b
12130a0512130a05132013
3c4830083c483008482048
7e9d6e0b7e9d6e0b9d209d
e6ffda09e6ffda09ff212b
ffffff01ffffff01ff2191
ecfff406ecfff406ff2140
53765f0853765f08762076
0905010709050107093008
14140a0614140a06142014
0a0700070a0700070a3009
0600060806000608080008
0801060908010609090009
0c05040b0c05040b0c300c
0f08030c0f08030c0f300e
0d06050c0d06050c0d300d
0a02080c0a02080c0c000c
0900090c0900090c0c000c
0b02070c0b02070c0c000c
0c05040b0c05040b0c300c
0904030809040308093008
0603020506030205063005
0604000406040004063005
0502010405020104053004
0300030403000304040004
0402020404020204040004
0604000406040004063005
0604000406040004063005
0403000304030003043004
0200020202000202020002
0300030403000304040004
0601040706010407070007
0600060806000608080008
0903050909030509090009
0a03060b0a03060b0b000b
0901070b0901070b0b000b
0a02060a0a02060a0a000a
0a04040a0a04040a0a000a
0903050909030509090009
0600060806000608080008
0703030707030307070007
0603020506030205063005
0101030301010303030003
0706030207060302073006
120c000c120c000c123010
211403182114031821301f
2f1e03222f1e03222f302d
3423022534230225343032
2c1e001e2c1e001e2c302a
1f1501131f1501131f301c
140e020c140e020c143012
0e0a02080e0a02080e300c
0b0903050b0903050b300a
0907010509070105093008
0c0800080c0800080c300b
160e000e160e000e163013
211501172115011721301f
291a031e291a031e293027
2c1d021f2c1d021f2c302a
281b001b281b001b283026
1e1400141e1400141e301c
140c020e140c020e143012
0f09010b0f09010b0f300e
0e0900090e0900090e300c
0c0902070c0902070c300b
0c0b04050c0b04050c300c
0908030409080304093008
0403000304030003043004
0607040106070401072007
0305050103050501051005
0405040104050401052005
080b0801080b08010b200b
070a0700070a07000a200a
0205060302050603061005
0307070303070703071007
070a0700070a07000a200a
0909050309090503092009
0909050309090503092009
0808040208080402082008
0404020204040202042004
0201000102010001023001
0304030003040300042004
0407060104070601072007
0205060302050603061005
0005080500050805081007
0104070601040706071007
0204080602040806081007
0104070601040706071007
0004060400040604061005
0407060104070601072007
0608060006080600082008
090c0900090c09000c200c
090c0900090c09000c200c
0608060006080600082008
070b0901070b09010b200b
080d0c03080d0c030d200d
060c0c04060c0c040c100c
060b0a03060b0a030b200b
0609080106090801092009
0305050103050501051005
0204040202040402041004
0407060104070601072007
0407060104070601072007
0204040202040402041004
0305050103050501051005
0608060006080600082008
070b0901070b09010b200b
060c0c04060c0c040c100c
02090c0702090c070c100b
00080c0800080c080c100b
00080c0800080c080c100b
00070a0700070a070a1009
0004060400040604061005
0001020100010201021001
0000000000000000000000
0000000000000000000000
0000000000000000000000
0304030003040300042004
0303010103030101032003
03090b0503090b050b100a
1b3e41161b3e4116411041
5ec7ca455ec7ca45ca10d2
a5ffff86a5ffff86ff117a
94ffffa894ffffa8ff118f
35dcff9635dcff96ff110a
21468d7221468d728d1085
6f3127616f3127616f306c
d6b63a68d6b63a68d630d1
ffff9973ffff9973ff3153
ffffc169ffffc169ff2177
f5ff9143f5ff9143ff210d
6b7443186b744318742076
181d1401181d14011d201d
0102050401020504051004
0203060502030605061005
0502070805020708080008
2e2d160f2e2d160f2e302f
b0cb801fb0cb801fcb20cd
ffffff30ffffff30ff219c
ffffff2effffff2eff21b0
c6efa019c6efa019ef20f0
39452f0539452f05452045
0300030403000304040004
2b2e1b0a2b2e1b0a2e202f
7c8c56187c8c56188c208e
ffffb932ffffb932ff212e
ffffff4affffff4aff21a8
ffffd746ffffd746ff2168
9da85f289da85f28a820ac
2a29140d2a29140d2a302b
0201000102010001023001
0707030307070303072007
0b0a05040b0a05040b300a
2c3524052c352405352035
a0d09806a0d09806d020d0
ffffff04ffffff04ff219a
ffffff01ffffff01ff21a5
a7e4af06a7e4af06e420e4
273b3107273b31073b203b
13130b0513130b05132013
3846320438463204462046
789b7005789b70059b209b
e6ffdc07e6ffdc07ff212d
ffffff06ffffff06ff2198
f5fff102f5fff102ff2144
58775a0158775a01772077
0505010305050103052005
12130a0512130a05132013
0905010709050107093008
0600060806000608080008
0600060806000608080008
0904030809040308093008
0c0702090c0702090c300b
0c05040b0c05040b0c300c
0b02070c0b02070c0c000c
0900090c0900090c0c000c
0a03060b0a03060b0b000b
0c0800080c0800080c300b
090a0702090a07020a200a
03090d0703090d070d100b
0507110f0507110f111010
0c0310130c031013130013
0f0309110f030911110011
0a0304090a0304090a3009
0101010101010101010001
0403000304030003043004
0604000406040004063005
0300030403000304040004
0202040402020404040004
0301050503010505050005
0401060704010607070007
0801060908010609090009
0901070b0901070b0b000b
0a03060b0a03060b0b000b
0903050909030509090009
0903050909030509090009
0a04040a0a04040a0a000a
0801060908010609090009
0904030809040308093008
0904030809040308093008
0601040706010407070007
0300030403000304040004
0403020104030201043003
0e0900090e0900090e300c
1e1400141e1400141e301c
2e1f001f2e1f001f2e302b
3423022534230225343032
2f1d05232f1d05232f302d
2416021a2416021a243022
1911010f1911010f193016
0f0c03080f0c03080f300e
0a0702050a0702050a3008
0805000508050005083007
0c0800080c0800080c300b
140d000d140d000d143012
1e1400141e1400141e301c
281b001b281b001b283026
2c1d021f2c1d021f2c302a
291a031e291a031e293027
201204182012041820301e
170e0110170e0110173015
110d0309110d030911300f
0c0c06040c0c06040c200c
0b0c07020b0c07020c200c
0708050207080502082008
0204040202040402041004
0407060104070601072007
0407060104070601072007
0205060302050603061005
0509090305090903091009
070b0901070b09010b200b
0407060104070601072007
0406060204060602061006
0507070105070701071007
0608060006080600082008
070a0700070a07000a200a
0607040106070401072007
0404020204040202042004
0303010103030101032003
0304030003040300042004
0609080106090801092009
0308090403080904091008
00070a0700070a070a1009
0304090803040908091008
0303070703030707070007
0203060502030605061005
0101030301010303030003
0305050103050501051005
0609080106090801092009
080c0a02080c0a020c200c
070b0901070b09010b200b
0609080106090801092009
080c0a02080c0a020c200c
080e0c02080e0c020e200e
080c0a02080c0a020c200c
0609080106090801092009
0608060006080600082008
0407060104070601072007
0204040202040402041004
0305050103050501051005
0608060006080600082008
0304030003040300042004
0304030003040300042004
0609080106090801092009
080d0c03080d0c030d200d
070e0d04070e0d040e200e
040a0a04040a0a040a100a
0308090403080904091008
0308090403080904091008
0205060302050603061005
0001020100010201021001
0000000000000000000000
0000000000000000000000
0000000000000000000000
0000000000000000000000
0303010103030101032003
0301010303010103030003
050e0f06050e0f060f100f
3157511331575113572059
95ffe73595ffe735ff2104
eaffff5beaffff5bff219b
c4ffff62c4ffff62ff2171
53b8c34a53b8c34ac310c6
042f4c33042f4c334c1045
472f012f472f012f473042
a9a34b3da9a34b3da930ae
ffffa753ffffa753ff213c
ffffda5affffda5aff2184
ffffb343ffffb343ff2138
8a985a1e8a985a1e98209a
242a1c04242a1c042a202a
0104070601040706071007
0304090803040908091008
0304090803040908091008
2524110c2524110c253025
9db5731b9db5731bb520b7
ffffff30ffffff30ff218c
ffffff38ffffff38ff21bb
e5ffa32ce5ffa32cff2109
5352271c5352271c533056
12040c1412040c14140014
1227280f1227280f281029
5a785a025a785a02782078
daffb21adaffb21aff2109
ffffff38ffffff38ff2191
ffffec3dffffec3dff2179
b4cb7c25b4cb7c25cb20ce
363c240a363c240a3c203c
0306050203060502062006
0806020408060204083007
0a0b06030a0b06030b200b
2934250229342502342034
9dd09b029dd09b02d020d0
ffffff00ffffff00ff219e
ffffff05ffffff05ff21ab
a7e8b50aa7e8b50ae820e8
2338310a2338310a382038
15160b0615160b06162016
37452f0537452f05452045
78976a0978976a09972097
eaffd40feaffd40fff2129
ffffff11ffffff11ff219b
ffffed0dffffed0dff2149
627b5807627b58077b207b
0000000000000000000000
1010080610100806102011
0904030809040308093008
0600060806000608080008
0601040706010407070007
0804020608040206083007
0904030809040308093008
0a04040a0a04040a0a000a
0903050909030509090009
0601040706010407070007
0806020408060204083007
0911130509111305131011
031f311d031f311d31102a
152451441524514451104c
381962693819626969006b
5502577655025776760076
5d1735635d173563630065
471d153d471d153d473043
231105192311051923301e
0804000408040004083005
0402020404020204040004
0400040604000406060006
0301050503010505050005
0202040402020404040004
0202040402020404040004
0300030403000304040004
0301050503010505050005
0703030707030307070007
0904030809040308093008
0801060908010609090009
0a04040a0a04040a0a000a
0903050909030509090009
0904030809040308093008
0904030809040308093008
0703030707030307070007
0604000406040004063005
0201000102010001023001
0402000204020002043002
0e0900090e0900090e300c
1e1302151e1302151e301c
2e1c04222e1c04222e302c
351e092a351e092a353033
341f0829341f0829343033
2d1c03202d1c03202d302a
1f1301151f1301151f301c
120b020d120b020d123011
0b0503090b0503090b300a
0b0601080b0601080b300a
0e0900090e0900090e300c
140d000d140d000d143012
1e1302151e1302151e301c
2818041e2818041e283026
2e1c04222e1c04222e302c
291a031e291a031e293027
211701152117011521301f
1814060c1814060c183017
1110070611100706113011
0c0d08030c0d08030d200d
0808040208080402082008
0004060400040604061005
0206080402060804081007
0307070303070703071007
0206060202060602061006
0508070205080702082008
0609080106090801092009
0608060006080600082008
0407060104070601072007
0307070303070703071007
0308090403080904091008
0508070205080702082008
0405040104050401052005
0504010205040102053004
0404020204040202042004
0505030105050301052005
070b0901070b09010b200b
060b0a03060b0a030b200b
0308090403080904091008
0004060400040604061005
0101030301010303030003
0001020100010201021001
0000000000000000000000
0304030003040300042004
070b0901070b09010b200b
080d0c03080d0c030d200d
050a0b04050a0b040b100a
040a0a04040a0a040a100a
060c0c04060c0c040c100c
080d0c03080d0c030d200d
070b0901070b09010b200b
0608060006080600082008
0608060006080600082008
0608060006080600082008
0305050103050501051005
0205060302050603061005
0307070303070703071007
0104050201040502051004
0205060302050603061005
040a0a04040a0a040a100a
070e0d04070e0d040e200e
080d0c03080d0c030d200d
0609080106090801092009
0608060006080600082008
0607040106070401072007
0404020204040202042004
0201000102010001023001
0000000000000000000000
0000000000000000000000
0000000000000000000000
0000000000000000000000
0201000102010001023001
0100010201000102020002
0a1110030a111003112011
456a590c456a590c6a206a
c0fff221c0fff221ff2124
ffffff34ffffff34ff21a9
dbffff34dbffff34ff2159
5c9e92245c9e92249e20a2
09242d1609242d162d102a
2f270b172f270b172f302d
888c4a28888c4a288c2091
ffffa142ffffa142ff211f
ffffe152ffffe152ff2184
ffffcc45ffffcc45ff2159
a9bc7124a9bc7124bc20bf
343c2608343c26083c203c
040a0c06040a0c060c100b
04040a0a04040a0a0a000a
0503090905030909090009
1f1d0d0b1f1d0d0b1f301f
8ba167178ba16717a120a2
fffff82bfffff82bff2177
ffffff39ffffff39ff21ba
f8ffa836f8ffa836ff211b
675d252b675d252b673066
2108152421081524240024
0221301f0221301f30102d
3f665b143f665b14662067
b1e6a904b1e6a904e620e6
fffffd23fffffd23ff2174
fffffd30fffffd30ff2181
c7eb991fc7eb991feb20ed
4250360642503606502050
04090a0504090a050a100a
0907010509070105093008
0c0c06040c0c06040c200c
2a3526032a352603352035
9ed19c019ed19c01d120d1
ffffff00ffffff00ff21a0
ffffff01ffffff01ff21ad
b0e8aa04b0e8aa04e820e8
2d3421082d342108342034
0b1717090b171709171018
2d4135052d413505412041
6e916c016e916c01912091
dfffd109dfffd109ff2121
ffffff12ffffff12ff2198
ffffee13ffffee13ff214f
6b845b0a6b845b0a842084
0608060006080600082008
0d0c05060d0c05060d300d
0904030809040308093008
0600060806000608080008
0703030707030307070007
0804020608040206083007
0601040706010407070007
0904030809040308093008
0904030809040308093008
0704010607040106073007
0911130509111305131011
083148270831482748103e
0a5b9a6b0a5b9a6b9a108c
4167e1c34167e1c3e110dc
9242f6ff9242f6ffff0112
d707cbffd707cbffff011d
ee4b7af3ee4b7af3f300fe
c4602ea2c4602ea2c430bc
7545074f7545074f753068
2b1d05172b1d05172b3025
0506050205060502062006
0600060806000608080008
0600060806000608080008
0401060704010607070007
0301050503010505050005
0300030403000304040004
0202040402020404040004
0501030505010305050005
0703030707030307070007
0601040706010407070007
0804020608040206083007
0703030707030307070007
0903050909030509090009
0a04040a0a04040a0a000a
0b0503090b0503090b300a
0a0602080a0602080a300a
0703030707030307070007
0501030505010305050005
0102030201020302031002
0a0600060a0600060a3008
190f0313190f0313193018
2817061f2817061f283026
341f0627341f0627343031
3724032837240328373035
2e1d04212e1d04212e302b
201204182012041820301e
140a0410140a0410143012
0e08020a0e08020a0e300c
0c0800080c0800080c300b
0e08020a0e08020a0e300c
140a0410140a0410143012
1e1104171e1104171e301c
281a021c281a021c283026
2c1e001e2c1e001e2c302a
2b1f031b2b1f031b2b3029
241c0614241c0614243022
1a15060d1a15060d1a3018
1210060812100608123011
0b0903050b0903050b300a
0104050201040502051004
0307070303070703071007
0205060302050603061005
0305050103050501051005
0609080106090801092009
0508070205080702082008
0407060104070601072007
0608060006080600082008
0608060006080600082008
0607040106070401072007
0605020306050203063005
0605020306050203063005
0504010205040102053004
0404020204040202042004
0607040106070401072007
090c0900090c09000c200c
090c0900090c09000c200c
0608060006080600082008
0304030003040300042004
0000000000000000000000
0000000000000000000000
0000000000000000000000
0304030003040300042004
090c0900090c09000c200c
0a0f0c010a0f0c010f200f
060c0c04060c0c040c100c
040a0c06040a0c060c100b
040b0c05040b0c050c100c
060b0a03060b0a030b200b
060a0a02060a0a020a100a
0509090305090903091009
0307070303070703071007
0407060104070601072007
0407060104070601072007
0307070303070703071007
0206080402060804081007
0005080500050805081007
0006080600060806081008
0308090403080904091008
090d0b01090d0b010d200d
090c0900090c09000c200c
0608060006080600082008
0607040106070401072007
0605020306050203063005
0605020306050203063005
0303010103030101032003
0000000000000000000000
0000000000000000000000
0000000000000000000000
0000000000000000000000
0000000000000000000000
0000000000000000000000
0d130f010d130f01132013
53765d0653765d06762076
dcfff410dcfff410ff2136
ffffff18ffffff18ff21ae
e9ffff17e9ffff17ff214d
6190791061907910902090
0f1d1d090f1d1d091d101e
201f1009201f1009203020
6a7546176a754617752077
e1fc9930e1fc9930fc2100
ffffe644ffffe644ff217a
ffffe240ffffe240ff2171
c3df8b25c3df8b25df20e2
4551350945513509512051
0912110609121106122012
04040a0a04040a0a0a000a
0601080906010809090009
1a190c091a190c091a301a
7b905d127b905d12902091
ffffea26ffffea26ff2160
ffffff34ffffff34ff21b5
feffb82ffeffb82fff2126
686732236867322368306c
1e0b0e1d1e0b0e1d1e301f
021c281a021c281a281026
35584f1235584f12582059
99c8930299c89302c820c8
ffffea1fffffea1fff2156
ffffff2dffffff2dff2183
dcffb01edcffb01eff2109
5163430751634307632063
060c0c04060c0c040c100c
0a0700070a0700070a3009
0f0c03080f0c03080f300e
2e3928052e392805392039
a0d5a001a0d5a001d520d5
ffffff02ffffff02ff219e
ffffff08ffffff08ff21a4
b7dd9319b7dd9319dd20de
3e300a243e300a243e303c
0c152c250c152c252c102a
143d4823143d4823481046
518a7d1e518a7d1e8a208d
c2ffda11c2ffda11ff2113
ffffff02ffffff02ff218a
fffff40dfffff40dff2151
7290660872906608902090
0b100d020b100d02102010
0c0902070c0902070c300b
0904030809040308093008
0600060806000608080008
0904030809040308093008
0904030809040308093008
0600060806000608080008
0904030809040308093008
0905010709050107093008
090b0901090b09010b200b
0f2f3b190f2f3b193b1035
147aa85e147aa85ea8109a
05c2ffca05c2ffcaff1118
55beffff55beffffff1166
bf67ffffbf67ffffff0173
ff1bf3ffff1bf3ffff0164
ff907affff907affff3154
ffc215deffc215deff3126
d19d1b77d19d1b77d130c5
5b4e1b265b4e1b265b3056
11150f0111150f01152015
0700070a0700070a0a000a
0801060908010609090009
0600060806000608080008
0600060806000608080008
0600060806000608080008
0402080804020808080008
0600060806000608080008
0802040808020408080008
0702050807020508080008
0904030809040308093008
0802040808020408080008
0801060908010609090009
0a04040a0a04040a0a000a
0c06040a0c06040a0c300b
0c05040b0c05040b0c300c
0c04060c0c04060c0c000c
0a03060b0a03060b0b000b
0801060908010609090009
0502030605020306060006
0403020104030201043003
120c000c120c000c123010
2216021822160218223020
3221022332210223323030
3622042836220428363034
2e1b06232e1b06232e302c
211305192113051921301f
170d0311170d0311173015
1109030d1109030d11300f
0e06040c0e06040c0e300d
0e06040c0e06040c0e300d
140d000d140d000d143012
1d1503111d1503111d301b
251a0118251a0118253023
2d20011e2d20011e2d302b
2f22031e2f22031e2f302d
271c0318271c0318273024
1d1503111d1503111d301b
120c000c120c000c123010
0505030105050301052005
0608060006080600082008
0305050103050501051005
0205060302050603061005
040a0a04040a0a040a100a
0307070303070703071007
0305050103050501051005
0608060006080600082008
0608060006080600082008
0506050005060500062006
0304030003040300042004
0406040004060400062006
0305050103050501051005
0204040202040402041004
0408080204080802081008
080c0a02080c0a020c200c
070b0901070b09010b200b
0608060006080600082008
0304030003040300042004
0000000000000000000000
0001020100010201021001
0101030301010303030003
0004060400040604061005
060c0c04060c0c040c100c
09100f0409100f04102010
070f0f05070f0f050f100f
030b0d07030b0d070d100d
02090c0702090c070c100b
03090b0503090b050b100a
040a0a04040a0a040a100a
040a0a04040a0a040a100a
0206080402060804081007
0206080402060804081007
0307070303070703071007
0407060104070601072007
0407060104070601072007
0307070303070703071007
0206080402060804081007
0206080402060804081007
060a0802060a08020a200a
080a0602080a06020a200a
0908030409080304093008
0806020408060204083007
0605020306050203063005
0606020206060202062006
0403000304030003043004
0300030403000304040004
0301010303010103030003
0201000102010001023001
0000000000000000000000
0001020100010201021001
0101030301010303030003
12140c0412140c04142014
5e7a58045e7a58047a207a
efffeb03efffeb03ff213d
ffffff00ffffff00ff21b2
f7fffb03f7fffb03ff214b
668c6c04668c6c048c208c
1118130211181302182018
161d1601161d16011d201d
5062440650624406622062
bddf911dbddf911ddf20e0
ffffe336ffffe336ff2168
fffff23bfffff23bff217f
dcffa227dcffa227ff2101
5867420d5867420d672067
131a1502131a15021a201a
0105090701050907091008
0601040706010407070007
17170b0717170b07172018
6d7e4f126d7e4f127e207f
ffffd42affffd42aff2146
ffffff38ffffff38ff21b3
ffffc82cffffc82cff2139
6b72411a6b72411a722074
180b0815180b0815183017
0419221504192215221020
2f4b410d2f4b410d4b204c
88ad7c0788ad7c07ad20ad
ffffd321ffffd321ff213a
ffffff2dffffff2dff2185
f1ffc51ef1ffc51eff2125
5f7653065f765306762076
0810100608101006101011
0b0601080b0601080b300a
0f0d05070f0d05070f300e
31402f0231402f02402040
a1dca906a1dca906dc20dc
ffffff07ffffff07ff2199
ffffff07ffffff07ff2191
acc9821dacc9821dc920cb
3f2a012c3f2a012c3f303c
1515353115153531351035
083b5031083b503150104c
41807f2a41807f2a802086
adffd119adffd119ff2100
ffffff01ffffff01ff2173
ffffef10ffffef10ff214c
7f9d6d0d7f9d6d0d9d209d
151a1300151a13001a201a
0a0700070a0700070a3009
0904030809040308093008
0600060806000608080008
0903050909030509090009
0a04040a0a04040a0a000a
0801060908010609090009
0903050909030509090009
0b0701090b0701090b300b
111c1b04111c1b041c201c
2567793325677933791072
3de2ff8e3de2ff8eff110a
2afffff12afffff1ff117e
28eeffff28eeffffff1177
8a62ffff8a62ffffff0128
e53793f9e53793f9f900ff
ffc311d9ffc311d9ff3123
ffff53a7ffff53a7ff3145
fef8705efef8705efe3109
7b864b1c7b864b1c862088
19261f0619261f06262026
0a000a0e0a000a0e0e000e
0c03080d0c03080d0d000d
0900090c0900090c0c000c
0900090c0900090c0c000c
0900090c0900090c0c000c
08020a0c08020a0c0c000c
0900090c0900090c0c000c
0a03060b0a03060b0b000b
0a02060a0a02060a0a000a
0a03060b0a03060b0b000b
0a03060b0a03060b0b000b
0801060908010609090009
0903050909030509090009
0c05040b0c05040b0c300c
0c05040b0c05040b0c300c
0b04050a0b04050a0b300a
0a04040a0a04040a0a000a
0903050909030509090009
0904030809040308093008
0703030707030307070007
0103050301030503051004
0d0a03060d0a03060d300b
1e1400141e1400141e301c
2d1d03212d1d03212d302b
3320052633200526333031
2e1b06232e1b06232e302c
2415041b2415041b243022
190e0312190e0312193016
0f08030c0f08030c0f300e
0c0702090c0702090c300b
0f0c03080f0c03080f300e
1410040a1410040a143012
1a1202101a1202101a3018
2619001926190019263023
302100213021002130302e
3221022332210223323030
2b1b031f2b1b031f2b3029
201204182012041820301e
0406040004060400062006
0608060006080600082008
0407060104070601072007
0307070303070703071007
0509090305090903091009
0306070203060702071006
0205060302050603061005
0308090403080904091008
0307070303070703071007
0206060202060602061006
0205060302050603061005
0206080402060804081007
0106070401060704071007
0004060400040604061005
0308090403080904091008
060b0a03060b0a030b200b
060a0a02060a0a020a100a
0509090305090903091009
0004060400040604061005
0300030403000304040004
0202040402020404040004
0203060502030605061005
0105090701050907091008
030b0d07030b0d070d100d
070f0f05070f0f050f100f
09100f0409100f04102010
060c0c04060c0c040c100c
0308090403080904091008
0308090403080904091008
050a0b04050a0b040b100a
0509090305090903091009
0206060202060602061006
0306050203060502062006
0305050103050501051005
0506050005060500062006
0608060006080600082008
0608060006080600082008
0407060104070601072007
0306050203060502062006
0506050005060500062006
0807040308070403083007
0908030409080304093008
0707030307070303072007
0606020206060202062006
0604000406040004063005
0601040706010407070007
0601040706010407070007
0604000406040004063005
0303010103030101032003
0000000000000000000000
0102010001020100022002
0103030101030301031003
10120a0410120a04122012
6076500a6076500a762076
f8ffde12f8ffde12ff213a
ffffff14ffffff14ff21b6
fffff30dfffff30dff2151
708f6805708f68058f208f
13160f0213160f02162016
151f1903151f19031f201f
42533a0342533a03532053
a4be781ca4be781cbe20c0
ffffcc3dffffcc3dff2150
ffffee49ffffee49ff2189
ffffb135ffffb135ff2123
73804f1673804f16802081
1d2317031d231703232023
0307070303070703071007
0402020404020204040004
1413080714130807143014
60693e1560693e1569206b
ffffba2fffffba2fff212a
ffffff3fffffff3fff21b3
ffffd931ffffd931ff2154
76824e1876824e18822084
130a030e130a030e133011
08171a0d08171a0d1a101a
2b3c2f042b3c2f043c203c
7b9361117b936111932093
f7ffbb29f7ffbb29ff2123
ffffff32ffffff32ff2189
ffffd921ffffd921ff2142
6f8d65056f8d65058d208d
0914150a0914150a151016
0e08020a0e08020a0e300c
1010080610100806102011
3648360036483600482048
a5e5b309a5e5b309e520e5
ffffff0effffff0eff2196
ffffff05ffffff05ff217d
91b47d0e91b47d0eb420b4
2e21041d2e21041d2e302b
09172b2309172b232b1029
1139452311394523451042
43756d1d43756d1d752078
a6e8b60ca6e8b60ce820e8
fffffa0dfffffa0dff2159
ffffe21cffffe21cff2147
91ac711691ac7116ac20ad
2327170723271707272027
0403000304030003043004
0703030707030307070007
0600060806000608080008
0801060908010609090009
0a03060b0a03060b0b000b
0a03060b0a03060b0b000b
0a02060a0a02060a0a000a
0d0b05070d0b05070d300d
1f3b3b0f1f3b3b0f3b103c
4bb4c34c4bb4c34cc310c3
7bffffa07bffffa0ff1169
69ffffd069ffffd0ff1193
16dcffbe16dcffbeff1122
403b9a8f403b9a8f9a109a
8f51176d8f51176d8f3087
e8db605be8db605be830ed
ffffc046ffffc046ff214d
ffffce22ffffce22ff2137
82af820382af8203af20af
1530311415303114311034
11020d1411020d14140014
1105091111050911110011
0c000c100c000c10100010
0c000c100c000c10100010
0c000c100c000c10100010
0a000a0e0a000a0e0e000e
0a01080b0a01080b0b000b
0a03060b0a03060b0b000b
0a02080c0a02080c0c000c
0b02070c0b02070c0c000c
0c04060c0c04060c0c000c
0a03060b0a03060b0b000b
0a02060a0a02060a0a000a
0a04040a0a04040a0a000a
0c0702090c0702090c300b
0904030809040308093008
0903050909030509090009
0a04040a0a04040a0a000a
0b04050a0b04050a0b300a
0a03060b0a03060b0b000b
0901070b0901070b0b000b
0400040604000406060006
0806020408060204083007
1a1100111a1100111a3018
291a031e291a031e293027
301d0625301d062530302f
2f1e03222f1e03222f302d
2417021924170219243021
170e0110170e0110173015
100b0209100b020910300e
0e0c04060e0c04060e300d
0f0c03080f0c03080f300e
120d020b120d020b123011
1911010f1911010f193016
2418001824180018243021
2f1e03222f1e03222f302d
321e0626321e0626323030
2c1908232c1908232c302b
0305050103050501051005
0608060006080600082008
0609080106090801092009
0509090305090903091009
0307070303070703071007
0206060202060602061006
0307070303070703071007
0308090403080904091008
0205060302050603061005
0305050103050501051005
0407060104070601072007
0307070303070703071007
0205060302050603061005
0104050201040502051004
0508070205080702082008
0609080106090801092009
070a0700070a07000a200a
070a0700070a07000a200a
0305050103050501051005
0101030301010303030003
0102050401020504051004
0004060400040604061005
0106070401060704071007
0509090305090903091009
090d0b01090d0b010d200d
0c100c000c100c00102010
090c0900090c09000c200c
0608060006080600082008
0609080106090801092009
060b0a03060b0a030b200b
0307070303070703071007
0305050103050501051005
0505030105050301052005
0404020204040202042004
0606020206060202062006
0707030307070303072007
0908030409080304093008
0908030409080304093008
0806020408060204083007
0605020306050203063005
0607040106070401072007
0608060006080600082008
0607040106070401072007
0604000406040004063005
0601040706010407070007
0601040706010407070007
0604000406040004063005
0607040106070401072007
0304030003040300042004
0000000000000000000000
0201000102010001023001
0404020204040202042004
0b0d09010b0d09010d200d
596a450c596a450c6a206a
f6ffc81ff6ffc81fff212c
ffffff2bffffff2bff21b9
fffff221fffff221ff2162
809b6a0d809b6a0d9b209b
1419120114191201192019
191e1304191e13041e201e
3f44270e3f44270e442045
939953299399532999209e
ffffa250ffffa250ff2132
ffffd966ffffd966ff2191
ffffb853ffffb853ff214f
9ca45c289ca45c28a420a8
2e301c0a2e301c0a302031
0809060108090601092009
0201000102010001023001
0e0c04060e0c04060e300d
4f532d154f532d15532055
eaffa031eaffa031ff210b
ffffff46ffffff46ff21af
ffffe83bffffe83bff2173
8c9b5e1d8c9b5e1d9b209d
140f0409140f0409143011
0e1410020e141002142014
282c1a08282c1a082c202c
7179451d7179451d79207c
efffa135efffa135ff2110
fffffb3efffffb3eff218e
ffffe82cffffe82cff2162
8aa9740d8aa9740da920a9
111a1706111a17061a201a
0f0c03080f0c03080f300e
12140c0412140c04142014
3a4f3c013a4f3c014f204f
acf0bc0aacf0bc0af020f0
ffffff12ffffff12ff2198
ffffff0dffffff0dff216d
7ba279027ba27902a220a2
1c18080e1c18080e1c301b
05181f1205181f121f101e
1c3634101c363410362038
4a6c580a4a6c580a6c206c
a2d39c03a2d39c03d320d3
ffffe415ffffe415ff2143
ffffde1effffde1eff2145
9dbc7d169dbc7d16bc20bd
2e3420082e342008342034
0102010001020100022002
0301010303010103030003
0300030403000304040004
0300030403000304040004
0501030505010305050005
0703030707030307070007
0703030707030307070007
0e1614020e161402162016
31676b2331676b236b106c
78ffff6378ffff63ff1117
aeffff9daeffff9dff119f
86ffff9c86ffff9cff116e
2ca5cc692ca5cc69cc10c3
1e143e3a1e143e3a3e103d
64612c2564612c25643067
c1e6971cc1e6971ce620e7
fffffa10fffffa10ff215c
feffff05feffff05ff2159
82c5a41982c5a419c520c6
0e2f381d0e2f381d381037
17080b1617080b16173017
1207081112070811123012
0c000c100c000c10100010
0c000c100c000c10100010
0c010a0f0c010a0f0f000f
0c03080d0c03080d0d000d
0a02080c0a02080c0c000c
0b02070c0b02070c0c000c
0b02070c0b02070c0c000c
0a02080c0a02080c0c000c
0c04060c0c04060c0c000c
0c04060c0c04060c0c000c
0a03060b0a03060b0b000b
0b0503090b0503090b300a
0c0800080c0800080c300b
0904030809040308093008
0801060908010609090009
0a04040a0a04040a0a000a
0b04050a0b04050a0b300a
0901070b0901070b0b000b
0a03060b0a03060b0b000b
0a0602080a0602080a300a
0403000304030003043004
0805000508050005083007
170e0110170e0110173015
2518011a2518011a253023
2f2001202f2001202f302d
2d1d03212d1d03212d302b
2517031b2517031b253023
1b1301111b1301111b3019
130e030a130e030a133011
0e0a02080e0a02080e300c
0f0b01090f0b01090f300e
120c000c120c000c123010
190e0312190e0312193016
2415041b2415041b243022
2e1a08242e1a08242e302c
321a0c2a321a0c2a323031
0003040300030403041004
0407060104070601072007
070b0901070b09010b200b
060b0a03060b0a030b200b
0205060302050603061005
0305050103050501051005
0608060006080600082008
0607040106070401072007
0404020204040202042004
0505030105050301052005
0608060006080600082008
0608060006080600082008
0304030003040300042004
0303010103030101032003
0708050207080502082008
0809060108090601092009
0809060108090601092009
0909050309090503092009
0707030307070303072007
0303010103030101032003
0103030101030301031003
0204040202040402041004
0305050103050501051005
0608060006080600082008
090c0900090c09000c200c
0c0f0a010c0f0a010f200f
0a0c08020a0c08020c200c
0809060108090601092009
070a0700070a07000a200a
090b0701090b07010b200b
0606040206060402062006
0504010205040102053004
0404020204040202042004
0504010205040102053004
0605020306050203063005
0806020408060204083007
0908030409080304093008
0908030409080304093008
0707030307070303072007
0608060006080600082008
0508070205080702082008
0406040004060400062006
0604000406040004063005
0602020606020206060006
0501030505010305050005
0403000304030003043004
0607040106070401072007
0608060006080600082008
0304030003040300042004
0000000000000000000000
0000000000000000000000
0304030003040300042004
0808040208080402082008
4e58360e4e58360e582059
eaffac29eaffac29ff2112
ffffff3effffff3eff21b6
fffff733fffff733ff217e
98b2741698b27416b220b3
1c2116031c211603212021
17190f0517190f05192019
34351c0f34351c0f352037
777437287774372877307a
fafb7e53fafb7e53fb2108
ffffc675ffffc675ff218a
ffffc06dffffc06dff217b
d1d56f41d1d56f41d520de
4a4824164a4824164a304b
0d0e09020d0e09020e200e
0101030301010303030003
0a0600060a0600060a3008
3e3e20123e3e20123e2040
cee3862fcee3862fe320e7
ffffff4bffffff4bff21a3
fffff547fffff547ff2191
acbd7027acbd7027bd20c0
201e0e0a201e0e0a20301f
0d0e07040d0e07040e200e
221e0c0e221e0c0e223021
6161311f6161311f612065
dff28b38dff28b38f220f8
fffff249fffff249ff218f
fffff53cfffff53cff2184
adca831aadca831aca20cb
1e251a011e251a01252025
0e0f08050e0f08050f200f
1418100214181002182018
3d5543033d554303552055
b4fcc60cb4fcc60cfc20fc
ffffff13ffffff13ff219b
feffff0efeffff0eff2160
6d9471026d947102942094
12120a0612120a06122012
0c1818080c181808181019
22322a0622322a06322032
4b644b004b644b00642064
9bc58d099bc58d09c520c5
f6ffdc12f6ffdc12ff2136
ffffe515ffffe515ff2145
a1ca8d0ea1ca8d0eca20ca
323f2c03323f2c033f203f
0205060302050603061005
0301010303010103030003
0200020202000202020002
0101030301010303030003
0300030403000304040004
0502010405020104053004
0606040206060402062006
152a2b0c152a2b0c2b102b
4c9ea2364c9ea236a210a6
a3ffff73a3ffff73ff115e
c5ffff90c5ffff90ff21ab
80ffff7080ffff70ff112f
266e823a266e823a82107c
1705111917051119190019
5968430e5968430e682068
b8ecaa0ab8ecaa0aec20ec
ffffff01ffffff01ff216b
ffffff0fffffff0fff216f
88cfae1b88cfae1bcf20d0
0b28311a0b28311a31102f
1a0f04131a0f04131a3018
1208061012080610123011
0c000c100c000c10100010
0c000c100c000c10100010
0d03090f0d03090f0f000f
0e04080e0e04080e0e000e
0c02080e0c02080e0e000e
0c04060c0c04060c0c000c
0903050909030509090009
0801060908010609090009
0a04040a0a04040a0a000a
0b04050a0b04050a0b300a
0a04040a0a04040a0a000a
0c0702090c0702090c300b
0c0702090c0702090c300b
0a04040a0a04040a0a000a
0801060908010609090009
0903050909030509090009
0a04040a0a04040a0a000a
0801060908010609090009
0904030809040308093008
0c0800080c0800080c300b
0a0700070a0700070a3009
0402020404020204040004
0505030105050301052005
120f0409120f0409123011
211701152117011521301f
2a1b021f2a1b021f2a3029
2e1e02202e1e02202e302b
281c021a281c021a283026
1d1401121d1401121d301a
120c000c120c000c123010
1009020b1009020b10300e
1008040e1008040e103010
140a0410140a0410143012
190e0312190e0312193016
201106192011061920301e
28130c2328130c23283027
0101030301010303030003
0305050103050501051005
090c0900090c09000c200c
090b0701090b07010b200b
0404020204040202042004
0505030105050301052005
0608060006080600082008
0505030105050301052005
0404020204040202042004
0607040106070401072007
0608060006080600082008
0608060006080600082008
0304030003040300042004
0201000102010001023001
0707030307070303072007
0a0b06030a0b06030b200b
0809060108090601092009
0608060006080600082008
0608060006080600082008
0305050103050501051005
0204040202040402041004
0103030101030301031003
0304030003040300042004
0608060006080600082008
090c0900090c09000c200c
0b0d09010b0d09010d200d
0a0b06030a0b06030b200b
0a0a04040a0a04040a200a
0b0903050b0903050b300a
0c0902070c0902070c300b
0a0700070a0700070a3009
0805000508050005083007
0605020306050203063005
0505030105050301052005
0304030003040300042004
0406040004060400062006
0608060006080600082008
0608060006080600082008
0608060006080600082008
070a0700070a07000a200a
0608060006080600082008
0403020104030201043003
0301010303010103030003
0402020404020204040004
0403000304030003043004
0504010205040102053004
0707030307070303072007
0908030409080304093008
0605020306050203063005
0201000102010001023001
0000000000000000000000
0304030003040300042004
0504010205040102053004
3f44270e3f44270e442045
d1eb8f2bd1eb8f2beb20ee
ffffff48ffffff48ff21aa
fffffc47fffffc47ff219b
bed17c2bbed17c2bd120d5
322f1611322f1611323031
0a1312050a131205132013
222a1e02222a1e022a202a
5155311351553113552057
c3c96b39c3c96b39c920d0
ffffb767ffffb767ff2169
ffffc878ffffc878ff2192
ffff855affff855aff2118
756f3329756f3329753076
1d1b0d091d1b0d091d301c
0204040202040402041004
0603020506030205063005
2d2c150e2d2c150e2d302e
aebd6e29aebd6e29bd20c1
ffffed4bffffed4bff218c
fffffd52fffffd52ff21a8
d4e58435d4e58435e520eb
38371c1138371c11383039
0503010505030105050005
1b1301111b1301111b3019
524c2020524c2020523052
cbd57539cbd57539d520dc
ffffe450ffffe450ff2186
ffffff4bffffff4bff21a3
d5f29728d5f29728f220f5
3137230731372307372037
0e0f08050e0f08050f200f
181c1204181c12041c201c
435c4702435c47025c205c
bdffcf0cbdffcf0cff2108
ffffff13ffffff13ff219d
f5ffff0ff5ffff0fff2155
63896b0563896b05892089
0b0f0b010b0f0b010f200f
1017120110171201172017
2430240024302400302030
495e4502495e45025e205e
93bd890793bd8907bd20bd
edffdb0cedffdb0cff2130
feffee0cfeffee0cff2148
a4d49a06a4d49a06d420d4
3446340034463400462046
0307070303070703071007
0402020404020204040004
0300030403000304040004
0202040402020404040004
0300030403000304040004
0403000304030003043004
070d0d03070d0d030d100d
21474b1921474b194b104b
6cdcde4a6cdcde4ade10e8
c3ffff7dc3ffff7dff2190
c3ffff7dc3ffff7dff2190
6cdde04b6cdde04be010e9
1e474e1d1e474e1d4e104c
1512050a1512050a153014
546b4c05546b4c056b206b
b5f1b501b5f1b501f120f1
ffffff09ffffff09ff2179
ffffff15ffffff15ff217d
8ad1ae198ad1ae19d120d2
0920271409202714271025
1a13020f1a13020f1a3018
1007060f1007060f103010
0c000c100c000c10100010
0c010a0f0c010a0f0f000f
0e04080e0e04080e0e000e
0d04070e0d04070e0e000e
0c04060c0c04060c0c000c
0c0702090c0702090c300b
0904030809040308093008
0601040706010407070007
0804020608040206083007
0703030707030307070007
0904030809040308093008
0c0800080c0800080c300b
0b0503090b0503090b300a
0a03060b0a03060b0b000b
0a02080c0a02080c0c000c
0b02070c0b02070c0c000c
0c04060c0c04060c0c000c
0a03060b0a03060b0b000b
0b0503090b0503090b300a
0c0800080c0800080c300b
0c0800080c0800080c300b
0904030809040308093008
0401060704010607070007
0406060204060602061006
0e0a02080e0a02080e300c
1c1202141c1202141c301a
2a1c021e2a1c021e2a3029
302100213021002130302e
2a1c001c2a1c001c2a3027
1d1201141d1201141d301a
130a030e130a030e133011
0e06040c0e06040c0e300d
100b000b100b000b10300f
110c010a110c010a11300f
110a010c110a010c11300f
160a0612160a0612163014
0000000000000000000000
0304030003040300042004
090c0900090c09000c200c
0809060108090601092009
0404020204040202042004
0606020206060202062006
0708050207080502082008
0506050005060500062006
0205060302050603061005
0307070303070703071007
0407060104070601072007
0608060006080600082008
0304030003040300042004
0001020100010201021001
0405040104050401052005
080b0801080b08010b200b
090b0701090b07010b200b
0608060006080600082008
0608060006080600082008
0407060104070601072007
0204040202040402041004
0002040200020402041002
0205060302050603061005
0308090403080904091008
060b0a03060b0a030b200b
070b0901070b09010b200b
0808040208080402082008
0a0802060a0802060a300a
0c0800080c0800080c300b
0c0800080c0800080c300b
0c0800080c0800080c300b
0a0802060a0802060a300a
0808040208080402082008
0407060104070601072007
0205060302050603061005
0205060302050603061005
0407060104070601072007
0608060006080600082008
0608060006080600082008
0809060108090601092009
0707030307070303072007
0402020404020204040004
0301010303010103030003
0402000204020002043002
0403000304030003043004
0604000406040004063005
0806020408060204083007
0908030409080304093008
0706010407060104073007
0403000304030003043004
0201000102010001023001
0304030003040300042004
0200020202000202020002
3030180e3030180e302032
b5c26d2eb5c26d2ec220c7
ffffe557ffffe557ff2190
fffff564fffff564ff21b1
f1f78349f1f78349f72101
534515275345152753304f
080c1a16080c1a161a1019
0f23250f0f23250f251026
2e4032042e403204402040
8a995c1b8a995c1b99209b
ffff9f52ffff9f52ff2131
ffffc27cffffc27cff218d
ffff9a70ffff9a70ff314d
aaa24a3eaaa24a3eaa30ad
3732151437321514373035
0a0a06020a0a06020a200a
0300030403000304040004
211e0d0c211e0d0c213020
8f9855248f98552498209c
ffffd34affffd34aff2169
ffffff5bffffff5bff21b4
fdff9f40fdff9f40ff2119
555a3314555a33145a205c
040b0c07040b0c070c100d
160a0612160a0612163014
4339131f4339131f433040
b3b75f37b3b75f37b720bf
ffffd352ffffd352ff2173
ffffff57ffffff57ff21b9
ffffad39ffffad39ff2124
4e522e124e522e12522053
080b0801080b08010b200b
191f1503191f15031f201f
49644d0249644d02642064
c6ffd80cc6ffd80cff2114
ffffff13ffffff13ff219f
edffff10edffff10ff214c
5a8168095a816809812081
060d0e05060d0e050e100d
14150c0514150c05152015
2830200628302006302030
4a5c40064a5c40065c205c
90b9860790b98607b920b9
e9ffdd08e9ffdd08ff212e
fdfff307fdfff307ff214b
a6daa004a6daa004da20da
384a3800384a38004a204a
0508070205080702082008
0402000204020002043002
0100010201000102020002
0001020100010201021001
0000000000000000000000
0304030003040300042004
0c1818060c181806181018
376d6d21376d6d216d1071
94ffff5594ffff55ff2127
daffff7bdaffff7bff21a9
b0ffff67b0ffff67ff215e
54a3a23154a3a231a320aa
182c2a0a182c2a0a2c202d
1019160510191605192019
4b6d59094b6d59096d206d
affac910affac910fa20fa
ffffff1dffffff1dff2188
ffffff22ffffff22ff2181
83c9a91983c9a919c920ca
07191f0f07191f0f1f101d
1813040d1813040d183017
0f05070f0f05070f0f000f
0c010a0f0c010a0f0f000f
0c03080d0c03080d0d000d
0c04060c0c04060c0c000c
0c04060c0c04060c0c000c
0d06050c0d06050c0d300d
0f08030c0f08030c0f300e
0c05040b0c05040b0c300c
0904030809040308093008
0804020608040206083007
0602020606020206060006
0804020608040206083007
0a0700070a0700070a3009
0904030809040308093008
0801060908010609090009
0901070b0901070b0b000b
0a02080c0a02080c0c000c
0c04060c0c04060c0c000c
0c05040b0c05040b0c300c
0c0702090c0702090c300b
0c0800080c0800080c300b
0c0800080c0800080c300b
0904030809040308093008
0601040706010407070007
0300030403000304040004
0202020002020200021002
0c0700070c0700070c3009
1b1101131b1101131b3019
2c1d021f2c1d021f2c302a
3121012331210123313030
2a1b021d2a1b021d2a3027
1b1003141b1003141b3019
1109030d1109030d11300f
110d0309110d030911300f
0f0c03080f0c03080f300e
0c0702090c0702090c300b
0c05040b0c05040b0c300c
0301010303010103030003
0506050005060500062006
080c0a02080c0a020c200c
0407060104070601072007
0304030003040300042004
0505030105050301052005
0708050207080502082008
070a0700070a07000a200a
0306050203060502062006
0305050103050501051005
0506050005060500062006
0608060006080600082008
0305050103050501051005
0003040300030403041004
0004060400040604061005
0508070205080702082008
080a0602080a06020a200a
0909050309090503092009
0809060108090601092009
0608060006080600082008
0304030003040300042004
0103030101030301031003
0307070303070703071007
0308090403080904091008
0509090305090903091009
0608060006080600082008
0605020306050203063005
0805000508050005083007
0a0700070a0700070a3009
0c0902070c0902070c300b
0b0903050b0903050b300a
0a0b06030a0b06030b200b
090b0701090b07010b200b
0608060006080600082008
0407060104070601072007
0204040202040402041004
0305050103050501051005
0609080106090801092009
0508070205080702082008
0407060104070601072007
0505030105050301052005
0301010303010103030003
0402020404020204040004
0403000304030003043004
0402000204020002043002
0404020204040202042004
0606020206060202062006
0707030307070303072007
0806020408060204083007
0605020306050203063005
0303010103030101032003
0304030003040300042004
0104050201040502051004
211d0b0d211d0b0d21301f
94964e2c94964e2c96209c
ffffc15bffffc15bff2166
ffffee74ffffee74ff21bb
ffff955dffff955dff2131
7563213575632135753070
1602181e1602181e1e001e
061d2615061d2615261023
1e312c0b1e312c0b312032
616d4311616d43116d206e
e2e47448e2e47448e420ef
ffffaa7effffaa7eff3172
ffffa883ffffa883ff3176
e6dd6655e6dd6655e630ec
5c5424225c5424225c305a
16150a0716150a07163016
0204040202040402041004
1614080816140808163015
7075401d7075401d752078
ffffb446ffffb446ff213d
ffffff5effffff5eff21b8
ffffc144ffffc144ff214b
7484521474845214842085
0e1a1a0a0e1a1a0a1a101b
12040c1412040c14140014
3629081d3629081d363032
9a994c339a994c339a30a1
ffffc150ffffc150ff2159
ffffff5cffffff5cff21c3
ffffc247ffffc247ff2150
72743c2272743c22742078
0801080908010809090009
16201a0216201a02202020
4c6b54054c6b54056b206b
cdffdf0ccdffdf0cff211e
ffffff11ffffff11ff21a1
e9ffff10e9ffff10ff2146
547d680d547d680d7d207d
000c120c000c120c121010
1813040d1813040d183017
2e2f180f2e2f180f2f2031
515e3d0e515e3d0e5e205f
94ba840a94ba840aba20ba
e8ffde07e8ffde07ff212f
fefff605fefff605ff214d
a8dda403a8dda403dd20dd
3a4e3a003a4e3a004e204e
0509090305090903091009
0402020404020204040004
0300030403000304040004
0300030403000304040004
0300030403000304040004
0604000406040004063005
1825200318252003252025
58998e2158998e2199209c
c2ffff52c2ffff52ff215d
eaffff6beaffff6bff21aa
99ffff5099ffff50ff2125
3c7270203c727020722076
1017140110171401172017
0f20210c0f20210c211022
47756b1747756b17752077
aaffe628aaffe628ff210c
ffffff36ffffff36ff2195
f4ffff32f4ffff32ff2179
71b69f1e71b69f1eb620b8
0112190e0112190e191016
1511050b1511050b153014
0c04060c0c04060c0c000c
0a03060b0a03060b0b000b
0b04050a0b04050a0b300a
0a04040a0a04040a0a000a
0b04050a0b04050a0b300a
0c05040b0c05040b0c300c
0f08030c0f08030c0f300e
0d06050c0d06050c0d300d
0d06050c0d06050c0d300d
0c05040b0c05040b0c300c
0903050909030509090009
0904030809040308093008
0b0601080b0601080b300a
0904030809040308093008
0601040706010407070007
0501030505010305050005
0501030505010305050005
0703030707030307070007
0a0602080a0602080a300a
0c0800080c0800080c300b
0c0800080c0800080c300b
0c0800080c0800080c300b
0905010709050107093008
0603020506030205063005
0402020404020204040004
0300030403000304040004
0100010201000102020002
0805000508050005083007
1a1202101a1202101a3018
291e031a291e031a293027
2d20011e2d20011e2d302b
2518011a2518011a253023
1a1100111a1100111a3018
1410040a1410040a143012
0f0c03080f0c03080f300e
0b0601080b0601080b300a
0904030809040308093008
0404020204040202042004
060a0802060a08020a200a
060b0a03060b0a030b200b
0305050103050501051005
0304030003040300042004
0304030003040300042004
0607040106070401072007
0a0b06030a0b06030b200b
0806020408060204083007
0605020306050203063005
0607040106070401072007
0608060006080600082008
0407060104070601072007
0204040202040402041004
0104050201040502051004
0405040104050401052005
0606040206060402062006
0a0b06030a0b06030b200b
090b0701090b07010b200b
0608060006080600082008
0305050103050501051005
0205060302050603061005
0308090403080904091008
0307070303070703071007
0407060104070601072007
0505030105050301052005
0404020204040202042004
0505030105050301052005
0505030105050301052005
080a0602080a06020a200a
090b0701090b07010b200b
090c0900090c09000c200c
090c0900090c09000c200c
0608060006080600082008
0608060006080600082008
0305050103050501051005
0205060302050603061005
040a0a04040a0a040a100a
0307070303070703071007
0304030003040300042004
0404020204040202042004
0201000102010001023001
0201000102010001023001
0404020204040202042004
0304030003040300042004
0204040202040402041004
0304030003040300042004
0605020306050203063005
0707030307070303072007
0607040106070401072007
0305050103050501051005
0205060302050603061005
0107090501070905091008
150e010c150e010c153012
706e3624706e3624703073
ffffa64effffa64eff2134
fffff36afffff36aff21b5
ffffb85affffb85aff2159
8d873d338d873d338d3090
1c0b0c191c0b0c191c301b
061920110619201120101e
1525230b1525230b252026
40462a0c40462a0c462047
aaa24a3eaaa24a3eaa30ad
ffff8979ffff8979ff3144
ffffab91ffffab91ff318c
ffff7f71ffff7f71ff312e
908336399083363990308e
2e2810122e2810122e302b
0a0904030a0904030a3009
0d0d07030d0d07030d200d
5256301452563014562058
f1ff993af1ff993aff210c
ffffff57ffffff57ff21b1
ffffe545ffffe545ff217b
98b1721798b17217b120b2
1b2c270a1b2c270a2c202d
1000101610001016160016
2d1e011c2d1e011c2d3029
817e3d2c817e3d2c813085
ffffaf48ffffaf48ff213a
ffffff5dffffff5dff21c0
ffffd254ffffd254ff2173
9a9a4e329a9a4e329a20a1
1d1201121d1201121d3019
121e1a04121e1a041e201e
5171590551715905712071
d4ffe60cd4ffe60cff2126
ffffff12ffffff12ff21a4
e4ffff13e4ffff13ff2143
4f7c6b124f7c6b127c207d
040d1813040d1813181017
1d1103151d1103151d301b
332d1117332d1117333032
5961371759613717612063
9dbe7f149dbe7f14be20bf
f2ffda10f2ffda10ff2132
fffff50bfffff50bff2151
ade1a505ade1a505e120e1
3e523e003e523e00522052
060c0c04060c0c040c100c
0601040706010407070007
0600060806000608080008
0600060806000608080008
0600060806000608080008
0906010609060106093008
23362f0623362f06362036
76c7b42776c7b427c720ca
e6ffff51e6ffff51ff2189
edffff5dedffff5dff219f
80eae04080eae040ea20f2
254c4f1a254c4f1a4f1050
0206060202060602061006
172c2d0e172c2d0e2d102e
4c8982234c89822389208d
acffff3eacffff3eff2128
faffff4efaffff4eff219f
d7ffff41d7ffff41ff2164
589a8e22589a8e229a209d
0409120d0409120d12100f
1210060812100608123011
0904030809040308093008
0903050909030509090009
0a04040a0a04040a0a000a
0b0503090b0503090b300a
0905010709050107093008
0804020608040206083007
0a0602080a0602080a300a
0c05040b0c05040b0c300c
0e05060d0e05060d0e300d
0e06060e0e06060e0e000f
0e05060d0e05060d0e300d
0c05040b0c05040b0c300c
0c0702090c0702090c300b
0904030809040308093008
0703030707030307070007
0603020506030205063005
0301010303010103030003
0402000204020002043002
0605020306050203063005
0907010509070105093008
0a0700070a0700070a3009
0c0800080c0800080c300b
0a0700070a0700070a3009
0805000508050005083007
0502010405020104053004
0300030403000304040004
0402020404020204040004
0201020302010203030003
0808040208080402082008
1813040d1813040d183017
261b0219261b0219263024
2a1d001d2a1d001d2a3029
251a0118251a0118253023
1d1503111d1503111d301b
140e020c140e020c143012
0c0800080c0800080c300b
0804020608040206083007
0407060104070601072007
080c0a02080c0a020c200c
0608060006080600082008
0404020204040202042004
0505030105050301052005
0304030003040300042004
0505030105050301052005
0909050309090503092009
0707030307070303072007
0607040106070401072007
0608060006080600082008
0608060006080600082008
0607040106070401072007
0404020204040202042004
0504010205040102053004
0404020204040202042004
0505030105050301052005
090c0900090c09000c200c
090c0900090c09000c200c
0608060006080600082008
0407060104070601072007
0307070303070703071007
0308090403080904091008
0205060302050603061005
0305050103050501051005
0304030003040300042004
0304030003040300042004
0407060104070601072007
0205060302050603061005
0509090305090903091009
070b0901070b09010b200b
090c0900090c09000c200c
090c0900090c09000c200c
0608060006080600082008
0608060006080600082008
0407060104070601072007
0307070303070703071007
0508070205080702082008
0405040104050401052005
0402000204020002043002
0403000304030003043004
0403000304030003043004
0202020002020200021002
0204040202040402041004
0206060202060602061006
0204040202040402041004
0002040200020402041002
0204040202040402041004
0408080204080802081008
0508070205080702082008
0206060202060602061006
0307070303070703071007
03090b0503090b050b100a
0b04050a0b04050a0b300a
524f261b524f261b523053
ecfc8e3eecfc8e3efc2103
fffff35cfffff35cff21a6
ffffda53ffffda53ff217c
a7ae5f2ea7ae5f2eae20b3
231a0512231a051223301f
0a1718090a171809181018
131d1905131d19051d201d
2828160a2828160a282029
75692b2f75692b2f753073
fff36967fff36967ff3107
ffffa591ffffa591ff3185
ffff9786ffff9786ff3166
ccbe5250ccbe5250cc30ce
4e461c1e4e461c1e4e304c
1311070713110707133012
0607040106070401072007
3b3d210f3b3d210f3d203e
c7da812ec7da812eda20de
fffffd4cfffffd4cff21a0
ffffff46ffffff46ff21a1
c0e0901ec0e0901ee020e2
2f4133052f413305412041
0a0410120a041012120012
2317011723170117233020
6a6832246a6832246a306e
fdff9d3ffdff9d3fff2118
fffff55efffff55eff21ae
ffffd665ffffd665ff218c
c9c55f47c9c55f47c930d1
3d2f0b1f3d2f0b1f3d3038
0917190909171909191018
53775f0753775f07772077
d8fff010d8fff010ff2130
ffffff19ffffff19ff21a9
ddffff1addffff1aff2141
4a7b6e174a7b6e177b207d
060f1c17060f1c171c101b
1e0f08191e0f08191e301d
342a0a1c342a0a1c343032
6060302060603020602065
a9bf7523a9bf7523bf20c2
ffffd121ffffd121ff2138
fffff218fffff218ff215a
b9eaa70cb9eaa70cea20ea
4458400244584002582058
09100f0409100f04102010
0401060704010607070007
0600060806000608080008
0600060806000608080008
0601040706010407070007
0a0d0a010a0d0a010d200d
2c4f4c132c4f4c134f2051
8df7e73b8df7e73bf720fd
f3ffff60f3ffff60ff21aa
dbffff5ddbffff5dff218a
63bfbb3963bfbb39bf20c7
1130371811303718371035
0a0a04040a0a04040a200a
23403d1023403d10402041
5ca8a22e5ca8a22ea820ae
b5ffff50b5ffff50ff2149
eeffff5eeeffff5eff21a2
b8ffff46b8ffff46ff2141
4178731e4178731e78207b
0701090907010909090009
100e0408100e0408103010
0a04040a0a04040a0a000a
0a02060a0a02060a0a000a
0a04040a0a04040a0a000a
0c0702090c0702090c300b
0a0700070a0700070a3009
0804020608040206083007
0803020708030207083007
0904030809040308093008
0903050909030509090009
0c05040b0c05040b0c300c
0d07030b0d07030b0d300d
0c0702090c0702090c300b
0c0800080c0800080c300b
0905010709050107093008
0804020608040206083007
0704010607040106073007
0604000406040004063005
0303010103030101032003
0304030003040300042004
0505030105050301052005
0604000406040004063005
0a0700070a0700070a3009
0c0800080c0800080c300b
0a0700070a0700070a3009
0603020506030205063005
0300030403000304040004
0501030505010305050005
0601040706010407070007
0201040502010405050005
0807040308070403083007
1711030d1711030d173015
231a0316231a0316233022
291d011b291d011b293027
261a001a261a001a263024
1e1400141e1400141e301c
140d000d140d000d143012
0b0601080b0601080b300a
0607040106070401072007
0a0b06030a0b06030b200b
0806020408060204083007
0605020306050203063005
0607040106070401072007
0304030003040300042004
0304030003040300042004
0607040106070401072007
0708050207080502082008
0809060108090601092009
0608060006080600082008
0608060006080600082008
0505030105050301052005
0404020204040202042004
0504010205040102053004
0404020204040202042004
0607040106070401072007
090b0701090b07010b200b
0a0b06030a0b06030b200b
0908030409080304093008
0908030409080304093008
0908030409080304093008
0908030409080304093008
0605020306050203063005
0505030105050301052005
0304030003040300042004
0305050103050501051005
0509090305090903091009
0107090501070905091008
02080a0602080a060a100a
03090b0503090b050b100a
060b0a03060b0a030b200b
070b0901070b09010b200b
0607040106070401072007
0707030307070303072007
0908030409080304093008
0908030409080304093008
0806020408060204083007
0604000406040004063005
0403000304030003043004
0402000204020002043002
0404020204040202042004
0405020104050201052005
0304030003040300042004
0506050005060500062006
0304030003040300042004
0103030101030301031003
0204040202040402041004
0408080204080802081008
0508070205080702082008
0305050103050501051005
0609080106090801092009
060b0a03060b0a030b200b
0402060604020606060006
393719133937191339303a
c4cf7235c4cf7235cf20d5
ffffe25bffffe25bff218f
ffffe85effffe85eff219a
d0da783ad0da783ada20e1
3630141436301414363034
0b110d010b110d01112011
16160a0816160a08162017
1f1705111f1705111f301c
504216245042162450304b
c7b64b50c7b64b50c730c6
ffff9087ffff9087ff315f
ffffa496ffffa496ff3189
ffff6f6bffff6f6bff3114
7d702d327d702d327d307a
26200c1026200c10263023
0200020202000202020002
292a170a292a170a2a202b
a3b46b24a3b46b24b420b7
ffffee45ffffee45ff2187
ffffff4bffffff4bff21bb
ecffaa2becffaa2bff2112
4a583a084a583a08582058
02090c0702090c070c100b
1711030d1711030d173015
54552c1954552c19552058
daed8835daed8835ed20f2
ffffdd5cffffdd5cff218c
ffffd271ffffd271ff2195
f8f2725cf8f2725cf83102
67571d2f67571d2f673062
0709130f0709130f131011
567c6408567c64087c207c
e1fffb11e1fffb11ff213d
ffffff1cffffff1cff21b0
d7ffff1ed7ffff1eff213d
46776c1946776c19772079
050f1b15050f1b151b1019
1a0c08161a0c08161a3019
3024061c3024061c30302d
5e5a28245e5a28245e3060
acbc6e2aacbc6e2abc20c0
ffffd029ffffd029ff213f
fffff61ffffff61fff2168
c6f7ac11c6f7ac11f720f7
4d6043064d604306602060
0f140f000f140f00142014
0003040300030403041004
0300030403000304040004
0300030403000304040004
0403000304030003043004
0e1918050e191805192019
3c7474223c747422741078
a3ffff55a3ffff55ff2138
f0ffff74f0ffff74ff21bd
bbffff5cbbffff5cff2162
4c95942d4c95942d95209b
091b210f091b210f21101e
1218120012181200182018
33574f1133574f11572058
75cebf3075cebf30ce20d3
cbffff55cbffff55ff216b
e8ffff60e8ffff60ff219b
98fff84198fff841ff2112
2c5554172c555417552058
0703030507030305073005
0c0902070c0902070c300b
0a04040a0a04040a0a000a
0903050909030509090009
0904030809040308093008
0c0800080c0800080c300b
0c0800080c0800080c300b
0904030809040308093008
0703030707030307070007
0804020608040206083007
0602020606020206060006
0805000508050005083007
0908030409080304093008
0908030409080304093008
0908030409080304093008
0706010407060104073007
0604000406040004063005
0604000406040004063005
0706010407060104073007
0605020306050203063005
0504010205040102053004
0404020204040202042004
0402000204020002043002
0605020306050203063005
0907010509070105093008
0a0700070a0700070a3009
0904030809040308093008
0600060806000608080008
0600060806000608080008
0600060806000608080008
0703030707030307070007
0300030403000304040004
0809060108090601092009
1411060914110609143013
1f1703131f1703131f301d
261a001a261a001a263024
261a001a261a001a263024
1e1502131e1502131e301c
110d0309110d030911300f
0505030105050301052005
0909050309090503092009
0707030307070303072007
0607040106070401072007
0608060006080600082008
0304030003040300042004
0303010103030101032003
0605020306050203063005
0909050309090503092009
090b0701090b07010b200b
0608060006080600082008
0608060006080600082008
0304030003040300042004
0304030003040300042004
0305050103050501051005
0204040202040402041004
0407060104070601072007
0809060108090601092009
0909050309090503092009
0908030409080304093008
0908030409080304093008
0908030409080304093008
0908030409080304093008
0707030307070303072007
0607040106070401072007
0305050103050501051005
0307070303070703071007
040a0a04040a0a040a100a
0308090403080904091008
0308090403080904091008
0308090403080904091008
0509090305090903091009
0609080106090801092009
0505030105050301052005
0605020306050203063005
0908030409080304093008
0907010509070105093008
0806000608060006083008
0805000508050005083007
0604000406040004063005
0403000304030003043004
0504010205040102053004
0605020306050203063005
0605020306050203063005
0607040106070401072007
0304030003040300042004
0304030003040300042004
0305050103050501051005
0508070205080702082008
0407060104070601072007
0305050103050501051005
060b0a03060b0a030b200b
060c0c04060c0c040c100c
00060a0600060a060a1008
29220b1229220b12293026
a1a04f34a1a04f34a130a8
ffffbe63ffffbe63ff216c
ffffe774ffffe774ff21b1
ffff9051ffff9051ff211a
5954271e5954271e593059
0202000202020002020002
160e0010160e0010163015
1d1103151d1103151d301b
392d0b1d392d0b1d393035
9180313c9180313c91308d
ffff7175ffff7175ff3123
ffff9f9effff9f9eff318e
ffff888affff888aff3158
bca9444dbca9444dbc30b9
433a151c433a151c433040
0d0901070d0901070d300b
191c1104191c11041c201c
8391571b8391571b912093
ffffdb3effffdb3eff2165
ffffff4dffffff4dff21c7
ffffbf38ffffbf38ff213c
696f3d1b696f3d1b6f2072
150e010e150e010e153013
020e140c020e140c141012
3244340432443404442044
a8c37c1ba8c37c1bc320c4
ffffca4affffca4aff215d
ffffd766ffffd766ff218d
ffff9557ffff9557ff2128
86843e2e86843e2e86308b
130a050e130a050e133011
5a8066065a806606802080
edffff10edffff10ff214c
ffffff1bffffff1bff21b7
d5fffb1ad5fffb1aff2137
466e5e10466e5e106e206f
020b0e07020b0e070e100d
0b0903050b0903050b300a
1d1c0d0a1d1c0d0a1d301d
4b502d144b502d14502052
9eb8761c9eb8761cb820ba
ffffdc1cffffdc1cff2143
ffffff16ffffff16ff2172
ccffb80dccffb80dff2103
51684b0451684b04682068
1117110111171101172017
0104050201040502051004
0101030301010303030003
0300030403000304040004
0606040206060402062006
172c2d0c172c2d0c2d102d
54a6a63454a6a634a610ad
bdffff68bdffff68ff2170
e8ffff75e8ffff75ff21b4
9dffff4a9dffff4aff2125
3e6d66173e6d66176d206f
0a0c08020a0c08020c200c
1023240d1023240d241025
3b6b651b3b6b651b6b206e
8df3df358df3df35f320f8
e2ffff54e2ffff54ff2189
e1ffff59e1ffff59ff218b
7adbd0397adbd039db20e2
18373c1518373c153c103a
0a0502070a0502070a3008
0906010609060106093008
0804020608040206083007
0703030707030307070007
0904030809040308093008
0c0800080c0800080c300b
0c0800080c0800080c300b
0905010709050107093008
0804020608040206083007
0704010607040106073007
0603020506030205063005
0706010407060104073007
0908030409080304093008
0908030409080304093008
0908030409080304093008
0806020408060204083007
0604000406040004063005
0604000406040004063005
0806020408060204083007
0706010407060104073007
0604000406040004063005
0604000406040004063005
0402020404020204040004
0604000406040004063005
0805000508050005083007
0905010709050107093008
0904030809040308093008
0600060806000608080008
0600060806000608080008
0601040706010407070007
0804020608040206083007
0502030605020306060006
0004060400040604061005
0808040208080402082008
120c000c120c000c123010
1f1303171f1303171f301d
291a031e291a031e293027
2a1c021e2a1c021e2a3029
2216021822160218223020
0304030003040300042004
0608060006080600082008
0608060006080600082008
0608060006080600082008
0607040106070401072007
0404020204040202042004
0402000204020002043002
0404020204040202042004
090b0701090b07010b200b
090c0900090c09000c200c
0608060006080600082008
0607040106070401072007
0404020204040202042004
0505030105050301052005
0407060104070601072007
0204040202040402041004
0305050103050501051005
0608060006080600082008
0608060006080600082008
0608060006080600082008
0608060006080600082008
0608060006080600082008
0608060006080600082008
0608060006080600082008
0608060006080600082008
0407060104070601072007
0508070205080702082008
0609080106090801092009
0608060006080600082008
0607040106070401072007
0708050207080502082008
0809060108090601092009
0607040106070401072007
0404020204040202042004
0504010205040102053004
0707030307070303072007
0806020408060204083007
0805000508050005083007
0806000608060006083008
0805000508050005083007
0605020306050203063005
0504010205040102053004
0404020204040202042004
0606020206060202062006
0707030307070303072007
0605020306050203063005
0505030105050301052005
0407060104070601072007
0508070205080702082008
0305050103050501051005
0407060104070601072007
080c0a02080c0a020c200c
070c0b02070c0b020c200c
040b0c05040b0c050c100c
1910011019100110193016
7b72312e7b72312e7b307a
ffff9a60ffff9a60ff213a
ffffe27effffe27eff21b8
ffffac64ffffac64ff2156
8886422c8886422c88308d
14150c0314150c03152015
0e07040d0e07040d0e300e
180f0211180f0211183016
2b2107172b2107172b3028
66561c2e66561c2e663061
e1c84b62e1c84b62e130de
ffff8a9bffff8a9bff3171
ffff98a2ffff98a2ff318a
fff0636cfff0636cff3107
7163272d7163272d71306c
1b16070c1b16070c1b3019
0e110c010e110c01112011
6772451467724514722073
ffffc535ffffc535ff213f
ffffff4cffffff4cff21c6
ffffca46ffffca46ff215b
898239348982393489308c
2e11142b2e11142b2e302e
150f2b2b150f2b2b2b002d
0e3440240e34402440103f
6e9674066e967406962096
faffc028faffc028ff2128
ffffe746ffffe746ff217c
ffffbf3effffbf3eff2142
98aa662098aa6620aa20ac
1c1a0a0a1c1a0a0a1c301b
5e866c085e866c08862086
f6ffff14f6ffff14ff215c
ffffff1cffffff1cff21ba
d0ffec13d0ffec13ff2129
46614c0346614c03612061
0905010709050107093008
01090f0b01090f0b0f100e
0a16180a0a16180a181018
32473a0532473a05472047
87b3850187b38501b320b3
f5ffed06f5ffed06ff2142
ffffff08ffffff08ff2176
cbffc306cbffc306ff210a
546f5201546f52016f206f
1119150311191503192019
0004060400040604061005
0203060502030605061005
0400040604000406060006
0a0e0c000a0e0c000e200e
244b4e19244b4e194e104f
70e1e24b70e1e24be210ed
d0ffff74d0ffff74ff2194
d6ffff64d6ffff64ff218c
84ddc82b84ddc82bdd20e1
394b3903394b39034b204b
12020e1612020e16160016
0a2d3a1f0a2d3a1f3a1036
3c8086303c808630861088
96ffff4d96ffff4dff211f
e6ffff64e6ffff64ff21a0
ccffff59ccffff59ff2171
5bada7315bada731ad20b3
0a2026100a202610261023
0906010609060106093008
0806000608060006083008
0804020608040206083007
0602020606020206060006
0804020608040206083007
0a0700070a0700070a3009
0c0800080c0800080c300b
0a0700070a0700070a3009
0804020608040206083007
0704010607040106073007
0805000508050005083007
0806020408060204083007
0908030409080304093008
0907010509070105093008
0a0700070a0700070a3009
0a0700070a0700070a3009
0804020608040206083007
0704010607040106073007
0907010509070105093008
0805000508050005083007
0704010607040106073007
0804020608040206083007
0602020606020206060006
0804020608040206083007
0704010607040106073007
0805000508050005083007
0604000406040004063005
0300030403000304040004
0300030403000304040004
0402020404020204040004
0604000406040004063005
0502010405020104053004
0100010201000102020002
0301010303010103030003
0a0304090a0304090a3009
140a0410140a0410143012
211305192113051921301f
2c1a06222c1a06222c302a
2f190b272f190b272f302e
0304030003040300042004
0608060006080600082008
0608060006080600082008
0607040106070401072007
0605020306050203063005
0604000406040004063005
0403000304030003043004
0505030105050301052005
090c0900090c09000c200c
090c0900090c09000c200c
0608060006080600082008
0505030105050301052005
0404020204040202042004
0607040106070401072007
0608060006080600082008
0304030003040300042004
0304030003040300042004
0608060006080600082008
0608060006080600082008
0608060006080600082008
0608060006080600082008
0607040106070401072007
0707030307070303072007
0909050309090503092009
0809060108090601092009
0608060006080600082008
0608060006080600082008
0608060006080600082008
0607040106070401072007
0605020306050203063005
0908030409080304093008
0a0a04040a0a04040a200a
0806020408060204083007
0604000406040004063005
0604000406040004063005
0805000508050005083007
0806000608060006083008
0805000508050005083007
0806020408060204083007
0707030307070303072007
0606020206060202062006
0404020204040202042004
0505030105050301052005
0505030105050301052005
0605020306050203063005
0707030307070303072007
0607040106070401072007
0608060006080600082008
0607040106070401072007
0404020204040202042004
0809060108090601092009
090c0900090c09000c200c
090c0900090c09000c200c
0a0f0c010a0f0c010f200f
0902050809020508093008
524a1e20524a1e20523050
f2f37a4ff2f37a4ff320ff
ffffdc78ffffdc78ff21a9
ffffcc6effffcc6eff2189
bdc16539bdc16539c120c9
30321c0a30321c0a322032
0701090b0701090b0b000b
160b0613160b0613163015
2617041b2617041b263023
4d37072d4d37072d4d3047
ac8a2656ac8a2656ac30a2
ffff6791ffff6791ff313c
ffff98b1ffff98b1ff319e
ffff7e91ffff7e91ff3157
b49e3a4eb49e3a4eb430b0
3b2f0f1b3b2f0f1b3b3036
0005060300050603061005
505a380e505a380e5a205b
f1ffaf2bf1ffaf2bff2118
ffffff47ffffff47ff21b8
ffffd649ffffd649ff216c
9a903e3c9a903e3c9a309c
36111e3736111e37370039
1d1137391d11373939003b
092541330925413341103f
416e651a416e651a6e2071
c4f7ae0fc4f7ae0ff720f7
ffffeb30ffffeb30ff2169
ffffdb31ffffdb31ff2156
aac8821aaac8821ac820c9
2325150723251507252025
658f7107658f71078f208f
ffffff12ffffff12ff216a
ffffff14ffffff14ff21b6
ccffd405ccffd405ff2115
4755390b4755390b552055
0e020a100e020a10100010
050b1511050b1511151014
02151e1302151e131e101c
2444421424444214442046
76ac8c1076ac8c10ac20ac
e6fff006e6fff006ff213a
ffffff03ffffff03ff2173
cdffc506cdffc506ff210c
5a7556035a755603752075
141d1803141d18031d201d
0104070601040706071007
0203060502030605061005
0302010203020102033002
0e1e200a0e1e200a20101f
3679822f3679822f821081
8affff688affff68ff1130
cbffff80cbffff80ff219c
b1ffff54b1ffff54ff214a
69a1891169a18911a120a1
3532171635321716353036
1606202416062024240024
073a5130073a513051104b
3e9eb04a3e9eb04ab010ae
99ffff7099ffff70ff114d
d4ffff81d4ffff81ff21aa
a2ffff61a2ffff61ff2147
3b7d812b3b7d812b811084
020f160b020f160b161012
0805000508050005083007
0905010709050107093008
0904030809040308093008
0703030707030307070007
0805000508050005083007
0805000508050005083007
0a0700070a0700070a3009
0c0800080c0800080c300b
0904030809040308093008
0904030809040308093008
0a0700070a0700070a3009
0907010509070105093008
0908030409080304093008
0805000508050005083007
0905010709050107093008
0c0800080c0800080c300b
0904030809040308093008
0904030809040308093008
0c0800080c0800080c300b
0905010709050107093008
0804020608040206083007
0703030707030307070007
0703030707030307070007
0805000508050005083007
0605020306050203063005
0607040106070401072007
0304030003040300042004
0000000000000000000000
0000000000000000000000
0201000102010001023001
0404020204040202042004
0303010103030101032003
0103030101030301031003
0003040300030403041004
0301050503010505050005
0903050909030509090009
140a0410140a0410143012
201106192011061920301e
28130c2328130c23283027
0304030003040300042004
0608060006080600082008
0608060006080600082008
0505030105050301052005
0403000304030003043004
0604000406040004063005
0605020306050203063005
0607040106070401072007
090b0701090b07010b200b
0a0c08020a0c08020c200c
0809060108090601092009
0304030003040300042004
0304030003040300042004
0608060006080600082008
0607040106070401072007
0404020204040202042004
0505030105050301052005
0607040106070401072007
0708050207080502082008
0809060108090601092009
0607040106070401072007
0605020306050203063005
0806020408060204083007
0a0a04040a0a04040a200a
0a0a04040a0a04040a200a
0908030409080304093008
0908030409080304093008
0908030409080304093008
0806020408060204083007
0604000406040004063005
0907010509070105093008
0c0902070c0902070c300b
0a0700070a0700070a3009
0805000508050005083007
0605020306050203063005
0504010205040102053004
0605020306050203063005
0706010407060104073007
0706010407060104073007
0908030409080304093008
0806020408060204083007
0605020306050203063005
0606020206060202062006
0404020204040202042004
0505030105050301052005
0608060006080600082008
0608060006080600082008
0607040106070401072007
0605020306050203063005
0605020306050203063005
090a0502090a05020a200a
0a0c08020a0c08020c200c
0b0e0b000b0e0b000e200e
0b100d020b100d02102010
0006080400060804081007
312b1113312b111331302f
bbba5d3cbbba5d3cbb30c3
ffffca6dffffca6dff2186
ffffe175ffffe175ff21ad
f6ff8a48f6ff8a48ff2109
5358331253583312582059
030e130c030e130c131012
15040f1815040f18180018
230e0d20230e0d20233022
3c23062b3c23062b3c3037
7b5b0f457b5b0f457b3072
ffd8457affd8457aff30f8
ffff86b1ffff86b1ff318a
ffff8db3ffff8db3ff3194
ffe85578ffe85578ff3105
705c1c34705c1c34703069
150d010d150d010d153012
3b462d083b462d08462046
d0f19a23d0f19a23f120f3
ffffff3effffff3eff21a4
ffffe741ffffe741ff2178
9e9d4e339e9d4e339e30a5
2e0e182e2e0e182e2e0030
1614343216143432341035
0f1a37300f1a3730371036
264e501e264e501e501053
9dcb95059dcb9505cb20cb
ffffe226ffffe226ff2152
ffffea2cffffea2cff2164
bde2951abde2951ae220e3
2b301d082b301d08302030
6c9776056c977605972097
ffffff0affffff0aff2172
ffffff04ffffff04ff21aa
caffb60ecaffb60eff2100
4d4c251c4d4c251c4d3050
1903151f1903151f1f001f
0e0d221f0e0d221f221021
07182b2207182b222b1029
18424a2218424a224a104a
66a28c1a66a28c1aa220a4
d8ffe80bd8ffe80bff212b
ffffff04ffffff04ff216a
d0ffc409d0ffc409ff210d
607c5a04607c5a047c207c
18221a0218221a02222022
0004060400040604061005
0100010201000102020002
03090b0503090b050b100a
1539431b1539431b43103f
4db7c74f4db7c74fc710c7
9bffff889bffff88ff116c
afffff89afffff89ff1185
7cf1ee4b7cf1ee4bf120fc
476a5908476a59086a206a
2a1e021c2a1e021c2a3029
15102d2c15102d2c2d102e
0b4f6d3f0b4f6d3f6d1065
4bc7e1634bc7e163e110de
a0ffff8aa0ffff8aff1178
bfffff8cbfffff8cff119e
77faff5c77faff5cff110a
1d4f5b251d4f5b255b1057
07040d0c07040d0c0d100c
0904030809040308093008
0904030809040308093008
0905010709050107093008
0804020608040206083007
0806000608060006083008
0804020608040206083007
0905010709050107093008
0c0800080c0800080c300b
0904030809040308093008
0904030809040308093008
0c0800080c0800080c300b
0c0800080c0800080c300b
0c0800080c0800080c300b
0904030809040308093008
0904030809040308093008
0c0800080c0800080c300b
0905010709050107093008
0804020608040206083007
0a0700070a0700070a3009
0a0700070a0700070a3009
0804020608040206083007
0602020606020206060006
0805000508050005083007
0706010407060104073007
0706010407060104073007
0908030409080304093008
0604000406040004063005
0301010303010103030003
0201000102010001023001
0000000000000000000000
0303010103030101032003
0404020204040202042004
0504010205040102053004
0404020204040202042004
0304030003040300042004
0202040402020404040004
0904030809040308093008
1107070f1107070f113010
19080d1a19080d1a1a001b
0304030003040300042004
0608060006080600082008
0607040106070401072007
0404020204040202042004
0402000204020002043002
0404020204040202042004
0607040106070401072007
0608060006080600082008
0809060108090601092009
0a0b06030a0b06030b200b
0a0a04040a0a04040a200a
0605020306050203063005
0505030105050301052005
0608060006080600082008
0505030105050301052005
0404020204040202042004
0607040106070401072007
0505030105050301052005
0707030307070303072007
0a0a04040a0a04040a200a
0806020408060204083007
0605020306050203063005
0607040106070401072007
0809060108090601092009
0909050309090503092009
0908030409080304093008
0908030409080304093008
0908030409080304093008
0706010407060104073007
0604000406040004063005
0806020408060204083007
0908030409080304093008
0908030409080304093008
0707030307070303072007
0606020206060202062006
0404020204040202042004
0504010205040102053004
0605020306050203063005
0806020408060204083007
0908030409080304093008
0707030307070303072007
0606020206060202062006
0605020306050203063005
0605020306050203063005
0607040106070401072007
0608060006080600082008
0607040106070401072007
0605020306050203063005
0605020306050203063005
0607040106070401072007
080a0800080a08000a200a
090d0b01090d0b010d200d
0a110e030a110e03112011
09100f0409100f04102010
0308090403080904091008
1c16060c1c16060c1c3019
8886422c8886422c88308d
ffffaf5fffffaf5fff2154
ffffec78ffffec78ff21bc
ffffaf57ffffaf57ff214a
7f894f1d7f894f1d89208c
14211e0914211e09212022
0f0211160f021116160016
1a0a0a181a0a0a181a301a
281a001a281a001a283024
4e3c0e284e3c0e284e3048
b3973153b3973153b330ac
ffff6c97ffff6c97ff314b
ffff8fc0ffff8fc0ff31a7
ffff70a0ffff70a0ff315b
bb9e3556bb9e3556bb30b3
3a2b0a1d3a2b0a1d3a3033
262f2003262f20032f202f
b4d08420b4d08420d020d2
ffffff39ffffff39ff2191
fffff33dfffff33dff2183
a6ac5c30a6ac5c30ac20b2
280e1226280e1226283028
0b172d250b172d252d102b
0b1429240b142924291029
18363a1818363a183a103b
7fa579037fa57903a520a5
ffffd420ffffd420ff2139
fffff329fffff329ff216d
cff9a71bcff9a71bf920fa
363c240a363c240a3c203c
709d7c07709d7c079d209d
ffffff0affffff0aff2174
ffffff01ffffff01ff2199
beeba213beeba213eb20eb
4b4217244b4217244b304b
22031e2b22031e2b2b002b
170e2b2c170e2b2c2c002e
0e1a342c0e1a342c341033
103c4a28103c4a284a1048
5a92801a5a92801a922094
cdffd505cdffd505ff2117
ffffff0bffffff0bff215f
d6ffc60cd6ffc60cff2112
67845f0467845f04842084
1b241b001b241b00242024
0304030003040300042004
0104050201040502051004
07171d0d07171d0d1d101a
2565753125657531751070
6bffff716bffff71ff1116
a2ffff9ea2ffff9eff1190
88ffff8688ffff86ff1153
48a3ae4148a3ae41ae10af
263b3407263b34073b203b
19090b1919090b1919001a
0a1f3a2d0a1f3a2d3a1036
1b6d89471b6d8947891082
64f4ff6e64f4ff6eff110b
b2ffff8ab2ffff8aff118c
b1ffff7ab1ffff7aff2176
56bac24656bac246c210c6
0c2c381a0c2c381a381033
0902070a0902070a0a000a
0904030809040308093008
0904030809040308093008
0a0700070a0700070a3009
0805000508050005083007
0805000508050005083007
0704010607040106073007
0804020608040206083007
0a0700070a0700070a3009
0905010709050107093008
0805000508050005083007
0907010509070105093008
0a0700070a0700070a3009
0c0800080c0800080c300b
0905010709050107093008
0805000508050005083007
0907010509070105093008
0806000608060006083008
0804020608040206083007
0905010709050107093008
0c0800080c0800080c300b
0905010709050107093008
0603020506030205063005
0706010407060104073007
0806020408060204083007
0805000508050005083007
0a0700070a0700070a3009
0904030809040308093008
0703030707030307070007
0603020506030205063005
0301010303010103030003
0402000204020002043002
0403000304030003043004
0604000406040004063005
0605020306050203063005
0607040106070401072007
0304030003040300042004
0200020202000202020002
0502070805020708080008
0b020d100b020d10100010
0604000406040004063005
0908030409080304093008
0806020408060204083007
0605020306050203063005
0304030003040300042004
0204040202040402041004
0407060104070601072007
0608060006080600082008
0607040106070401072007
0909050309090503092009
0b0a05040b0a05040b300a
0707030307070303072007
0607040106070401072007
0607040106070401072007
0404020204040202042004
0505030105050301052005
0607040106070401072007
0404020204040202042004
0706030207060302073006
090a0702090a07020a200a
0607040106070401072007
0406040004060400062006
0608060006080600082008
0608060006080600082008
0608060006080600082008
0608060006080600082008
0608060006080600082008
0608060006080600082008
0505030105050301052005
0404020204040202042004
0607040106070401072007
0608060006080600082008
0607040106070401072007
0707030307070303072007
0806020408060204083007
0605020306050203063005
0504010205040102053004
0404020204040202042004
0607040106070401072007
0607040106070401072007
0707030307070303072007
0806020408060204083007
0605020306050203063005
0607040106070401072007
0608060006080600082008
0607040106070401072007
0605020306050203063005
0605020306050203063005
0607040106070401072007
0608060006080600082008
070b0901070b09010b200b
090f0d03090f0d030f200f
0b110f030b110f03112011
0a100e020a100e02102010
0509090305090903091009
0f0901090f0901090f300c
605b2a21605b2a21603060
ffff8e51ffff8e51ff211a
ffffea75ffffea75ff21b6
ffffd461ffffd461ff2185
b2c27228b2c27228c220c6
2b392b032b392b03392039
08030c0f08030c0f0f000f
130f0509130f0509133011
161a1202161a12021a201a
262a1a06262a1a062a202a
67602b2467602b24673066
f0d85466f0d85466f030ee
ffff83adffff83adff3181
ffff86baffff86baff3195
ffef547fffef547fff310e
725e1e34725e1e3472306b
0912110409121104122012
9ab1701b9ab1701bb120b3
fffff236fffff236ff217b
fffffa3efffffa3eff218c
b4c06e2eb4c06e2ec020c5
2715071d2715071d273023
0018241800182418241021
04111e1704111e171e101c
1225260f1225260f261027
6a8660066a866006862086
efffc120efffc120ff2121
fffff52bfffff52bff2171
e2ffb61ee2ffb61eff2111
41482b0c41482b0c482048
73a4830a73a4830aa420a4
ffffff10ffffff10ff2176
ffffff0affffff0aff2188
a6d4980aa6d4980ad420d4
3d35131d3d35131d3d303c
1c001c261c001c26260026
130d2727130d2727270029
09182d2409182d242d102b
11333b1d11333b1d3b103a
557d670d557d670d7d207d
c7ffbd08c7ffbd08ff2102
fffff613fffff613ff2159
dfffc90fdfffc90fff211b
6e8c64066e8c64068c208c
1d251b011d251b01252025
0303010103030101032003
03090b0503090b050b100a
10303a1810303a183a1035
41a5b94d41a5b94db910b6
88ffff9088ffff90ff1160
9bffffa49bffffa4ff1191
5ff3ff755ff3ff75ff110d
215f6f31215f6f316f106a
0e1614020e161402162016
090c1b18090c1b181b101a
04354c2f04354c2f4c1046
3190a74e3190a74ea710a3
80ffff7080ffff70ff112f
beffff7dbeffff7dff218b
9fffff609fffff60ff2140
3f83872d3f83872d87108a
06161c0c06161c0c1c1019
0603020506030205063005
0704010607040106073007
0805000508050005083007
0908030409080304093008
0706010407060104073007
0604000406040004063005
0604000406040004063005
0603020506030205063005
0905010709050107093008
0a0700070a0700070a3009
0907010509070105093008
0805000508050005083007
0905010709050107093008
0c0800080c0800080c300b
0a0700070a0700070a3009
0907010509070105093008
0805000508050005083007
0905010709050107093008
0904030809040308093008
0904030809040308093008
0c0800080c0800080c300b
0a0700070a0700070a3009
0805000508050005083007
0805000508050005083007
0806000608060006083008
0805000508050005083007
0805000508050005083007
0704010607040106073007
0804020608040206083007
0704010607040106073007
0603020506030205063005
0402020404020204040004
0502010405020104053004
0605020306050203063005
0607040106070401072007
0608060006080600082008
0304030003040300042004
0103030101030301031003
0306050203060502062006
0206060202060602061006
0804020608040206083007
0a0700070a0700070a3009
0a0700070a0700070a3009
0907010509070105093008
0708050207080502082008
0405040104050401052005
0305050103050501051005
0608060006080600082008
0505030105050301052005
0707030307070303072007
0a0a04040a0a04040a200a
0908030409080304093008
0908030409080304093008
0806020408060204083007
0604000406040004063005
0706010407060104073007
0806020408060204083007
0605020306050203063005
0607040106070401072007
070a0700070a07000a200a
0608060006080600082008
0506050005060500062006
0608060006080600082008
0608060006080600082008
0608060006080600082008
0608060006080600082008
0608060006080600082008
0608060006080600082008
0304030003040300042004
0304030003040300042004
0608060006080600082008
0607040106070401072007
0605020306050203063005
0806020408060204083007
0707030307070303072007
0607040106070401072007
0304030003040300042004
0304030003040300042004
0607040106070401072007
0605020306050203063005
0806020408060204083007
0707030307070303072007
0607040106070401072007
0608060006080600082008
0607040106070401072007
0605020306050203063005
0605020306050203063005
0607040106070401072007
0608060006080600082008
0608060006080600082008
090c0900090c09000c200c
0c100c000c100c00102010
0c100c000c100c00102010
0c100c000c100c00102010
070b0901070b09010b200b
0501030505010305050005
3f3917173f3917173f303d
d3d46b44d3d46b44d420de
ffffd873ffffd873ff219f
ffffea72ffffea72ff21b5
f1ff8d41f1ff8d41ff2107
51552f1351552f13552057
0601040506010405063005
0a191a0b0a191a0b1a101b
091e2312091e2312231022
0d2227120d222712271026
2e3a2c022e3a2c023a203a
9089403190894031903091
ffff6983ffff6983ff312d
ffff89bbffff89bbff319a
ffff72a5ffff72a5ff3163
c4a83a5ac4a83a5ac430be
2718011627180116273020
7c905a167c905a16902091
ffffdc38ffffdc38ff2160
fffffd44fffffd44ff2195
cae0882ccae0882ce020e4
2925110d2925110d293027
1017120110171201172017
0c100c000c100c00102010
181a1004181a10041a201a
616e4512616e45126e206f
e4ffa828e4ffa828ff210b
fffff034fffff034ff2173
fcffc227fcffc227ff212b
5056321250563212562057
75ab8b0d75ab8b0dab20ab
ffffff14ffffff14ff217c
ffffff12ffffff12ff217a
8dbd8f018dbd8f01bd20bd
29260f1229260f1229302a
1105191d1105191d1d001d
0f0c21200f0c2120211022
0713231d0713231d231022
0f272b130f272b132b102b
4d6951034d695103692069
bef0aa0ebef0aa0ef020f0
fffff316fffff316ff2158
e9ffcf11e9ffcf11ff2125
7593670975936709932093
21281b0421281b04282028
0402000204020002043002
0713170907131709171015
225a682a225a682a681063
64f3ff6d64f3ff6dff110a
9cffffa79cffffa7ff1195
84ffff9e84ffff9eff116d
36aaca6036aaca60ca10c3
032b4127032b412741103a
0906010609060106093008
0c2228120c222812281026
1b53632f1b53632f63105f
4ab6c8544ab6c854c810c8
93ffff7493ffff74ff114a
baffff74baffff74ff217a
84fcf64c84fcf64cfc2107
2a575a1d2a575a1d5a105b
02090c0502090c050c100a
0201000102010001023001
0404020204040202042004
0607040106070401072007
0607040106070401072007
0605020306050203063005
0604000406040004063005
0603020506030205063005
0602020606020206060006
0805000508050005083007
0907010509070105093008
0a0700070a0700070a3009
0904030809040308093008
0904030809040308093008
0c0800080c0800080c300b
0c0800080c0800080c300b
0c0800080c0800080c300b
0905010709050107093008
0804020608040206083007
0704010607040106073007
0804020608040206083007
0a0700070a0700070a3009
0c0800080c0800080c300b
0a0700070a0700070a3009
0805000508050005083007
0805000508050005083007
0806000608060006083008
0804020608040206083007
0704010607040106073007
0805000508050005083007
0604000406040004063005
0603020506030205063005
0602020606020206060006
0604000406040004063005
0607040106070401072007
0608060006080600082008
0608060006080600082008
0304030003040300042004
0303010103030101032003
0605020306050203063005
0805000508050005083007
0504010205040102053004
0605020306050203063005
0908030409080304093008
0908030409080304093008
0a0a04040a0a04040a200a
0707030307070303072007
0505030105050301052005
0608060006080600082008
0305050103050501051005
0406060204060602061006
0608060006080600082008
0707030307070303072007
0907010509070105093008
0806000608060006083008
0805000508050005083007
0806020408060204083007
0707030307070303072007
0607040106070401072007
0608060006080600082008
0809060108090601092009
0708050207080502082008
0607040106070401072007
0608060006080600082008
0608060006080600082008
0608060006080600082008
0608060006080600082008
0608060006080600082008
0608060006080600082008
0304030003040300042004
0303010103030101032003
0707030307070303072007
0806020408060204083007
0605020306050203063005
0607040106070401072007
0608060006080600082008
0608060006080600082008
0304030003040300042004
0304030003040300042004
0505030105050301052005
0404020204040202042004
0606020206060202062006
0708050207080502082008
0809060108090601092009
0607040106070401072007
0605020306050203063005
0605020306050203063005
0606020206060202062006
0707030307070303072007
0909050309090503092009
080a0800080a08000a200a
080d0c03080d0c030d200d
09100f0409100f04102010
09100f0409100f04102010
090f0d03090f0d030f200f
070c0b02070c0b020c200c
0004060400040604061005
27200b1027200b10273023
9f9b4b359f9b4b359f30a3
ffffb96cffffb96cff2172
ffffec85ffffec85ff21ce
ffff9d67ffff9d67ff2149
87762b3a87762b3a873083
2004182420041824240024
021d2c1f021d2c1f2c102a
011e2b1c011e2b1c2b1029
041d2617041d2617261025
1324230c1324230c242025
4d4c29144d4c29144d304e
ceb64658ceb64658ce30ca
ffff76a6ffff76a6ff3168
ffff87bbffff87bbff3196
fffe5d82fffe5d82ff311d
69571b3169571b31693063
5464400e5464400e642064
ffffc13affffc13aff213f
ffffff48ffffff48ff219e
e9ffa92ce9ffa92cff210f
36412c0336412c03412041
1a1302111a1302111a3019
1b1101131b1101131b3019
1f1501131f1501131f301c
5b5b2d1d5b5b2d1d5b205f
d9f08f32d9f08f32f020f5
ffffe440ffffe440ff2173
ffffca36ffffca36ff2146
6869361f6869361f69206d
72af941572af9415af20b0
ffffff19ffffff19ff2183
ffffff17ffffff17ff216f
78a8840878a88408a820a8
18160a0a18160a0a183018
070c1916070c1916191019
0a0c1c1a0a0c1c1a1c101c
070c1916070c1916191019
0b191b0b0b191b0b1b101b
45583f0445583f04582058
b7e19b13b7e19b13e120e1
fffff219fffff219ff2159
f2ffd811f2ffd811ff2131
799a6f06799a6f069a209a
212b1f01212b1f012b202b
0100030201000302031002
0f282f120f282f122f102b
3d96a5423d96a542a510a3
8bffff888bffff88ff115b
a5ffffaea5ffffaeff11a9
62ffff9062ffff90ff1133
0f6991530f699153911085
1909272919092729290029
221b0613221b0613223021
293c3104293c31043c203c
3d7a7b283d7a7b287b1080
6ae2ea566ae2ea56ea10f1
a2ffff77a2ffff77ff115f
a8ffff6da8ffff6dff215a
63c3c13d63c3c13dc320cc
19373b1319373b133b103a
0102050401020504051004
0201000102010001023001
0303010103030101032003
0707030307070303072007
0806020408060204083007
0604000406040004063005
0603020506030205063005
0602020606020206060006
0604000406040004063005
0606020206060202062006
0604000406040004063005
0905010709050107093008
0904030809040308093008
0904030809040308093008
0c0800080c0800080c300b
0c0800080c0800080c300b
0c0800080c0800080c300b
0a0700070a0700070a3009
0804020608040206083007
0704010607040106073007
0805000508050005083007
0805000508050005083007
0a0700070a0700070a3009
0c0800080c0800080c300b
0a0700070a0700070a3009
0804020608040206083007
0905010709050107093008
0905010709050107093008
0805000508050005083007
0706010407060104073007
0603020506030205063005
0602020606020206060006
0604000406040004063005
0607040106070401072007
0608060006080600082008
0608060006080600082008
0607040106070401072007
0404020204040202042004
0402000204020002043002
0403000304030003043004
0603020506030205063005
0304030003040300042004
0304030003040300042004
0608060006080600082008
0608060006080600082008
0809060108090601092009
0708050207080502082008
0607040106070401072007
0608060006080600082008
0406040004060400062006
0406040004060400062006
0506050005060500062006
0505030105050301052005
0605020306050203063005
0806020408060204083007
0707030307070303072007
0607040106070401072007
0608060006080600082008
0608060006080600082008
0608060006080600082008
0609080106090801092009
0509090305090903091009
0307070303070703071007
0407060104070601072007
0608060006080600082008
0608060006080600082008
0608060006080600082008
0608060006080600082008
0607040106070401072007
0403000304030003043004
0502010405020104053004
0806020408060204083007
0706010407060104073007
0707030307070303072007
0809060108090601092009
0608060006080600082008
0608060006080600082008
0304030003040300042004
0304030003040300042004
0304030003040300042004
0303010103030101032003
0605020306050203063005
0908030409080304093008
0a0a04040a0a04040a200a
0806020408060204083007
0605020306050203063005
0606020206060202062006
0605020306050203063005
0806020408060204083007
0a0b06030a0b06030b200b
0a0e0a000a0e0a000e200e
090f0d03090f0d030f200f
09100f0409100f04102010
09100f0409100f04102010
080d0c03080d0c030d200d
070c0b02070c0b020c200c
0308090403080904091008
1610020c1610020c163014
716a2f28716a2f28713071
ffff9360ffff9360ff2133
ffffdf8effffdf8eff21c8
ffffab86ffffab86ff3180
bea0345abea0345abe30b7
3a1518353a1518353a3039
0a162a220a162a222a1028
0019261900192619261023
04161e1204161e121e101c
0b1719090b171909191018
2729190727291907292029
7a6b2a317a6b2a317a3075
fff45c7afff45c7aff3110
ffff8fb0ffff8fb0ff3192
ffff849cffff849cff316d
bca63e52bca63e52bc30b9
1829240718292407292029
efffa931efffa931ff2115
ffffff46ffffff46ff21a3
ffffcd2cffffcd2cff213f
4f664b004f664b00662066
190b0919190b091919001b
2415041b2415041b243022
221502172215021722301f
504a201e504a201e50304f
c7d57735c7d57735d520db
ffffd54bffffd54bff216c
ffffce48ffffce48ff215f
87813b3187813b31873089
67ad9b2167ad9b21ad20b0
ffffff1fffffff1fff2188
f9ffff1bf9ffff1bff2166
66967c0e66967c0e962096
060a0a02060a0a020a100a
0a1210040a121004122012
050c0d06050c0d060d100d
0206080402060804081007
0d0e09020d0e09020e200e
41492d0d41492d0d49204a
b2d58e19b2d58e19d520d6
fffff31bfffff31bff215e
fcffe410fcffe410ff2140
7da377037da37703a320a3
202b2001202b20012b202b
01080b0601080b060b100a
1d4a53201d4a5320531050
62deec5a62deec5aec10ef
aeffff98aeffff98ff1199
a3ffffa1a3ffffa1ff1198
46d2f67446d2f674f610ef
083a6244083a6244621059
280d1629280d162929002b
332e1316332e1316333032
405a4804405a48045a205a
5ca8a02c5ca8a02ca820ad
89ffff5d89ffff5dff1122
aaffff7aaaffff7aff116c
8cffff658cffff65ff112e
428b9031428b9031901093
0d21250d0d21250d251023
0301010303010103030003
0303010103030101032003
0201000102010001023001
0604000406040004063005
0806000608060006083008
0804020608040206083007
0601040706010407070007
0703030707030307070007
0907010509070105093008
0806020408060204083007
0502010405020104053004
0603020506030205063005
0704010607040106073007
0804020608040206083007
0a0700070a0700070a3009
0c0702090c0702090c300b
0d07030b0d07030b0d300d
0f08030c0f08030c0f300e
0c06020a0c06020a0c300b
0a0600060a0600060a3008
0706010407060104073007
0604000406040004063005
0805000508050005083007
0a0700070a0700070a3009
0c0702090c0702090c300b
0a04040a0a04040a0a000a
0b0503090b0503090b300a
0a0802060a0802060a300a
0807020308070203083007
0605020306050203063005
0502010405020104053004
0403000304030003043004
0607040106070401072007
0608060006080600082008
0608060006080600082008
0608060006080600082008
0505030105050301052005
0404020204040202042004
0303010103030101032003
0201000102010001023001
0301010303010103030003
0304030003040300042004
0304030003040300042004
0608060006080600082008
0608060006080600082008
0608060006080600082008
0608060006080600082008
0608060006080600082008
0607040106070401072007
0605020306050203063005
0805000508050005083007
0806000608060006083008
0805000508050005083007
0604000406040004063005
0706010407060104073007
0908030409080304093008
0909050309090503092009
0809060108090601092009
0608060006080600082008
0608060006080600082008
070b0901070b09010b200b
060b0a03060b0a030b200b
0205060302050603061005
0305050103050501051005
0608060006080600082008
0608060006080600082008
0608060006080600082008
0608060006080600082008
0505030105050301052005
0301010303010103030003
0403000304030003043004
0606020206060202062006
0605020306050203063005
0908030409080304093008
0a0b06030a0b06030b200b
0809060108090601092009
0608060006080600082008
0304030003040300042004
0304030003040300042004
0304030003040300042004
0201000102010001023001
0404020204040202042004
0808040208080402082008
0909050309090503092009
0707030307070303072007
0607040106070401072007
0505030105050301052005
0404020204040202042004
0608060006080600082008
080c0a02080c0a020c200c
0a0f0c010a0f0c010f200f
0c100c000c100c00102010
0c100c000c100c00102010
0c100c000c100c00102010
090c0900090c09000c200c
090c0900090c09000c200c
070b0901070b09010b200b
0a0502070a0502070a3008
4b431b1d4b431b1d4b3049
e6e26e4ee6e26e4ee630ef
ffffcc84ffffcc84ff21a5
ffffc38cffffc38cff31a2
ead65860ead65860ea30ea
4d35032f4d35032f4d3046
0a0918150a091815181016
06151a0d06151a0d1a1018
0512170c0512170c171015
0511150b0511150b151014
1019160510191605192019
3d391b133d391b133d303c
b7a4414cb7a4414cb730b4
ffff8392ffff8392ff315d
ffff9fa7ffff9fa7ff3198
fffa6672fffa6672ff3112
321f0221321f022132302d
bede8e22bede8e22de20e0
ffffff42ffffff42ff21a1
ffffed30ffffed30ff216d
7190670471906704902090
1000101810001018180018
281a021c281a021c283026
2417021924170219243021
453b131f453b131f453042
b2b45c38b2b45c38b420bc
ffffbf56ffffbf56ff215c
ffffca5cffffca5cff2173
ab9d4147ab9d4147ab30ac
53a09b2e53a09b2ea020a6
ffffff21ffffff21ff2186
f2ffff1af2ffff1aff215c
5a8a76125a8a76128a208b
0606100e0606100e10100f
1912011019120110193018
160b0613160b0613163015
12050a1312050a13130013
1609081316090813163015
413e1d18413e1d18413042
b1ce851eb1ce851ece20d0
fffff71cfffff71cff2165
ffffee11ffffee11ff214f
86ab7a0786ab7a07ab20ab
23291b0523291b05292029
05161d0e05161d0e1d101a
3478823034788230821081
8bffff6d8bffff6dff113a
c7ffff96c7ffff96ff11b4
9affff819affff81ff1165
399bb14d399bb14db110ad
0a1e382a0a1e382a381033
281b001b281b001b283026
39432b0b39432b0b432043
4f7c6b124f7c6b127c207d
74d9d23d74d9d23dd920e1
a2ffff6ca2ffff6cff2153
a7ffff7ca7ffff7cff116b
6be7ef596be7ef59ef10f7
255a6326255a6326631061
0511150905111509151013
0303010103030101032003
0304030003040300042004
0000000000000000000000
0201000102010001023001
0604000406040004063005
0703030707030307070007
0601040706010407070007
0805000508050005083007
0907010509070105093008
0806000608060006083008
0604000406040004063005
0402000204020002043002
0404020204040202042004
0504010205040102053004
0604000406040004063005
0905010709050107093008
0b0503090b0503090b300a
0d07030b0d07030b0d300d
0e0a000a0e0a000a0e300e
0c0a02060c0a02060c300b
0806020408060204083007
0604000406040004063005
0603020506030205063005
0905010709050107093008
0b0601080b0601080b300a
0905010709050107093008
0907010509070105093008
0a0a04040a0a04040a200a
0908030409080304093008
0604000406040004063005
0403000304030003043004
0505030105050301052005
0608060006080600082008
0608060006080600082008
0607040106070401072007
0707030307070303072007
0605020306050203063005
0505030105050301052005
0304030003040300042004
0000000000000000000000
0000000000000000000000
0304030003040300042004
0304030003040300042004
0608060006080600082008
0608060006080600082008
0608060006080600082008
0608060006080600082008
0607040106070401072007
0605020306050203063005
0604000406040004063005
0604000406040004063005
0806020408060204083007
0707030307070303072007
0504010205040102053004
0605020306050203063005
0908030409080304093008
0a0a04040a0a04040a200a
0a0b06030a0b06030b200b
0809060108090601092009
0609080106090801092009
080c0a02080c0a020c200c
070a0700070a07000a200a
0404020204040202042004
0505030105050301052005
0608060006080600082008
0608060006080600082008
0608060006080600082008
0608060006080600082008
0304030003040300042004
0000000000000000000000
0304030003040300042004
0505030105050301052005
0404020204040202042004
0808040208080402082008
0a0c08020a0c08020c200c
090b0701090b07010b200b
0607040106070401072007
0404020204040202042004
0504010205040102053004
0403000304030003043004
0301010303010103030003
0505030105050301052005
0608060006080600082008
0608060006080600082008
0607040106070401072007
0707030307070303072007
0605020306050203063005
0506050005060500062006
060b0a03060b0a030b200b
060c0c04060c0c040c100c
080d0c03080d0c030d200d
0a100e020a100e02102010
0b110f030b110f03112011
090f0d03090f0d030f200f
070c0b02070c0b020c200c
080c0a02080c0a020c200c
070b0901070b09010b200b
0102030201020302031002
2b260f102b260f102b3029
a9a54f39a9a54f39a930ae
ffffb571ffffb571ff2170
ffffd885ffffd885ff21b3
ffff875fffff875fff3122
695e252a695e252a693066
0f05070d0f05070d0f300d
0a1312050a131205132013
0a1414060a141406141014
0711130907111309131013
0811120708111207121012
1c1d12051c1d12051d201d
6e632a296e632a296e306b
fff7696bfff7696bff310d
ffffa69dffffa69dff3194
ffff8f88ffff8f88ff315f
8471263d8471263d843080
82a16e0f82a16e0fa120a1
ffffff3cffffff3cff2190
ffffff38ffffff38ff2193
9cbc7e129cbc7e12bc20bc
040f140d040f140d141013
251c0516251c0516253023
2318011623180116233020
392c091e392c091e393035
978f3f39978f3f39973099
ffff9d60ffff9d60ff2140
ffffb977ffffb977ff217e
dbbb3d6bdbbb3d6bdb30d7
2a869e4c2a869e4c9e109a
f3ffff31f3ffff31ff217a
e4ffff1fe4ffff1fff2152
5284741652847416842085
0b0817160b081716171017
1e0d0a1b1e0d0a1b1e301d
1e0812201e081220200020
1d0615221d061522220022
2009122120091221210022
443a1420443a1420443042
b1ce851eb1ce851ece20d0
ffffff17ffffff17ff216d
fffffa0dfffffa0dff215b
89b07f0689b07f06b020b0
2126170621261706262026
0f2d37170f2d3717371032
50b3be4750b3be47be10c0
acffff80acffff80ff1178
c9ffff89c9ffff89ff21a7
88ffff5788ffff57ff211c
386d6c1f386d6c1f6d2071
070e0f04070e0f040f100e
16231e0516231e05232023
33564d1033564d10562057
57a0992a57a0992aa020a5
88ffff5588ffff55ff2118
b1ffff7ab1ffff7aff2178
9affff759affff75ff1153
4cadb8474cadb847b810bb
12333c1912333c193c1038
0106090401060904091007
0304030003040300042004
0304030003040300042004
0000000000000000000000
0000000000000000000000
0201000102010001023001
0301010303010103030003
0403000304030003043004
0606020206060202062006
0605020306050203063005
0806020408060204083007
0706010407060104073007
0403000304030003043004
0504010205040102053004
0404020204040202042004
0402000204020002043002
0403000304030003043004
0604000406040004063005
0806020408060204083007
0c0b04050c0b04050c300c
0d0b03070d0b03070d300d
0a0700070a0700070a3009
0804020608040206083007
0602020606020206060006
0804020608040206083007
0806000608060006083008
0907010509070105093008
0908030409080304093008
0b0a05040b0a05040b300a
0909050309090503092009
0504010205040102053004
0404020204040202042004
0606020206060202062006
0707030307070303072007
0908030409080304093008
0806020408060204083007
0806020408060204083007
0707030307070303072007
0607040106070401072007
0304030003040300042004
0000000000000000000000
0000000000000000000000
0404020204040202042004
0505030105050301052005
0608060006080600082008
0608060006080600082008
0608060006080600082008
0608060006080600082008
0505030105050301052005
0404020204040202042004
0504010205040102053004
0404020204040202042004
0606020206060202062006
0707030307070303072007
0605020306050203063005
0505030105050301052005
0608060006080600082008
0809060108090601092009
0a0c08020a0c08020c200c
090b0701090b07010b200b
070a0700070a07000a200a
090b0701090b07010b200b
0807040308070403083007
0605020306050203063005
0607040106070401072007
0608060006080600082008
0608060006080600082008
0608060006080600082008
0607040106070401072007
0404020204040202042004
0201000102010001023001
0304030003040300042004
0304030003040300042004
0304030003040300042004
0608060006080600082008
090c0900090c09000c200c
090c0900090c09000c200c
0505030105050301052005
0404020204040202042004
0504010205040102053004
0301010303010103030003
0403000304030003043004
0607040106070401072007
0608060006080600082008
0607040106070401072007
0605020306050203063005
0806020408060204083007
0707030307070303072007
070a0700070a07000a200a
080c0a02080c0a020c200c
070c0b02070c0b020c200c
080d0c03080d0c030d200d
09100f0409100f04102010
0a1210040a121004122012
080d0c03080d0c030d200d
070c0b02070c0b020c200c
080d0c03080d0c030d200d
0509090305090903091009
0104050201040502051004
1712050a1712050a173014
7771352977713529773078
ffff985dffff985dff2135
ffffdf7effffdf7eff21b4
ffffae67ffffae67ff215c
938f4531938f4531933097
1c16060c1c16060c1c3019
0c110e010c110e01112011
1017120110171201172017
0c1412040c141204142014
070f1107070f1107111010
0a1212060a121206121012
37371d0d37371d0d372038
b5aa4b44b5aa4b44b530b7
ffff9787ffff9787ff3167
ffffa797ffffa797ff318e
dbc44962dbc44962db30db
335c5716335c57165c205e
fffffb21fffffb21ff216e
ffffff30ffffff30ff21a6
bde3951bbde3951be320e4
1b2217001b221700222022
1c1c0e0a1c1c0e0a1c201d
1a17080b1a17080b1a3019
251c0514251c0514253022
7467263174672631743072
fffd6e67fffd6e67ff3111
ffff879effff879eff3175
ffcd15b1ffcd15b1ff310e
2963bd9b2963bd9bbd10b7
a9ffff6ea9ffff6eff2163
b4ffff3fb4ffff3fff213b
3f7b77233f7b77237b207f
0e0b1e1d0e0b1e1d1e101f
1e0812201e081220200020
1e0516231e051623230023
2006162420061624240024
220b1223220b1223230024
453c1520453c1520453044
b2d48c1ab2d48c1ad420d5
ffffff10ffffff10ff2178
ffffff06ffffff06ff2164
87b3850187b38501b320b3
1c1d0e071c1d0e071d201d
21545f2621545f265f105c
70f6ff6070f6ff60ff1108
beffff8abeffff8aff2199
b6ffff71b6ffff71ff2172
73c6b72a73c6b72ac620ca
3d472f0d3d472f0d472048
1c0416221c041622220022
00293e2900293e293e1039
2566753425667534751072
57c5d14f57c5d14fd110d4
92ffff7692ffff76ff114d
afffff86afffff86ff1183
81ffff6681ffff66ff1124
33767f3033767f307f107f
08181e0c08181e0c1e101a
0001020100010201021001
0303010103030101032003
0404020204040202042004
0201000102010001023001
0001020100010201021001
0101030301010303030003
0300030403000304040004
0003040300030403041004
0305050103050501051005
0304030003040300042004
0406040004060400062006
0505030105050301052005
0403000304030003043004
0604000406040004063005
0604000406040004063005
0403000304030003043004
0402000204020002043002
0404020204040202042004
0606020206060202062006
0908030409080304093008
0c0902070c0902070c300b
0c0800080c0800080c300b
0904030809040308093008
0703030707030307070007
0805000508050005083007
0805000508050005083007
0a0700070a0700070a3009
0c0902070c0902070c300b
0c0b04050c0b04050c300c
0a0a04040a0a04040a200a
0605020306050203063005
0504010205040102053004
0605020306050203063005
0806020408060204083007
0907010509070105093008
0806000608060006083008
0908030409080304093008
0809060108090601092009
0607040106070401072007
0404020204040202042004
0201000102010001023001
0000000000000000000000
0404020204040202042004
0606020206060202062006
0707030307070303072007
0909050309090503092009
0808040208080402082008
0707030307070303072007
0605020306050203063005
0505030105050301052005
0304030003040300042004
0304030003040300042004
0505030105050301052005
0605020306050203063005
0706010407060104073007
0706010407060104073007
0908030409080304093008
0909050309090503092009
0b0d09010b0d09010d200d
090c0900090c09000c200c
0809060108090601092009
0909050309090503092009
0707030307070303072007
0606020206060202062006
0707030307070303072007
0908030409080304093008
0909050309090503092009
0808040208080402082008
0605020306050203063005
0605020306050203063005
0303010103030101032003
0304030003040300042004
0304030003040300042004
0304030003040300042004
0608060006080600082008
090b0701090b07010b200b
0a0c08020a0c08020c200c
0505030105050301052005
0303010103030101032003
0404020204040202042004
0201000102010001023001
0304030003040300042004
0608060006080600082008
0607040106070401072007
0605020306050203063005
0605020306050203063005
0607040106070401072007
0608060006080600082008
090b0701090b07010b200b
0a0c08020a0c08020c200c
0b0d09010b0d09010d200d
0a0f0c010a0f0c010f200f
0b100d020b100d02102010
0c110e010c110e01112011
090d0b01090d0b010d200d
080d0c03080d0c030d200d
070e0d04070e0d040e200e
0308090403080904091008
0005080500050805081007
0d0701090d0701090d300b
504a201c504a201c50304f
e9ec794ae9ec794aec20f7
ffffd776ffffd776ff21a1
ffffcc70ffffcc70ff218c
c6c8663ec6c8663ec820d1
332f1511332f1511333031
090d0901090d09010d200d
1519110315191103192019
1218120012181200182018
0a1312050a131205132013
0711130907111309131013
181c1400181c14001c201c
6f652b296f652b296f306d
ffff7071ffff7071ff311e
ffff9aa7ffff9aa7ff3195
ffff4c9dffff4c9dff312e
3a1860663a186066660068
cdffff2acdffff2aff2140
ffffff01ffffff01ff2199
bff5ab0fbff5ab0ff520f5
2b311d092b311d09312031
1119130111191301192019
12140c0412140c04142014
1510050a1510050a153012
4c41181f4c41181f4c3048
ccb34059ccb34059cc30c7
ffff40b3ffff40b3ff3141
ffb930fbffb930fbff3137
8c3eeaff8c3eeaffff0107
37ffffbf37ffffbfff1146
66f4ff6466f4ff64ff1107
28636a2728636a276a106a
080c1a16080c1a161a1019
15040f1815040f18180018
1604101a1604101a1a001a
1806101a1806101a1a001a
1c0b0c1b1c0b0c1b1c301d
433e191c433e191c433044
b6d98e1bb6d98e1bd920da
ffffff15ffffff15ff2183
ffffff0affffff0aff216e
8bb483048bb48304b420b4
150a0710150a0710153012
3a8a963a3a8a963a961095
92ffff7592ffff75ff114a
bfffff88bfffff88ff2197
92ffff5392ffff53ff2121
577d6505577d65057d207d
3d29012b3d29012b3d303b
2a032e3b2a032e3b3b003b
0e325a440e325a445a1054
1b7fa75b1b7fa75ba7109c
52efff8352efff83ff1110
87ffffa287ffffa2ff1178
90ffff9290ffff92ff116e
5bd1dd555bd1dd55dd10e1
1f484f1c1f484f1c4f104d
040a0c04040a0c040c100a
0000000000000000000000
0201000102010001023001
0404020204040202042004
0303010103030101032003
0103030101030301031003
0004060400040604061005
0401060704010607070007
0401060704010607070007
0203060502030605061005
0003040300030403041004
0304030003040300042004
0404020204040202042004
0402000204020002043002
0403000304030003043004
0604000406040004063005
0604000406040004063005
0403000304030003043004
0504010205040102053004
0604000406040004063005
0905010709050107093008
0c0800080c0800080c300b
0c0800080c0800080c300b
0905010709050107093008
0804020608040206083007
0806000608060006083008
0805000508050005083007
0806020408060204083007
0a0a04040a0a04040a200a
0c0b04050c0b04050c300c
0c0902070c0902070c300b
0a0700070a0700070a3009
0805000508050005083007
0605020306050203063005
0606020206060202062006
0605020306050203063005
0806020408060204083007
0a0a04040a0a04040a200a
0a0a04040a0a04040a200a
0805000508050005083007
0704010607040106073007
0603020506030205063005
0300030403000304040004
0504010205040102053004
0605020306050203063005
0806020408060204083007
0a0a04040a0a04040a200a
0908030409080304093008
0806020408060204083007
0707030307070303072007
0607040106070401072007
0304030003040300042004
0304030003040300042004
0304030003040300042004
0303010103030101032003
0605020306050203063005
0806020408060204083007
0908030409080304093008
0a0b06030a0b06030b200b
0c0f0a010c0f0a010f200f
090c0900090c09000c200c
0608060006080600082008
0608060006080600082008
0607040106070401072007
0605020306050203063005
0806020408060204083007
0908030409080304093008
0a0a04040a0a04040a200a
0908030409080304093008
0605020306050203063005
0606020206060202062006
0404020204040202042004
0504010205040102053004
0404020204040202042004
0504010205040102053004
0707030307070303072007
0b0a05040b0a05040b300a
0c0c06040c0c06040c200c
0707030307070303072007
0402000204020002043002
0404020204040202042004
0303010103030101032003
0304030003040300042004
0608060006080600082008
0505030105050301052005
0404020204040202042004
0607040106070401072007
0608060006080600082008
0608060006080600082008
080a0800080a08000a200a
090d0b01090d0b010d200d
090f0d03090f0d030f200f
090f0d03090f0d030f200f
0a0f0c010a0f0c010f200f
0c100c000c100c00102010
0a0f0c010a0f0c010f200f
090f0d03090f0d030f200f
080d0c03080d0c030d200d
0408080204080802081008
0307070303070703071007
0602040606020406060006
342e1214342e1214343032
b5b3593bb5b3593bb530bc
ffffc06dffffc06dff217b
ffffdc7affffdc7aff21ab
ffff8751ffff8751ff2111
5753271d5753271d573057
0003040100030401041003
171a0f06171a0f061a201a
181c1204181c12041c201c
1218120012181200182018
0c1412040c141204142014
0b0f0d030b0f0d030f200f
3932151439321514393035
c8b24454c8b24454c830c4
ffff66adffff66adff3163
ffff16eaffff16eaff3162
bb189deabb189deaea00eb
37f8ffb037f8ffb0ff1130
bcffff57bcffff57ff2165
93dcaf0e93dcaf0edc20dc
2e331c0f2e331c0f332035
0310150c0310150c151014
0810100408101004101010
080d0c03080d0c030d200d
2427180524271805272027
7867263178672631783072
e5a3138be5a3138be530d6
ff7c4ce8ff7c4ce8ff3107
a120d3ffa120d3ffff0103
11a5ffc111a5ffc1ff10fd
2b97bb5b2b97bb5bbb10b0
1b3f45171b3f4517451043
050d0f05050d0f050f100d
0501070905010709090009
0c03080d0c03080d0d000d
0f0409100f040910100010
15070b1515070b15150016
403a161c403a161c403040
bbd78723bbd78723d720d9
ffffff24ffffff24ff218b
ffffff1bffffff1bff217b
98b5781398b57813b520b5
0e122a220e122a222a1026
57c9d75357c9d753d710d9
aaffff85aaffff85ff117b
abffff7cabffff7cff2171
66bfba3766bfba37bf20c6
393e2710393e27103e2040
35111b3735111b37370039
2c0b3e472c0b3e47470047
104274561042745674106c
22a8da7822a8da78da10ce
5affffa95affffa9ff114d
78ffffbd78ffffbdff1187
62ffff9262ffff92ff1136
2e879e472e879e479e1098
0b252d130b252d132d1029
0104050201040502051004
0000000000000000000000
0000000000000000000000
0304030003040300042004
0304030003040300042004
0304030003040300042004
0406040004060400062006
0103030101030301031003
0101030301010303030003
0101030301010303030003
0001020100010201021001
0201000102010001023001
0403000304030003043004
0402020404020204040004
0501030505010305050005
0704010607040106073007
0804020608040206083007
0704010607040106073007
0805000508050005083007
0502010405020104053004
0603020506030205063005
0a0700070a0700070a3009
0c0800080c0800080c300b
0a0700070a0700070a3009
0805000508050005083007
0806020408060204083007
0707030307070303072007
0606020206060202062006
0908030409080304093008
0c0902070c0902070c300b
0c0800080c0800080c300b
0c0800080c0800080c300b
0a0700070a0700070a3009
0907010509070105093008
0806020408060204083007
0604000406040004063005
0706010407060104073007
0b0903050b0903050b300a
0c0902070c0902070c300b
0904030809040308093008
0904030809040308093008
0904030809040308093008
0600060806000608080008
0505030105050301052005
0304030003040300042004
0406040004060400062006
0809060108090601092009
0708050207080502082008
0607040106070401072007
0608060006080600082008
0607040106070401072007
0404020204040202042004
0505030105050301052005
0304030003040300042004
0202020002020200021002
0304030003040300042004
0406040004060400062006
0608060006080600082008
090c0900090c09000c200c
0c100c000c100c00102010
090c0900090c09000c200c
0608060006080600082008
0608060006080600082008
0505030105050301052005
0404020204040202042004
0607040106070401072007
0608060006080600082008
0809060108090601092009
0708050207080502082008
0607040106070401072007
0505030105050301052005
0404020204040202042004
0504010205040102053004
0404020204040202042004
0504010205040102053004
0605020306050203063005
0a0b06030a0b06030b200b
0b0c07020b0c07020c200c
0708050207080502082008
0303010103030101032003
0304030003040300042004
0304030003040300042004
0304030003040300042004
0607040106070401072007
0404020204040202042004
0505030105050301052005
0608060006080600082008
0609080106090801092009
0509090305090903091009
040a0a04040a0a040a100a
070f0f05070f0f050f100f
0811120708111207121012
050d0f07050d0f070f100e
060d0e05060d0e050e100d
090f0d03090f0d030f200f
0a0f0c010a0f0c010f200f
0c100c000c100c00102010
090c0900090c09000c200c
0608060006080600082008
0608060006080600082008
0102030201020302031002
1e1a0a0c1e1a0a0c1e301c
84803c2c84803c2c843087
ffff9e63ffff9e63ff2144
ffffdb84ffffdb84ff21b6
ffffa369ffffa369ff2151
8a833c318a833c318a308b
160f020b160f020b163012
13170f0313170f03172017
1a1e12061a1e12061e201e
181b1005181b10051b201b
13170f0313170f03172017
0b0d09010b0d09010d200d
1a160a081a160a081a3017
776423327764233277306f
ffce2d90ffce2d90ff30fb
ffc826feffc826feff3143
f924c7fff924c7ffff0136
499effff499effffff1133
3ee7ff933ee7ff93ff1111
519791235197912397209b
272713112727131127202a
0b0717170b071717170018
050d1913050d1913191017
030f1913030f1913191018
09191d0f09191d0f1d101d
30301c0a30301c0a302031
6c4a0a406c4a0a406c3061
8a3a2e7e8a3a2e7e8a308a
5e0f76955e0f7695950095
134d8d6d134d8d6d8d1085
15475b2b15475b2b5b1053
17221f0217221f02222022
1010080610100806102011
0607040106070401072007
0300030403000304040004
0600060806000608080008
0b010d0f0b010d0f0f000f
372d0b1d372d0b1d373035
bacc762ebacc762ecc20d1
ffffff37ffffff37ff218e
ffffff30ffffff30ff218c
a9b96d25a9b96d25b920bc
033757370337573757104d
77ffff6b77ffff6bff111d
b4ffff8ab4ffff8aff118c
8cffff658cffff65ff112e
3d706d1c3d706d1c702073
1f1201181f1201181f301e
2301232f2301232f2f002f
1d18413e1d18413e411042
045a8454045a845484107b
45d6fb7845d6fb78fb10f5
80ffff9f80ffff9fff116d
7effffa37effffa3ff116b
42c8ec7242c8ec72ec10e6
0e4760330e476033601057
020c160e020c160e161012
0200020202000202020002
0000000000000000000000
0000000000000000000000
0304030003040300042004
0304030003040300042004
0303010103030101032003
0605020306050203063005
0604000406040004063005
0403000304030003043004
0201000102010001023001
0000000000000000000000
0001020100010201021001
0301010303010103030003
0502010405020104053004
0300030403000304040004
0603020506030205063005
0704010607040106073007
0805000508050005083007
0706010407060104073007
0403000304030003043004
0402000204020002043002
0604000406040004063005
0a0700070a0700070a3009
0c0800080c0800080c300b
0a0700070a0700070a3009
0907010509070105093008
0908030409080304093008
0806020408060204083007
0805000508050005083007
0a0700070a0700070a3009
0c0800080c0800080c300b
0c0902070c0902070c300b
0b0903050b0903050b300a
0908030409080304093008
0706010407060104073007
0604000406040004063005
0806020408060204083007
0908030409080304093008
0907010509070105093008
0703030707030307070007
0903050909030509090009
0a04040a0a04040a0a000a
0801060908010609090009
0407060104070601072007
0204040202040402041004
0304030003040300042004
0707030307070303072007
0908030409080304093008
0908030409080304093008
0908030409080304093008
0806020408060204083007
0605020306050203063005
0606020206060202062006
0404020204040202042004
0304030003040300042004
0204040202040402041004
0305050103050501051005
0608060006080600082008
090c0900090c09000c200c
0c0f0a010c0f0a010f200f
0a0c08020a0c08020c200c
0808040208080402082008
0707030307070303072007
0605020306050203063005
0505030105050301052005
0608060006080600082008
0608060006080600082008
0608060006080600082008
0608060006080600082008
0607040106070401072007
0404020204040202042004
0505030105050301052005
0304030003040300042004
0304030003040300042004
0304030003040300042004
0304030003040300042004
090b0701090b07010b200b
0a0b06030a0b06030b200b
0908030409080304093008
0605020306050203063005
0504010205040102053004
0404020204040202042004
0504010205040102053004
0605020306050203063005
0605020306050203063005
0607040106070401072007
0608060006080600082008
070b0901070b09010b200b
060c0c04060c0c040c100c
040b0e07040b0e070e100d
0610120806101208121011
0712130807121308131013
030c0f08030c0f080f100e
030b0d07030b0d070d100d
060d0e05060d0e050e100d
080d0c03080d0c030d200d
0a0f0c010a0f0c010f200f
090c0900090c09000c200c
0608060006080600082008
0607040106070401072007
0403000304030003043004
0c0d08010c0d08010d200d
5653281b5653281b563057
f5f47952f5f47952f53101
ffffcc84ffffcc84ff21a5
ffffba7fffffba7fff2188
c8be564ac8be564ac830cb
362c0e18362c0e18363032
090e0b00090e0b000e200e
1b1c0f081b1c0f081c201d
1c1c0e0a1c1c0e0a1c201d
1a190c091a190c091a301a
1010080610100806102011
0f0e07040f0e07040f300e
3a3012163a3012163a3034
92660e5492660e54923084
d1692dadd1692dadd130ca
b61694e4b61694e4e400e5
584dd2cd584dd2cdd210da
036fb379036fb379b310a4
1b4a59241b4a5924591052
13140b0813140b08142015
0a0512130a051213130013
060c1814060c1814181017
030f1913030f1913191018
0210160e0210160e161015
0f1411020f141102142014
251b0713251b0713253021
2f140d2a2f140d2a2f302e
1e0728311e072831310031
001c2e20001c2e202e102a
111b1b05111b1b051b101b
1714070c1714070c173017
1912011019120110193018
130b030f130b030f133012
0c04060c0c04060c0c000c
0905010709050107093008
070c0b02070c0b020c200c
221904132219041322301f
a9b5652da9b5652db520ba
ffffef44ffffef44ff2187
fffffc47fffffc47ff219d
c0bc5842c0bc5842c030c7
04628e5804628e588e1083
8dffff828dffff82ff1155
aaffff85aaffff85ff117b
63d1d74d63d1d74dd710de
1b34370e1b34370e371035
09050f1109050f11110011
0c0d201d0c0d201d20101f
0229402b0229402b40103b
26788e4426788e448e1089
72ffff6772ffff67ff1113
aaffff7faaffff7fff1175
89ffff7189ffff71ff113a
35899b4335899b439b1098
021c2a18021c2a182a1024
0502030405020304053004
0102010001020100022002
0000000000000000000000
0000000000000000000000
0303010103030101032003
0404020204040202042004
0402000204020002043002
0403000304030003043004
0604000406040004063005
0604000406040004063005
0402020404020204040004
0300030403000304040004
0202040402020404040004
0300030403000304040004
0402020404020204040004
0300030403000304040004
0502010405020104053004
0604000406040004063005
0706010407060104073007
0806020408060204083007
0604000406040004063005
0403000304030003043004
0402000204020002043002
0605020306050203063005
0908030409080304093008
0908030409080304093008
0907010509070105093008
0a0700070a0700070a3009
0a0700070a0700070a3009
0805000508050005083007
0806020408060204083007
0908030409080304093008
0a0a04040a0a04040a200a
0a0a04040a0a04040a200a
0908030409080304093008
0806020408060204083007
0605020306050203063005
0607040106070401072007
0607040106070401072007
0605020306050203063005
0502010405020104053004
0501030505010305050005
0703030707030307070007
0702050807020508080008
0607040106070401072007
0403000304030003043004
0502010405020104053004
0806020408060204083007
0908030409080304093008
0908030409080304093008
0908030409080304093008
0707030307070303072007
0606020206060202062006
0605020306050203063005
0605020306050203063005
0606020206060202062006
0404020204040202042004
0505030105050301052005
0608060006080600082008
090c0900090c09000c200c
0b0d09010b0d09010d200d
0a0b06030a0b06030b200b
0908030409080304093008
0806020408060204083007
0707030307070303072007
0606020206060202062006
0707030307070303072007
0908030409080304093008
0909050309090503092009
0808040208080402082008
0605020306050203063005
0604000406040004063005
0706010407060104073007
0605020306050203063005
0504010205040102053004
0404020204040202042004
0505030105050301052005
0808040208080402082008
0a0802060a0802060a300a
0c0800080c0800080c300b
0a0700070a0700070a3009
0805000508050005083007
0605020306050203063005
0504010205040102053004
0404020204040202042004
0607040106070401072007
0608060006080600082008
0609080106090801092009
080d0c03080d0c030d200d
070f0f05070f0f050f100f
040d0e07040d0e070e100e
060f1007060f1007101010
0911110509111105111011
060d0e05060d0e050e100d
040a0c06040a0c060c100b
040b0c05040b0c050c100c
060b0a03060b0a030b200b
090c0900090c09000c200c
0a0b06030a0b06030b200b
0908030409080304093008
0806020408060204083007
0502010405020104053004
0405040104050401052005
3330171033301710333032
b7b3573db7b3573db730bd
ffffb378ffffb378ff2177
ffffc78cffffc78cff21a7
ffff7762ffff7762ff3112
625824266258242662305f
0503010105030101053003
1a17080d1a17080d1a301a
211e0d0e211e0d0e213021
1d1d0f091d1d0f091d201e
12140c0412140c04142014
0c0f0a010c0f0a010f200f
19180d0619180d06193018
3927071f3927071f393031
5427144754271447543051
4c0740614c074061610061
281f5a59281f5a595a105e
09284b3809284b384b1044
0419261504192615261020
0304050003040500051004
00080c0800080c080c100b
020d120b020d120b121011
020d120b020d120b121011
020a0e08020a0e080e100c
0509090305090903091009
0b0a05040b0a05040b300a
0d08010a0d08010a0d300c
0502090a0502090a0a000a
050a0b04050a0b040b100a
0b0a05040b0a05040b300a
120c000c120c000c123010
1910011219100112193018
180c0614180c0614183017
1307091313070913130014
130a0510130a0510133012
1713030d1713030d173017
04090c0704090c070c100b
7d925d127d925d12922093
ffffd441ffffd441ff2164
ffffd66cffffd66cff219a
e9b11d87e9b11d87e930de
1586dba01586dba0db10d0
7affffaa7affffaaff1174
82ffff8282ffff82ff1148
3686943a3686943a941092
0310170a0310170a171012
070e0d04070e0d040e200e
0816180a0816180a181018
1a3d42191a3d4219421041
4b9b9f374b9b9f379f10a4
97ffff5a97ffff5aff212f
beffff66beffff66ff216e
85fbf34b85fbf34bfb2105
2a5a5e202a5a5e205e105f
00050a0500050a050a1007
0307070303070703071007
0102050401020504051004
0301010303010103030003
0201000102010001023001
0201000102010001023001
0404020204040202042004
0303010103030101032003
0201000102010001023001
0403000304030003043004
0603020506030205063005
0601040706010407070007
0600060806000608080008
0401060704010607070007
0500050605000506060006
0601040706010407070007
0601040706010407070007
0603020506030205063005
0604000406040004063005
0806020408060204083007
0706010407060104073007
0604000406040004063005
0605020306050203063005
0303010103030101032003
0303010103030101032003
0707030307070303072007
0908030409080304093008
0806020408060204083007
0805000508050005083007
0a0700070a0700070a3009
0a0700070a0700070a3009
0907010509070105093008
0909050309090503092009
0a0a06020a0a06020a200a
0909050309090503092009
0908030409080304093008
0707030307070303072007
0607040106070401072007
0607040106070401072007
0605020306050203063005
0604000406040004063005
0403000304030003043004
0201000102010001023001
0201000102010001023001
0301010303010103030003
0605020306050203063005
0502010405020104053004
0403000304030003043004
0607040106070401072007
0608060006080600082008
0607040106070401072007
0708050207080502082008
0808040208080402082008
0605020306050203063005
0605020306050203063005
0607040106070401072007
0505030105050301052005
0404020204040202042004
0607040106070401072007
0608060006080600082008
090b0701090b07010b200b
0a0c08020a0c08020c200c
0a0904030a0904030a3009
0807020508070205083008
0907010509070105093008
0908030409080304093008
0806020408060204083007
0806020408060204083007
0908030409080304093008
0a0a04040a0a04040a200a
0908030409080304093008
0604000406040004063005
0604000406040004063005
0806020408060204083007
0706010407060104073007
0604000406040004063005
0604000406040004063005
0706010407060104073007
0806020408060204083007
0806020408060204083007
0908030409080304093008
0908030409080304093008
0707030307070303072007
0606020206060202062006
0404020204040202042004
0505030105050301052005
0608060006080600082008
0609080106090801092009
060c0c04060c0c040c100c
060f1007060f1007101010
060f1007060f1007101010
060d0e05060d0e050e100d
080e0e04080e0e040e100e
09100f0409100f04102010
070e0d04070e0d040e200e
040a0a04040a0a040a100a
0509090305090903091009
0609080106090801092009
0809060108090601092009
0909050309090503092009
0908030409080304093008
0706010407060104073007
0403000304030003043004
0000000000000000000000
1d1a0b0a1d1a0b0a1d301b
8079362d8079362d803081
ffff8a6cffff8a6cff3137
ffffc296ffffc296ff31ad
ffff977cffff977cff3159
9e94423a9e94423a9e309e
1f1e0f081f1e0f081f301f
1412080a1412080a143014
2124150821241508242024
1b2319011b231901232023
0f1713030f171303172017
09100f0409100f04102010
0b0f0b010b0f0b010f200f
110d0309110d030911300f
1a0c06161a0c06161a3019
1601141d1601141d1d001d
080e1e1a080e1e1a1e101d
010e1710010e1710171015
00060a0600060a060a1008
0303010103030101032003
070b0901070b09010b200b
090e0b02090e0b020e200e
070b0901070b09010b200b
0608060006080600082008
0506050005060500062006
0506050005060500062006
0505030105050301052005
0100010201000102020002
0304030003040300042004
0604000406040004063005
0b0601080b0601080b300a
120c000c120c000c123010
130b030f130b030f133012
1207081112070811123012
160a0814160a0814163016
2010081a2010081a20301e
1204181e1204181e1e001e
4c6850084c685008682068
feff9840feff9840ff2119
ffff79a5ffff79a5ff3170
ff8c4bf2ff8c4bf2ff3117
5990ffff5990ffffff112c
33ffffde33ffffdeff116d
3bd6ff843bd6ff84ff10fb
0a425a300a425a305a1051
0b0405080b0405080b3008
0c100c000c100c00102010
131c1702131c17021c201c
31534b0f31534b0f532054
6ec3b62f6ec3b62fc320c8
b5ffff52b5ffff52ff214a
c0ffff56c0ffff56ff215c
72ccc03472ccc034cc20d2
1e37360d1e37360d372038
0103030301030303030004
0207080302070803081007
0003040300030403041004
0403000304030003043004
0303010103030101032003
0001020100010201021001
0204040202040402041004
0103030101030301031003
0000000000000000000000
0201000102010001023001
0301010303010103030003
0300030403000304040004
0300030403000304040004
0300030403000304040004
0301050503010505050005
0400040604000406060006
0603020506030205063005
0604000406040004063005
0605020306050203063005
0606020206060202062006
0605020306050203063005
0605020306050203063005
0606020206060202062006
0404020204040202042004
0402000204020002043002
0605020306050203063005
0907010509070105093008
0806000608060006083008
0804020608040206083007
0905010709050107093008
0c0800080c0800080c300b
0c0902070c0902070c300b
0c0b04050c0b04050c300c
0a0a04040a0a04040a200a
0908030409080304093008
0908030409080304093008
0909050309090503092009
0808040208080402082008
0605020306050203063005
0604000406040004063005
0604000406040004063005
0605020306050203063005
0303010103030101032003
0000000000000000000000
0000000000000000000000
0403000304030003043004
0403000304030003043004
0505030105050301052005
0607040106070401072007
0707030307070303072007
0806020408060204083007
0908030409080304093008
0908030409080304093008
0605020306050203063005
0607040106070401072007
0608060006080600082008
0304030003040300042004
0303010103030101032003
0707030307070303072007
0909050309090503092009
0a0a06020a0a06020a200a
0a0b06030a0b06030b200b
0908030409080304093008
0806020408060204083007
0908030409080304093008
0908030409080304093008
0706010407060104073007
0707030307070303072007
0809060108090601092009
0809060108090601092009
0707030307070303072007
0604000406040004063005
0604000406040004063005
0706010407060104073007
0806020408060204083007
0605020306050203063005
0504010205040102053004
0604000406040004063005
0806000608060006083008
0907010509070105093008
0908030409080304093008
0909050309090503092009
0809060108090601092009
0505030105050301052005
0404020204040202042004
0607040106070401072007
0609080106090801092009
060c0c04060c0c040c100c
060f1007060f1007101010
0610120806101208121011
050d0f07050d0f070f100e
040c0e06040c0e060e100d
060f1007060f1007101010
060f1007060f1007101010
060c0c04060c0c040c100c
0609080106090801092009
0608060006080600082008
0607040106070401072007
0707030307070303072007
0908030409080304093008
0908030409080304093008
0806020408060204083007
0604000406040004063005
0403000304030003043004
0d0c05040d0c05040d300c
52491e1f52491e1f52304f
e9db6159e9db6159e930ec
ffffae93ffffae93ff3192
ffffb092ffffb092ff3193
e7dd6555e7dd6555e730ec
4941191b4941191b493046
0510130805101308131011
182a260a182a260a2a202b
1325230b1325230b252026
0a1718090a171809181018
060e0e06060e0e060e100f
0608060006080600082008
0804000608040006083007
0b0503090b0503090b300a
0700070a0700070a0a000a
00080c0800080c080c100b
0206080402060804081007
0000000000000000000000
0205060302050603061005
060b0a03060b0a030b200b
090c0900090c09000c200c
0909050309090503092009
0907010509070105093008
0806000608060006083008
0907010509070105093008
0605020306050203063005
0202020002020200021002
0300030403000304040004
0601040706010407070007
0903050909030509090009
0f09010b0f09010b0f300e
1109030d1109030d11300f
0f05070f0f05070f0f000f
13050b1313050b13130013
19070f1b19070f1b1b001b
14051c2114051c21210021
293f370f293f370f3f2040
b1a74b3db1a74b3db130b1
ffd011bcffd011bcff3118
ff5196ffff5196ffff012e
8576ffff8576ffffff1144
13c2ffde13c2ffdeff1126
046fae71046fae71ae109e
160b2a27160b2a272a1028
1612040a1612040a163014
0f110b030f110b03112011
18221c0218221c02222022
41685b1041685b10682069
8de9cf2b8de9cf2be920ec
cfffff46cfffff46ff215f
bdffff44bdffff44ff2143
5da095245da09524a020a4
111f1f07111f1f071f101f
0204040202040402041004
0304030003040300042004
0403000304030003043004
0002020200020202020002
0202000202020002020002
0202040402020404040004
0003040300030403041004
0001020100010201021001
0000000000000000000000
0000000000000000000000
0000000000000000000000
0000000000000000000000
0000000000000000000000
0000000000000000000000
0102010001020100022002
0000000000000000000000
0303010103030101032003
0404020204040202042004
0606020206060202062006
0605020306050203063005
0605020306050203063005
0607040106070401072007
0505030105050301052005
0404020204040202042004
0303010103030101032003
0303010103030101032003
0605020306050203063005
0806020408060204083007
0604000406040004063005
0604000406040004063005
0908030409080304093008
0a0a04040a0a04040a200a
0c0c06040c0c06040c200c
0b0903050b0903050b300a
0a0700070a0700070a3009
0c0902070c0902070c300b
0c0b04050c0b04050c300c
0908030409080304093008
0605020306050203063005
0504010205040102053004
0404020204040202042004
0607040106070401072007
0304030003040300042004
0000000000000000000000
0000000000000000000000
0201000102010001023001
0404020204040202042004
0606020206060202062006
0605020306050203063005
0806020408060204083007
0707030307070303072007
0808040208080402082008
0708050207080502082008
0608060006080600082008
0508070205080702082008
0407060104070601072007
0304030003040300042004
0202020002020200021002
0505030105050301052005
080a0602080a06020a200a
090b0701090b07010b200b
0809060108090601092009
0707030307070303072007
0707030307070303072007
0809060108090601092009
0607040106070401072007
0605020306050203063005
0908030409080304093008
0a0a04040a0a04040a200a
0908030409080304093008
0806020408060204083007
0605020306050203063005
0504010205040102053004
0605020306050203063005
0707030307070303072007
0606020206060202062006
0403000304030003043004
0502010405020104053004
0806020408060204083007
0908030409080304093008
0908030409080304093008
0a0a04040a0a04040a200a
0a0b06030a0b06030b200b
0506050005060500062006
0205060302050603061005
0308090403080904091008
040a0a04040a0a040a100a
070e0d04070e0d040e200e
09100f0409100f04102010
09100f0409100f04102010
060d0e05060d0e050e100d
050c0d06050c0d060d100d
070f0f05070f0f050f100f
080d0c03080d0c030d200d
0609080106090801092009
0607040106070401072007
0707030307070303072007
0806020408060204083007
0806020408060204083007
0907010509070105093008
0a0802060a0802060a300a
0908030409080304093008
0504010205040102053004
0403000304030003043004
0303030103030301031003
2b27110f2b27110f2b3029
a196413ca196413ca130a1
ffff917fffff917fff3157
ffffba9fffffba9fff31af
ffff807affff807aff313e
856c1f40856c1f4085307d
15081d2015081d20200020
0e282c140e282c142c102c
0f1f1f0b0f1f1f0b1f1020
0b120f020b120f02122012
0b0a05040b0a05040b300a
0803020708030207083007
0703030707030307070007
0805000508050005083007
0302010203020102033002
0404020204040202042004
0603020506030205063005
0303070703030707070007
0205080702050807081008
0308090403080904091008
0608060006080600082008
0707030307070303072007
0806020408060204083007
0806020408060204083007
0908030409080304093008
0707030307070303072007
0407060104070601072007
0104070601040706071007
0600060806000608080008
0802040808020408080008
0c0902070c0902070c300b
0b0801060b0801060b300a
0703030707030307070007
0800080a0800080a0a000a
0b020d100b020d10100010
0a0714150a071415150016
14201e0a14201e0a202021
5c491a275c491a275c3052
a558177ea558177ea53099
a4197ac7a4197ac7c700c8
5849c8c75849c8c7c810d3
1a5dae851a5dae85ae10a2
161f4c3d161f4c3d4c1044
211505172115051721301f
1c1a0a0c1c1a0a0c1c301c
15160d0615160d06162016
1e2d26051e2d26052d202d
4c7c6e164c7c6e167c207d
a3ffe52ca3ffe52cff2109
e1ffff3ce1ffff3cff216a
b6ffff34b6ffff34ff2128
4a7d72194a7d72197d207f
0811120508111205121011
0304030003040300042004
0201000102010001023001
0301010303010103030003
0202000202020002020002
0002020200020202020002
0101030301010303030003
0001020100010201021001
0000000000000000000000
0000000000000000000000
0000000000000000000000
0000000000000000000000
0000000000000000000000
0000000000000000000000
0000000000000000000000
0201000102010001023001
0100010201000102020002
0002040200020402041002
0204040202040402041004
0305050103050501051005
0304030003040300042004
0406040004060400062006
0608060006080600082008
0304030003040300042004
0304030003040300042004
0304030003040300042004
0201000102010001023001
0404020204040202042004
0606020206060202062006
0404020204040202042004
0505030105050301052005
0608060006080600082008
0809060108090601092009
0a0b06030a0b06030b200b
0908030409080304093008
0806020408060204083007
0a0a04040a0a04040a200a
0c0b04050c0b04050c300c
0a0904050a0904050a300a
0807020308070203083007
0404020204040202042004
0505030105050301052005
0607040106070401072007
0404020204040202042004
0201000102010001023001
0000000000000000000000
0201000102010001023001
0304030003040300042004
0505030105050301052005
0404020204040202042004
0607040106070401072007
0608060006080600082008
0608060006080600082008
0609080106090801092009
060b0a03060b0a030b200b
0307070303070703071007
0305050103050501051005
0304030003040300042004
0103030101030301031003
0205060302050603061005
0509090305090903091009
070b0901070b09010b200b
0608060006080600082008
0505030105050301052005
0707030307070303072007
0a0a04040a0a04040a200a
0806020408060204083007
0605020306050203063005
0808040208080402082008
0909050309090503092009
0908030409080304093008
0707030307070303072007
0607040106070401072007
0304030003040300042004
0304030003040300042004
0607040106070401072007
0605020306050203063005
0502010405020104053004
0403000304030003043004
0607040106070401072007
0608060006080600082008
0608060006080600082008
080a0800080a08000a200a
090c0900090c09000c200c
0509070105090701092009
0307070303070703071007
0308090403080904091008
050a0b04050a0b040b100a
080e0e04080e0e040e100e
09100f0409100f04102010
09100f0409100f04102010
070e0d04070e0d040e200e
060b0a03060b0a030b200b
090c0900090c09000c200c
0a0c08020a0c08020c200c
0808040208080402082008
0605020306050203063005
0805000508050005083007
0806000608060006083008
0907010509070105093008
0806020408060204083007
0908030409080304093008
0a0a04040a0a04040a200a
0604000406040004063005
0502010405020104053004
0301010303010103030003
14130a0514130a05143013
665d2825665d2825663064
fff56c65fff56c65ff3109
ffffb09dffffb09dff31a1
ffff9997ffff9997ff317e
c6a6365ec6a6365ec630be
30150e2730150e2730302c
0c1a1a080c1a1a081a101b
15150b0715150b07152016
140b020f140b020f143012
1308071213080712133013
0f05070f0f05070f0f000f
0d06030a0d06030a0d300b
0a0802060a0802060a300a
0607040106070401072007
0301050503010505050005
0700070a0700070a0a000a
06030a0b06030a0b0b000b
0401060704010607070007
0103030101030301031003
0604000406040004063005
0905010709050107093008
0a0700070a0700070a3009
0907010509070105093008
0908030409080304093008
0909050309090503092009
090c0900090c09000c200c
0308090403080904091008
0400040604000406060006
0605020306050203063005
080b0801080b08010b200b
0408080204080802081008
0100010001000100011000
0105070501050705071007
02070c0902070c090c100b
01080d0a01080d0a0d100c
0910110609101106111011
1d190d091d190d091d301a
2f1607242f1607242f302a
28052c3b28052c3b3b003b
0826443608264436441042
0722311a0722311a31102a
0502070605020706071006
171b0f05171b0f051b201b
1a1c10081a1c10081c201d
191f1503191f15031f201f
253c350a253c350a3c203c
5791831d5791831d912093
b0fff831b0fff831ff211f
e5ffff39e5ffff39ff216d
a9ffe92ca9ffe92cff210f
3a625a143a625a14622064
02080a0402080a040a1008
0304030003040300042004
0000000000000000000000
0000000000000000000000
0304030003040300042004
0304030003040300042004
0000000000000000000000
0000000000000000000000
0000000000000000000000
0000000000000000000000
0000000000000000000000
0000000000000000000000
0000000000000000000000
0001020100010201021001
0101030301010303030003
0301010303010103030003
0201000102010001023001
0102010001020100022002
0304030003040300042004
0305050103050501051005
0205060302050603061005
0205060302050603061005
0407060104070601072007
0304030003040300042004
0303010103030101032003
0404020204040202042004
0201000102010001023001
0303010103030101032003
0605020306050203063005
0605020306050203063005
0607040106070401072007
0608060006080600082008
0607040106070401072007
0908030409080304093008
0a0802060a0802060a300a
0907010509070105093008
0b0903050b0903050b300a
0c0a04060c0a04060c300b
0c0b04050c0b04050c300c
0908030409080304093008
0605020306050203063005
0606020206060202062006
0605020306050203063005
0604000406040004063005
0403000304030003043004
0201000102010001023001
0403000304030003043004
0504010205040102053004
0404020204040202042004
0505030105050301052005
0608060006080600082008
0608060006080600082008
0608060006080600082008
070b0901070b09010b200b
080c0a02080c0a020c200c
0305050103050501051005
0304030003040300042004
0304030003040300042004
0304030003040300042004
0407060104070601072007
0508070205080702082008
0609080106090801092009
0607040106070401072007
0404020204040202042004
0706030207060302073006
0908030409080304093008
0806000608060006083008
0907010509070105093008
0909050309090503092009
0809060108090601092009
0608060006080600082008
0608060006080600082008
0608060006080600082008
0304030003040300042004
0304030003040300042004
0505030105050301052005
0403000304030003043004
0403000304030003043004
0505030105050301052005
0608060006080600082008
0608060006080600082008
0608060006080600082008
070b0901070b09010b200b
080c0a02080c0a020c200c
0609080106090801092009
0608060006080600082008
0609080106090801092009
060c0c04060c0c040c100c
060f1007060f1007101010
0610120806101208121011
060f1007060f1007101010
060c0c04060c0c040c100c
0609080106090801092009
0809060108090601092009
0a0b06030a0b06030b200b
0908030409080304093008
0604000406040004063005
0604000406040004063005
0805000508050005083007
0a0700070a0700070a3009
0a0700070a0700070a3009
0b0801060b0801060b300a
0c0902070c0902070c300b
0904030809040308093008
0703030707030307070007
0603020506030205063005
0708050007080500082008
3934171439341714393037
b9ae4f44b9ae4f44b930ba
ffffa77effffa77eff316e
ffffbd8cffffbd8cff319a
f5ec6b5cf5ec6b5cf530fd
4c441a1e4c441a1e4c304a
0805000708050007083008
190d0515190d0515193018
18080c1818080c18180019
18090a1718090a17183018
160b0613160b0613163015
120b020d120b020d123011
0f0c03080f0c03080f300e
0c0c06040c0c06040c200c
0407060104070601072007
0104070601040706071007
0401060704010607070007
0604000406040004063005
0103030101030301031003
0400040604000406060006
0903050909030509090009
0d08010a0d08010a0d300c
0e0900090e0900090e300c
0c0800080c0800080c300b
0d0b03070d0b03070d300d
0f0f07050f0f07050f200f
0a0b06030a0b06030b200b
0201000102010001023001
0509070105090701092009
080d0c03080d0c030d200d
0308090403080904091008
0403000304030003043004
070a0700070a07000a200a
050a0b04050a0b040b100a
020a0e08020a0e080e100c
020c100a020c100a10100f
030d1109030d110911100f
0105090701050907091008
0e0b02070e0b02070e300d
1a14040e1a14040e1a3018
1c0e06181c0e06181c301b
0f0315190f031519190019
02121a1002121a101a1018
0c1918070c191807192019
1726210617262106262026
2c4b440f2c4b440f4b204c
64a6942064a69420a620a9
bcffff31bcffff31ff212e
e6ffff34e6ffff34ff2167
9cf3d0239cf3d023f320f5
2f4c430c2f4c430c4c204c
0102030001020300031002
0103030101030301031003
0000000000000000000000
0000000000000000000000
0304030003040300042004
0304030003040300042004
0000000000000000000000
0000000000000000000000
0000000000000000000000
0000000000000000000000
0000000000000000000000
0001020100010201021001
0101030301010303030003
0202040402020404040004
0202040402020404040004
0403000304030003043004
0303010103030101032003
0201000102010001023001
0404020204040202042004
0607040106070401072007
0406040004060400062006
0304030003040300042004
0506050005060500062006
0304030003040300042004
0201000102010001023001
0403000304030003043004
0402020404020204040004
0502010405020104053004
0604000406040004063005
0707030307070303072007
0809060108090601092009
0607040106070401072007
0605020306050203063005
0806020408060204083007
0908030409080304093008
0908030409080304093008
0908030409080304093008
0a0a04040a0a04040a200a
0c0b04050c0b04050c300c
0a0802060a0802060a300a
0907010509070105093008
0806020408060204083007
0604000406040004063005
0604000406040004063005
0604000406040004063005
0403000304030003043004
0404020204040202042004
0504010205040102053004
0404020204040202042004
0607040106070401072007
0608060006080600082008
0608060006080600082008
0608060006080600082008
090c0900090c09000c200c
090b0701090b07010b200b
0404020204040202042004
0504010205040102053004
0403000304030003043004
0604000406040004063005
0908030409080304093008
0909050309090503092009
0809060108090601092009
0505030105050301052005
0404020204040202042004
0606020206060202062006
0605020306050203063005
0806020408060204083007
0908030409080304093008
0a0a04040a0a04040a200a
0a0b06030a0b06030b200b
0809060108090601092009
0608060006080600082008
0608060006080600082008
0304030003040300042004
0303010103030101032003
0404020204040202042004
0402000204020002043002
0404020204040202042004
0607040106070401072007
0608060006080600082008
0608060006080600082008
0608060006080600082008
090c0900090c09000c200c
090d0b01090d0b010d200d
0509090305090903091009
0308090403080904091008
040b0c05040b0c050c100c
060f1007060f1007101010
0610120806101208121011
060f1007060f1007101010
060c0c04060c0c040c100c
0609080106090801092009
0608060006080600082008
0608060006080600082008
0808040208080402082008
0807020508070205083008
0804020608040206083007
0704010607040106073007
0804020608040206083007
0905010709050107093008
0c0800080c0800080c300b
0c0800080c0800080c300b
0c0800080c0800080c300b
0904030809040308093008
0903050909030509090009
0a04040a0a04040a0a000a
0401060704010607070007
1a1b10051a1b10051b201b
78783e2478783e2478207d
ffffa152ffffa152ff2131
ffffe467ffffe467ff219e
ffffab48ffffab48ff2134
6974431669744316742076
050d0d07050d0d070d100e
1209040f1209040f123011
1208061012080610123011
130b030f130b030f133012
150f010d150f010d153013
130f030b130f030b133012
120f0409120f0409123011
100f0607100f0607103010
0c0c06040c0c06040c200c
0608060006080600082008
0100010201000102020002
0608060006080600082008
03090b0503090b050b100a
04050c0b04050c0b0c100c
0c010a0f0c010a0f0f000f
1208061012080610123011
130b030f130b030f133012
110a010c110a010c11300f
110d0309110d030911300f
1210060812100608123011
0f0d05070f0d05070f300e
0603020506030205063005
050a0b04050a0b040b100a
070f0f05070f0f050f100f
02080a0602080a060a100a
0805000508050005083007
0c0d08030c0d08030d200d
0a0f0c010a0f0c010f200f
060f1007060f1007101010
020c100a020c100a10100f
010b0f09010b0f090f100e
0304090803040908091008
0e07040b0e07040b0e300d
150a0512150a0512153014
18080c1818080c18180019
1301151b1301151b1b001b
0b0b1d1b0b0b1d1b1d101d
021320170213201720101d
0e272c130e272c132c102b
2f5753172f575317572059
6fb9a7256fb9a725b920bc
c4ffff33c4ffff33ff213b
dfffff31dfffff31ff215c
8dd8b71c8dd8b71cd820d9
263a3206263a32063a203a
0101030301010303030003
0101030301010303030003
0201000102010001023001
0000000000000000000000
0304030003040300042004
0304030003040300042004
0000000000000000000000
0000000000000000000000
0000000000000000000000
0000000000000000000000
0000000000000000000000
0103030101030301031003
0003040300030403041004
0101030301010303030003
0001020100010201021001
0304030003040300042004
0304030003040300042004
0000000000000000000000
0304030003040300042004
0607040106070401072007
0605020306050203063005
0605020306050203063005
0606020206060202062006
0403000304030003043004
0300030403000304040004
0502010405020104053004
0502010405020104053004
0403000304030003043004
0504010205040102053004
0707030307070303072007
0a0a04040a0a04040a200a
0806020408060204083007
0605020306050203063005
0607040106070401072007
0608060006080600082008
0608060006080600082008
0608060006080600082008
0809060108090601092009
0909050309090503092009
0908030409080304093008
0907010509070105093008
0806000608060006083008
0804020608040206083007
0704010607040106073007
0804020608040206083007
0703030707030307070007
0304030003040300042004
0304030003040300042004
0304030003040300042004
0608060006080600082008
0608060006080600082008
0608060006080600082008
0608060006080600082008
090c0900090c09000c200c
0809060108090601092009
0403000304030003043004
0604000406040004063005
0502010405020104053004
0604000406040004063005
0908030409080304093008
0a0a04040a0a04040a200a
0a0a04040a0a04040a200a
0605020306050203063005
0505030105050301052005
0505030105050301052005
0404020204040202042004
0606020206060202062006
0708050207080502082008
0a0a06020a0a06020a200a
0a0c08020a0c08020c200c
090b0701090b07010b200b
0608060006080600082008
0608060006080600082008
0304030003040300042004
0201000102010001023001
0404020204040202042004
0303010103030101032003
0304030003040300042004
0608060006080600082008
0608060006080600082008
0608060006080600082008
0609080106090801092009
080d0c03080d0c030d200d
070e0d04070e0d040e200e
040b0c05040b0c050c100c
02090c0702090c070c100b
030b0d07030b0d070d100d
070f0f05070f0f050f100f
090f0d03090f0d030f200f
090c0900090c09000c200c
090a0702090a07020a200a
0809060108090601092009
0607040106070401072007
0707030307070303072007
0805000508050005083007
0905010709050107093008
0904030809040308093008
0903050909030509090009
0a04040a0a04040a0a000a
0b0503090b0503090b300a
0c0800080c0800080c300b
0c0800080c0800080c300b
0c0800080c0800080c300b
0904030809040308093008
0801060908010609090009
0a04040a0a04040a0a000a
0903050909030509090009
090d0b03090d0b030d200d
4d5331114d533111532054
e3fa9534e3fa9534fa20ff
fffffa4afffffa4aff2198
ffffdb38ffffdb38ff2160
849b6413849b64139b209c
121a1604121a16041a201a
0d08010a0d08010a0d300c
0e0900090e0900090e300c
0f0c03080f0c03080f300e
1210060812100608123011
1210060812100608123011
1210060812100608123011
1210060812100608123011
100f0607100f0607103010
0c0c06040c0c06040c200c
0201000102010001023001
070b0901070b09010b200b
070e0d04070e0d040e200e
010b0f09010b0f090f100e
08030e0f08030e0f0f000f
13060b1413060b14140014
190d0515190d0515193018
180f0211180f0211183016
150f010d150f010d153013
1511050b1511050b153014
120f0409120f0409123011
0904030809040308093008
010a0d08010a0d080d100c
0610120806101208121011
00080c0800080c080c100b
0a0700070a0700070a3009
0f1009040f100904102010
0f140f000f140f00142014
0c1310030c131003132013
060c0c04060c0c040c100c
0508070205080702082008
0203020102030201032003
0201000102010001023001
0702050807020508080008
0d03090f0d03090f0f000f
0c0310130c031013130013
080a1614080a1614161016
03101b1403101b141b1019
0e272e150e272e152e102c
34615e1b34615e1b612064
79ccb92a79ccb92acc20d0
c8ffff38c8ffff38ff2144
d2ffff31d2ffff31ff214a
7abca0187abca018bc20bd
1d2d27051d2d27052d202d
0103030101030301031003
0101030301010303030003
0403000304030003043004
0201000102010001023001
0304030003040300042004
0304030003040300042004
0000000000000000000000
0000000000000000000000
0000000000000000000000
0000000000000000000000
0000000000000000000000
0304030003040300042004
0304030003040300042004
0000000000000000000000
0001020100010201021001
0204040202040402041004
0103030101030301031003
0001020100010201021001
0204040202040402041004
0304030003040300042004
0404020204040202042004
0607040106070401072007
0505030105050301052005
0301010303010103030003
0300030403000304040004
0402020404020204040004
0403000304030003043004
0505030105050301052005
0304030003040300042004
0505030105050301052005
0909050309090503092009
0707030307070303072007
0607040106070401072007
0608060006080600082008
0608060006080600082008
0608060006080600082008
0608060006080600082008
0608060006080600082008
0607040106070401072007
0707030307070303072007
0805000508050005083007
0905010709050107093008
0904030809040308093008
0904030809040308093008
0904030809040308093008
0801060908010609090009
0304030003040300042004
0304030003040300042004
0304030003040300042004
0608060006080600082008
0608060006080600082008
0608060006080600082008
0608060006080600082008
090b0701090b07010b200b
0708050207080502082008
0403020104030201043003
0304030003040300042004
0102010001020100022002
0304030003040300042004
0608060006080600082008
0809060108090601092009
0909050309090503092009
0707030307070303072007
0607040106070401072007
0304030003040300042004
0304030003040300042004
0506050005060500062006
0608060006080600082008
070a0700070a07000a200a
090c0900090c09000c200c
090c0900090c09000c200c
0608060006080600082008
0608060006080600082008
0304030003040300042004
0000000000000000000000
0304030003040300042004
0305050103050501051005
0205060302050603061005
0307070303070703071007
0408080204080802081008
0509090305090903091009
040a0a04040a0a040a100a
070e0d04070e0d040e200e
080d0c03080d0c030d200d
070a0700070a07000a200a
0807000508070005083008
0d05070d0d05070d0d000d
17080d1817080d18180019
200a1222200a1222220023
240a1426240a1426260027
240d1023240d1023243025
200e0a1c200e0a1c20301f
1809081518090815183016
1308051013080510133011
0e06040c0e06040c0e300d
0b0503090b0503090b300a
0904030809040308093008
0801060908010609090009
0a04040a0a04040a0a000a
0c0702090c0702090c300b
0c0800080c0800080c300b
0c0800080c0800080c300b
0c0800080c0800080c300b
0904030809040308093008
0601040706010407070007
0804020608040206083007
0704010607040106073007
0205060302050603061005
353b2509353b25093b203b
bbd68722bbd68722d620d8
ffffff38ffffff38ff218d
fffff832fffff832ff217f
9ebc7c169ebc7c16bc20bd
1e2920031e292003292029
0e06060e0e06060e0e000f
130b030f130b030f133012
140d000d140d000d143012
1510030c1510030c153014
1511050b1511050b153014
1411060914110609143013
1210060812100608123011
1210060812100608123011
100e0408100e0408103010
0704010607040106073007
0509070105090701092009
0d0f09030d0f09030f200f
0d110d010d110d01112011
030c0f08030c0f080f100e
0d010b110d010b11110011
190f0313190f0313193018
1b1403101b1403101b3019
1711030d1711030d173015
1612040c1612040c163015
1510030c1510030c153014
0c05040b0c05040b0c300c
000a100a000a100a10100e
0511150b0511150b151014
03080f0c03080f0c0f100e
0f08030c0f08030c0f300e
1613060b1613060b163015
18170a0918170a09183018
1514090815140908153015
0f0c03080f0c03080f300e
0b0503090b0503090b300a
0901070b0901070b0b000b
0a04040a0a04040a0a000a
0706010407060104073007
0003040300030403041004
0104070601040706071007
03090b0503090b050b100a
0911110509111105111011
192b2709192b27092b202b
436c5f12436c5f126c206d
8edebe208edebe20de20e0
d6ffff2cd6ffff2cff214a
ccffff29ccffff29ff2137
69a28b1669a28b16a220a3
15221d0415221d04222022
0204040202040402041004
0102030201020302031002
0404020204040202042004
0303010103030101032003
0304030003040300042004
0304030003040300042004
0000000000000000000000
0000000000000000000000
0000000000000000000000
0000000000000000000000
0000000000000000000000
0304030003040300042004
0304030003040300042004
0001020100010201021001
0003040300030403041004
0003040300030403041004
0001020100010201021001
0103030101030301031003
0204040202040402041004
0002040200020402041002
0204040202040402041004
0406040004060400062006
0403000304030003043004
0301010303010103030003
0201000102010001023001
0201000102010001023001
0404020204040202042004
0607040106070401072007
0304030003040300042004
0304030003040300042004
0608060006080600082008
0608060006080600082008
0608060006080600082008
0608060006080600082008
0608060006080600082008
0608060006080600082008
0607040106070401072007
0707030307070303072007
0805000508050005083007
0905010709050107093008
0904030809040308093008
0904030809040308093008
0905010709050107093008
0804020608040206083007
0703030707030307070007
0600060806000608080008
0505030105050301052005
0304030003040300042004
0304030003040300042004
0608060006080600082008
0607040106070401072007
0707030307070303072007
0908030409080304093008
0b0a05040b0a05040b300a
0909050309090503092009
0406040004060400062006
0204040202040402041004
0001020100010201021001
0304030003040300042004
0608060006080600082008
0608060006080600082008
0608060006080600082008
0608060006080600082008
0607040106070401072007
0404020204040202042004
0505030105050301052005
0407060104070601072007
0508070205080702082008
0609080106090801092009
090c0900090c09000c200c
090b0701090b07010b200b
0707030307070303072007
0908030409080304093008
0604000406040004063005
0301010303010103030003
0505030105050301052005
0407060104070601072007
0307070303070703071007
0206080402060804081007
0308090403080904091008
040a0a04040a0a040a100a
050a0b04050a0b040b100a
080c0a02080c0a020c200c
0806020608060206083008
0e051a190e051a191a1019
1d0f39391d0f393939003a
3613585f3613585f5f0060
550e6d82550e6d82820082
7003769b7003769b9b009b
810b71a3810b71a3a300a3
8618609a8618609a9a009b
7c1f4a857c1f4a85850088
651d3567651d356767006b
4b1a1f464b1a1f464b304a
31140f2a31140f2a31302e
1d0d07171d0d07171d301a
1007040d1007040d10300e
0801060908010609090009
0904030809040308093008
0c0800080c0800080c300b
0c0902070c0902070c300b
0b0903050b0903050b300a
0908030409080304093008
0604000406040004063005
0402020404020204040004
0604000406040004063005
0605020306050203063005
0000000000000000000000
282c1a08282c1a082c202c
a0ba781aa0ba781aba20bb
fffffa2ffffffa2fff217d
ffffff31ffffff31ff2191
b9dd9319b9dd9319dd20de
2d3d2f032d3d2f033d203d
0d010f130d010f13130013
1a0c08181a0c08181a301a
1d1005161d1005161d301b
1b1201121b1201121b3019
1a14040e1a14040e1a3018
1612040c1612040c163015
150f010d150f010d153013
160f000f160f000f163015
170e0110170e0110173015
1008040e1008040e103010
0401060704010607070007
0809040308090403092009
1314090813140908142015
13160d0413160d04162016
0205060302050603061005
100e0408100e0408103010
1715070b1715070b173017
1612040c1612040c163015
1711030d1711030d173015
1610020e1610020e163015
0f07050d0f07050d0f300e
020b120d020b120d121011
03141b1003141b101b1019
0709151307091513151015
1509071315090713153015
1d1503111d1503111d301b
1e1806101e1806101e301c
1b1403101b1403101b3019
150c0310150c0310153014
0f0409100f040910100010
0c000c100c000c10100010
1006081010060810100011
130b030f130b030f133012
0f08030c0f08030c0f300e
0b04050a0b04050a0b300a
0d08010a0d08010a0d300c
15150b0715150b07152016
2631240126312401312031
5374590453745904742074
a7e9b509a7e9b509e920e9
f0ffff0ff0ffff0fff214f
d6fff012d6fff012ff212e
6592790e6592790e922092
0e1818060e181806181018
0505030105050301052005
0202020002020200021002
0303010103030101032003
0403000304030003043004
0003040300030403041004
0103030101030301031003
0000000000000000000000
0000000000000000000000
0000000000000000000000
0000000000000000000000
0000000000000000000000
0304030003040300042004
0304030003040300042004
0103030101030301031003
0204040202040402041004
0001020100010201021001
0000000000000000000000
0304030003040300042004
0304030003040300042004
0103030101030301031003
0204040202040402041004
0202020002020200021002
0301010303010103030003
0403000304030003043004
0303010103030101032003
0000000000000000000000
0304030003040300042004
0608060006080600082008
0304030003040300042004
0304030003040300042004
0608060006080600082008
0609080106090801092009
0509090305090903091009
0308090403080904091008
0307070303070703071007
0407060104070601072007
0505030105050301052005
0604000406040004063005
0704010607040106073007
0804020608040206083007
0703030707030307070007
0904030809040308093008
0a0700070a0700070a3009
0804020608040206083007
0601040706010407070007
0600060806000608080008
0706010407060104073007
0605020306050203063005
0504010205040102053004
0707030307070303072007
0805000508050005083007
0905010709050107093008
0c0800080c0800080c300b
0d0b03070d0b03070d300d
0c0b04050c0b04050c300c
0908030409080304093008
0605020306050203063005
0201000102010001023001
0304030003040300042004
0608060006080600082008
0608060006080600082008
0608060006080600082008
0607040106070401072007
0605020306050203063005
0604000406040004063005
0707030307070303072007
0809060108090601092009
0608060006080600082008
0608060006080600082008
090b0701090b07010b200b
0909050309090503092009
0806020408060204083007
0908030409080304093008
0604000406040004063005
0403000304030003043004
0607040106070401072007
0608060006080600082008
0608060006080600082008
0407060104070601072007
0508070205080702082008
0609080106090801092009
0709050107090501092009
0902090a0902090a0a000a
0d1633280d16332833102d
1f3575611f35756175106e
474abbac474abbacbb10bb
8048eef68048eef6f60100
ba33ffffba33ffffff0131
e815ffffe815ffffff014b
ff0df3ffff0df3ffff0153
ff29d8ffff29d8ffff014b
ff3db5ffff3db5ffff0135
f8488cfff8488cffff010d
d04862ccd04862ccd030d8
9d3e3b909d3e3b909d309c
692d1f59692d1f59693063
3b1a0f303b1a0f303b3036
1c0b08171c0b08171c3019
0f07030b0f07030b0f300d
0c0800080c0800080c300b
0d0b03070d0b03070d300d
0c0b04050c0b04050c300c
0908030409080304093008
0605020306050203063005
0402000204020002043002
0404020204040202042004
0607040106070401072007
0103030101030301031003
1f2113071f211307212021
8ca164198ca16419a120a2
ffffe434ffffe434ff2167
ffffff3cffffff3cff21a0
dcffaa21dcffaa21ff2105
4157430341574303572057
080b1817080b1817181019
1e0d0a1b1e0d0a1b1e301d
211403182114031821301f
1f1601141f1601141f301d
1e1704111e1704111e301c
1a1100111a1100111a3018
180c0614180c0614183017
1b0c09181b0c09181b301a
1d0e091a1d0e091a1d301d
1b0d07171b0d07171b301a
120a020e120a020e123011
0303010103030101032003
130f030b130f030b133012
1e1906111e1906111e301e
130c010e130c010e133012
0106070401060704071007
100f0607100f0607103010
1610020e1610020e163015
1811020f1811020f183016
1711030d1711030d173015
0f08030c0f08030c0f300e
000d140d000d140d141012
06181e1006181e101e101c
060b1613060b1613161015
160b0613160b0613163015
1e1704111e1704111e301c
1e1704111e1704111e301c
1c1300131c1300131c301a
180d0413180d0413183017
11040b1211040b12120012
0d010f130d010f13130013
14040e1614040e16160016
1a0a0c1a1a0a0c1a1a001b
1c0a0e1c1c0a0e1c1c001d
18060e1a18060e1a1a001a
190c0514190c0514193017
1e1d0e0b1e1d0e0b1e301f
2c3828022c382802382038
58775c0358775c03772077
aeeab002aeeab002ea20ea
fcfff803fcfff803ff214f
e6ffe005e6ffe005ff212f
6e916c016e916c01912091
0e1512030e151203152015
0707030307070303072007
0303010103030101032003
0201000102010001023001
0301010303010103030003
0101030301010303030003
0001020100010201021001
0000000000000000000000
0000000000000000000000
0000000000000000000000
0000000000000000000000
0000000000000000000000
0304030003040300042004
0304030003040300042004
0303010103030101032003
0404020204040202042004
0201000102010001023001
0000000000000000000000
0303010103030101032003
0404020204040202042004
0505030105050301052005
0304030003040300042004
0000000000000000000000
0000000000000000000000
0304030003040300042004
0304030003040300042004
0001020100010201021001
0204040202040402041004
0407060104070601072007
0304030003040300042004
0304030003040300042004
0608060006080600082008
070b0901070b09010b200b
060b0a03060b0a030b200b
0308090403080904091008
0205060302050603061005
0305050103050501051005
0304030003040300042004
0201000102010001023001
0403000304030003043004
0603020506030205063005
0602020606020206060006
0804020608040206083007
0a0700070a0700070a3009
0904030809040308093008
0601040706010407070007
0501030505010305050005
0806020408060204083007
0706010407060104073007
0604000406040004063005
0805000508050005083007
0704010607040106073007
0805000508050005083007
0908030409080304093008
0c0b04050c0b04050c300c
0d0c05060d0c05060d300d
0b0903050b0903050b300a
0707030307070303072007
0303010103030101032003
0304030003040300042004
0608060006080600082008
0608060006080600082008
0607040106070401072007
0605020306050203063005
0604000406040004063005
0604000406040004063005
0909050309090503092009
090b0701090b07010b200b
0608060006080600082008
0608060006080600082008
0809060108090601092009
0708050207080502082008
0607040106070401072007
0608060006080600082008
0304030003040300042004
0304030003040300042004
0608060006080600082008
0609080106090801092009
0508070205080702082008
0407060104070601072007
0608060006080600082008
0607040106070401072007
08000a0a08000a0a0a000a
091f3d2b091f3d2b3d1035
11599d7111599d719d108f
338bffd1338bffd1ff10fb
6e97ffff6e97ffffff114d
ae7bffffae7bffffff0173
e14cffffe14cffffff017b
ff1effffff1effffff0179
ff0dffffff0dffffff0179
ff30fbffff30fbffff017f
ff50e3ffff50e3ffff0184
ff6cc6ffff6cc6ffff017f
ff7ba2ffff7ba2ffff3166
ff7d77ffff7d77ffff3135
f06d4cd3f06d4cd3f030ed
a44e2a88a44e2a88a4309c
5e2e144a5e2e144a5e3057
2f1807222f1807222f3029
170e010e170e010e173013
100e0606100e060610300f
0c0c06040c0c06040c200c
0908030409080304093008
0707030307070303072007
0303010103030101032003
0304030003040300042004
0608060006080600082008
0304030003040300042004
16180e0416180e04182018
7785511777855117852086
ffffca38ffffca38ff2148
ffffff46ffffff46ff21ab
ffffc32bffffc32bff2132
5d7551055d755105752075
0513170d0513170d171017
160d0411160d0411163015
1d1501131d1501131d301c
211701152117011521301f
2218021622180216223020
1d1103151d1103151d301b
170a0714170a0714173016
170a0714170a0714173016
1a0e04141a0e04141a3018
1a1102131a1102131a3019
1814040e1814040e183018
0f1009040f100904102010
0903050909030509090009
1d1401141d1401141d301c
1d1301151d1301151d301c
0d07030b0d07030b0d300d
0404020204040202042004
100b000b100b000b10300f
1712030e1712030e173016
1814060c1814060c183017
0e0900090e0900090e300c
040e1008040e1008101010
0d1a19080d1a19081a201b
030c0f08030c0f080f100e
0f0b01090f0b01090f300e
1916070c1916070c193019
1b1403101b1403101b3019
1b1101131b1101131b3019
190d0715190d0715193018
13030f1713030f17170017
1102131811021318180018
1401121914011219190019
1a05121d1a05121d1d001d
1f0911211f091121210022
1f0c0d1e1f0c0d1e1f3020
1f1601141f1601141f301d
2427160924271609272028
3041320130413201412041
567d660b567d660b7d207d
a4e6b60ea4e6b60ee620e6
f0fff805f0fff805ff2145
e4ffde05e4ffde05ff212d
74966c0674966c06962096
1418100214181002182018
0608060006080600082008
0304030003040300042004
0001020100010201021001
0101030301010303030003
0300030403000304040004
0300030403000304040004
0300030403000304040004
0301010303010103030003
0201000102010001023001
0001020100010201021001
0101030301010303030003
0003040300030403041004
0103030101030301031003
0201000102010001023001
0403000304030003043004
0403000304030003043004
0201000102010001023001
0201000102010001023001
0404020204040202042004
0606020206060202062006
0403000304030003043004
0301010303010103030003
0201000102010001023001
0304030003040300042004
0304030003040300042004
0103030101030301031003
0205060302050603061005
0205060302050603061005
0104050201040502051004
0204040202040402041004
0407060104070601072007
090b0701090b07010b200b
0a0c08020a0c08020c200c
0809060108090601092009
0304030003040300042004
0303010103030101032003
0403000304030003043004
0301010303010103030003
0402000204020002043002
0301010303010103030003
0402020404020204040004
0604000406040004063005
0805000508050005083007
0703030707030307070007
0703030707030307070007
0602040606020406060006
0706010407060104073007
0806020408060204083007
0605020306050203063005
0504010205040102053004
0404020204040202042004
0607040106070401072007
0608060006080600082008
0809060108090601092009
0a0c08020a0c08020c200c
090b0701090b07010b200b
0607040106070401072007
0404020204040202042004
0504010205040102053004
0707030307070303072007
0908030409080304093008
0806020408060204083007
0604000406040004063005
0604000406040004063005
0605020306050203063005
090b0701090b07010b200b
090c0900090c09000c200c
0608060006080600082008
0608060006080600082008
0608060006080600082008
0608060006080600082008
0608060006080600082008
0608060006080600082008
0304030003040300042004
0304030003040300042004
0609080106090801092009
060b0a03060b0a030b200b
0308090403080904091008
0205060302050603061005
0407060104070601072007
0502030405020304053004
011b2d1b011b2d1b2d1026
0665965b0665965b961087
01beffc001beffc0ff110e
2ce1ffff2ce1ffffff1169
63bdffff63bdffffff1172
8a7affff8a7affffff1145
9b40f9ff9b40f9ffff0113
a817caf5a817caf5f500f6
bd09aff1bd09aff1f100f1
da24a4feda24a4fefe0100
ff459dffff459dffff011d
ff6898ffff6898ffff0141
ff8891ffff8891ffff3161
ffa380ffffa380ffff316f
ffa967ffffa967ffff315a
ff9649f6ff9649f6ff3120
d57129a9d57129a9d530cb
81480f5e81480f5e813076
4028002840280028403038
1d17070d1d17070d1d301a
0e0e08040e0e08040e200e
0809060108090601092009
0608060006080600082008
0304030003040300042004
0304030003040300042004
0608060006080600082008
0304030003040300042004
10110a0310110a03112011
5f6b43115f6b43116b206c
fbffbf29fbffbf29ff2127
ffffff36ffffff36ff21ad
ffffdc2affffdc2aff2154
7a8c56167a8c56168c208d
1b18090c1b18090c1b301a
02090c0702090c070c100b
0c0f0a010c0f0a010f200f
1412060a1412060a143014
1c1604101c1604101c301b
1a1200121a1200121a3019
150c0310150c0310153014
120d020b120d020b123011
1111090511110905112011
10130e0110130e01132013
1218120012181200182018
0f1813020f181302182018
01090d0901090d090d100c
160b0613160b0613163015
2115031921150319213020
1d1301151d1301151d301c
0e08020a0e08020a0e300c
0304030003040300042004
100f0607100f0607103010
1715070b1715070b173017
100a020c100a020c10300f
020c100a020c100a10100f
0d1715050d171505172017
070c0b02070c0b020c200c
0908030409080304093008
1412080814120808143013
1511050b1511050b153014
150e010e150e010e153013
1509071315090713153015
12020e1612020e16160016
0f0111150f011115150015
0f000f140f000f14140014
11010f1511010f15150015
16080a1616080a16160017
1c1300131c1300131c301a
211f0d0d211f0d0d213021
282f1e07282f1e072f202f
374b3901374b39014b204b
5d886f0c5d886f0c882088
9fe7bd159fe7bd15e720e7
defffa14defffa14ff213a
d3ffe109d3ffe109ff2123
6f9671006f967100962096
151b1301151b13011b201b
0608060006080600082008
0304030003040300042004
0103030101030301031003
0003040300030403041004
0300030403000304040004
0300030403000304040004
0300030403000304040004
0403000304030003043004
0303010103030101032003
0103030101030301031003
0003040300030403041004
0101030301010303030003
0001020100010201021001
0000000000000000000000
0201000102010001023001
0404020204040202042004
0303010103030101032003
0000000000000000000000
0303010103030101032003
0604000406040004063005
0602020606020206060006
0603020506030205063005
0403000304030003043004
0504010205040102053004
0404020204040202042004
0505030105050301052005
0407060104070601072007
0204040202040402041004
0104050201040502051004
0205060302050603061005
0206080402060804081007
0509090305090903091009
070b0901070b09010b200b
0709050107090501092009
0404020204040202042004
0402000204020002043002
0301010303010103030003
0402020404020204040004
0403000304030003043004
0201000102010001023001
0201000102010001023001
0403000304030003043004
0603020506030205063005
0602020606020206060006
0803040708030407083007
0700070a0700070a0a000a
0805000508050005083007
0807020508070205083008
0807020308070203083007
0404020204040202042004
0505030105050301052005
0608060006080600082008
0608060006080600082008
0608060006080600082008
090b0701090b07010b200b
0a0b06030a0b06030b200b
0806020408060204083007
0604000406040004063005
0604000406040004063005
0806020408060204083007
0908030409080304093008
0706010407060104073007
0604000406040004063005
0605020306050203063005
0607040106070401072007
090b0701090b07010b200b
0a0b06030a0b06030b200b
0908030409080304093008
0909050309090503092009
0808040208080402082008
0707030307070303072007
0908030409080304093008
0908030409080304093008
0605020306050203063005
0505030105050301052005
070a0700070a07000a200a
090c0900090c09000c200c
0609080106090801092009
0205060302050603061005
0205060302050603061005
020a0e06020a0e060e100b
154b5d2b154b5d2b5d1056
35c6f37c35c6f37cf310e9
36ffffd836ffffd8ff1166
04ffffff04ffffffff116b
30a3ffe330a3ffe3ff1117
484dbead484dbeadbe10bd
4a217e834a217e83830087
4b0b5d6f4b0b5d6f6f006f
55054d6b55054d6b6b006b
6615447166154471710072
852d3f81852d3f81853088
ae48409eae48409eae30ad
e56849c8e56849c8e530e1
ff8f51f9ff8f51f9ff311f
ffaf58ffffaf58ffff3151
ffc051ffffc051ffff3162
ffb83cffffb83cffff3140
fc9420befc9420befc30f0
a0610a6fa0610a6fa03093
5333013553330135533049
2619021726190217263021
130e030a130e030a133011
0b0a05040b0a05040b300a
0506050005060500062006
0204040202040402041004
0406040004060400062006
0404020204040202042004
090d0b01090d0b010d200d
4a5e46024a5e46025e205e
d6ffcc07d6ffcc07ff2115
ffffff0effffff0eff21a6
fffff017fffff017ff2159
8292561e8292561e922095
2b1a05202b1a05202b3029
1303171d1303171d1d001d
0c0616160c061616160016
020a120e020a120e121011
070f0f05070f0f050f100f
0d0f09030d0f09030f200f
0e0d04070e0d04070e300e
1111070711110707112012
13160d0413160d04162016
1017120110171201172017
101a1806101a18061a201a
0e1a1a080e1a1a081a101b
0410140a0410140a141012
0e010c110e010c11110011
1f1105191f1105191f301e
2619021b2619021b263024
1d1007181d1007181d301c
10020e1410020e14140014
0408100e0408100e101010
070e0d04070e0d040e200e
0806000608060006083008
010a0f0a010a0f0a0f100e
0813160908131609161015
030c0f08030c0f080f100e
0b0601080b0601080b300a
1210060812100608123011
120f0409120f0409123011
110a010c110a010c11300f
0f06050e0f06050e0f300f
0c03080d0c03080d0d000d
0900090c0900090c0c000c
0900090c0900090c0c000c
0900090c0900090c0c000c
0f08030c0f08030c0f300e
1917090b1917090b193019
2124150821241508242024
2a3424042a342404342034
3d533f013d533f01532053
6793750967937509932093
a5f0c314a5f0c314f020f0
d7fffb1ad7fffb1aff2137
c2ffe014c2ffe014ff2116
6490740a6490740a902090
101a1604101a16041a201a
0809060108090601092009
0305050103050501051005
0204040202040402041004
0103030101030301031003
0000000000000000000000
0000000000000000000000
0000000000000000000000
0304030003040300042004
0305050103050501051005
0204040202040402041004
0103030101030301031003
0000000000000000000000
0000000000000000000000
0000000000000000000000
0000000000000000000000
0303010103030101032003
0404020204040202042004
0201000102010001023001
0200020202000202020002
0401020504010205050005
0603020506030205063005
0604000406040004063005
0604000406040004063005
0604000406040004063005
0605020306050203063005
0607040106070401072007
0608060006080600082008
0304030003040300042004
0304030003040300042004
0407060104070601072007
0307070303070703071007
0308090403080904091008
0508070205080702082008
0606040206060402062006
0604000406040004063005
0403000304030003043004
0201000102010001023001
0201000102010001023001
0403000304030003043004
0402020404020204040004
0300030403000304040004
0501030505010305050005
0602020606020206060006
0603020506030205063005
0500050605000506060006
0403080904030809090009
0604000406040004063005
0908030409080304093008
0908030409080304093008
0604000406040004063005
0707030307070303072007
0809060108090601092009
0608060006080600082008
0608060006080600082008
0809060108090601092009
0909050309090503092009
0706010407060104073007
0604000406040004063005
0605020306050203063005
0606020206060202062006
0707030307070303072007
0806020408060204083007
0605020306050203063005
0607040106070401072007
0608060006080600082008
0809060108090601092009
0909050309090503092009
0908030409080304093008
0a0a04040a0a04040a200a
0908030409080304093008
0806020408060204083007
0908030409080304093008
0907010509070105093008
0807020508070205083008
0808040208080402082008
0809060108090601092009
0a0c08020a0c08020c200c
090b0701090b07010b200b
0407060104070601072007
0204040202040402041004
0d1b1b070d1b1b071b101b
3e84862c3e84862c86108b
83ffff6e83ffff6eff1134
88ffffa488ffffa4ff117b
3ef2ffa43ef2ffa4ff1124
0870b47c0870b47cb410a7
25235d5525235d555d105b
270a373e270a373e3e003e
2503293325032933330033
27051f2f27051f2f2f002f
2f11152d2f11152d2f3030
3c1e0e303c1e0e303c3038
512c0d3e512c0d3e51304c
753e155a753e155a75306d
ac592489ac592489ac30a3
f47f36c7f47f36c7f430ec
ffab44ffffab44ffff3136
ffcf42ffffcf42ffff3166
ffd334ffffd334ffff315d
ffac25dcffac25dcff3117
c16d1b91c16d1b91c130b5
6f3c0f526f3c0f526f3065
3b2203283b2203283b3034
1d1403101d1403101d3019
0c0b04050c0b04050c300c
0505030105050301052005
0403020104030201043003
0403000304030003043004
060c0c04060c0c040c100c
415f4d07415f4d075f205f
c7ffdb0ec7ffdb0eff2116
ffffff0effffff0eff219e
f8fff800f8fff800ff214a
73895b1173895b1189208a
2518011a2518011a253023
1400161c1400161c1c001c
1303191d1303191d1d001d
11071d1f11071d1f1f001f
0f081d1e0f081d1e1e001f
0c0716170c071617170018
05070f0d05070f0d0f100e
070d0b03070d0b030d200d
12150c0512150c05152015
191a0d08191a0d081a201b
1a1d10071a1d10071d201d
181c1204181c12041c201c
0f1511010f151101152015
00080c0800080c080c100b
130b030f130b030f133012
211701152117011521301f
1f10071a1f10071a1f301e
1803141d1803141d1d001d
1203181d1203181d1d001d
0e0416180e041618180018
0d020b100d020b10100010
110e0508110e0508113010
1116110011161100162016
070f1107070f1107111010
0b05050b0b05050b0b000c
1510030c1510030c153014
140d000d140d000d143012
1008040e1008040e103010
0f07050d0f07050d0f300e
0c04060c0c04060c0c000c
0900090c0900090c0c000c
0900090c0900090c0c000c
0902050a0902050a0a000a
0d0a03060d0a03060d300b
15170d0515170d05172017
2026180620261806262026
2d3827042d382704382038
4259440142594401592059
6f9d7d096f9d7d099d209d
aefac812aefac812fa20fa
d8fff816d8fff816ff2136
bcffda14bcffda14ff210e
5c89720f5c89720f892089
0914150809141508151015
0b0c07020b0c07020c200c
0407060104070601072007
0203020102030201032003
0100010201000102020002
0301010303010103030003
0200020202000202020002
0101030301010303030003
0003040300030403041004
0206060202060602061006
0204040202040402041004
0001020100010201021001
0000000000000000000000
0000000000000000000000
0000000000000000000000
0000000000000000000000
0201000102010001023001
0403000304030003043004
0402020404020204040004
0202040402020404040004
0300030403000304040004
0604000406040004063005
0605020306050203063005
0504010205040102053004
0404020204040202042004
0607040106070401072007
0608060006080600082008
0608060006080600082008
0305050103050501051005
0204040202040402041004
0407060104070601072007
0607040106070401072007
0707030307070303072007
0806020408060204083007
0604000406040004063005
0604000406040004063005
0604000406040004063005
0402020404020204040004
0301010303010103030003
0402000204020002043002
0300030403000304040004
0400040604000406060006
0501030505010305050005
0402020404020204040004
0603020506030205063005
0302050603020506060006
0204080602040806081007
0404020204040202042004
0807020308070203083007
0807020508070205083008
0805000508050005083007
0909050309090503092009
090b0701090b07010b200b
0608060006080600082008
0608060006080600082008
0607040106070401072007
0707030307070303072007
0806020408060204083007
0605020306050203063005
0606020206060202062006
0605020306050203063005
0805000508050005083007
0806000608060006083008
0908030409080304093008
0809060108090601092009
0608060006080600082008
0608060006080600082008
0608060006080600082008
0608060006080600082008
0809060108090601092009
0708050207080502082008
0607040106070401072007
0608060006080600082008
0505030105050301052005
0707030307070303072007
0a0b06030a0b06030b200b
0809060108090601092009
090c0900090c09000c200c
090c0900090c09000c200c
0608060006080600082008
0303010103030101032003
1828220618282206282028
6caa8c146caa8c14aa20ab
dbffff2adbffff2aff2154
e5ffff3ae5ffff3aff216e
7eded43a7eded43ade20e5
1c5468321c546832681061
1212302c1212302c30102f
1d011d271d011d27270027
1b0415201b041520200020
1a090c191a090c191a301a
1e1302151e1302151e301c
2319031523190315233020
2b1e031a2b1e031a2b3027
3922052839220528393034
552a1344552a134455304f
8a4224728a4224728a3083
d86b36b3d86b36b3d830d0
ffa63ffaffa63ffaff312c
ffd841ffffd841ffff3171
ffdb44ffffdb44ffff3179
ffb144ffffb144ffff3140
f27f32c3f27f32c3f230e8
9d5617769d5617769d3092
5732073c5732073c57304e
2a18021c2a18021c2a3024
130b010d130b010d133011
0805000508050005083007
0402000204020002043002
080d0c03080d0c030d200d
4664500646645006642064
cdffdd0bcdffdd0bff211d
ffffff0fffffff0fff219b
e6fffa0ee6fffa0eff213e
597f6709597f67097f207f
0c1310030c131003132013
00060a0600060a060a1008
050a1512050a1512151014
0c0d201d0c0d201d20101f
140a2426140a2426260027
1c0120291c012029290029
1c0318231c031823230023
1001121710011217170017
010c110a010c110a11100f
1016100010161000162016
191b0f07191b0f071b201b
1d1d0d0b1d1d0d0b1d201f
1a190a0b1a190a0b1a301b
100f0607100f0607103010
0304030003040300042004
1211080712110807123012
120d020b120d020b123011
0b000b0e0b000b0e0e000e
0a0614140a061414140014
1102151a1102151a1a001a
1906111c1906111c1c001c
2115031921150319213020
241e0812241e0812243022
1716090a1716090a173018
0201000102010001023001
0e0d04070e0d04070e300e
100a020c100a020c10300f
1006081010060810100011
13060b1413060b14140014
13030f1713030f17170017
1201101712011017170017
11020d1411020d14140014
1007060f1007060f103010
120f0409120f0409123011
16160c0616160c06162016
2125170721251707252025
313b2707313b27073b203b
4960470249604702602060
78a7820778a78207a720a7
b6ffc80db6ffc80dff20ff
defff00cdefff00cff2134
c1ffcf09c1ffcf09ff210b
5f8467065f846706842084
090e0d02090e0d020e200e
0a0e0a000a0e0a000e200e
0607040106070401072007
0302010203020102033002
0101010101010101010001
0102010001020100022002
0001020100010201021001
0003040300030403041004
0102050401020504051004
0205060302050603061005
0103030101030301031003
0000000000000000000000
0000000000000000000000
0000000000000000000000
0000000000000000000000
0000000000000000000000
0000000000000000000000
0201000102010001023001
0301010303010103030003
0101030301010303030003
0200020202000202020002
0404020204040202042004
0607040106070401072007
0305050103050501051005
0205060302050603061005
0307070303070703071007
0407060104070601072007
0608060006080600082008
0407060104070601072007
0205060302050603061005
0205060302050603061005
0304030003040300042004
0605020306050203063005
0706010407060104073007
0603020506030205063005
0704010607040106073007
0805000508050005083007
0502010405020104053004
0402020404020204040004
0402020404020204040004
0202040402020404040004
0300030403000304040004
0403000304030003043004
0402000204020002043002
0301010303010103030003
0102050401020504051004
0004060400040604061005
0303010103030101032003
0605020306050203063005
0806020408060204083007
0707030307070303072007
090a0502090a05020a200a
0a0b06030a0b06030b200b
0908030409080304093008
0908030409080304093008
0805000508050005083007
0905010709050107093008
0a0700070a0700070a3009
0907010509070105093008
0805000508050005083007
0704010607040106073007
0805000508050005083007
0806020408060204083007
0a0a04040a0a04040a200a
0a0a04040a0a04040a200a
0908030409080304093008
0909050309090503092009
0809060108090601092009
0608060006080600082008
0608060006080600082008
0608060006080600082008
0608060006080600082008
0607040106070401072007
0404020204040202042004
0706030207060302073006
0a0b06030a0b06030b200b
0a0b06030a0b06030b200b
0b0c07020b0c07020c200c
0a0c08020a0c08020c200c
0809060108090601092009
0202020002020200021002
2127170521271705272027
8da4631a8da4631aa420a6
ffffc33fffffc33fff214e
ffffce59ffffce59ff2173
ebed7f4bebed7f4bed20f8
6b6839206b6839206b306c
161d1a05161d1a051d201d
0f0011160f001116160016
180a0a18180a0a1818001a
1a1002121a1002121a3018
1a15060d1a15060d1a3018
1b18090c1b18090c1b301a
1d18070e1d18070e1d301b
1f1203161f1203161f301c
280f1025280f1025283027
42171c3d42171c3d423041
712e2764712e276471306e
c3632b9dc3632b9dc330b9
ffa330e3ffa330e3ff3117
ffc945ffffc945ffff3161
ffcd59ffffcd59ffff317c
ffbf55ffffbf55ffff3164
ffa13befffa13befff3120
cf71219fcf71219fcf30c3
77410f5777410f5777306c
3a2104273a2104273a3033
180f000f180f000f183015
0805000508050005083007
080e0c02080e0c020e200e
4b6953054b695305692069
d3ffe50cd3ffe50cff2124
ffffff15ffffff15ff21a1
daffff1edaffff1eff2141
447a7220447a72207a207e
0b0917170b091717170018
1513070915130709153015
0d1715050d171505172017
05181f1205181f121f101e
0813241d0813241d241022
1905212719052127270027
25081b2c25081b2c2c002c
250b1527250b1527270028
1500151c1500151c1c001c
030e1912030e1912191016
08161a0c08161a0c1a1019
0e1816060e181606182018
11160f0211160f02162016
1111070711110707112012
0501050705010507070007
060d0e05060d0e050e100d
060c0c04060c0c040c100c
0402020404020204040004
090c0702090c07020c200c
0308090403080904091008
0a02080c0a02080c0c000c
1d1501131d1501131d301c
2920051829200518293028
261a001a261a001a263024
17090b1717090b17170018
07050f0f07050f0f0f000f
0202040402020404040004
0402080804020808080008
0d010f130d010f13130013
1300131a1300131a1a001a
1603121b1603121b1b001b
16070c1716070c17170018
170c0512170c0512173015
1914050e1914050e193018
1a180a0a1a180a0a1a301a
2124150821241508242024
333c2708333c27083c203c
5066480650664806662066
84ae800284ae8002ae20ae
c0ffc000c0ffc000ff2100
e6ffe401e6ffe401ff2131
c9ffc304c9ffc304ff2108
66815c0766815c07812081
0f0e07060f0e07060f300f
070c0b02070c0b020c200c
0506050005060500062006
0103030101030301031003
0201020302010203030003
0101030301010303030003
0302010203020102033002
0404020204040202042004
0303010103030101032003
0304030003040300042004
0202020002020200021002
0000000000000000000000
0000000000000000000000
0000000000000000000000
0000000000000000000000
0000000000000000000000
0000000000000000000000
0000000000000000000000
0000000000000000000000
0000000000000000000000
0001020100010201021001
0205060302050603061005
0308090403080904091008
0107090501070905091008
00070a0700070a070a1009
0105090701050907091008
0005080500050805081007
0307070303070703071007
0407060104070601072007
0407060104070601072007
0204040202040402041004
0001020100010201021001
0303010103030101032003
0604000406040004063005
0602020606020206060006
0804020608040206083007
0806000608060006083008
0603020506030205063005
0501030505010305050005
0601040706010407070007
0400040604000406060006
0401020304010203043003
0404020204040202042004
0303010103030101032003
0001020100010201021001
0003040300030403041004
0004060400040604061005
0201000102010001023001
0404020204040202042004
0607040106070401072007
0608060006080600082008
0809060108090601092009
0909050309090503092009
0907010509070105093008
0a0700070a0700070a3009
0905010709050107093008
0804020608040206083007
0a0700070a0700070a3009
0c0702090c0702090c300b
0a04040a0a04040a0a000a
0b0503090b0503090b300a
0a0700070a0700070a3009
0908030409080304093008
0a0a06020a0a06020a200a
0909050309090503092009
0908030409080304093008
0a0a04040a0a04040a200a
0a0a04040a0a04040a200a
0909050309090503092009
0809060108090601092009
0608060006080600082008
0608060006080600082008
0505030105050301052005
0404020204040202042004
0606020206060202062006
0909050309090503092009
0c0c06040c0c06040c200c
0c0c06040c0c06040c200c
0c0d08030c0d08030d200d
090b0701090b07010b200b
0104050201040502051004
1e18060e1e18060e1e301b
84752a3784752a37843081
ffff5888ffff5888ff3123
ffff58d6ffff58d6ff3187
ffff2bdeffff2bdeff3162
f8ab0a9ff8ab0a9ff830e9
7c4e00507c4e00507c306f
2918011829180118293021
0304010403040104040005
1613040d1613040d163017
1b18090c1b18090c1b301a
1a180a0a1a180a0a1a301a
1814060c1814060c183017
140b020f140b020f143012
12030c1312030c13130013
1703111b1703111b1b001b
2b0f11272b0f11272b3029
5832083e5832083e58304f
9d61076b9d61076b9d3090
ea881caeea881caeea30dc
ffa73df7ffa73df7ff312a
ffc352ffffc352ffff3166
ffcf52ffffcf52ffff3177
ffbd3effffbd3effff314a
fa9020bcfa9020bcfa30ec
9459086594590865943086
442b0229442b022944303b
170f010d170f010d173013
060e1006060e100610100f
4c715e0b4c715e0b712071
d2fff819d2fff819ff2132
ffffff26ffffff26ff21ab
d2ffff26d2ffff26ff2142
4070661a4070661a702072
0c0702090c0702090c300b
141f1a05141f1a051f201f
0e20200c0e20200c201022
0b2023100b202310231023
041b2415041b2415241022
0b0e1f1c0b0e1f1c1f101f
1e0516231e051623230023
27110f2527110f25273028
1f0a11201f0a1120200021
0e081a1a0e081a1a1a001b
031421180314211821101f
021320170213201720101d
020f1a13020f1a131a1018
000c120c000c120c121010
0501030505010305050005
0b0d09010b0d09010d200d
090e0d02090e0d020e200e
0402080804020808080008
130b030f130b030f133012
150e0110150e0110153015
0c06040a0c06040a0c300b
0a0d0a010a0d0a010d200d
19180b0a19180b0a19301a
1f1601141f1601141f301d
1a090e1b1a090e1b1b001c
1501151d1501151d1d001d
17080d1817080d18180019
140d020f140d020f143013
0c0b04050c0b04050c300c
0205060302050603061005
0703030707030307070007
0d0b03070d0b03070d300d
0f0f07050f0f07050f200f
13160d0413160d04162016
161b1203161b12031b201b
1d2317031d231703232023
2f3a27062f3a27063a203a
5468480854684808682068
8aaf7c098aaf7c09af20af
c7feb50cc7feb50cfe20fe
eeffda0eeeffda0eff2130
d0ffba0ed0ffba0eff2106
6a81580d6a81580d812081
1513070915130709153015
03090b0503090b050b100a
0106070401060704071007
0004060400040604061005
0102050401020504051004
0300030403000304040004
0502010405020104053004
0604000406040004063005
0604000406040004063005
0605020306050203063005
0303010103030101032003
0000000000000000000000
0000000000000000000000
0000000000000000000000
0000000000000000000000
0000000000000000000000
0001020100010201021001
0101030301010303030003
0300030403000304040004
0300030403000304040004
0202040402020404040004
0106070401060704071007
03090b0503090b050b100a
02090c0702090c070c100b
00080c0800080c080c100b
0304090803040908091008
0303070703030707070007
0004060400040604061005
0305050103050501051005
0608060006080600082008
0304030003040300042004
0000000000000000000000
0201000102010001023001
0301010303010103030003
0402020404020204040004
0604000406040004063005
0805000508050005083007
0703030707030307070007
0600060806000608080008
0601040706010407070007
0603020506030205063005
0403000304030003043004
0504010205040102053004
0403000304030003043004
0203060502030605061005
0104070601040706071007
0204080602040806081007
0301010303010103030003
0504010205040102053004
0707030307070303072007
0908030409080304093008
0908030409080304093008
0908030409080304093008
0806020408060204083007
0805000508050005083007
0806000608060006083008
0804020608040206083007
0905010709050107093008
0b0503090b0503090b300a
0a04040a0a04040a0a000a
0c0702090c0702090c300b
0c0902070c0902070c300b
0c0b04050c0b04050c300c
0a0a04040a0a04040a200a
0908030409080304093008
0909050309090503092009
0a0a06020a0a06020a200a
0909050309090503092009
0a0a04040a0a04040a200a
0a0a04040a0a04040a200a
0908030409080304093008
0908030409080304093008
0605020306050203063005
0504010205040102053004
0605020306050203063005
0908030409080304093008
0c0c06040c0c06040c200c
0c0d08030c0d08030d200d
0c0e08020c0e08020e200e
0a0c08020a0c08020c200c
0608060006080600082008
0e06040a0e06040a0e300b
533a072e533a072e53304a
d89a1280d89a1280d830c8
fff608ecfff608ecff3154
ffff15ffffff15ffff319e
fff02cfffff02cffff317e
ffa22ee0ffa22ee0ff3114
aa582084aa582084aa309e
4a21123b4a21123b4a3043
0d020b0e0d020b0e0e000e
1214080812140808142015
1c1604101c1604101c301b
1b1201121b1201121b3019
150d010f150d010f153013
0a02060a0a02060a0a000a
0500030605000306060006
0a0a06020a0a06020a200a
1b1e13041b1e13041e201e
3c3618163c3618163c303a
68490a3d68490a3d68305f
a7611179a7611179a7309b
f9882dc4f9882dc4f930ee
ffb642ffffb642ffff3143
ffdc40ffffdc40ffff3177
ffe028ffffe028ffff3163
ffb20cc2ffb20cc2ff3107
a16a0366a16a0366a13093
432a0128432a012843303a
070b1511070b1511151014
4d7c6d144d7c6d147c207d
d8ffff22d8ffff22ff2143
ffffff27ffffff27ff21ac
d2ffee14d2ffee14ff212c
495b3f09495b3f095b205b
05131f1905131f191f101f
05232d1b05232d1b2d102c
061e2616061e2616261025
0b1e210e0b1e210e211021
0e1d1c090e1d1c091d201e
0713150907131509151015
09010b0d09010b0d0d000d
190f0313190f0313193018
1a0e06161a0e06161a301a
0c0412140c041214140014
01131b1101131b111b1019
01131b1101131b111b1019
040d1813040d1813181017
0807141308071413141014
10050a1110050a11110011
160f000f160f000f163015
1614080a1614080a163016
090c0900090c09000c200c
0a03060b0a03060b0b000b
170e0312170e0312173016
160a0814160a0814163016
0806121208061212120012
020d120b020d120b121011
090c0900090c09000c200c
0901070b0901070b0b000b
0d010f130d010f13130013
190a0b18190a0b1819301a
2011081b2011081b20301f
2011081b2011081b20301f
190a0b18190a0b1819301a
0f0111150f011115150015
060b1613060b1613161015
020f1811020f1811181016
05151b0f05151b0f1b1019
0a1b1e0d0a1b1e0d1e101d
11201f0a11201f0a202021
24342a0424342a04342034
4d6549034d654903652065
87ad7d0787ad7d07ad20ad
c4fbb609c4fbb609fb20fb
ebffd90cebffd90cff212e
ceffba0eceffba0eff2106
6c845a0c6c845a0c842084
18170a0918170a09183018
00080c0800080c080c100b
0105090701050907091008
0203060502030605061005
0202040402020404040004
0300030403000304040004
0402020404020204040004
0604000406040004063005
0605020306050203063005
0606020206060202062006
0404020204040202042004
0201000102010001023001
0000000000000000000000
0000000000000000000000
0000000000000000000000
0000000000000000000000
0103030101030301031003
0003040300030403041004
0300030403000304040004
0300030403000304040004
0102050401020504051004
0206080402060804081007
040b0c05040b0c050c100c
030b0d07030b0d070d100d
00070a0700070a070a1009
0203060502030605061005
0101030301010303030003
0002040200020402041002
0204040202040402041004
0406040004060400062006
0404020204040202042004
0201000102010001023001
0000000000000000000000
0000000000000000000000
0201000102010001023001
0403000304030003043004
0603020506030205063005
0601040706010407070007
0600060806000608080008
0703030707030307070007
0804020608040206083007
0704010607040106073007
0804020608040206083007
0601040706010407070007
0304090803040908091008
0304090803040908091008
0303070703030707070007
0403000304030003043004
0504010205040102053004
0605020306050203063005
0908030409080304093008
0908030409080304093008
0907010509070105093008
0806000608060006083008
0805000508050005083007
0805000508050005083007
0704010607040106073007
0804020608040206083007
0704010607040106073007
0805000508050005083007
0908030409080304093008
0a0a04040a0a04040a200a
0c0b04050c0b04050c300c
0c0a04060c0a04060c300b
0b0903050b0903050b300a
0a0a04040a0a04040a200a
0a0a04040a0a04040a200a
0908030409080304093008
0b0903050b0903050b300a
0c0902070c0902070c300b
0c0800080c0800080c300b
0c0800080c0800080c300b
0a0700070a0700070a3009
0805000508050005083007
0605020306050203063005
0808040208080402082008
0a0c08020a0c08020c200c
0c0e08020c0e08020e200e
0c0d08030c0d08030d200d
0c0d08030c0d08030d200d
090b0701090b07010b200b
0005060300050603061005
1f1003141f1003141f3019
6b4103456b4103456b305e
e289109fe289109fe230d1
ffd22affffd22affff3152
fff44afffff44affff31a2
ffe459ffffe459ffff319c
ffb24dffffb24dffff314b
e17133b7e17133b7e130d7
73361b5c73361b5c73306a
210a0d1c210a0d1c21301d
090a0306090a03060a200b
1811001118110011183018
1912011019120110193018
0d0901090d0901090d300c
050a0b04050a0b040b100a
0111191101111911191018
041820140418201420101f
1121210b1121210b211022
2326190623261906262026
3e2c08223e2c08223e3037
73420b5273420b52733069
c76f1d97c76f1d97c730bb
ffb423e2ffb423e2ff3120
fff516fffff516ffff316e
ffff00ffffff00ffff316a
ffc50db3ffc50db3ff310a
9564055c9564055c953087
27061b2827061b28280028
4c877e1f4c877e1f87208a
deffff2adeffff2aff2152
ffffff25ffffff25ff219e
c1ffc905c1ffc905ff2107
4543211b4543211b453048
0b1327230b132723271027
011b2719011b2719271024
0614180c0614180c181017
0f140f000f140f00142014
19180b0a19180b0a19301a
1915070d1915070d193018
0c0902070c0902070c300b
0707030307070303072007
100b000b100b000b10300f
08010a0d08010a0d0d000d
040e1008040e1008101010
0b1311030b131103132013
09100f0409100f04102010
00070a0700070a070a1009
0b04050a0b04050a0b300a
140e000e140e000e143013
1d1805101d1805101d301c
1815060d1815060d183018
0907010509070105093008
0908030409080304093008
0d07030b0d07030b0d300d
07050f0f07050f0f0f000f
0507110f0507110f111010
05030b0b05030b0b0b000b
0907010509070105093008
0406040004060400062006
0805000508050005083007
120c000c120c000c123010
190f0313190f0313193018
190a0b18190a0b1819301a
1301151b1301151b1b001b
0d091b1b0d091b1b1b001c
090e1f1a090e1f1a1f101d
0415241b0415241b241022
0119271b0119271b271024
031c2718031c2718271024
142d3013142d3013301030
3e5e500c3e5e500c5e205e
7aaa84067aaa8406aa20aa
b8fcc206b8fcc206fc20fc
ddffe909ddffe909ff212d
bdffc707bdffc707ff2103
6083620160836201832083
13160d0413160d04162016
02090c0702090c070c100b
0304090803040908091008
0401060704010607070007
0301050503010505050005
0300030403000304040004
0502010405020104053004
0605020306050203063005
0606020206060202062006
0605020306050203063005
0604000406040004063005
0403000304030003043004
0201000102010001023001
0000000000000000000000
0000000000000000000000
0000000000000000000000
0303010103030101032003
0404020204040202042004
0201000102010001023001
0001020100010201021001
0003040300030403041004
0107090501070905091008
050c0d06050c0d060d100d
040b0c05040b0c050c100c
0205060302050603061005
0001020100010201021001
0001020100010201021001
0003040300030403041004
0003040300030403041004
0202020002020200021002
0404020204040202042004
0303010103030101032003
0000000000000000000000
0001020100010201021001
0101030301010303030003
0501030505010305050005
0601040706010407070007
0600060806000608080008
0600060806000608080008
0904030809040308093008
0904030809040308093008
0904030809040308093008
0904030809040308093008
0600060806000608080008
0304090803040908091008
0304090803040908091008
0400040604000406060006
0304030003040300042004
0304030003040300042004
0304030003040300042004
0608060006080600082008
0607040106070401072007
0605020306050203063005
0806020408060204083007
0706010407060104073007
0604000406040004063005
0604000406040004063005
0604000406040004063005
0605020306050203063005
0607040106070401072007
0608060006080600082008
0809060108090601092009
0909050309090503092009
0a0a04040a0a04040a200a
0a0b06030a0b06030b200b
0a0904030a0904030a3009
0a0802060a0802060a300a
0c0800080c0800080c300b
0c0800080c0800080c300b
0c0800080c0800080c300b
0c0800080c0800080c300b
0c0800080c0800080c300b
0c0902070c0902070c300b
0908030409080304093008
0607040106070401072007
0608060006080600082008
090c0900090c09000c200c
0b0d09010b0d09010d200d
0a0c08020a0c08020c200c
0c0e08020c0e08020e200e
0a0c08020a0c08020c200c
0809060108090601092009
0302050403020504051004
201004162010041620301b
5f330b435f330b435f3054
c56d1b93c56d1b93c530b7
ffaa3af8ffaa3af8ff312c
ffd65affffd65affff318a
ffe564ffffe564ffff31a9
ffcb56ffffcb56ffff3176
ff923be0ff923be0ff310b
9f50217e9f50217e9f3095
421d1033421d103342303a
0802060808020608080008
110f030b110f030b113012
1514090a1514090a153016
111c1906111c19061c201c
051b2315051b2315231022
0215221902152219221020
021620140216201420101d
0917190b0917190b191019
10120c0210120c02122012
2518031625180316253020
543400365434003654304a
a86c026ea86c026ea8309a
ffc104bbffc104bbff310c
ffff13f3ffff13f3ff316a
ffff1ce9ffff1ce9ff3165
ffb307a7ffb307a7ff30f4
7229346972293469723070
288fae57288fae57ae10a7
beffff5bbeffff5bff2162
eaffff49eaffff49ff2185
8bdabb1e8bdabb1eda20dc
232f2303232f23032f202f
040d1009040d100910100f
0b0f0d010b0f0d010f200f
0e0a02080e0a02080e300c
140b020f140b020f143012
1d1201141d1201141d301a
201702152017021520301f
1913030f1913030f193018
0604000406040004063005
0704010607040106073007
0700070a0700070a0a000a
0106090601060906091008
0b0e09020b0e09020e200e
1111070711110707112012
0c0a04060c0a04060c300b
0201000102010001023001
0b0903050b0903050b300a
1814060c1814060c183017
1d1603121d1603121d301c
170d0513170d0513173017
0a000a0e0a000a0e0e000e
0500050605000506060006
0608060006080600082008
0308090403080904091008
0401060704010607070007
0d0901090d0901090d300c
0d08010a0d08010a0d300c
0600060806000608080008
0206080402060804081007
080a0800080a08000a200a
0805000508050005083007
04040a0a04040a0a0a000a
030a130e030a130e131011
01121d1401121d141d101a
0118251a0118251a251023
0317251b0317251b251023
0019261900192619261023
0e2930170e29301730102f
335851143358511458205a
71a78b1171a78b11a720a7
b2ffd214b2ffd214ff2102
d1fffb1dd1fffb1dff2134
a8fcd21ea8fcd21efc20fd
4c7766114c776611772078
080f0e03080f0e030f200f
060b0a03060b0a030b200b
0005080500050805081007
0401060704010607070007
0601040706010407070007
0501030505010305050005
0403000304030003043004
0607040106070401072007
0505030105050301052005
0404020204040202042004
0504010205040102053004
0403000304030003043004
0402020404020204040004
0300030403000304040004
0301010303010103030003
0201000102010001023001
0201000102010001023001
0404020204040202042004
0303010103030101032003
0103030101030301031003
0205060302050603061005
0308090403080904091008
060b0a03060b0a030b200b
0609080106090801092009
0304030003040300042004
0001020100010201021001
0003040300030403041004
0003040300030403041004
0001020100010201021001
0000000000000000000000
0304030003040300042004
0304030003040300042004
0001020100010201021001
0003040300030403041004
0203060502030605061005
0401060704010607070007
0601040706010407070007
0501030505010305050005
0300030403000304040004
0603020506030205063005
0703030707030307070007
0904030809040308093008
0904030809040308093008
0600060806000608080008
0303070703030707070007
0203060502030605061005
0402020404020204040004
0304030003040300042004
0304030003040300042004
0303010103030101032003
0707030307070303072007
0806020408060204083007
0604000406040004063005
0706010407060104073007
0805000508050005083007
0704010607040106073007
0805000508050005083007
0605020306050203063005
0607040106070401072007
0608060006080600082008
0608060006080600082008
0608060006080600082008
0608060006080600082008
0809060108090601092009
0a0b06030a0b06030b200b
0908030409080304093008
0806020408060204083007
0908030409080304093008
0907010509070105093008
0a0700070a0700070a3009
0c0800080c0800080c300b
0c0800080c0800080c300b
0d0b03070d0b03070d300d
0c0b04050c0b04050c300c
0909050309090503092009
0809060108090601092009
090c0900090c09000c200c
090c0900090c09000c200c
090c0900090c09000c200c
0b0d09010b0d09010d200d
0a0c08020a0c08020c200c
090b0701090b07010b200b
0407060104070601072007
0401040504010405050005
180b0411180b0411183014
46240a3246240a3246303d
954d1b73954d1b7395308a
ff8535cdff8535cdff30f4
ffc24cffffc24cffff3160
ffe65affffe65affff319f
ffdd58ffffdd58ffff3191
ffac48ffffac48ffff313c
d36b2fabd36b2fabd330c9
6a3316536a3316536a3061
1f0b09171f0b09171f3019
0e1914010e191401192019
1c2d26071c2d26072d202d
0e2326110e232611261026
00141e1400141e141e101c
0110191201101912191018
020d120b020d120b121011
0307090303070903091007
0a0d0c010a0d0c010d200d
191c1302191c13021c201c
3f33111b3f33111b3f3039
9a6f10599a6f10599a308e
ffd017b0ffd017b0ff3110
ffff17f3ffff17f3ff316e
ffe714fdffe714fdff3156
e44a7ae6e44a7ae6e600f1
3793ffdb3793ffdbff1107
5fffffcd5fffffcdff1183
80ffff9680ffff96ff1165
3aa1b44d3aa1b44db410b2
071a2d20071a2d202d1029
180b0613180b0613183015
1509071315090713153015
1407081314070813143014
1409061114090611143013
1810001018100010183016
1e19080f1e19080f1e301d
1c1a0a0c1c1a0a0c1c301c
0e0e06060e0e06060e200f
0204040202040402041004
0402080804020808080008
0500050805000508080008
0304030003040300042004
100d0409100d040910300f
110e030a110e030a113011
0908030409080304093008
0403000304030003043004
110e0508110e0508113010
1711030d1711030d173015
160c0412160c0412163015
1106091211060912120012
0f07050d0f07050d0f300e
0f0d05070f0d05070f300e
0b0c07020b0c07020c200c
0103030101030301031003
0805000508050005083007
0b0701090b0701090b300b
0902070a0902070a0a000a
04050c0b04050c0b0c100c
03070d0b03070d0b0d100d
0600060806000608080008
0908030409080304093008
0a0f0c010a0f0c010f200f
0d1917070d191707192019
0c1b1c0b0c1b1c0b1c101d
08161a0c08161a0c1a1019
09181b0c09181b0c1b101a
1529290d1529290d29102b
37574d0f37574d0f572058
70a78a1170a78a11a720a7
b6ffd615b6ffd615ff2109
d8ffff1bd8ffff1bff213c
a5f7cf1da5f7cf1df720f8
3f675d153f675d15672069
04040a0804040a080a1008
0b0e0b000b0e0b000e200e
0307070303070703071007
0202040402020404040004
0403000304030003043004
0303010103030101032003
0304030003040300042004
0608060006080600082008
0304030003040300042004
0304030003040300042004
0304030003040300042004
0201000102010001023001
0301010303010103030003
0300030403000304040004
0402020404020204040004
0402020404020204040004
0300030403000304040004
0003040300030403041004
0104050201040502051004
0204040202040402041004
0206060202060602061006
0508070205080702082008
0609080106090801092009
0608060006080600082008
0305050103050501051005
0003040300030403041004
0003040300030403041004
0001020100010201021001
0000000000000000000000
0001020100010201021001
0204040202040402041004
0103030101030301031003
0103030101030301031003
0205060302050603061005
0004060400040604061005
0202040402020404040004
0402020404020204040004
0402020404020204040004
0300030403000304040004
0501030505010305050005
0602020606020206060006
0804020608040206083007
0703030707030307070007
0600060806000608080008
0401060704010607070007
0301050503010505050005
0501030505010305050005
0103030101030301031003
0304030003040300042004
0201000102010001023001
0605020306050203063005
0706010407060104073007
0604000406040004063005
0805000508050005083007
0704010607040106073007
0805000508050005083007
0706010407060104073007
0706010407060104073007
0908030409080304093008
0909050309090503092009
0809060108090601092009
0608060006080600082008
0608060006080600082008
0608060006080600082008
0808040208080402082008
0807020508070205083008
0907010509070105093008
0908030409080304093008
0806020408060204083007
0806020408060204083007
0907010509070105093008
0a0802060a0802060a300a
0e0c04060e0c04060e300d
0d0c05060d0c05060d300d
0c0b04050c0b04050c300c
0a0b06030a0b06030b200b
0b0d09010b0d09010d200d
090c0900090c09000c200c
090b0701090b07010b200b
0a0c08020a0c08020c200c
0b0c07020b0c07020c200c
0a0c08020a0c08020c200c
0809060108090601092009
0304030003040300042004
0201000102010001023001
0d0601080d0601080d300a
2a13081f2a13081f2a3024
6835124f6835124f68305f
ca6d229bca6d229bca30bd
ffaa3bf8ffaa3bf8ff312c
ffd755ffffd755ffff3185
ffde63ffffde63ffff319e
ffc158ffffc158ffff316c
ff9037daff9037daff3105
994d1f77994d1f7799308d
2c0024322c002432320032
0f2b2b110f2b2b112b102e
1525210715252107252025
0b1617080b161708171017
040d1009040d100910100f
00060a0600060a060a1008
00070c0700070c070c1009
0313190f0313190f191018
041820140418201420101f
0a14160a0a14160a161016
392a091c392a091c393032
a770036aa770036aa7309a
ffc60cd4ffc60cd4ff3122
ffd047ffffd047ffff316e
ff4ec8ffff4ec8ffff0160
998affff998affffff1170
0cffffff0cffffffff1190
17e2ffc217e2ffc2ff1129
0a5a92620a5a9262921085
2401262f2401262f2f002f
23100b1e23100b1e233022
1a0a0a181a0a0a181a301a
160b0613160b0613163015
140d000d140d000d143012
1412080814120808143013
181b1005181b10051b201b
181b1005181b10051b201b
1112090611120906122012
0a0b06030a0b06030b200b
0307070303070703071007
0502030605020306060006
0505010305050103052005
0707030307070303072007
10110a0510110a05112011
0c110e010c110e01112011
0403080904030809090009
120c000c120c000c123010
140f040b140f040b143012
100b0209100b020910300e
0c0702090c0702090c300b
0e0a000a0e0a000a0e300e
1312070813120708133013
0f0f07050f0f07050f200f
0605020306050203063005
0000000000000000000000
0604000406040004063005
0600060806000608080008
03070d0b03070d0b0d100d
04060e0c04060e0c0e100d
0a02080c0a02080c0c000c
100b000b100b000b10300f
1514090815140908153015
1a1d12051a1d12051d201d
181c1204181c12041c201c
13160d0413160d04162016
15180f0415180f04182018
222c2002222c20022c202c
425b4603425b46035b205b
7aaa86087aaa8608aa20aa
c2ffd20bc2ffd20bff210d
e5fffb0ee5fffb0eff2140
adf7c511adf7c511f720f7
3b5d510f3b5d510f5d205e
0a0602080a0602080a300a
0f130d010f130d01132013
0508070205080702082008
0001020100010201021001
0304030003040300042004
0304030003040300042004
0304030003040300042004
0608060006080600082008
0304030003040300042004
0303010103030101032003
0403000304030003043004
0300030403000304040004
0300030403000304040004
0300030403000304040004
0501030505010305050005
0601040706010407070007
0600060806000608080008
0401060704010607070007
0203060502030605061005
0003040300030403041004
0305050103050501051005
0609080106090801092009
0509090305090903091009
0307070303070703071007
0206060202060602061006
0204040202040402041004
0001020100010201021001
0000000000000000000000
0000000000000000000000
0103030101030301031003
0204040202040402041004
0001020100010201021001
0304030003040300042004
0407060104070601072007
0204040202040402041004
0001020100010201021001
0201000102010001023001
0301010303010103030003
0300030403000304040004
0300030403000304040004
0402020404020204040004
0603020506030205063005
0601040706010407070007
0600060806000608080008
0600060806000608080008
0600060806000608080008
0600060806000608080008
0101030301010303030003
0103030101030301031003
0000000000000000000000
0303010103030101032003
0605020306050203063005
0604000406040004063005
0604000406040004063005
0604000406040004063005
0706010407060104073007
0806020408060204083007
0805000508050005083007
0a0700070a0700070a3009
0d0b03070d0b03070d300d
0c0b04050c0b04050c300c
0908030409080304093008
0908030409080304093008
0908030409080304093008
0806020408060204083007
0806020408060204083007
0908030409080304093008
0908030409080304093008
0707030307070303072007
0606020206060202062006
0605020306050203063005
0909050309090503092009
0b0c07020b0c07020c200c
0a0c08020a0c08020c200c
0b0c07020b0c07020c200c
0a0c08020a0c08020c200c
0c0f0a010c0f0a010f200f
090c0900090c09000c200c
0809060108090601092009
0a0b06030a0b06030b200b
0c0c06040c0c06040c200c
0c0c06040c0c06040c200c
0a0a04040a0a04040a200a
0604000406040004063005
0300030403000304040004
0301010303010103030003
0102030201020302031002
180b0411180b0411183014
4a2808344a2808344a3041
9a5218749a5218749a308e
ff8834ceff8834ceff30f6
ffba53ffffba53ffff315d
ffdc61ffffdc61ffff319a
ffe150ffffe150ffff318e
ffad3bfbffad3bfbff3130
ac4c3494ac4c3494ac30a6
35022b3c35022b3c3c003c
0416180a0416180a181018
13160b0613160b06162016
0f0d05070f0d05070f300e
0808060208080602082008
0610120806101208121011
081b2011081b201120101f
03171f1303171f131f101d
05060f0e05060f0e0f100f
0700030407000304073004
421b1435421b143542303b
b158278eb158278eb130a7
ff7b5af7ff7b5af7ff3113
ff32c4ffff32c4ffff0141
9969ffff9969ffffff014c
29b8fff229b8fff2ff1130
117acf92117acf92cf10be
241b524b241b524b52104f
2f14132a2f14132a2f302e
2817061f2817061f283026
1e1006181e1006181e301c
1a1100111a1100111a3018
1614080a1614080a163016
1418100214181002182018
141c1602141c16021c201c
1218120012181200182018
0f1009040f100904102010
0e0e06060e0e06060e200f
0c0b04050c0b04050c300c
0100010201000102020002
0507050105070501072007
0202020002020200021002
0e130e010e130e01132013
1019140310191403192019
00090e0900090e090e100c
110b010d110b010d113011
1613060b1613060b163015
0f0f07050f0f07050f200f
0707050107070501072007
0809060108090601092009
10120a0410120a04122012
1010080610100806102011
0907010509070105093008
0402020404020204040004
0100010201000102020002
0205060302050603061005
02090c0702090c070c100b
02070c0902070c090c100b
0901070b0901070b0b000b
120c000c120c000c123010
1917090b1917090b193019
1e1e0e0a1e1e0e0a1e201f
1c1b0c0b1c1b0c0b1c301d
1a15060d1a15060d1a3018
1c190a0d1c190a0d1c301c
2c301c0a2c301c0a302031
4c5f42074c5f42075f205f
85af810385af8103af20af
cbffcd02cbffcd02ff2110
eefff605eefff605ff2143
b6f9c007b6f9c007f920f9
3e5a4a083e5a4a085a205a
0d0c05060d0c05060d300d
1418100214181002182018
0608060006080600082008
0000000000000000000000
0304030003040300042004
0304030003040300042004
0304030003040300042004
0607040106070401072007
0403000304030003043004
0502010405020104053004
0502010405020104053004
0300030403000304040004
0300030403000304040004
0300030403000304040004
0300030403000304040004
0300030403000304040004
0300030403000304040004
0300030403000304040004
0101030301010303030003
0002040200020402041002
0205060302050603061005
040a0a04040a0a040a100a
040a0a04040a0a040a100a
0205060302050603061005
0305050103050501051005
0304030003040300042004
0001020100010201021001
0101030301010303030003
0301010303010103030003
0504010205040102053004
0403000304030003043004
0300030403000304040004
0004060400040604061005
0307070303070703071007
0103030101030301031003
0000000000000000000000
0000000000000000000000
0000000000000000000000
0000000000000000000000
0000000000000000000000
0200020202000202020002
0401020504010205050005
0500050605000506060006
0401060704010607070007
0600060806000608080008
0600060806000608080008
0600060806000608080008
0100010201000102020002
0001020100010201021001
0000000000000000000000
0201000102010001023001
0404020204040202042004
0504010205040102053004
0403000304030003043004
0604000406040004063005
0806020408060204083007
0706010407060104073007
0604000406040004063005
0806020408060204083007
0c0b04050c0b04050c300c
0d0b03070d0b03070d300d
0c0800080c0800080c300b
0c0800080c0800080c300b
0c0902070c0902070c300b
0908030409080304093008
0607040106070401072007
0607040106070401072007
0707030307070303072007
0908030409080304093008
0806020408060204083007
0605020306050203063005
090b0701090b07010b200b
090c0900090c09000c200c
090c0900090c09000c200c
090d0b01090d0b010d200d
080c0a02080c0a020c200c
0a0e0a000a0e0a000e200e
0a0c08020a0c08020c200c
0809060108090601092009
0809060108090601092009
0a0b06030a0b06030b200b
0c0b04050c0b04050c300c
0c0902070c0902070c300b
0904030809040308093008
0601040706010407070007
0603020506030205063005
0706010407060104073007
0203020102030201032003
0f08010a0f08010a0f300c
311907233119072331302b
6d3615546d3615546d3063
c8662aa0c8662aa0c830bd
ffa63ef8ffa63ef8ff312a
ffe346ffffe346ffff3185
ffef43ffffef43ffff3195
ffb53affffb53affff313b
bb612593bb612593bb30b0
431f0d31431f0d31433039
0303030703030307070007
1a0c0a1a1a0c0a1a1a001c
1d1301151d1301151d301c
1c1e12061c1e12061e201e
16211c0516211c05212021
0b1515070b151507151016
0301050503010505050005
0c110c010c110c01112011
00161c1000161c101c101b
3506253a3506253a3a003a
7a2738777a2738777a307d
860f6ca7860f6ca7a700a7
453ea5a2453ea5a2a510ad
04639e6b04639e6b9e1091
033755330337553355104b
1403141914031419190019
231b0315231b0315233022
231a0316231a0316233022
1f1703131f1703131f301d
1b17070d1b17070d1b301a
191a0d08191a0d081a201b
191e1304191e13041e201e
171c1302171c13021c201c
12150e0312150e03152015
0e0d06050e0d06050e300d
0f0c03080f0c03080f300e
100b000b100b000b10300f
0a04040a0a04040a0a000a
0202040402020404040004
0101010101010101010001
0d120d000d120d00122012
161b1203161b12031b201b
0b0e09020b0e09020e200e
0707030307070303072007
14150a0714150a07152016
13140b0613140b06142014
090b0701090b07010b200b
0508070205080702082008
0b0e0b000b0e0b000e200e
0d0f09030d0f09030f200f
0908030409080304093008
0502010405020104053004
0403000304030003043004
070a0700070a07000a200a
060b0a03060b0a030b200b
0308090403080904091008
0300030403000304040004
0c0c06040c0c06040c200c
15170d0515170d05172017
1b1c0f081b1c0f081c201d
1b190b0b1b190b0b1b301b
1814060c1814060c183017
1c1a0a0c1c1a0a0c1c301c
2e321c0c2e321c0c322033
5161410b5161410b612061
8db37f098db37f09b320b3
d3ffc907d3ffc907ff2113
f8ffee06f8ffee06ff2144
bffbb905bffbb905fb20fb
475d4501475d45015d205d
0b0e09020b0e09020e200e
151b1301151b13011b201b
0608060006080600082008
0000000000000000000000
0304030003040300042004
0304030003040300042004
0303010103030101032003
0605020306050203063005
0502010405020104053004
0402020404020204040004
0403000304030003043004
0201000102010001023001
0000000000000000000000
0000000000000000000000
0000000000000000000000
0000000000000000000000
0000000000000000000000
0000000000000000000000
0001020100010201021001
0003040300030403041004
0106070401060704071007
050a0b04050a0b040b100a
0509090305090903091009
0103030101030301031003
0303010103030101032003
0403000304030003043004
0202040402020404040004
0202040402020404040004
0402020404020204040004
0604000406040004063005
0502010405020104053004
0301050503010505050005
0104070601040706071007
0004060400040604061005
0001020100010201021001
0000000000000000000000
0000000000000000000000
0001020100010201021001
0101030301010303030003
0300030403000304040004
0202040402020404040004
0300030403000304040004
0300030403000304040004
0202040402020404040004
0300030403000304040004
0300030403000304040004
0300030403000304040004
0300030403000304040004
0301010303010103030003
0201000102010001023001
0000000000000000000000
0303010103030101032003
0403000304030003043004
0501030505010305050005
0704010607040106073007
0907010509070105093008
0806020408060204083007
0605020306050203063005
0607040106070401072007
0809060108090601092009
0909050309090503092009
0908030409080304093008
0908030409080304093008
0a0a04040a0a04040a200a
0a0b06030a0b06030b200b
0809060108090601092009
0505030105050301052005
0605020306050203063005
0908030409080304093008
0707030307070303072007
0607040106070401072007
090c0900090c09000c200c
090c0900090c09000c200c
090c0900090c09000c200c
0a0f0c010a0f0c010f200f
080c0a02080c0a020c200c
080b0a01080b0a010b200b
090c0900090c09000c200c
070b0901070b09010b200b
0508070205080702082008
0608060006080600082008
0908030409080304093008
0a0700070a0700070a3009
0905010709050107093008
0604000406040004063005
0504010205040102053004
0605020306050203063005
0707030307070303072007
0102010001020100022002
0903030709030307093007
1c0b08171c0b08171c3019
4a2310394a2310394a3042
9c531a779c531a779c3091
ff9a27ceff9a27ceff3101
ffdd32ffffdd32ffff316a
fff433fffff433ffff318a
ffcf20f9ffcf20f9ff3143
cc82068acc82068acc30bd
4c370e254c370e254c3042
0506131405061314140014
2c1c04222c1c04222c302c
342c0c1a342c0c1a343033
2a260e122a260e122a302a
1b15050f1b15050f1b3019
0b03050b0b03050b0b000b
0811100508111005112011
18241c0218241c02242024
0c1c1a080c1c1a081c201d
1104131811041318180018
19051f2719051f27270027
0221322302213223321030
1e2e2a081e2e2a082e202e
1f1805141f1805141f301f
0f06191c0f06191c1c001c
00131c1300131c131c101a
0914130609141306142014
12170e0312170e03172017
17180b0817180b08182019
1c1a0a0c1c1a0a0c1c301c
221f0c0f221f0c0f223022
211d0b0f211d0b0f213020
1a16080c1a16080c1a3019
110e0508110e0508113010
0d0a03060d0a03060d300b
0c0902070c0902070c300b
0a0700070a0700070a3009
0505010305050103052005
0204040202040402041004
0a0d0a010a0d0a010d200d
14160c0614160c06162016
130f030b130f030b133012
0501070905010709090009
0a1110030a111003112011
1017120110171201172017
090f0d03090f0d030f200f
0307070303070703071007
070b0901070b09010b200b
0b0d09010b0d09010d200d
0708050207080502082008
0304030003040300042004
0205060302050603061005
060b0a03060b0a030b200b
070b0901070b09010b200b
0607040106070401072007
0100010201000102020002
070b0901070b09010b200b
11150f0111150f01152015
1519110315191103192019
15170d0515170d05172017
13140b0613140b06142014
191a0f06191a0f061a201a
2a3120072a312007312031
4f6243084f624308622062
8db481088db48108b420b4
d5ffc709d5ffc709ff2113
faffe80cfaffe80cff2142
c7fdb50dc7fdb50dfd20fd
5164450851644508642064
070b0901070b09010b200b
161b1203161b12031b201b
0909050309090503092009
0200020202000202020002
0204040202040402041004
0103030101030301031003
0201000102010001023001
0403000304030003043004
0402020404020204040004
0502010405020104053004
0604000406040004063005
0403000304030003043004
0201000102010001023001
0000000000000000000000
0000000000000000000000
0000000000000000000000
0000000000000000000000
0001020100010201021001
0003040300030403041004
0004060400040604061005
0206080402060804081007
040a0a04040a0a040a100a
0307070303070703071007
0001020100010201021001
0201000102010001023001
0301010303010103030003
0101030301010303030003
0001020100010201021001
0201000102010001023001
0403000304030003043004
0402020404020204040004
0202040402020404040004
0003040300030403041004
0001020100010201021001
0001020100010201021001
0101030301010303030003
0300030403000304040004
0201020302010203030003
0102030201020302031002
0101030301010303030003
0101030301010303030003
0200020202000202020002
0101030301010303030003
0102050401020504051004
0301010303010103030003
0201000102010001023001
0000000000000000000000
0300030403000304040004
0402020404020204040004
0402020404020204040004
0300030403000304040004
0501030505010305050005
0601040706010407070007
0601040706010407070007
0805000508050005083007
0908030409080304093008
0707030307070303072007
0606020206060202062006
0707030307070303072007
0908030409080304093008
0909050309090503092009
0809060108090601092009
0608060006080600082008
0809060108090601092009
0a0b06030a0b06030b200b
0a0a04040a0a04040a200a
0605020306050203063005
0505030105050301052005
0608060006080600082008
0608060006080600082008
0608060006080600082008
090c0900090c09000c200c
090d0b01090d0b010d200d
080c0a02080c0a020c200c
0a0f0c010a0f0c010f200f
090c0900090c09000c200c
070b0901070b09010b200b
080c0a02080c0a020c200c
070c0b02070c0b020c200c
0508070205080702082008
0305050103050501051005
0506050005060500062006
0505030105050301052005
0506030205060302062006
0606020206060202062006
0404020204040202042004
0505030105050301052005
0608060006080600082008
0305050103050501051005
0003040300030403041004
0401040504010405050005
1005060d1005060d10300d
34190a2734190a2734302e
8047105d8047105d803075
ef8c1bb0ef8c1bb0ef30e0
ffd921ffffd921ffff3153
ffff19ffffff19ffff3189
ffed05f3ffed05f3ff3153
dd9b0d89dd9b0d89dd30ce
523d1027523d1027523048
110e0310110e0310113015
3b2d05253b2d05253b303a
3d27032b3d27032b3d303a
31190b2931190b29313030
210d0d1f210d0d1f213021
0807121108071211121012
131e1904131e19041e201e
1a1d10071a1d10071d201d
120e020c120e020c123012
110c010a110c010a11300f
1914050c1914050c193017
221304192213041922301f
2407182924071829290029
2005283120052831310031
1b08292e1b08292e2e002e
1408222414082224240024
070c1916070c1916191019
050e0f06050e0f060f100f
1313090713130907132014
1f1b090f1f1b090f1f301e
231e0912231e0912233022
1f1a07101f1a07101f301e
1613060b1613060b163015
0e0d06050e0d06050e300d
0808040208080402082008
0707030307070303072007
0908030409080304093008
0708050207080502082008
0909050109090501092009
0f0c03080f0c03080f300e
140a0612140a0612143014
11020f1611020f16160016
060c1814060c1814181017
04161c1004161c101c101b
010e130c010e130c131012
0304090803040908091008
0308090403080904091008
070b0901070b09010b200b
0609080106090801092009
0308090403080904091008
00070a0700070a070a1009
02090c0702090c070c100b
0308090403080904091008
0304030003040300042004
0100010201000102020002
0609080106090801092009
0f130d010f130d01132013
13170f0313170f03172017
14160e0414160e04162016
12150e0312150e03152015
151b1301151b13011b201b
2430240024302400302030
4a624a004a624a00622062
87b4870087b48700b420b4
ceffc803ceffc803ff210f
f4ffe60af4ffe60aff213c
c8feb40ec8feb40efe20fe
586b480b586b480b6b206b
0004060400040604061005
1318110213181102182018
0a0a04040a0a04040a200a
0301010303010103030003
0102010001020100022002
0302010203020102033002
0201000102010001023001
0201000102010001023001
0301010303010103030003
0402020404020204040004
0604000406040004063005
0604000406040004063005
0403000304030003043004
0201000102010001023001
0000000000000000000000
0001020100010201021001
0101030301010303030003
0202040402020404040004
0004060400040604061005
0005080500050805081007
0006080600060806081008
0307070303070703071007
0405040104050401052005
0201000102010001023001
0000000000000000000000
0000000000000000000000
0000000000000000000000
0000000000000000000000
0000000000000000000000
0201000102010001023001
0301010303010103030003
0101030301010303030003
0002040200020402041002
0101030301010303030003
0202040402020404040004
0202040402020404040004
0300030403000304040004
0202000202020002020002
0101010101010101010001
0303010103030101032003
0000000000000000000000
0001020100010201021001
0003040300030403041004
0202040402020404040004
0402020404020204040004
0402020404020204040004
0300030403000304040004
0300030403000304040004
0502010405020104053004
0502010405020104053004
0300030403000304040004
0300030403000304040004
0300030403000304040004
0403000304030003043004
0606020206060202062006
0707030307070303072007
0908030409080304093008
0806020408060204083007
0806020408060204083007
0908030409080304093008
0a0b06030a0b06030b200b
090b0701090b07010b200b
0608060006080600082008
0607040106070401072007
0909050309090503092009
0b0a05040b0a05040b300a
0707030307070303072007
0607040106070401072007
0608060006080600082008
0608060006080600082008
0609080106090801092009
080c0a02080c0a020c200c
080e0c02080e0c020e200e
080c0a02080c0a020c200c
090d0b01090d0b010d200d
090c0900090c09000c200c
090c0900090c09000c200c
090c0900090c09000c200c
090b0701090b07010b200b
0708050207080502082008
0505030105050301052005
0407060104070601072007
0204040202040402041004
0305050103050501051005
0505030105050301052005
0404020204040202042004
0607040106070401072007
0608060006080600082008
0406040004060400062006
0303010103030101032003
0302010203020102033002
0303010103030101032003
0701030507010305073005
2613061b2613061b263021
6b3b0d4d6b3b0d4d6b3061
dc85129ddc85129ddc30cd
ffe20ef4ffe20ef4ff314c
ffff02ffffff02ffff3191
ffff08f4ffff08f4ff3161
e49c0892e49c0892e430d5
4b2e012e4b2e012e4b3041
171103151711031517301b
3b200d323b200d323b303b
3e1f10353e1f10353e303d
3419102d3419102d343033
1d0615221d061522220022
030f1913030f1913191018
0a0f0c010a0f0c010f200f
0f0a010c0f0a010c0f300f
160e0210160e0210163015
190e0312190e0312193016
17060d1817060d18180018
15041b2015041b20200020
1609242716092427270028
1c05242b1c05242b2b002b
1f01212b1f01212b2b002b
1b011f271b011f27270027
1501191f1501191f1f001f
0909171509091715171016
0613160b0613160b161015
1119130111191301192019
17190d0717190d07192019
1715070b1715070b173017
1410020c1410020c143014
0f08030c0f08030c0f300e
0e06040c0e06040c0e300d
0f0a010a0f0a010a0f300e
0e0c04060e0c04060e300d
0907010509070105093008
0a01080b0a01080b0b000b
1000101610001016160016
1600161e1600161e1e001e
10071a1d10071a1d1d001d
050f1b15050f1b151b1019
030a130e030a130e131011
07020b0c07020b0c0c000c
04040a0a04040a0a0a000a
01080b0601080b060b100a
040a0a04040a0a040a100a
040b0c05040b0c050c100c
02090c0702090c070c100b
00070a0700070a070a1009
0005080500050805081007
0101030301010303030003
0202020002020200021002
0508070205080702082008
0c100c000c100c00102010
12150e0312150e03152015
13170f0313170f03172017
1217100112171001172017
151c1500151c15001c201c
2430240024302400302030
4962490049624900622062
87b2830287b28302b220b2
ccffc207ccffc207ff2109
f2ffe00cf2ffe00cff2136
c9feb50ec9feb50efe20fe
5d714d0b5d714d0b712071
0603020506030205063005
0f1511010f151101152015
080a0800080a08000a200a
0103030101030301031003
0201020302010203030003
0402020404020204040004
0403000304030003043004
0201000102010001023001
0000000000000000000000
0201000102010001023001
0403000304030003043004
0604000406040004063005
0604000406040004063005
0402020404020204040004
0300030403000304040004
0202040402020404040004
0203060502030605061005
0202060602020606060006
0204080602040806081007
0006080600060806081008
0005080500050805081007
0103050301030503051004
0103030101030301031003
0102010001020100022002
0000000000000000000000
0000000000000000000000
0000000000000000000000
0000000000000000000000
0000000000000000000000
0000000000000000000000
0000000000000000000000
0001020100010201021001
0003040300030403041004
0202040402020404040004
0101030301010303030003
0001020100010201021001
0000000000000000000000
0303010103030101032003
0100010201000102020002
0103030101030301031003
0001020100010201021001
0003040300030403041004
0004060400040604061005
0102050401020504051004
0501030505010305050005
0601040706010407070007
0601080906010809090009
0300030403000304040004
0402020404020204040004
0403000304030003043004
0201000102010001023001
0000000000000000000000
0000000000000000000000
0303010103030101032003
0605020306050203063005
0806020408060204083007
0908030409080304093008
0706010407060104073007
0706010407060104073007
0909050309090503092009
0b0c07020b0c07020c200c
0a0b06030a0b06030b200b
0908030409080304093008
0806020408060204083007
0908030409080304093008
0a0b06030a0b06030b200b
0809060108090601092009
0609080106090801092009
0509090305090903091009
0308090403080904091008
040a0a04040a0a040a100a
060c0c04060c0c040c100c
080d0c03080d0c030d200d
070b0901070b09010b200b
090b0701090b07010b200b
0a0c08020a0c08020c200c
0b0c07020b0c07020c200c
0a0c08020a0c08020c200c
0a0a06020a0a06020a200a
0708050207080502082008
0607040106070401072007
0608060006080600082008
0304030003040300042004
0303010103030101032003
0403000304030003043004
0604000406040004063005
0908030409080304093008
0908030409080304093008
0806020408060204083007
0502010405020104053004
0402020404020204040004
0604000406040004063005
0605020306050203063005
0203040302030403041004
1d0c07161d0c07161d3019
6137094361370943613056
d88a0692d88a0692d830c8
ffee01eeffee01eeff3150
ffff03ffffff03ffff319a
ffff04fbffff04fbff3165
e1970393e1970393e130d2
4b3307294b3307294b3041
11060d1811060d18180018
381e0e30381e0e30383038
3d1f0f333d1f0f333d303b
2e10162e2e10162e2e0030
1a0218221a021822220022
0f020d120f020d12120012
0300030403000304040004
0b0b05050b0b05050b200c
0f0b01090f0b01090f300e
09010b0d09010b0d0d000d
060b1613060b1613161015
080e1c18080e1c181c101b
0f081b1c0f081b1c1c001d
16021a2016021a20200020
1b001b241b001b24240024
1f031b271f031b27270027
1a021e261a021e26260026
100a2020100a2020200021
050e1b16050e1b161b101a
040f1209040f1209121011
0d0e07040d0e07040e200e
130b030f130b030f133012
14070a1514070a15150016
1509071315090713153015
150f010d150f010d153013
120f0409120f0409123011
0b0503090b0503090b300a
0508110e0508110e111010
090a1716090a1716171018
1203161b1203161b1b001b
1101131911011319190019
0905111109051111110011
04070e0b04070e0b0e100d
06030a0b06030a0b0b000b
0701090b0701090b0b000b
03050b0903050b090b100a
02090c0702090c070c100b
040b0c05040b0c050c100c
040a0a04040a0a040a100a
0205060302050603061005
0104050201040502051004
0100010201000102020002
0405020104050201052005
0608060006080600082008
0b0e0b000b0e0b000e200e
0f130d010f130d01132013
13170f0313170f03172017
15180f0415180f04182018
181c1204181c12041c201c
2730210427302104302030
4d6145054d614505612061
89ae7d0889ae7d08ae20ae
ccffbc0bccffbc0bff2105
f0ffdc0df0ffdc0dff2133
c8ffb60dc8ffb60dff20ff
6077520960775209772077
0908030409080304093008
0d130f010d130f01132013
070b0901070b09010b200b
0204040202040402041004
0001020100010201021001
0201000102010001023001
0403000304030003043004
0403000304030003043004
0201000102010001023001
0000000000000000000000
0201000102010001023001
0404020204040202042004
0504010205040102053004
0301010303010103030003
0300030403000304040004
0102050401020504051004
0004060400040604061005
0203060502030605061005
0104070601040706071007
0004060400040604061005
0104050201040502051004
0003040300030403041004
0101030301010303030003
0001020100010201021001
0000000000000000000000
0000000000000000000000
0001020100010201021001
0101030301010303030003
0301010303010103030003
0200020202000202020002
0101030301010303030003
0202040402020404040004
0003040300030403041004
0001020100010201021001
0000000000000000000000
0000000000000000000000
0000000000000000000000
0201000102010001023001
0101030301010303030003
0102050401020504051004
0202040402020404040004
0004060400040604061005
0004060400040604061005
0202040402020404040004
0301050503010505050005
0401060704010607070007
0503090905030909090009
0301010303010103030003
0402000204020002043002
0403000304030003043004
0403000304030003043004
0201000102010001023001
0000000000000000000000
0201000102010001023001
0404020204040202042004
0607040106070401072007
0608060006080600082008
0505030105050301052005
0605020306050203063005
0a0a04040a0a04040a200a
0c0b04050c0b04050c300c
0c0902070c0902070c300b
0c0800080c0800080c300b
0a0700070a0700070a3009
0b0801060b0801060b300a
0d0c05060d0c05060d300d
0c0c06040c0c06040c200c
090c0900090c09000c200c
060b0a03060b0a030b200b
03090b0503090b050b100a
040a0c06040a0c060c100b
040b0c05040b0c050c100c
060b0a03060b0a030b200b
060a0a02060a0a020a100a
0709070107090701092009
080a0602080a06020a200a
0c0c06040c0c06040c200c
0c0c06040c0c06040c200c
0a0b06030a0b06030b200b
0809060108090601092009
0609080106090801092009
0508070205080702082008
0104050201040502051004
0101010101010101010001
0100010201000102020002
0604000406040004063005
0908030409080304093008
0908030409080304093008
0706010407060104073007
0403000304030003043004
0402000204020002043002
0403000304030003043004
0706010407060104073007
0909050309090503092009
0207080302070803081007
1b0b07151b0b07151b3017
633b0541633b0541633057
dd8f0393dd8f0393dd30cd
fff201f2fff201f2ff3156
ffff06ffffff06ffff319c
ffff0bf4ffff0bf4ff3163
df9c0d8adf9c0d8adf30d0
4b370d254b370d254b3042
12080a1612080a16160017
341d0a2b341d0a2b343033
3115132d3115132d313031
270d1529270d152929002b
240f0e21240f0e21243024
190b0917190b0917193019
08040e0e08040e0e0e000e
0006080600060806081008
0509090305090903091009
0510130a0510130a131012
030f130b030f130b131012
010b110b010b110b11100f
0608121006081210121011
0d0515170d051517170017
1500151c1500151c1c001c
1600161e1600161e1e001e
1204181c1204181c1c001c
0d0413160d041316160016
07020b0c07020b0c0c000c
0202020002020200021002
0902050a0902050a0a000a
0f05070f0f05070f0f000f
140e000e140e000e143013
1713050b1713050b173015
1310050a1310050a133012
0b04050a0b04050a0b300a
010e130c010e130c131012
000f160f000f160f161015
09040f1009040f10100010
0d03090f0d03090f0f000f
0a02080c0a02080c0c000c
03060d0a03060d0a0d100b
04050c0b04050c0b0c100c
0900090c0900090c0c000c
06030a0b06030a0b0b000b
02060a0802060a080a100a
0308090403080904091008
0609080106090801092009
0304030003040300042004
0304030003040300042004
0001020100010201021001
0605020306050203063005
0908030409080304093008
0d0e07040d0e07040e200e
1111090511110905112011
15150b0715150b07152016
18180c0818180c08182019
1b1c0f081b1c0f081c201d
2a3120072a312007312031
4d6247044d624704622062
83ad810183ad8101ad20ad
c3ffc101c3ffc101ff2103
e7ffdf05e7ffdf05ff212f
c5feb70ac5feb70afe20fe
647b540b647b540b7b207b
0f0c03080f0c03080f300e
09100f0409100f04102010
070b0901070b09010b200b
0304030003040300042004
0000000000000000000000
0000000000000000000000
0201000102010001023001
0403000304030003043004
0402020404020204040004
0301010303010103030003
0201000102010001023001
0303010103030101032003
0403000304030003043004
0300030403000304040004
0300030403000304040004
0202040402020404040004
0004060400040604061005
0004060400040604061005
0003040300030403041004
0002040200020402041002
0204040202040402041004
0103030101030301031003
0000000000000000000000
0000000000000000000000
0000000000000000000000
0000000000000000000000
0103030101030301031003
0003040300030403041004
0402020404020204040004
0300030403000304040004
0202040402020404040004
0101030301010303030003
0001020100010201021001
0000000000000000000000
0000000000000000000000
0000000000000000000000
0000000000000000000000
0001020100010201021001
0003040300030403041004
0202040402020404040004
0101030301010303030003
0104050201040502051004
0204040202040402041004
0002040200020402041002
0004060400040604061005
0303070703030707070007
0304090803040908091008
0402020404020204040004
0402020404020204040004
0502010405020104053004
0605020306050203063005
0303010103030101032003
0001020100010201021001
0101030301010303030003
0003040300030403041004
0407060104070601072007
0608060006080600082008
0304030003040300042004
0304030003040300042004
0809060108090601092009
0909050309090503092009
0908030409080304093008
0908030409080304093008
0908030409080304093008
0909050309090503092009
0b0c07020b0c07020c200c
0b0e09020b0e09020e200e
0c0f0a010c0f0a010f200f
090d0b01090d0b010d200d
060b0a03060b0a030b200b
040b0c05040b0c050c100c
040a0c06040a0c060c100b
03090b0503090b050b100a
040a0a04040a0a040a100a
0308090403080904091008
0407080304070803081007
070b0901070b09010b200b
090b0701090b07010b200b
0a0c08020a0c08020c200c
090c0900090c09000c200c
060b0a03060b0a030b200b
0308090403080904091008
0004060400040604061005
0300030403000304040004
0402020404020204040004
0003040300030403041004
0407060104070601072007
0607040106070401072007
0605020306050203063005
0604000406040004063005
0403000304030003043004
0402000204020002043002
0606040206060402062006
090b0701090b07010b200b
080d0a01080d0a010d200d
0106090601060906091008
200f0617200f061720301b
663d0443663d044366305a
e1950193e1950193e130d1
fffb09effffb09efff315a
ffff13ffffff13ffff319e
ffff18e8ffff18e8ff315f
d59a157ed59a157ed530c6
412f0b1f412f0b1f413038
140c0614140c0614140017
29120f2629120f2629302a
2b10132a2b10132a2b302c
2e170c272e170c272e302d
27130b2127130b21273026
1604101a1604101a1a001a
0f0409100f040910100010
1212080612120806122012
0f130d010f130d01132013
0b0e0b000b0e0b000e200e
090d0b01090d0b010d200d
070e0d04070e0d040e200e
010a0d08010a0d080d100c
06030a0b06030a0b0b000b
0900090c0900090c0c000c
07020b0c07020b0c0c000c
08000a0c08000a0c0c000c
0b06030a0b06030a0b300b
0906010609060106093008
0403000304030003043004
0103030101030301031003
0c0e08020c0e08020e200e
1112090611120906122012
1210060812100608123011
0904030809040308093008
060f1007060f1007101010
0710110607101106111011
01060b0801060b080b100a
0a03060b0a03060b0b000b
0c04060c0c04060c0c000c
05060d0c05060d0c0d100d
05070f0d05070f0d0f100e
0a000a0e0a000a0e0e000e
0900090c0900090c0c000c
0402080804020808080008
0005080500050805081007
0307070303070703071007
0104050201040502051004
0204040202040402041004
0102030201020302031002
0403000304030003043004
0908030409080304093008
0e0e08040e0e08040e200e
0f1009040f100904102010
12130a0512130a05132013
16170c0716170c07172018
1b1e13061b1e13061e201e
2936290029362900362036
4869560948695609692069
79b1911179b19111b120b1
b3ffcd12b3ffcd12ff2100
d5ffe30ad5ffe30aff2126
b9f5b503b9f5b503f520f5
637b550b637b550b7b207b
1410040a1410040a143012
050d0f07050d0f070f100e
03090b0503090b050b100a
0004060400040604061005
0300030403000304040004
0300030403000304040004
0301010303010103030003
0402000204020002043002
0301010303010103030003
0402020404020204040004
0403000304030003043004
0402000204020002043002
0301010303010103030003
0301050503010505050005
0401060704010607070007
0401060704010607070007
0204080602040806081007
0104070601040706071007
0301050503010505050005
0202040402020404040004
0003040300030403041004
0001020100010201021001
0000000000000000000000
0000000000000000000000
0000000000000000000000
0000000000000000000000
0304030003040300042004
0304030003040300042004
0201000102010001023001
0100010201000102020002
0001020100010201021001
0000000000000000000000
0000000000000000000000
0000000000000000000000
0000000000000000000000
0000000000000000000000
0000000000000000000000
0103030101030301031003
0204040202040402041004
0001020100010201021001
0001020100010201021001
0204040202040402041004
0104050201040502051004
0004060400040604061005
0006080600060806081008
0203060502030605061005
0004060400040604061005
0201000102010001023001
0301010303010103030003
0403000304030003043004
0606020206060202062006
0404020204040202042004
0304030003040300042004
0003040300030403041004
0101030301010303030003
0305050103050501051005
0607040106070401072007
0404020204040202042004
0504010205040102053004
0708050207080502082008
0809060108090601092009
0608060006080600082008
0608060006080600082008
0609080106090801092009
060c0c04060c0c040c100c
050c0d06050c0d060d100d
060d0e05060d0e050e100d
09100f0409100f04102010
070e0d04070e0d040e200e
060c0c04060c0c040c100c
060d0e05060d0e050e100d
030b0d07030b0d070d100d
00070a0700070a070a1009
0308090403080904091008
0408080204080802081008
0307070303070703071007
0509090305090903091009
060a0a02060a0a020a100a
080d0c03080d0c030d200d
070e0d04070e0d040e200e
060b0a03060b0a030b200b
0408080204080802081008
0204040202040402041004
0200020202000202020002
0301010303010103030003
0101030301010303030003
0304030003040300042004
0605020306050203063005
0604000406040004063005
0604000406040004063005
0605020306050203063005
0303010103030101032003
0407060104070601072007
080d0c03080d0c030d200d
080d0c03080d0c030d200d
050a0902050a09020a200a
0402060604020606060006
211203162112031621301c
6b4401426b4401426b305e
e89e0894e89e0894e830d8
ffff17edffff17edff3165
ffff29ffffff29ffff31a1
ffff2ccfffff2ccfff3150
b78b1d63b78b1d63b730aa
28210e0d28210e0d283023
15050f1b15050f1b1b001b
27100f2427100f24273027
2e1c04222e1c04222e302c
2918051e2918051e293026
1a0b0a191a0b0a191a301b
180e0412180e0412183016
1b17070d1b17070d1b301a
1814060c1814060c183017
130f030b130f030b133012
120e020a120e020a123011
130f030b130f030b133012
120c000c120c000c123010
0c05040b0c05040b0c300c
0803020708030207083007
0506050005060500062006
0303070703030707070007
0d07030b0d07030b0d300d
0f07050d0f07050d0f300e
0d04070e0d04070e0e000e
0901070b0901070b0b000b
0308090403080904091008
0c0d08030c0d08030d200d
100e0408100e0408103010
0a04040a0a04040a0a000a
030c0f08030c0f080f100e
0710110607101106111011
010b0f09010b0f090f100e
0a000a0e0a000a0e0e000e
0f0409100f040910100010
07040d0e07040d0e0e000e
04060c0a04060c0a0c100b
0600060806000608080008
0702050807020508080008
0600060806000608080008
0304090803040908091008
0105090701050907091008
0204080602040806081007
0104070601040706071007
0301050503010505050005
0502010405020104053004
0908030409080304093008
0d0e07040d0e07040e200e
0f110b030f110b03112011
10120c0210120c02122012
1216100212161002162016
19231b0119231b01232023
2840380a2840380a402040
47766b1847766b18762078
70b9a62570b9a625b920bc
a0fad626a0fad626fa20fc
beffe218beffe218ff2117
a8e5b005a8e5b005e520e5
5d7755075d775507772077
1514090815140908153015
040c0e06040c0e060e100d
02080a0602080a060a100a
0203060502030605061005
0300030403000304040004
0300030403000304040004
0402020404020204040004
0403000304030003043004
0201000102010001023001
0201000102010001023001
0403000304030003043004
0402020404020204040004
0300030403000304040004
0202040402020404040004
0203060502030605061005
0401060704010607070007
0304090803040908091008
0304090803040908091008
0601040706010407070007
0300030403000304040004
0001020100010201021001
0000000000000000000000
0000000000000000000000
0000000000000000000000
0000000000000000000000
0000000000000000000000
0304030003040300042004
0304030003040300042004
0000000000000000000000
0000000000000000000000
0000000000000000000000
0000000000000000000000
0000000000000000000000
0000000000000000000000
0000000000000000000000
0000000000000000000000
0000000000000000000000
0304030003040300042004
0304030003040300042004
0001020100010201021001
0003040300030403041004
0004060400040604061005
0004060400040604061005
0106070401060704071007
0205060302050603061005
0001020100010201021001
0303010103030101032003
0000000000000000000000
0000000000000000000000
0303010103030101032003
0605020306050203063005
0604000406040004063005
0706010407060104073007
0605020306050203063005
0201000102010001023001
0304030003040300042004
0505030105050301052005
0403000304030003043004
0604000406040004063005
0909050309090503092009
090b0701090b07010b200b
0609080106090801092009
0509090305090903091009
040b0c05040b0c050c100c
060e0e06060e0e060e100f
040c0e06040c0e060e100d
050d0f07050d0f070f100e
060f1007060f1007101010
060d0e05060d0e050e100d
060d0e05060d0e050e100d
060e0e06060e0e060e100f
040b0c05040b0c050c100c
0206080402060804081007
0205060302050603061005
0406040004060400062006
0708050207080502082008
080a0800080a08000a200a
060c0c04060c0c040c100c
060e0e06060e0e060e100f
060c0c04060c0c040c100c
0609080106090801092009
0608060006080600082008
0304030003040300042004
0000000000000000000000
0000000000000000000000
0000000000000000000000
0201000102010001023001
0403000304030003043004
0604000406040004063005
0605020306050203063005
0607040106070401072007
0305050103050501051005
0508070205080702082008
080e0c02080e0c020e200e
080c0a02080c0a020c200c
0609080106090801092009
0407060104070601072007
0702030607020306073006
2617001726170017263020
724b0445724b0445723065
f9b31597f9b31597f930ea
ffff33e7ffff33e7ff3178
ffff4af2ffff4af2ff319f
fffb41a5fffb41a5ff312c
8770253c8770253c87307f
1117150711171507172018
1e0e0a1c1e0e0a1c1e301f
2d1f011d2d1f011d2d302a
281b001b281b001b283026
1e1006181e1006181e301c
1e1400141e1400141e301c
201906112019061120301e
1b1301111b1301111b3019
190f0313190f0313193018
1a0d06151a0d06151a3018
1b0c09181b0c09181b301a
1c0c0a1a1c0c0a1a1c301c
18090a1718090a17183018
130a0510130a0510133012
100d0209100d020910300f
0909050309090503092009
0402020404020204040004
0a04040a0a04040a0a000a
0c04060c0c04060c0c000c
0b06030a0b06030a0b300b
0301050503010505050005
0607040106070401072007
0c0800080c0800080c300b
0b03070d0b03070d0d000d
0309110d0309110d11100f
030f130b030f130b131012
020e120a020e120a121011
06030a0b06030a0b0b000b
0c05040b0c05040b0c300c
0601040706010407070007
0002040200020402041002
0002040200020402041002
0401060704010607070007
0701090b0701090b0b000b
06030a0b06030a0b0b000b
05040b0a05040b0a0b100a
04040a0a04040a0a0a000a
0503090905030909090009
0600060806000608080008
0703030707030307070007
0b0801060b0801060b300a
0f0d05070f0d05070f300e
1313090713130907132014
12140c0412140c04142014
1218120012181200182018
1b2923051b292305292029
2e4d460f2e4d460f4d204e
4e877c1f4e877c1f87208a
71c4b52e71c4b52ec420c9
94f1d62f94f1d62ff120f5
a9ffd51da9ffd51dff2100
98d3a40798d3a407d320d3
5871520558715205712071
16170c0716170c07172018
040b0c05040b0c050c100c
0307070303070703071007
0001020100010201021001
0000000000000000000000
0000000000000000000000
0201000102010001023001
0403000304030003043004
0403000304030003043004
0201000102010001023001
0201000102010001023001
0300030403000304040004
0401060704010607070007
0401060704010607070007
0204080602040806081007
0303070703030707070007
0303070703030707070007
0203060502030605061005
0402020404020204040004
0403000304030003043004
0201000102010001023001
0000000000000000000000
0000000000000000000000
0001020100010201021001
0101030301010303030003
0300030403000304040004
0003040300030403041004
0103030101030301031003
0000000000000000000000
0000000000000000000000
0000000000000000000000
0000000000000000000000
0000000000000000000000
0000000000000000000000
0001020100010201021001
0101030301010303030003
0300030403000304040004
0003040300030403041004
0103030101030301031003
0103030101030301031003
0205060302050603061005
0004060400040604061005
0004060400040604061005
0205060302050603061005
0103030101030301031003
0001020100010201021001
0301010303010103030003
0201000102010001023001
0001020100010201021001
0102030201020302031002
0103030101030301031003
0303010103030101032003
0605020306050203063005
0706010407060104073007
0403000304030003043004
0504010205040102053004
0403000304030003043004
0502010405020104053004
0605020306050203063005
090b0701090b07010b200b
090d0b01090d0b010d200d
060b0a03060b0a030b200b
040b0c05040b0c050c100c
050c0d06050c0d060d100d
060d0e05060d0e050e100d
060d0e05060d0e050e100d
060e0e06060e0e060e100f
060d0e05060d0e050e100d
060c0c04060c0c040c100c
070e0d04070e0d040e200e
080d0c03080d0c030d200d
0609080106090801092009
0406040004060400062006
0304030003040300042004
0403020104030201043003
0708050207080502082008
0a0e0a000a0e0a000e200e
090f0d03090f0d030f200f
080d0c03080d0c030d200d
0609080106090801092009
0608060006080600082008
0608060006080600082008
0304030003040300042004
0000000000000000000000
0000000000000000000000
0000000000000000000000
0000000000000000000000
0201000102010001023001
0404020204040202042004
0607040106070401072007
0608060006080600082008
0407060104070601072007
0509090305090903091009
080d0c03080d0c030d200d
070b0901070b09010b200b
0608060006080600082008
0608060006080600082008
0103030101030301031003
0a0600060a0600060a3008
2b1b01192b1b01192b3024
855e0d4c855e0d4c853078
ffdb2d9fffdb2d9fff310e
ffff58e1ffff58e1ff3196
ffff63d3ffff63d3ff3191
fed7447bfed7447bfe30f7
594d1f21594d1f21593053
0701090d0701090d0d000d
291c011c291c011c293027
2c1a06222c1a06222c302a
28140a2228140a22283027
2919031d2919031d293026
271b0119271b0119273024
201204182012041820301e
1d0d09191d0d09191d301c
1c0b0c1b1c0b0c1b1c301d
1d0a0d1c1d0a0d1c1d301d
1e0e081a1e0e081a1e301d
1b1003141b1003141b3019
1710010e1710010e173015
1510030c1510030c153014
110d010b110d010b113011
0806000608060006083008
0101010101010101010001
0603020506030205063005
0a0602080a0602080a300a
0803040908030409090009
0300030403000304040004
0301010303010103030003
0600060806000608080008
01090f0b01090f0b0f100e
020d120b020d120b121011
030c0f08030c0f080f100e
0203060502030605061005
0707030307070303072007
0407060104070601072007
0200020402000204040004
0609080106090801092009
01090f0b01090f0b0f100e
0a030e110a030e11110011
0c000c100c000c10100010
08030c0d08030c0d0d000d
06030a0b06030a0b0b000b
0601080906010809090009
0600060806000608080008
0903050909030509090009
0d07030b0d07030b0d300d
120c000c120c000c123010
1814060c1814060c183017
19180b0a19180b0a19301a
1a1d12051a1d12051d201d
222f2401222f24012f202f
3b5a4b0a3b5a4b0a5a205a
609a881a609a881a9a209c
7ed2be2c7ed2be2cd220d6
8ce9d2318ce9d231e920ee
94e5c42194e5c421e520e7
87bf970987bf9709bf20bf
536b4d05536b4d056b206b
18190e0718190e07192019
0308090403080904091008
0305050103050501051005
0000000000000000000000
0000000000000000000000
0000000000000000000000
0000000000000000000000
0201000102010001023001
0403000304030003043004
0402020404020204040004
0300030403000304040004
0202040402020404040004
0203060502030605061005
0401060704010607070007
0303070703030707070007
0203060502030605061005
0101030301010303030003
0001020100010201021001
0201000102010001023001
0404020204040202042004
0303010103030101032003
0000000000000000000000
0001020100010201021001
0003040300030403041004
0202040402020404040004
0300030403000304040004
0101030301010303030003
0001020100010201021001
0000000000000000000000
0000000000000000000000
0000000000000000000000
0000000000000000000000
0000000000000000000000
0000000000000000000000
0103030101030301031003
0003040300030403041004
0300030403000304040004
0101030301010303030003
0002040200020402041002
0205060302050603061005
0106070401060704071007
0004060400040604061005
0004060400040604061005
0003040300030403041004
0001020100010201021001
0103030101030301031003
0101030301010303030003
0604000406040004063005
0304030003040300042004
0003040300030403041004
0100010201000102020002
0100010201000102020002
0604000406040004063005
0806020408060204083007
0604000406040004063005
0603020506030205063005
0601040706010407070007
0703030707030307070007
0908030409080304093008
0b0e0b000b0e0b000e200e
09100f0409100f04102010
050c0d06050c0d060d100d
040b0c05040b0c050c100c
060b0a03060b0a030b200b
070c0b02070c0b020c200c
090f0d03090f0d030f200f
080e0e04080e0e040e100e
060c0c04060c0c040c100c
060c0c04060c0c040c100c
080d0c03080d0c030d200d
070b0901070b09010b200b
0608060006080600082008
0505030105050301052005
0403000304030003043004
0403000304030003043004
0809060108090601092009
0c100c000c100c00102010
0c100c000c100c00102010
090c0900090c09000c200c
0608060006080600082008
0607040106070401072007
0707030307070303072007
0605020306050203063005
0200020202000202020002
0101030301010303030003
0300030403000304040004
0300030403000304040004
0301010303010103030003
0504010205040102053004
0707030307070303072007
0908030409080304093008
0909050309090503092009
090c0900090c09000c200c
080c0a02080c0a020c200c
0609080106090801092009
0608060006080600082008
0607040106070401072007
0404020204040202042004
0000000000000000000000
0c0700070c0700070c3009
3927051f3927051f393031
ab831d5bab831d5bab309f
ffff4bb0ffff4bb0ff3147
ffff6de2ffff6de2ff31af
ffff5bbfffff5bbfff316c
c8a22e64c8a22e64c830be
33280f1433280f1433302c
170b0917170b0917170019
2c1310292c1310292c302d
3217102d3217102d323032
361f0829361f0829363033
321d0625321d062532302f
28140a2228140a22283027
220d0e1f220d0e1f223021
1e09101f1e09101f1f0020
1f0c0d1e1f0c0d1e1f3020
211305192113051921301f
1f1601141f1601141f301d
1b1301111b1301111b3019
1810001018100010183016
170f010f170f010f173015
120d020b120d020b123011
0907010509070105093008
0000000000000000000000
0502010405020104053004
0703030707030307070007
0806000608060006083008
0504010205040102053004
0103030101030301031003
060a0802060a08020a200a
070b0901070b09010b200b
0809060108090601092009
0303030103030301031003
0507050105070501072007
090b0701090b07010b200b
0001020100010201021001
0811100508111005112011
0412160c0412160c161015
0805101108051011110011
0f030b110f030b11110011
0a000a0e0a000a0e0e000e
08010a0b08010a0b0b000b
0701090b0701090b0b000b
0900090c0900090c0c000c
0b02070c0b02070c0c000c
0e05060d0e05060d0e300d
130b030f130b030f133012
1b1403101b1403101b3019
1f1b090f1f1b090f1f301e
2222100c2222100c222024
2d3523072d352307352035
4b654d014b654d01652065
75ad8d0f75ad8d0fad20ad
92e4c42292e4c422e420e6
8ee8d02e8ee8d02ee820ec
80d0ba2880d0ba28d020d3
6fa98f156fa98f15a920aa
45614b0345614b03612061
15190f0515190f05192019
0005080500050805081007
0004060400040604061005
0300030403000304040004
0301010303010103030003
0201000102010001023001
0000000000000000000000
0000000000000000000000
0201000102010001023001
0301010303010103030003
0301050503010505050005
0202060602020606060006
0203060502030605061005
0202040402020404040004
0101030301010303030003
0001020100010201021001
0000000000000000000000
0000000000000000000000
0001020100010201021001
0204040202040402041004
0103030101030301031003
0000000000000000000000
0102010001020100022002
0304030003040300042004
0202020002020200021002
0000000000000000000000
0000000000000000000000
0000000000000000000000
0000000000000000000000
0000000000000000000000
0000000000000000000000
0000000000000000000000
0000000000000000000000
0000000000000000000000
0304030003040300042004
0304030003040300042004
0000000000000000000000
0001020100010201021001
0004060400040604061005
0006080600060806081008
0005080500050805081007
0004060400040604061005
0003040300030403041004
0001020100010201021001
0000000000000000000000
0303010103030101032003
0202000202020002020002
0a0700070a0700070a3009
0907010509070105093008
0604000406040004063005
0202040402020404040004
0203060502030605061005
0703030707030307070007
0a0700070a0700070a3009
0804020608040206083007
0602020606020206060006
0501030505010305050005
0604000406040004063005
0a0b06030a0b06030b200b
0d120d000d120d00122012
0c1310030c131003132013
060c0c04060c0c040c100c
0509090305090903091009
0609080106090801092009
090c0900090c09000c200c
0c100c000c100c00102010
0a0f0c010a0f0c010f200f
080c0a02080c0a020c200c
070c0b02070c0b020c200c
080c0a02080c0a020c200c
0609080106090801092009
0607040106070401072007
0404020204040202042004
0402000204020002043002
0405040104050401052005
080b0801080b08010b200b
0a0f0c010a0f0c010f200f
0c100c000c100c00102010
090c0900090c09000c200c
0607040106070401072007
0605020306050203063005
0806020408060204083007
0706010407060104073007
0300030403000304040004
0203060502030605061005
0401060704010607070007
0601040706010407070007
0603020506030205063005
0604000406040004063005
0806020408060204083007
0908030409080304093008
0a0b06030a0b06030b200b
0c0e08020c0e08020e200e
0a0c08020a0c08020c200c
0809060108090601092009
0607040106070401072007
0605020306050203063005
0604000406040004063005
0403000304030003043004
0000000000000000000000
130c010a130c010a13300f
56400e2c56400e2c56304d
e6b72e77e6b72e77e630da
ffff55d1ffff55d1ff317f
ffff5bf2ffff5bf2ff31b1
ffff3cb8ffff3cb8ff3140
9e781a549e781a549e3092
201d1007201d100720301d
1704131e1704131e1e001e
2f160f2a2f160f2a2f302f
3a22082c3a22082c3a3037
371f092b371f092b373035
30180c2830180c2830302e
270f1125270f1125273027
2109132321091323230024
240f0e21240f0e21243024
2816082028160820283026
2a1806202a1806202a3028
2715071f2715071f273025
2311091d2311091d233021
2012061a2012061a20301f
1e1302151e1302151e301c
150d010f150d010f153013
0b0601080b0601080b300a
0402000204020002043002
0202020002020200021002
0608060006080600082008
0406040004060400062006
0304030003040300042004
0808040208080402082008
0a0802060a0802060a300a
0c0902070c0902070c300b
0707030307070303072007
0404020204040202042004
0c0b04050c0b04050c300c
0303070703030707070007
0915170909151709171016
0916170a0916170a171018
04060c0a04060c0a0c100b
0a03060b0a03060b0b000b
0a03060b0a03060b0b000b
0801060908010609090009
0503090905030909090009
0701090b0701090b0b000b
0a03060b0a03060b0b000b
0b04050a0b04050a0b300a
0f09010b0f09010b0f300e
1813040d1813040d183017
1f1a07101f1a07101f301e
28240e1228240e12283028
373b210f373b210f3b203c
586f4e07586f4e076f206f
8abd92058abd9205bd20bd
a9f6c714a9f6c714f620f6
9befcb219befcb21ef20f1
7bc5ad237bc5ad23c520c8
5f9581175f958117952096
3952430639524306522052
13150d0513150d05152015
0303070703030707070007
0203060502030605061005
0300030403000304040004
0402020404020204040004
0402020404020204040004
0300030403000304040004
0300030403000304040004
0300030403000304040004
0300030403000304040004
0202040402020404040004
0203060502030605061005
0202060602020606060006
0300030403000304040004
0201000102010001023001
0000000000000000000000
0000000000000000000000
0000000000000000000000
0102010001020100022002
0303010103030101032003
0301010303010103030003
0301010303010103030003
0402000204020002043002
0403000304030003043004
0402020404020204040004
0300030403000304040004
0300030403000304040004
0301010303010103030003
0201000102010001023001
0000000000000000000000
0000000000000000000000
0000000000000000000000
0000000000000000000000
0000000000000000000000
0304030003040300042004
0304030003040300042004
0001020100010201021001
0003040300030403041004
0106070401060704071007
0206080402060804081007
0005080500050805081007
0104070601040706071007
0301050503010505050005
0300030403000304040004
0301010303010103030003
0402000204020002043002
0301010303010103030003
0a0700070a0700070a3009
0c0800080c0800080c300b
0905010709050107093008
0301050503010505050005
0004060400040604061005
0502010405020104053004
0908030409080304093008
0604000406040004063005
0403000304030003043004
0304030003040300042004
0205060302050603061005
060c0c04060c0c040c100c
0c1310030c131003132013
0d130f010d130f01132013
090c0900090c09000c200c
0608060006080600082008
0608060006080600082008
090c0900090c09000c200c
0c100c000c100c00102010
0c0f0a010c0f0a010f200f
0a0c08020a0c08020c200c
0b0c07020b0c07020c200c
0a0b06030a0b06030b200b
0908030409080304093008
0806020408060204083007
0604000406040004063005
0403000304030003043004
0608060006080600082008
080c0a02080c0a020c200c
090d0b01090d0b010d200d
0c0f0a010c0f0a010f200f
0a0b06030a0b06030b200b
0806020408060204083007
0605020306050203063005
0606020206060202062006
0604000406040004063005
0400040604000406060006
0203060502030605061005
0202040402020404040004
0402020404020204040004
0604000406040004063005
0605020306050203063005
0607040106070401072007
0608060006080600082008
090c0900090c09000c200c
0b0d09010b0d09010d200d
0a0b06030a0b06030b200b
0a0902050a0902050a300a
0905010709050107093008
0905010709050107093008
0805000508050005083007
0604000406040004063005
0403000304030003043004
0201000102010001023001
231905112319051123301e
8161154381611543813075
ffe1319fffe1319fff3113
ffff45f6ffff45f6ff31a0
ffff3affffff3affff31a4
ffdf1eb7ffdf1eb7ff3120
91660d5491660d54913084
261e0c0e261e0c0e263021
140a0814140a0814140016
2f1e03222f1e03222f302d
3420042634200426343031
301a0a26301a0a2630302e
2810102628101026283029
240b1425240b1425250026
270f1125270f1125273027
2d150d272d150d272d302c
30170e2930170e2930302f
2f160f2a2f160f2a2f302f
2d140f282d140f282d302c
2c150c252c150c252c302a
2b1709232b1709232b3029
2513091f2513091f253024
1c0f06171c0f06171c301b
1108050e1108050e113010
0702090a0702090a0a000a
01070b0901070b090b100b
0204080602040806081007
0003040300030403041004
0304030003040300042004
0604000406040004063005
0b0b05050b0b05050b200c
0b0d09010b0d09010d200d
0301050503010505050005
0d07030b0d07030b0d300d
07050f0f07050f0f0f000f
04151a0f04151a0f1a1019
0613160b0613160b161015
02050a0702050a070a1008
0602020606020206060006
0804020608040206083007
0502030605020306060006
0203060502030605061005
0202040402020404040004
0603020506030205063005
0704010607040106073007
0b0801060b0801060b300a
120f0409120f0409123011
1b15050f1b15050f1b3019
28240e1228240e12283028
3c41260f3c41260f412042
6079560760795607792079
94ca9a0494ca9a04ca20ca
b7ffcb0eb7ffcb0eff2102
a9f5c513a9f5c513f520f5
83bf9b1183bf9b11bf20bf
5f866b085f866b08862086
3646340236463402462046
1211080712110807123012
0401060704010607070007
0301050503010505050005
0300030403000304040004
0501030505010305050005
0602020606020206060006
0501030505010305050005
0300030403000304040004
0301050503010505050005
0401060704010607070007
0401060704010607070007
0203060502030605061005
0202040402020404040004
0402020404020204040004
0402020404020204040004
0301010303010103030003
0201000102010001023001
0000000000000000000000
0201000102010001023001
0301010303010103030003
0300030403000304040004
0402020404020204040004
0403000304030003043004
0402000204020002043002
0301010303010103030003
0300030403000304040004
0300030403000304040004
0403000304030003043004
0303010103030101032003
0000000000000000000000
0000000000000000000000
0000000000000000000000
0001020100010201021001
0101030301010303030003
0003040300030403041004
0104050201040502051004
0003040300030403041004
0004060400040604061005
0206080402060804081007
0107090501070905091008
0006080600060806081008
0204080602040806081007
0401060704010607070007
0601040706010407070007
0603020506030205063005
0402020404020204040004
0301010303010103030003
0604000406040004063005
0a0700070a0700070a3009
0a0700070a0700070a3009
0501030505010305050005
0002020200020202020002
0203020102030201032003
0407060104070601072007
0304030003040300042004
0304030003040300042004
0407060104070601072007
0308090403080904091008
050c0d06050c0d060d100d
09100f0409100f04102010
0c100c000c100c00102010
0a0c08020a0c08020c200c
0809060108090601092009
0608060006080600082008
090c0900090c09000c200c
0c100c000c100c00102010
0b0d09010b0d09010d200d
0a0b06030a0b06030b200b
0c0c06040c0c06040c200c
0b0a05040b0a05040b300a
0908030409080304093008
0707030307070303072007
0504010205040102053004
0405040104050401052005
080b0801080b08010b200b
070b0901070b09010b200b
090b0701090b07010b200b
0c0c06040c0c06040c200c
0c0902070c0902070c300b
0a0700070a0700070a3009
0906010609060106093008
0905010709050107093008
0803020708030207083007
0501030505010305050005
0102050401020504051004
0102050401020504051004
0501030505010305050005
0704010607040106073007
0907010509070105093008
0909050309090503092009
0809060108090601092009
090b0701090b07010b200b
0a0b06030a0b06030b200b
0b0903050b0903050b300a
0b0601080b0601080b300a
0a04040a0a04040a0a000a
0c0702090c0702090c300b
0a0700070a0700070a3009
0805000508050005083007
0604000406040004063005
0402020404020204040004
0807040108070401083007
36280a1a36280a1a36302f
a87c165ca87c165ca8309a
fff727c3fff727c3ff313a
ffff28ffffff28ffff31ae
ffff16ffffff16ffff3199
ffcb08c1ffcb08c1ff3118
9664065c9664065c963087
2718011627180116273020
1311050b1311050b133014
261c0218261c0218263024
2818041e2818041e283026
24110a1f24110a1f243023
200c0e1e200c0e1e203020
210d0d1f210d0d1f213021
27130b2127130b21273026
2a140c242a140c242a3029
2d140f282d140f282d302c
2f14132c2f14132c2f3030
3215142f3215142f323033
3618123036181230363035
3418102e3418102e343033
30170e2930170e2930302f
250f0f23250f0f23253026
1702131c1702131c1c001c
0e0312150e031215150015
0c010e110c010e11110011
0a000a0e0a000a0e0e000e
0801060908010609090009
0300030403000304040004
070b0901070b09010b200b
0b120f020b120f02122012
00070a0700070a070a1009
0b01090d0b01090d0d000d
0708131207081312131013
01121b1201121b121b1019
000d140d000d140d141012
0502070805020708080008
0603020506030205063005
0603020506030205063005
0601040706010407070007
0401060704010607070007
0300030403000304040004
0402000204020002043002
0403000304030003043004
0906010609060106093008
0f0a010a0f0a010a0f300e
1712050c1712050c173015
2425140b2425140b252026
3a4934053a493405492049
5f8467065f846706842084
93d3a90f93d3a90fd320d3
b7ffd112b7ffd112ff2106
abf3c10fabf3c10ff320f3
84b8900884b89008b820b8
5d7c5d005d7c5d007c207c
34402c0634402c06402040
1211080712110807123012
0501030505010305050005
0300030403000304040004
0300030403000304040004
0300030403000304040004
0402020404020204040004
0402020404020204040004
0300030403000304040004
0203060502030605061005
0303070703030707070007
0600060806000608080008
0401060704010607070007
0301050503010505050005
0501030505010305050005
0602020606020206060006
0604000406040004063005
0303010103030101032003
0000000000000000000000
0000000000000000000000
0000000000000000000000
0000000000000000000000
0202020002020200021002
0304030003040300042004
0102010001020100022002
0000000000000000000000
0000000000000000000000
0000000000000000000000
0304030003040300042004
0304030003040300042004
0000000000000000000000
0000000000000000000000
0001020100010201021001
0003040300030403041004
0202040402020404040004
0102050401020504051004
0005080500050805081007
0104070601040706071007
0204080602040806081007
0006080600060806081008
0107090501070905091008
0206080402060804081007
0004060400040604061005
0203060502030605061005
0502030605020306060006
0804020608040206083007
0602020606020206060006
0604000406040004063005
0301010303010103030003
0806020408060204083007
0908030409080304093008
0403000304030003043004
0102010001020100022002
0205060302050603061005
0205060302050603061005
0103030101030301031003
0304030003040300042004
0609080106090801092009
060b0a03060b0a030b200b
060b0a03060b0a030b200b
090d0b01090d0b010d200d
0b0d09010b0d09010d200d
0a0c08020a0c08020c200c
090b0701090b07010b200b
0608060006080600082008
090c0900090c09000c200c
0c0f0a010c0f0a010f200f
0a0c08020a0c08020c200c
0a0a06020a0a06020a200a
0a0b06030a0b06030b200b
0a0b06030a0b06030b200b
0809060108090601092009
0608060006080600082008
0305050103050501051005
0307070303070703071007
060b0a03060b0a030b200b
0608060006080600082008
0908030409080304093008
0c0902070c0902070c300b
0c0800080c0800080c300b
0c0702090c0702090c300b
0c05040b0c05040b0c300c
0c05040b0c05040b0c300c
0a0602080a0602080a300a
0603020506030205063005
0202040402020404040004
0202040402020404040004
0300030403000304040004
0604000406040004063005
0908030409080304093008
0a0b06030a0b06030b200b
090b0701090b07010b200b
0809060108090601092009
0909050309090503092009
0907010509070105093008
0704010607040106073007
0804020608040206083007
0a0802060a0802060a300a
0b0903050b0903050b300a
0707030307070303072007
0504010205040102053004
0301010303010103030003
0101030301010303030003
100c0406100c040610300d
4b3307294b3307294b3041
c78a0d78c78a0d78c730b6
fff911e3fff911e3ff3150
ffff0cffffff0cffff31b0
ffff0cffffff0cffff3196
ffcd0fb9ffcd0fb9ff3114
895c0752895c075289307b
1b0c05121b0c05121b3015
1310050a1310050a133012
1d1401141d1401141d301c
1e1302151e1302151e301c
180c0614180c0614183017
180b0815180b0815183017
1e1006181e1006181e301c
2110091c2110091c213020
240f0e21240f0e21243024
290e1328290e132829302a
3011162f3011162f303031
3716173437161734373038
3b1a15363b1a15363b303b
3c1b14353c1b14353c303b
3414163234141632343035
280b182b280b182b2b002c
1d0515211d051521210021
1603101916031019190019
12040c1412040c14140014
1006081010060810100011
0c03080d0c03080d0d000d
01080d0a01080d0a0d100c
0813140708131407141014
030c0f08030c0f080f100e
06040c0c06040c0c0c000c
030a110e030a110e111011
010f150d010f150d151013
01080d0a01080d0a0d100c
0602040606020406060006
0604000406040004063005
0502010405020104053004
0300030403000304040004
0301010303010103030003
0303010103030101032003
0102010001020100022002
0200020202000202020002
0601040706010407070007
0d08010a0d08010a0d300c
1513070915130709153015
22291c0522291c05292029
3c5340033c534003532053
618f750d618f750d8f208f
94d9b21594d9b215d920da
b3ffd517b3ffd517ff2106
a4ecbe12a4ecbe12ec20ec
7cb08c0a7cb08c0ab020b0
56765c0456765c04762076
2d3c2d002d3c2d003c203c
0e120c020e120c02122012
0302010203020102033002
0101030301010303030003
0301010303010103030003
0201000102010001023001
0201000102010001023001
0300030403000304040004
0401060704010607070007
0304090803040908091008
0304090803040908091008
0600060806000608080008
0600060806000608080008
0600060806000608080008
0601040706010407070007
0604000406040004063005
0607040106070401072007
0304030003040300042004
0001020100010201021001
0101030301010303030003
0300030403000304040004
0300030403000304040004
0202040402020404040004
0003040300030403041004
0001020100010201021001
0000000000000000000000
0000000000000000000000
0001020100010201021001
0204040202040402041004
0103030101030301031003
0000000000000000000000
0000000000000000000000
0103030101030301031003
0205060302050603061005
0102050401020504051004
0203060502030605061005
0006080600060806081008
0203060502030605061005
0004060400040604061005
0206080402060804081007
0206080402060804081007
0106070401060704071007
0004060400040604061005
0004060400040604061005
0501030505010305050005
0704010607040106073007
0604000406040004063005
0606020206060202062006
0300030403000304040004
0706010407060104073007
0909050309090503092009
0506050005060500062006
0204040202040402041004
0206060202060602061006
0204040202040402041004
0001020100010201021001
0304030003040300042004
070b0901070b09010b200b
080c0a02080c0a020c200c
0609080106090801092009
090c0900090c09000c200c
090c0900090c09000c200c
090c0900090c09000c200c
090c0900090c09000c200c
0608060006080600082008
090b0701090b07010b200b
0c0d08030c0d08030d200d
0c0c06040c0c06040c200c
0a0b06030a0b06030b200b
0a0b08010a0b08010b200b
090c0900090c09000c200c
070a0700070a07000a200a
0608060006080600082008
0407060104070601072007
0508070205080702082008
0608060006080600082008
0605020306050203063005
0805000508050005083007
0a0700070a0700070a3009
0c0702090c0702090c300b
0c05040b0c05040b0c300c
0c04060c0c04060c0c000c
0d07030b0d07030b0d300d
0e0900090e0900090e300c
0905010709050107093008
0300030403000304040004
0001020100010201021001
0000000000000000000000
0304030003040300042004
0608060006080600082008
090c0900090c09000c200c
090c0900090c09000c200c
0608060006080600082008
0608060006080600082008
0505030105050301052005
0403000304030003043004
0604000406040004063005
0908030409080304093008
0a0a04040a0a04040a200a
0908030409080304093008
0604000406040004063005
0300030403000304040004
0300030403000304040004
0101010101010101010001
160d000d160d000d163012
593801365938013659304d
d58e0588d58e0588d530c4
fffa0eeafffa0eeaff3156
ffff29ffffff29ffff31b0
ffff3fe7ffff3fe7ff3185
f1bf2d7ff1bf2d7ff130e5
523e0c2a523e0c2a52304a
0501030305010303053003
1211080712110807123012
1514090815140908153015
0f0c03080f0c03080f300e
0e08020a0e08020a0e300c
130b030f130b030f133012
180c0614180c0614183017
1a0a0a181a0a0a181a301a
1b090d1b1b090d1b1b001c
200b101f200b101f203020
28110e2528110e25283028
32190c2932190c29323030
341a0e2c341a0e2c343033
3215142f3215142f323033
2f13132d2f13132d2f3030
27100f2427100f24273027
1b0b0b191b0b0b191b301b
1408081214080812143013
1208061012080610123011
0f05070f0f05070f0f000f
06040c0c06040c0c0c000c
0611140906111409141013
040f1209040f1209121011
03070d0b03070d0b0d100d
01090f0b01090f0b0f100e
030b0d07030b0d070d100d
0104050201040502051004
0304030003040300042004
0304030003040300042004
0102010001020100022002
0001020100010201021001
0003040300030403041004
0003040300030403041004
0001020100010201021001
0103030101030301031003
0003040300030403041004
0907010509070105093008
13140b0613140b06142014
252f2103252f21032f202f
425c4804425c48045c205c
699a7f0e699a7f0e9a209a
97e0b91897e0b918e020e1
aeffd41aaeffd41aff2103
9ce5bc159ce5bc15e520e5
74aa8c1074aa8c10aa20aa
4c725e0c4c725e0c722072
2438300824383008382038
09100f0409100f04102010
0000000000000000000000
0003040300030403041004
0403000304030003043004
0303010103030101032003
0000000000000000000000
0103030101030301031003
0004060400040604061005
0105090701050907091008
0304090803040908091008
0600060806000608080008
0600060806000608080008
0601040706010407070007
0603020506030205063005
0706010407060104073007
0909050309090503092009
0505030105050301052005
0103030101030301031003
0003040300030403041004
0300030403000304040004
0300030403000304040004
0102050401020504051004
0102050401020504051004
0300030403000304040004
0300030403000304040004
0300030403000304040004
0202040402020404040004
0003040300030403041004
0001020100010201021001
0000000000000000000000
0001020100010201021001
0204040202040402041004
0206060202060602061006
0004060400040604061005
0104070601040706071007
0004060400040604061005
0001020100010201021001
0304030003040300042004
0407060104070601072007
0307070303070703071007
0206080402060804081007
0004060400040604061005
0003040300030403041004
0200020202000202020002
0404020204040202042004
0606020206060202062006
0604000406040004063005
