0a03060b0a03060b0b000b
0903050909030509090009
0802040808020408080008
0905010709050107093008
0804020608040206083007
0601040706010407070007
0702050807020508080008
0903050909030509090009
0902050a0902050a0a000a
0801060908010609090009
0600060806000608080008
0600060806000608080008
0600060806000608080008
0702050807020508080008
0902070a0902070a0a000a
09020b0e09020b0e0e000e
09030d0f09030d0f0f000f
09010b0d09010b0d0d000d
0701090b0701090b0b000b
0601040706010407070007
0706030207060302073006
0304030003040300042004
0103030101030301031003
0003040300030403041004
0301050503010505050005
0601080906010809090009
0a000a0e0a000a0e0e000e
0e010c110e010c11110011
0f010d130f010d13130013
0f000f140f000f14140014
0f010d130f010d13130013
0d020f120d020f12120012
0c0310130c031013130013
0d010f130d010f13130013
0807121108071211121012
030c1510030c1510151014
010e1710010e1710171015
020e1610020e1610161015
0607100f0607100f101010
06040c0c06040c0c0c000c
030b0d07030b0d070d100d
12120a0412120a04122012
2419021724190217243021
301c0626301c062630302f
2b140d262b140d262b302a
19070f1b19070f1b1b001b
0a030e0f0a030e0f0f000f
02060a0802060a080a100a
0005080500050805081007
0004060400040604061005
0004060400040604061005
0205060302050603061005
0505030105050301052005
131b1501131b15011b201b
121c1804121c18041c201c
0201040502010405050005
0e100a020e100a02102010
0608060006080600082008
0102010001020100022002
0304030003040300042004
0305050103050501051005
0100010201000102020002
0809060108090601092009
090d0b01090d0b010d200d
090f0d03090f0d030f200f
060c0c04060c0c040c100c
0107090501070905091008
0302050603020506060006
0603020506030205063005
0604000406040004063005
0806020408060204083007
0c0a02060c0a02060c300b
100b000b100b000b10300f
1209040f1209040f123011
0f06050e0f06050e0f300f
0906010609060106093008
060e0e06060e0e060e100f
0315190f0315190f191019
0413140d0413140d141017
0e0a00080e0a00080e300c
1d031f291d031f29290029
22133c4122133c41410043
2017424320174243430046
210a3136210a3136360036
1d04232a1d04232a2a002a
140b2425140b2425250026
0d1127230d112723271026
0b1429220b142922291027
0e1228240e122824281028
150b2527150b2527270028
1905212719052127270027
1a0420261a042026260026
1a0622281a062228280028
1e03222b1e03222b2b002b
2100212c2100212c2c002c
2101232d2101232d2d002d
2103252f2103252f2f002f
2302253023022530300030
2401222f2401222f2f002f
24061a2a24061a2a2a002a
2311071d2311071d233021
212a2102212a21022a202a
2059662d2059662d661063
1788b1681788b168b110ab
1773bf931773bf93bf10ba
6b097b9b6b097b9b9b009b
aa523894aa523894aa30a9
b064208eb064208eb030ad
975e076e975e076e973090
6655202d6655202d663060
2437320d2437320d372038
0a162c260a162c262c102b
1a0724291a072429290029
1e001e281e001e28280028
1f021d281f021d28280028
1c011e271c011e27270027
1900192219001922220022
1f1603141f1603141f301d
3a635a113a635a11632064
51d6ef6451d6ef64ef10ec
15edffd715edffd7ff113f
8275ffff8275ffffff1142
e118ffffe118ffffff014a
db2bffffdb2bffffff014f
bc5dffffbc5dffffff015f
a279ffffa279ffffff0164
7b7affff7b7affffff1138
5750cfc45750cfc4cf10d3
54074a6554074a65650065
4c31022f4c31022f4c3043
2e0526332e052633330033
1e336a5d1e336a5d6a106a
29448f7e29448f7e8f108f
393489823934898289108c
3428747234287472741078
173063521730635263105f
0a394c2b0a394c2b4c1047
1f37310b1f37310b372038
14160a0814160a08162017
1623200916232009232024
3b4931073b493107492049
3d3d1d173d3d1d173d2041
1501131b1501131b1b001b
1800181e1800181e1e001e
a1a65730a1a65730a620ac
fffff047fffff047ff218b
ffffff47ffffff47ff21a8
daf4942edaf4942ef420f8
4e512c154e512c15512053
130e030a130e030a133011
0601040706010407070007
0301050503010505050005
0301050503010505050005
0601040706010407070007
0904030809040308093008
0c0800080c0800080c300b
0a0700070a0700070a3009
0604000406040004063005
0304090803040908091008
0304090803040908091008
0503090905030909090009
03060b0a03060b0a0b100b
0503090905030909090009
0601040706010407070007
0300030403000304040004
0002040200020402041002
0003040300030403041004
0202040402020404040004
0300030403000304040004
0300030403000304040004
0301010303010103030003
0000000000000000000000
0202040402020404040004
0104070601040706071007
0301050503010505050005
0300030403000304040004
0301010303010103030003
0406040004060400062006
0409080304090803092009
0005080500050805081007
0105090701050907091008
03050b0903050b090b100a
06030a0b06030a0b0b000b
07050d0d07050d0d0d000d
09040f1009040f10100010
0d010f130d010f13130013
0f010d130f010d13130013
0e010c110e010c11110011
0d020b100d020b10100010
0a010c0f0a010c0f0f000f
08030c0d08030c0d0d000d
0900090c0900090c0c000c
04050c0b04050c0b0c100c
010c110a010c110a11100f
030e110a030e110a111011
030c0f08030c0f080f100e
0005080500050805081007
0100010201000102020002
0604000406040004063005
0e05060d0e05060d0e300d
19070d1919070d19190019
29140b2429140b24293029
2f1b07252f1b07252f302d
2414061c2414061c243022
1207081112070811123012
0601080906010809090009
0204080602040806081007
0104070601040706071007
0204080602040806081007
0104070601040706071007
0907010509070105093008
181d1403181d14031d201d
1820180018201800202020
0100010201000102020002
0f1511010f151101152015
040a0c06040a0c060c100b
0802040808020408080008
0905010709050107093008
0906010609060106093008
0401060704010607070007
010a0d08010a0d080d100c
040e1008040e1008101010
0610120806101208121011
030c0f08030c0f080f100e
00080c0800080c080c100b
0401060704010607070007
0805000508050005083007
0605020306050203063005
0607040106070401072007
0706030207060302073006
0906010609060106093008
0c0902070c0902070c300b
0a0b06030a0b06030b200b
080e0a02080e0a020e200e
0b1009000b100900102010
140e020e140e020e143013
1d001d261d001d26260026
23123b4023123b40400042
2b194d512b194d51510054
2d184f542d184f54540057
300c424c300c424c4c004c
3302314233023142420042
2e022c3c2e022c3c3c003c
2408303824083038380038
1d0f33351d0f3335350037
1813343318133433341036
1712313017123130311033
1a0a282c1a0a282c2c002d
1d04232a1d04232a2a002a
1c04222a1c04222a2a002a
1a0724291a072429290029
1b0421281b042128280028
1e001e281e001e28280028
1d021f281d021f28280028
1b031f271b031f27270027
1b0119231b011923230023
1a080c1a1a080c1a1a001b
17160d0817160d08173017
11303b1a11303b1a3b1036
0a5576490a557649761070
0d86b5720d86b572b510af
18a8da8418a8da84da10d5
077ec184077ec184c110b6
5e1280905e128090900091
b33767bbb33767bbbb00c2
ea6256deea6256deea30f2
ffa30bbbffa30bbbff30f8
ccae3a5eccae3a5ecc30c5
5c663c105c663c10662067
0d1f210f0d1f210f211022
0a0512130a051213130013
0e000e120e000e12120012
0f020b120f020b12120012
0e010c110e010c11110011
0e07040d0e07040d0e300e
1e281c021e281c02282028
5693841b5693841b932095
a1ffff5ba1ffff5bff2145
77ffffb977ffffb9ff1189
43b7ffff43b7ffffff114a
d42affffd42affffff014c
e226ffffe226ffffff0156
b24effffb24effffff0143
884ffcff884ffcffff0110
6a2baebb6a2baebbbb00bf
570b4f6d570b4f6d6d006d
584a102e584a102e583057
3f4b31073f4b31074b204b
080f0803080f08030f200f
3655420936554209552055
2b504b162b504b16502052
1137452111374521451040
052441300524413041103c
11193b3511193b353b103a
07192f2507192f252f102c
0e1510030e151003152015
1604202616042026260026
111d3d39111d3d393d103f
042d3e27042d3e273e103b
1731330f1731330f331033
0409140f0409140f141011
1006081410060814140014
6585610165856101852085
fffff525fffff525ff216c
ffffff34ffffff34ff21b1
e8ffae26e8ffae26ff2112
5760371457603714602062
1612040c1612040c163015
0904030809040308093008
0501030505010305050005
0203060502030605061005
0400040604000406060006
0805000508050005083007
0908030409080304093008
0908030409080304093008
0706010407060104073007
1204181c1204181c1c001c
1204181c1204181c1c001c
1203161b1203161b1b001b
0f0415180f041518180018
0f000f140f000f14140014
0f0409100f040910100010
0c03080d0c03080d0d000d
08020a0c08020a0c0c000c
06030a0b06030a0b0b000b
0601080906010809090009
0601040706010407070007
0501030505010305050005
0403000304030003043004
0304030003040300042004
0204040202040402041004
0103030101030301031003
0000000000000000000000
0000000000000000000000
0103030101030301031003
0508070205080702082008
0609080106090801092009
0407060104070601072007
0307070303070703071007
0107090501070905091008
0105090701050907091008
01060b0801060b080b100a
02060a0802060a080a100a
0502070805020708080008
0702050807020508080008
0702050807020508080008
0802040808020408080008
0601040706010407070007
0301050503010505050005
0300030403000304040004
0004060400040604061005
060c0c04060c0c040c100c
080d0c03080d0c030d200d
0608060006080600082008
0403000304030003043004
0203060502030605061005
0503090905030909090009
09030d0f09030d0f0f000f
0e0210140e021014140014
1d0d09191d0d09191d301c
2a1e021c2a1e021c2a3029
281f0617281f0617283026
1710010e1710010e173015
0903050909030509090009
0303070703030707070007
0204080602040806081007
0105090701050907091008
0304090803040908091008
0c0800080c0800080c300b
1c1f12071c1f12071f201f
1e2214061e221406222022
0402080804020808080008
0a1a1c0c0a1a1c0c1c101c
020e1610020e1610161015
0e020c120e020c12120012
12060a1212060a12120012
12040c1412040c14140014
0f0313170f031317170017
0a0816160a081616160017
050b1511050b1511151014
010f150d010f150d151013
000d140d000d140d141012
0409120f0409120f121011
0c000c100c000c10100010
1007060f1007060f103010
0f07050d0f07050d0f300e
0f09010b0f09010b0f300e
0b0601080b0601080b300a
0805000508050005083007
0a0a04040a0a04040a200a
0d0c03060d0c03060d300d
1208081012080810123011
1b001b241b001b24240024
2808323c2808323c3c003c
2c15484f2c15484f4f0051
2b1d53552b1d5355550059
29194d4f29194d4f4f0052
27103f4427103f44440045
2a022e3a2a022e3a3a003a
2d0723352d072335350035
2a0424342a042434340034
22052a3322052a33330033
1b0c2d301b0c2d30300031
150f2b2b150f2b2b2b002d
120c2424120c2424240025
12051a1d12051a1d1d001d
1103151911031519190019
0f0313170f031317170017
0c0514150c051415150015
0c0412140c041214140014
0f000f140f000f14140014
0d010f130d010f13130013
0c000c100c000c10100010
0d0a03080d0a03080d300c
0c1f260f0c1f260f261022
0341653f0341653f65105a
1069b0811069b081b010a6
277fe1b5277fe1b5e110dd
248beebb248beebbee10e9
0693e0990693e099e010d4
0877bc7d0877bc7dbc10ac
463b9e93463b9e939e109e
96018cc796018cc7c700c7
ec6b42d1ec6b42d1ec30ea
fff74897fff74897ff3121
f9ff8549f9ff8549ff210f
7c8e54187c8e54188e2090
2328190623281906282028
0505030105050301052005
0000000000000000000000
0102010001020100022002
0103030101030301031003
060c0c04060c0c040c100c
1f342f0a1f342f0a342034
71b3991971b39919b320b4
ecffff36ecffff36ff2179
f0ffff5ff0ffff5fff21af
4bf8ff904bf8ff90ff111e
5246b8b65246b8b6b810c2
771393b5771393b5b500b5
511f818d511f818d8d0090
31104d5431104d54540055
2613102126131021263026
2b341b082b341b08342034
4a6242064a624206622062
455b3f05455b3f055b205b
0d05070b0d05070b0d300c
5549112d5549112d553055
6b4a014c6b4a014c6b306a
6c4b04496c4b04496c3068
4f3d0b2b4f3d0b2b4f304a
251b0315251b0315253022
1708091417080914173015
1614322c1614322c321030
1d33695b1d33695b691068
3e1e6c783e1e6c7878007b
460a5668460a5668680068
242862542428625462105d
3122676431226764671069
5902597c5902597c7c007c
095f996f095f996f991092
bdffff43bdffff43ff2147
ffffff1affffff1aff21a0
c9ffcf03c9ffcf03ff2115
4e6344074e634407632063
1614080a1614080a163016
0c0702090c0702090c300b
0703030707030307070007
0203060502030605061005
0301010303010103030003
0607040106070401072007
0608060006080600082008
0608060006080600082008
0505030105050301052005
1203161b1203161b1b001b
1103151911031519190019
1000101610001016160016
0e000e120e000e12120012
0d03090f0d03090f0f000f
0f07050d0f07050d0f300e
0c04060c0c04060c0c000c
0700070a0700070a0a000a
0501030505010305050005
0201000102010001023001
0103030101030301031003
0003040300030403041004
0004060400040604061005
0106070401060704071007
0003040300030403041004
0001020100010201021001
0000000000000000000000
0001020100010201021001
0204040202040402041004
0407060104070601072007
0608060006080600082008
0608060006080600082008
0608060006080600082008
0608060006080600082008
0407060104070601072007
0306050203060502062006
0305050103050501051005
0202020002020200021002
0201000102010001023001
0301010303010103030003
0402020404020204040004
0403000304030003043004
0201000102010001023001
0001020100010201021001
0205060302050603061005
060b0a03060b0a030b200b
070a0700070a07000a200a
0604000406040004063005
0601040706010407070007
0304090803040908091008
02070c0902070c090c100b
03060b0a03060b0a0b100b
05040b0a05040b0a0b100a
0f07050d0f07050d0f300e
221c0812221c0812223021
29260f1229260f1229302a
1b17070d1b17070d1b301a
0b04050a0b04050a0b300a
05030b0b05030b0b0b000b
06050e0d06050e0d0e100d
0607100f0607100f101010
09040f1009040f10100010
1207081112070811123012
251d0515251d0515253023
2b1e011c2b1e011c2b3029
15061d2215061d22220022
061a2c22061a2c222c102a
0d0f231f0d0f231f231022
1800182018001820200020
1e0418241e041824240024
1e011c271e011c27270027
1b031f271b031f27270027
18041e2418041e24240024
13061d2013061d20200020
0c0d201d0c0d201d20101f
0b0f211d0b0f211d211020
0f0b1f1f0f0b1f1f1f0020
18011a2118011a21210021
1f0715231f071523230023
2109132321091323230024
210b1121210b1121210022
1d09111f1d09111f1f0020
1b07111d1b07111d1d001d
1d08111e1d08111e1e001f
20041a2620041a26260026
22082c3422082c34340034
25113b4125113b41410043
271543472715434747004a
2118434421184344440048
1b153b391b153b393b103c
160e2c2c160e2c2c2c002e
15061f2215061f22220022
1802161e1802161e1e001e
1c07121f1c07121f1f001f
1b0415201b041520200020
1503191f1503191f1f001f
0f081b1c0f081b1c1c001d
0a0918170a091817181018
0905111109051111110011
0900090c0900090c0c000c
0600060806000608080008
0302070603020706071006
0104070601040706071007
0203060502030605061005
0300030403000304040004
0301010303010103030003
0305050103050501051005
081b220f081b220f22101e
0f4f6b390f4f6b396b1061
0690d4880690d488d410c6
1eafffdb1eafffdbff1118
5093ffff5093ffffff1128
606efff2606efff2ff1109
4a67e8cb4a67e8cbe810e3
376cd7b0376cd7b0d710ce
445dc6b1445dc6b1c610c7
780d82ad780d82adad00ad
d49a1282d49a1282d430c9
ffffa44fffffa44fff213e
ffffb239ffffb239ff2130
9da45b2e9da45b2ea420aa
4037161b4037161b40303d
120a020c120a020c12300f
0600060806000608080008
0401060704010607070007
0204080602040806081007
0610120806101208121011
223c380e223c380e3c203d
81c2a11681c2a116c220c3
ffffff19ffffff19ff2187
ffffff17ffffff17ff21bb
baffe21abaffe21aff2117
274f4b1b274f4b1b4f2053
0d07030b0d07030b0d300d
07080d0e07080d0e0e0010
0c1626220c162622261028
02293c2b02293c2b3c103b
0b2d39210b2d3921391037
3751430737514307512051
4b57370f4b57370f572058
12160e0812160e08162017
2d130f272d130f272d302b
622c205c622c205c623065
925e086a925e086a92308d
8656085c8656085c86307d
561e2c56561e2c5656005b
4402425a4402425a5a005a
2b306f642b306f646f106e
1960a57e1960a57ea5109e
502a929a502a929a9a009f
7d0c71a07d0c71a0a000a0
5b28979e5b28979e9e00a2
5443b4af5443b4afb410bb
8a0fa0c98a0fa0c9c900c9
6147d1cf6147d1cfd110da
4affffb24affffb2ff1145
b7ffff75b7ffff75ff217d
8af0da328af0da32f020f5
3654460836544608542054
1112090611120906122012
0c0800080c0800080c300b
0904030809040308093008
0400040604000406060006
0504010205040102053004
0607040106070401072007
0707030307070303072007
0908030409080304093008
0604000406040004063005
0701090b0701090b0b000b
0601080906010809090009
0703030707030307070007
0604000406040004063005
0505030105050301052005
0608060006080600082008
0304030003040300042004
0103030101030301031003
0106070401060704071007
0303070703030707070007
0304090803040908091008
0304090803040908091008
0303070703030707070007
0004060400040604061005
0001020100010201021001
0000000000000000000000
0000000000000000000000
0103030101030301031003
0204040202040402041004
0304030003040300042004
0707030307070303072007
0909050309090503092009
0809060108090601092009
0607040106070401072007
0707030307070303072007
0806020408060204083007
0604000406040004063005
0403000304030003043004
0201000102010001023001
0000000000000000000000
0201000102010001023001
0403000304030003043004
0402020404020204040004
0202040402020404040004
0106070401060704071007
0509090305090903091009
0506050005060500062006
0300030403000304040004
0401060704010607070007
0304090803040908091008
00070a0700070a070a1009
0005080500050805081007
0004060400040604061005
0702030607020306073006
1916070c1916070c193019
29250d1329250d13293029
231a0316231a0316233022
14040e1614040e16160016
0e0718190e071819190019
10081c1e10081c1e1e001f
12081e2012081e20200020
15041b2015041b20200020
1d0417221d041722220022
2f13132b2f13132b2f302f
38141a3838141a3838003b
2806303c2806303c3c003c
1a1336351a133635361038
1a0c2c2e1a0c2c2e2e002f
2003242d2003242d2d002d
2400243024002430300030
2501273325012733330033
2501273325012733330033
2401263124012631310031
2103252f2103252f2f002f
1a0b2a2d1a0b2a2d2d002e
15102d2c15102d2c2d102e
180c2a2c180c2a2c2c002d
2002222c2002222c2c002c
26061c2c26061c2c2c002c
280a1a2c280a1a2c2c002d
2a0c182c2a0c182c2c002d
29091b2d29091b2d2d002d
28071e2f28071e2f2f002f
2904233229042332320032
26052c3726052c37370037
2010363a2010363a3a003c
1b1337371b13373737003a
16102e2e16102e2e2e0030
0f0e25220f0e2522251024
0a0a1a180a0a1a181a101a
0905111109051111110011
09010b0d09010b0d0d000d
0b01090d0b01090d0d000d
0f05070f0f05070f0f000f
0f0409100f040910100010
0a010c0f0a010c0f0f000f
06040c0c06040c0c0c000c
0304090803040908091008
0301050503010505050005
0403000304030003043004
0303010103030101032003
0102010001020100022002
0303010103030101032003
0302010203020102033002
0200020202000202020002
0003040300030403041004
020c1008020c100810100e
12343c1a12343c1a3c103a
308ea248308ea248a2109f
40ebff9340ebff93ff1115
12edffd912edffd9ff1141
439cfffa439cfffaff1126
7859fffd7859fffdff110c
7c49ecf17c49ecf1f100fb
6259e6db6259e6dbe610ec
5051c6bb5051c6bbc610cb
7b175b8f7b175b8f8f0090
e3c63d6ae3c63d6ae330e0
ffff966bffff966bff314c
ffff877dffff877dff3142
e3c3476be3c3476be330de
745b183b745b183b74306c
271a0316271a0316273022
0902050809020508093008
0401060704010607070007
0304090803040908091008
0713150907131509151015
28423a0c28423a0c422043
8ac7a00f8ac7a00fc720c7
ffffff0bffffff0bff2181
ffffff03ffffff03ff21b1
dcffbc15dcffbc15ff2111
503d0a2d503d0a2d50304b
1c1d46451c1d464546104a
2c0a36442c0a3644440044
180c2428180c2428280029
0c1e1e0a0c1e1e0a1e101f
1c1f16051c1f16051f201f
3b4331073b433107432043
4355430143554301552055
172f2f0f172f2f0f2f1031
0d1e332a0d1e332a331033
3e0c28463e0c2846460047
8760075687600756873080
895a055e895a055e893082
5f14416a5f14416a6a006b
54055c7754055c77770077
3337857b3337857b851086
0979bd810979bd81bd10b0
3f47ab9b3f47ab9bab10aa
8b018dbd8b018dbdbd00bd
7827b0c97827b0c9c900cc
5c43b6b75c43b6b7b700c2
71178da571178da5a500a6
474ebfae474ebfaebf10be
37f1ffb337f1ffb3ff112c
78ffff8878ffff88ff1140
51b0b94251b0b942b910bb
1c393a111c393a113a103b
0a0d0a010a0d0a010d200d
0908030409080304093008
0604000406040004063005
0403000304030003043004
0606020206060202062006
0605020306050203063005
0805000508050005083007
0a0700070a0700070a3009
0904030809040308093008
0601040706010407070007
0501030505010305050005
0004060400040604061005
0107090501070905091008
00070a0700070a070a1009
00080c0800080c080c100b
03050b0903050b090b100a
04040a0a04040a0a0a000a
02060a0802060a080a100a
0204080602040806081007
0104070601040706071007
0203060502030605061005
0101030301010303030003
0001020100010201021001
0000000000000000000000
0000000000000000000000
0000000000000000000000
0304030003040300042004
0304030003040300042004
0202020002020200021002
0505030105050301052005
0809040308090403092009
0a0a04040a0a04040a200a
0806020408060204083007
0805000508050005083007
0806000608060006083008
0805000508050005083007
0604000406040004063005
0403000304030003043004
0201000102010001023001
0000000000000000000000
0201000102010001023001
0301010303010103030003
0102050401020504051004
0206080402060804081007
0307070303070703071007
0102010001020100022002
0003040300030403041004
0203060502030605061005
0105090701050907091008
0105090701050907091008
0203060502030605061005
0003040300030403041004
0200020202000202020002
100c0208100c020810300e
231a0316231a0316233022
2916092229160922293028
1f031b271f031b27270027
170a2528170a2528280029
170a2528170a2528280029
1807222718072227270027
1a0420261a042026260026
1e001e281e001e28280028
2a081c2e2a081c2e2e002e
300a2036300a2036360036
27032d3927032d39390039
1f0a2f341f0a2f34340034
1d07272d1d07272d2d002d
1d0321291d032129290029
1d0321291d032129290029
1e03222b1e03222b2b002b
2100212c2100212c2c002c
2100212c2100212c2c002c
1f02232c1f02232c2c002c
1909272b1909272b2b002b
140e2828140e282828002a
140a2224140a2224240025
1800182018001820200020
1b07111d1b07111d1d001d
1d090f1d1d090f1d1d001e
1f0b0f1f1f0b0f1f1f0020
1e0812201e081220200020
1d0515211d051521210021
1b001b241b001b24240024
1608222616082226260026
100d2423100d2423241025
0c0d201d0c0d201d20101f
0b0717170b071717170018
0905111109051111110011
06040c0c06040c0c0c000c
0601080906010809090009
0600060806000608080008
0600060806000608080008
0904030809040308093008
0905010709050107093008
0502010405020104053004
0001020100010201021001
0202020002020200021002
0000000000000000000000
0304030003040300042004
0304030003040300042004
0201000102010001023001
0301010303010103030003
0402020404020204040004
0300030403000304040004
0005080500050805081007
07171d0d07171d0d1d101a
22535c2522535c255c105a
59c6cf4e59c6cf4ecf10d4
82ffff7c82ffff7cff1144
57ffffa257ffffa2ff1143
0caeffbe0caeffbeff1101
5659dacd5659dacdda10df
6c3ac2ca6c3ac2caca00d2
5840bab85840bab8ba10c2
502d989b502d989b9b00a1
8b3a39808b3a39808b308c
f8c62e82f8c62e82f830ec
ffff59a4ffff59a4ff3144
ffff5eb5ffff5eb5ff315b
fffe588cfffe588cff3122
a8953847a8953847a830a5
3a3412183a3412183a3039
0b0701070b0701070b3009
0203060502030605061005
0105090701050907091008
0913130709131307131014
2e4336052e433605432043
93c5930193c59301c520c5
ffffff09ffffff09ff2175
ffffff17ffffff17ff21a1
defea028defea028fe2101
4922133e4922133e493046
1a27524b1a27524b521054
36131a3936131a3939003c
2122110a2122110a222023
1900192419001924240024
3a1f0c333a1f0c333a303b
5755291f5755291f57305a
4e6b52034e6b52036b206b
1e3e3c181e3e3c183e2042
0b2629140b26291429102a
0c010c0d0c010c0d0d000d
4f4d211d4f4d211d4f3052
5f47093b5f47093b5f305c
40033c5340033c53530053
3d1157633d115763630064
25397d6d25397d6d7d107b
0b82b7720b82b772b710ac
1866ac801866ac80ac10a3
5f1f8b9d5f1f8b9d9d00a0
621b8aa5621b8aa5a500a7
4d0c5d744d0c5d74740074
32022c3632022c36360036
286b7831286b7831781075
84f6f04e84f6f04ef62102
80f0ee4c80f0ee4cf020fb
3e7c822c3e7c822c821083
0c2128110c212811281025
01080b0601080b060b100a
0307070303070703071007
0103030101030301031003
0303010103030101032003
0605020306050203063005
0604000406040004063005
0603020506030205063005
0904030809040308093008
0a03060b0a03060b0b000b
0a03060b0a03060b0b000b
0902070a0902070a0a000a
04050c0b04050c0b0c100c
03080f0c03080f0c0f100e
03080f0c03080f0c0f100e
03070d0b03070d0b0d100d
04050a0904050a090a100a
0304090803040908091008
0203080702030807081007
0203060502030605061005
0003040300030403041004
0001020100010201021001
0000000000000000000000
0000000000000000000000
0000000000000000000000
0000000000000000000000
0001020100010201021001
0204040202040402041004
0103030101030301031003
0102010001020100022002
0304030003040300042004
0707050107070501072007
0908030409080304093008
0806000608060006083008
0805000508050005083007
0805000508050005083007
0806000608060006083008
0805000508050005083007
0605020306050203063005
0303010103030101032003
0000000000000000000000
0001020100010201021001
0101030301010303030003
0203060502030605061005
0006080600060806081008
0004060400040604061005
0102010001020100022002
0205060302050603061005
0004060400040604061005
0106070401060704071007
0004060400040604061005
0101030301010303030003
0002040200020402041002
0101030301010303030003
0903030709030307093007
160b0411160b0411163014
1f0c0d1e1f0c0d1e1f3020
1c011a251c011a25250025
1508212415082124240024
12081e2012081e20200020
1204181c1204181c1c001c
1104171a1104171a1a001a
1203161b1203161b1b001b
1803141d1803141d1d001d
1b0415201b041520200020
18021a2218021a22220022
15041b2015041b20200020
1302171c1302171c1c001c
1201141912011419190019
0f0313170f031317170017
0e0312150e031215150015
0f000f140f000f14140014
0f0111150f011115150015
0f0415180f041518180018
0d0717190d071719190019
0908151409081514151015
06050e0d06050e0d0e100d
0902070a0902070a0a000a
0d07030b0d07030b0d300d
0f08030c0f08030c0f300e
1109030d1109030d11300f
1007060f1007060f103010
0f030b110f030b11110011
0c0310130c031013130013
0908151409081514151015
0708131207081312131013
0508110e0508110e111010
06040c0c06040c0c0c000c
0701090b0701090b0b000b
0601080906010809090009
0600060806000608080008
0601040706010407070007
0502010405020104053004
0505030105050301052005
0407060104070601072007
0105050301050503051005
0300030403000304040004
0402020404020204040004
0300030403000304040004
0003040300030403041004
0103030101030301031003
0000000000000000000000
0001020100010201021001
0300030403000304040004
0400040604000406060006
01090f0901090f090f100c
0d2c371a0d2c371a371033
2d8199452d819945991092
61fbff7f61fbff7fff1119
7fffffa57fffffa5ff1171
59ffffac59ffffacff1154
09b5ffa509b5ffa5ff10f4
3550a7943550a794a710a8
4127797b4127797b7b0081
2c2c6e662c2c6e666e106f
311755593117555959005b
73440d5473440d5473306c
ceb74c57ceb74c57ce30ca
ffff8b56ffff8b56ff3113
ffffb846ffffb846ff2141
ffffbd2cffffbd2cff2133
9ac07a149ac07a14c020c1
38442a0838442a08442044
0b0a03060b0a03060b300b
0203060502030605061005
0107090501070905091008
0a1110050a111005112011
2e3e2e002e3e2e003e203e
95bb830b95bb830bbb20bb
fffff41dfffff41dff2164
ffffff31ffffff31ff2193
e3ef853fe3ef853fef20f7
44181c4244181c42443046
1320413813204138411040
3e3006263e3006263e303d
404e300c404e300c4e204e
0b2227140b222714271027
311d0929311d0929313032
6b6b2f296b6b2f296b2072
7680442076804420802083
47390b2547390b25473043
390d253f390d253f3f0040
3a062e4c3a062e4c4c004c
0820342a0820342a341034
1d21130b1d21130b212022
150d2729150d272929002b
1321453913214539451041
0348714e0348714e71106a
2284a45a2284a45aa4109f
0f6e93560f6e935693108b
1c3262541c326254621061
3004344830043448480048
3d3f1d173d3f1d173f2043
0c292c1d0c292c1d2c1032
7d8c551e7d8c551e8c208f
ceffcc02ceffcc02ff2112
9ee2b6129ee2b612e220e2
4266580e4266580e662066
0b1719090b171909191018
0105090701050907091008
0004060400040604061005
0000000000000000000000
0300030403000304040004
0703030707030307070007
0904030809040308093008
0802040808020408080008
0801060908010609090009
0901070b0901070b0b000b
0903050909030509090009
0901070b0901070b0b000b
05060d0c05060d0c0d100d
03080f0c03080f0c0f100e
03070d0b03070d0b0d100d
03050b0903050b090b100a
0203080702030807081007
0203060502030605061005
0202040402020404040004
0101030301010303030003
0001020100010201021001
0000000000000000000000
0000000000000000000000
0000000000000000000000
0000000000000000000000
0001020100010201021001
0003040300030403041004
0003040300030403041004
0001020100010201021001
0201000102010001023001
0403000304030003043004
0706010407060104073007
0806020408060204083007
0806020408060204083007
0706010407060104073007
0604000406040004063005
0806020408060204083007
0707030307070303072007
0607040106070401072007
0304030003040300042004
0001020100010201021001
0003040300030403041004
0203060502030605061005
0104070601040706071007
0004060400040604061005
0001020100010201021001
0304030003040300042004
0406040004060400062006
0304030003040300042004
0505030105050301052005
0404020204040202042004
0201000102010001023001
0103030101030301031003
0003040300030403041004
0301050503010505050005
0801060908010609090009
0e03080f0e03080f0f000f
0d010f130d010f13130013
0a0512130a051213130013
09040f1009040f10100010
09010b0d09010b0d0d000d
06030a0b06030a0b0b000b
05040b0a05040b0a0b100a
0900090c0900090c0c000c
0c010a0f0c010a0f0f000f
0a010c0f0a010c0f0f000f
0900090c0900090c0c000c
0801060908010609090009
0600060806000608080008
0402080804020808080008
0402080804020808080008
0601080906010809090009
06030a0b06030a0b0b000b
05050b0b05050b0b0b000c
0304090803040908091008
0102050401020504051004
0001020100010201021001
0201000102010001023001
0605020306050203063005
0907010509070105093008
0a0700070a0700070a3009
0b0503090b0503090b300a
0900090c0900090c0c000c
07040d0e07040d0e0e000e
05060d0c05060d0c0d100d
03050b0903050b090b100a
0105090701050907091008
0204080602040806081007
0401060704010607070007
0601040706010407070007
0502010405020104053004
0304030003040300042004
0106070401060704071007
0006080600060806081008
0107090501070905091008
0205060302050603061005
0200020202000202020002
0301010303010103030003
0300030403000304040004
0101030301010303030003
0002040200020402041002
0101030301010303030003
0203060502030605061005
0304090803040908091008
07020b0c07020b0c0c000c
02111c1302111c131c1019
174f612d174f612d61105a
44c8ea6c44c8ea6cea10e3
65ffffbc65ffffbcff1171
5affffe75affffe7ff119f
29ffffd629ffffd6ff1158
0e94e8a40e94e8a4e810dc
342c7670342c7670761078
2f0a3f482f0a3f48480048
101a362e101a362e361034
0f0c1f1e0f0c1f1e1f1020
464d320f464d320f4d204e
8cd0b4168cd0b416d020d1
a6ffff58a6ffff58ff213c
9bffff869bffff86ff1167
82ffff7182ffff71ff1136
52aca83652aca836ac20b4
1f3a350c1f3a350c3a203b
0708050207080502082008
0102050401020504051004
0308090403080904091008
09100f0409100f04102010
2a3628002a362800362036
8aab760d8aab760dab20ab
ffffdd23ffffdd23ff214c
ffffef3dffffef3dff217f
e5e7754de5e7754de720f3
4e2614444e2614444e304d
1a0926291a092629290029
4139131b4139131b41303f
575c2f1e575c2f1e5c2060
3c3e20143c3e20143e2041
0b0901070b0901070b300b
63632f2363632f23632069
86782c3c86782c3c863086
5b2129575b2129575b305d
4911617349116173730074
6313477763134777770078
4e1d264f4e1d264f4f0054
1f0e0b181f0e0b181f301b
111e1f0a111e1f0a1f101f
103b4c25103b4c254c1045
196681481966814881107c
22809c5622809c569c109a
105972411059724172106e
0127372301273723371034
161a1006161a10061a201a
41756b1d41756b1d752078
0a3c4e320a3c4e324e104e
9ba961279ba96127a920ad
edffd310edffd310ff212c
afe4a704afe4a704e420e4
4b6249024b624902622062
1217100112171001172017
0303010103030101032003
0301010303010103030003
0203060502030605061005
0303070703030707070007
0801060908010609090009
0a03060b0a03060b0b000b
0a02080c0a02080c0c000c
0900090c0900090c0c000c
0900090c0900090c0c000c
0801060908010609090009
0700070a0700070a0a000a
03050b0903050b090b100a
00070a0700070a070a1009
0005080500050805081007
0004060400040604061005
0202040402020404040004
0101030301010303030003
0001020100010201021001
0000000000000000000000
0000000000000000000000
0000000000000000000000
0000000000000000000000
0000000000000000000000
0000000000000000000000
0103030101030301031003
0204040202040402041004
0001020100010201021001
0000000000000000000000
0000000000000000000000
0201000102010001023001
0605020306050203063005
0707030307070303072007
0606020206060202062006
0605020306050203063005
0605020306050203063005
0606020206060202062006
0708050207080502082008
0808040208080402082008
0404020204040202042004
0304030003040300042004
0205060302050603061005
0004060400040604061005
0004060400040604061005
0101030301010303030003
0201000102010001023001
0304030003040300042004
0505030105050301052005
0403000304030003043004
0603020506030205063005
0704010607040106073007
0604000406040004063005
0505030105050301052005
0305050103050501051005
0003040300030403041004
0202040402020404040004
0301050503010505050005
0303070703030707070007
0303070703030707070007
0301050503010505050005
0300030403000304040004
0101030301010303030003
0104050201040502051004
0003040300030403041004
0300030403000304040004
0302010203020102033002
02070a0502070a050a1008
05060f0e05060f0e0f100f
0d010b110d010b11110011
0e07020b0e07020b0e300d
0707050107070501072007
0104070601040706071007
0303070703030707070007
0102050401020504051004
0001020100010201021001
0000000000000000000000
0001020100010201021001
0100010201000102020002
0504010205040102053004
0604000406040004063005
0905010709050107093008
0904030809040308093008
0502070805020708080008
0303070703030707070007
0103070501030705071005
0004060400040604061005
0003040300030403041004
0103030101030301031003
0102010001020100022002
0102010001020100022002
0205040102050401052005
0307070303070703071007
0308090403080904091008
0206080402060804081007
0205060302050603061005
0103030101030301031003
0000000000000000000000
0000000000000000000000
0000000000000000000000
0000000000000000000000
0104050201040502051004
01070d0901070d090d100b
060a1814060a1814181016
0e0b201f0e0b201f201020
1807222718072227270027
101f4033101f403340103b
1c80a6581c80a658a6109b
5dffff9c5dffff9cff1142
78ffffdc78ffffdcff11b7
51ffffe951ffffe9ff119b
14d7ffbd14d7ffbdff111e
1b5aa57e1b5aa57ea5109a
3903414f3903414f4f004f
32111a3332111a33330035
12051a1d12051a1d1d001d
0903050909030509090009
3e675c113e675c11672068
93ffff4993ffff49ff211c
adffff98adffff98ff119b
77ffffbd77ffffbdff1184
3bdbff913bdbff91ff1106
1c6a88441c6a884488107d
0920291209202912291024
0103030101030301031003
0003040300030403041004
0308090403080904091008
09100f0409100f04102010
232f2301232f23012f202f
7c9a6c0a7c9a6c0a9a209a
fdffd11dfdffd11dff2134
ffffe732ffffe732ff2167
d7e17b3fd7e17b3fe120e9
54400c3454400c34543052
231a0512231a051223301f
2d3625002d362500362036
434b2b11434b2b114b204c
4a471a234a471a234a304f
1e100a1c1e100a1c1e3020
3447380334473803472047
5a5f36195a5f36195f2062
2b091b2f2b091b2f2f002f
1424483e1424483e481047
451d1d43451d1d43453049
5a4608385a4608385a3059
3d3209223d3209223d303c
2d3827062d382706382038
31686d2631686d266d106e
2c8da8572c8da857a810a5
10729a6210729a629a1096
0d2d4f3d0d2d4f3d4f104b
0808141008081410141011
1d3129091d312909312031
588b7413588b74138b208c
1f3d3d151f3d3d153d1040
96b87a1296b87a12b820b8
f3ffdb10f3ffdb10ff2136
b8e7a20fb8e7a20fe720e7
5464420c5464420c642064
1a190c091a190c091a301a
0802040808020408080008
0601080906010809090009
04040a0a04040a0a0a000a
0503090905030909090009
0600060806000608080008
0801060908010609090009
0901070b0901070b0b000b
0900090c0900090c0c000c
0900090c0900090c0c000c
0600060806000608080008
0600060806000608080008
0303070703030707070007
0005080500050805081007
0004060400040604061005
0003040300030403041004
0001020100010201021001
0000000000000000000000
0000000000000000000000
0000000000000000000000
0000000000000000000000
0000000000000000000000
0000000000000000000000
0000000000000000000000
0000000000000000000000
0304030003040300042004
0304030003040300042004
0000000000000000000000
0000000000000000000000
0000000000000000000000
0000000000000000000000
0303010103030101032003
0707030307070303072007
0806020408060204083007
0605020306050203063005
0606020206060202062006
0605020306050203063005
0907010509070105093008
0a0802060a0802060a300a
0806020408060204083007
0607040106070401072007
0407060104070601072007
0205060302050603061005
0004060400040604061005
0301010303010103030003
0303010103030101032003
0304030003040300042004
0304030003040300042004
0200020202000202020002
0401020504010205050005
0805000508050005083007
0707030307070303072007
0607040106070401072007
0407060104070601072007
0204040202040402041004
0002040200020402041002
0003040300030403041004
0003040300030403041004
0001020100010201021001
0000000000000000000000
0000000000000000000000
0000000000000000000000
0303010103030101032003
0402020404020204040004
04040c0a04040c0a0c100a
070e1f18070e1f181f101b
0f1e41340f1e413441103c
291a5556291a5556560059
4b0641624b064162620062
522218485222184852304f
331f011f331f011f33302b
100d0605100d060510300d
0102030201020302031002
0201000102010001023001
0000000000000000000000
0000000000000000000000
0103030101030301031003
0101030301010303030003
0603020506030205063005
0602020606020206060006
0804020608040206083007
0703030707030307070007
0400040604000406060006
0201040302010403041003
0002020200020202020002
0102010001020100022002
0302010203020102033002
0402000204020002043002
0300030403000304040004
0202060602020606060006
0005080500050805081007
0308090403080904091008
0307070303070703071007
0205040102050401052005
0304030003040300042004
0202020002020200021002
0000000000000000000000
0000000000000000000000
0000000000000000000000
0001020100010201021001
03090b0503090b050b100a
021620120216201220101c
0823402f0823402f40103a
2220565222205652561058
40115c6940115c6969006a
38388e8038388e808e108b
08bbffaf08bbffafff1100
57ffffe357ffffe3ff119b
75ffffed75ffffedff11ca
4bffffc04bffffc0ff115f
1195cf7d1195cf7dcf10c2
1929594919295949591053
3314173033141730333034
3321032533210325333031
1c0e08181c0e08181c301b
1511030b1511030b153014
5b7c59025b7c59027c207c
e3fffd0fe3fffd0fff2147
ffffff2effffff2eff21ba
d2ffff43d2ffff43ff2159
57a3a73757a3a737a710ac
183740191837401940103c
060c0e04060c0e040e100c
0201020302010203030003
0004060400040604061005
0308090403080904091008
090f0d03090f0d030f200f
202a2000202a20002a202a
708c6208708c62088c208c
e8ffca15e8ffca15ff2121
ffffe721ffffe721ff2156
c2dd8a27c2dd8a27dd20e0
565d3619565d36195d2060
2b453d0d2b453d0d452046
1137432711374327431043
0f2323110f232311231026
342b0821342b0821343036
3b151f3f3b151f3f3f0042
0730513c0730513c51104c
1648562a1648562a561053
1901191f1901191f1f001f
3427042134270421343033
0317251d0317251d251025
2941330729413307412041
3034181230341812342037
464f2c15464f2c154f2051
6a9c7c0a6a9c7c0a9c209c
62b5ac3562b5ac35b520bc
1d6075401d607540751073
1b0615201b061520200020
0f150d030f150d03152015
1f3025061f302506302030
6a82560e6a82560e822082
3e3d1e193e3d1e193e3041
78ac860a78ac860aac20ac
e9ffd50fe9ffd50fff212b
c0e89c1ac0e89c1ae820e9
616b4115616b41156b206d
201d0c0d201d0c0d20301f
0903050909030509090009
0502070805020708080008
0303070703030707070007
0301050503010505050005
0300030403000304040004
0301050503010505050005
0401060704010607070007
0600060806000608080008
0600060806000608080008
0600060806000608080008
0600060806000608080008
0401060704010607070007
0203060502030605061005
0003040300030403041004
0001020100010201021001
0000000000000000000000
0000000000000000000000
0000000000000000000000
0000000000000000000000
0000000000000000000000
0000000000000000000000
0000000000000000000000
0000000000000000000000
0000000000000000000000
0304030003040300042004
0304030003040300042004
0000000000000000000000
0000000000000000000000
0000000000000000000000
0000000000000000000000
0201000102010001023001
0605020306050203063005
0707030307070303072007
0606020206060202062006
0604000406040004063005
0703030707030307070007
0b0503090b0503090b300a
0d08010a0d08010a0d300c
0d0a01080d0a01080d300c
0b0a05040b0a05040b300a
0809060108090601092009
0406040004060400062006
0303010103030101032003
0002020200020202020002
0103030101030301031003
0304030003040300042004
0304030003040300042004
0102010001020100022002
0000000000000000000000
0406040004060400062006
0608060006080600082008
0608060006080600082008
0608060006080600082008
0304030003040300042004
0103030101030301031003
0204040202040402041004
0001020100010201021001
0000000000000000000000
0000000000000000000000
0000000000000000000000
0001020100010201021001
0303090703030907091007
0809181508091815181016
1017362d1017362d361032
1a3168551a316855681062
2e51aa8f2e51aa8faa10a4
6243c6c96243c6c9c900d3
ac1688d6ac1688d6d600d7
c265269dc265269dc230ba
7f590b497f590b497f3073
2c230a132c230a132c3027
0504010205040102053004
0103030101030301031003
0101030301010303030003
0301010303010103030003
0505030105050301052005
0103030101030301031003
0301010303010103030003
0402020404020204040004
0604000406040004063005
0502010405020104053004
0402020404020204040004
0300030403000304040004
0100010201000102020002
0002020200020202020002
0402020404020204040004
0402020404020204040004
0202040402020404040004
0203060502030605061005
0104070601040706071007
0107090501070905091008
0205060302050603061005
0202020002020200021002
0403000304030003043004
0403000304030003043004
0201000102010001023001
0000000000000000000000
0000000000000000000000
0104050201040502051004
0610120806101208121011
0d2c35180d2c3518351032
0c516e3f0c516e3f6e1066
1d4e95781d4e957895108f
5b2fa7ad5b2fa7adad00b3
5d61f1dd5d61f1ddf110f1
15f1ffff15f1ffffff1169
38ffffff38ffffffff11c7
4fffffe94fffffe9ff119b
32d6ff9032d6ff90ff1101
0c5778450c57784578106f
0f0b211d0f0b211d21101f
211a0512211a051221301f
292711112927111129302a
1c1c0e0a1c1c0e0a1c201d
15180f0215180f02182018
6170431061704310702071
ffffc436ffffc436ff2142
ffffff4affffff4aff21d1
ffffea34ffffea34ff216d
8b9f67158b9f67159f20a0
2729190927291909292029
0b0601080b0601080b300a
0402080804020808080008
0304090803040908091008
00070a0700070a070a1009
060d0e05060d0e050e100d
1b271f031b271f03272027
64815e0364815e03812081
d9ffc70dd9ffc70dff2115
ffffea15ffffea15ff214d
b6dc9418b6dc9418dc20dd
6078520c6078520c782078
4471641544716415712072
103e4c2e103e4c2e4c104d
1a1302151a1302151a301c
11112b2b11112b2b2b002e
43043d5a43043d5a5a005a
2e1f5a5d2e1f5a5d5d0062
12325c4812325c485c1057
3100313e3100313e3e003e
4a1a244a4a1a244a4a004e
2f0c43502f0c4350500050
111b3b35111b3b353b103b
07161b0a07161b0a1b1018
4651320f4651320f512052
92b87c1092b87c10b820b8
9dca8b0a9dca8b0aca20ca
484e2a12484e2a124e2050
012b3d29012b3d293d103b
0f1e39340f1e393439103c
07121f1c07121f1c1f1021
515e3912515e39125e205f
493e132a493e132a49304a
5886701258867012862087
d9ffb919d9ffb919ff210e
cdea932acdea932aea20ed
737a451e737a451e7a207d
2825100f2825100f283027
0b0601080b0601080b300a
0300030403000304040004
0001020100010201021001
0000000000000000000000
0001020100010201021001
0003040300030403041004
0203060502030605061005
0401060704010607070007
0601080906010809090009
0300030403000304040004
0300030403000304040004
0300030403000304040004
0101030301010303030003
0001020100010201021001
0000000000000000000000
0000000000000000000000
0001020100010201021001
0101030301010303030003
0300030403000304040004
0300030403000304040004
0300030403000304040004
0301010303010103030003
0201000102010001023001
0000000000000000000000
0304030003040300042004
0304030003040300042004
0000000000000000000000
0000000000000000000000
0000000000000000000000
0000000000000000000000
0000000000000000000000
0304030003040300042004
0607040106070401072007
0604000406040004063005
0601040706010407070007
0801060908010609090009
0a04040a0a04040a0a000a
0e08020a0e08020a0e300c
100c020a100c020a10300f
100e0408100e0408103010
0c0c06040c0c06040c200c
0706030207060302073006
0301010303010103030003
0101030301010303030003
0002040200020402041002
0204040202040402041004
0103030101030301031003
0201000102010001023001
0100010201000102020002
0305050103050501051005
0608060006080600082008
0608060006080600082008
0607040106070401072007
0404020204040202042004
0504010205040102053004
0404020204040202042004
0201000102010001023001
0000000000000000000000
0001020100010201021001
0103070501030705071005
0409140f0409140f141011
0a152c230a152c232c1028
162550431625504350104c
243c7e6c243c7e6c7e107b
2d5db1952d5db195b110af
2e81e4b72e81e4b7e410df
5264e0ce5264e0cee010e4
b53369c5b53369c5c500cb
f0ba208cf0ba208cf030e8
aaa24242aaa24242aa30ae
3f3f1d133f3f1d133f2041
0908030409080304093008
0104050201040502051004
0003040300030403041004
0403000304030003043004
0607040106070401072007
0304030003040300042004
0000000000000000000000
0201000102010001023001
0404020204040202042004
0303010103030101032003
0201000102010001023001
0100010201000102020002
0303010103030101032003
0304030003040300042004
0201000102010001023001
0301010303010103030003
0101030301010303030003
0104050201040502051004
0205060302050603061005
0205060302050603061005
0103030101030301031003
0000000000000000000000
0201000102010001023001
0404020204040202042004
0303010103030101032003
0000000000000000000000
0001020100010201021001
0308090403080904091008
0a181a0a0a181a0a1a101a
1e4142171e414217421044
358189353581893589108b
188fbe6d188fbe6dbe10b3
3670e2ba3670e2bae210d9
4c9dffff4c9dffffff1132
17ffffff17ffffffff1196
1fffffff1fffffffff119f
2befffb52befffb5ff112b
1f7d9f511f7d9f519f1094
0e262e120e262e122e102a
010609080106090809100a
0a17180b0a17180b181019
1625200516252005252025
1729270917292709292029
0a1e24140a1e2414241024
3b4a35023b4a35024a204a
ecff9a38ecff9a38ff2109
ffffff64ffffff64ff21d0
ffffef56ffffef56ff219d
b2bd6a2db2bd6a2dbd20c2
3430141434301414343034
0f07050d0f07050d0f300e
08020a0c08020a0c0c000c
06040c0c06040c0c0c000c
04060e0c04060e0c0e100d
000b100b000b100b10100f
15231f0715231f07232023
5a795c015a795c01792079
ceffc605ceffc605ff210d
fdffef0afdffef0aff2148
aedd9e0baedd9e0bdd20dd
698c6902698c69028c208c
5f9279125f927912922093
1d40411c1d40411c411045
3448360234483602482048
165160331651603360105f
33114b5933114b5959005a
370a4756370a4756560056
1c163c3a1c163c3a3c103e
2204182422041824240024
250c0f22250c0f22253024
1508212615082126260026
1603181f1603181f1f001f
0e0016160e001616160016
2d4a45122d4a45124a204c
81ac7d0081ac7d00ac20ac
a2b05e2ca2b05e2cb020b5
652b2961652b296165306a
2f3f8d812f3f8d818d108f
500f647b500f647b7b007b
54241c4e54241c4e543055
0f25270d0f25270d271027
38381a1a38381a1a38203d
3e58480a3e58480a582058
c2e79a1fc2e79a1fe720e9
d4f0942ed4f0942ef020f4
8390551e8390551e902093
2e301a0c2e301a0c302031
0a0a04040a0a04040a200a
0303010103030101032003
0000000000000000000000
0000000000000000000000
0102010001020100022002
0304030003040300042004
0305050103050501051005
0004060400040604061005
0304090803040908091008
0300030403000304040004
0301010303010103030003
0201000102010001023001
0000000000000000000000
0000000000000000000000
0000000000000000000000
0001020100010201021001
0003040300030403041004
0202040402020404040004
0300030403000304040004
0300030403000304040004
0300030403000304040004
0402020404020204040004
0403000304030003043004
0201000102010001023001
0303010103030101032003
0404020204040202042004
0201000102010001023001
0000000000000000000000
0000000000000000000000
0000000000000000000000
0000000000000000000000
0304030003040300042004
0505030105050301052005
0301010303010103030003
0300030403000304040004
0300030403000304040004
0603020506030205063005
0a0700070a0700070a3009
0f0c03080f0c03080f300e
1210060812100608123011
100f0607100f0607103010
0907010509070105093008
0300030403000304040004
0300030403000304040004
0203060502030605061005
0104070601040706071007
0301050503010505050005
0300030403000304040004
0300030403000304040004
0003040300030403041004
0407060104070601072007
0607040106070401072007
0604000406040004063005
0704010607040106073007
0804020608040206083007
0704010607040106073007
0603020506030205063005
0301050503010505050005
03060d0a03060d0a0d100b
061020180610201820101c
0d1f3d310d1f3d313d1039
173363511733635163105f
214c9176214c917691108c
2a5fb4972a5fb497b410b2
2762b1962762b196b110b3
00719e6900719e699e109a
14596c3714596c376c1068
4c4b201d4c4b201d4c3050
b5e89d10b5e89d10e820e8
97c78b0797c78b07c720c7
3a4d36033a4d36034d204d
090b0701090b07010b200b
0304030003040300042004
0304030003040300042004
0304030003040300042004
0608060006080600082008
0304030003040300042004
0000000000000000000000
0000000000000000000000
0303010103030101032003
0403000304030003043004
0301010303010103030003
0201000102010001023001
0304030003040300042004
0304030003040300042004
0000000000000000000000
0000000000000000000000
0000000000000000000000
0304030003040300042004
0407060104070601072007
0204040202040402041004
0001020100010201021001
0000000000000000000000
0001020100010201021001
0204040202040402041004
0103030101030301031003
0001020100010201021001
0005080500050805081007
020f160d020f160d161013
08222c1808222c182c1029
2150572421505724571057
4fa2a3364fa2a336a310aa
50d2ea6250d2ea62ea10e7
11c9ffb111c9ffb1ff110b
16dcfffc16dcfffcff114e
00ffffff00ffffffff1172
17e3ffc717e3ffc7ff112d
1884b2641884b264b210a5
1733391317333913391036
15060b1815060b18180018
120d2425120d2425250027
0d0c1d1e0d0c1d1e1e0020
071a1f0e071a1f0e1f101d
1d36330c1d36330c362037
0e272c170e272c172c102d
1624220c1624220c242025
adc57f1fadc57f1fc520c7
ffffff45ffffff45ff21b8
ffffff44ffffff44ff21bb
c6e08828c6e08828e020e3
3c3c1e123c3c1e123c203e
0f08030c0f08030c0f300e
07020b0c07020b0c0c000c
06040c0c06040c0c0c000c
05050b0b05050b0b0b000c
00080c0800080c080c100b
141e1a04141e1a041e201e
5773550157735501732073
caffc007caffc007ff2107
fcffec0bfcffec0bff2145
afe0a10aafe0a10ae020e0
749a7202749a72029a209a
74a3800974a38009a320a3
263a320a263a320a3a203a
4a6f5a094a6f5a096f206f
407e7a28407e7a287e2084
1520453e1520453e451045
3209263d3209263d3d003d
230c1124230c1124240025
171d1701171d17011d201d
0614282006142820281025
25071b2d25071b2d2d002d
1b0411201b041120200020
0e1414040e141404141014
274f5121274f5121511055
5b82670e5b82670e822082
7868243878682438783076
560d6883560d6883830083
424cb4a8424cb4a8b410b8
7e0d6c9f7e0d6c9f9f009f
9c6408709c6408709c3096
3a22062a3a22062a3a3036
1c20100e1c20100e202022
1e3a3e181e3a3e183e103e
93c89b0493c89b04c820c8
baf1ac0bbaf1ac0bf120f1
7d9f6d0b7d9f6d0b9f209f
2e3926052e392605392039
0b0d09010b0d09010d200d
0304030003040300042004
0000000000000000000000
0000000000000000000000
0201000102010001023001
0404020204040202042004
0607040106070401072007
0407060104070601072007
0306050203060502062006
0300030403000304040004
0402020404020204040004
0402020404020204040004
0300030403000304040004
0300030403000304040004
0300030403000304040004
0202040402020404040004
0004060400040604061005
0102050401020504051004
0300030403000304040004
0300030403000304040004
0301010303010103030003
0402000204020002043002
0403000304030003043004
0403000304030003043004
0402000204020002043002
0403000304030003043004
0403000304030003043004
0201000102010001023001
0000000000000000000000
0000000000000000000000
0000000000000000000000
0303010103030101032003
0404020204040202042004
0201000102010001023001
0000000000000000000000
0001020100010201021001
0301010303010103030003
0805000508050005083007
0d0b03070d0b03070d300d
1210060812100608123011
120f0409120f0409123011
0d08010a0d08010a0d300c
0801060908010609090009
0600060806000608080008
0304090803040908091008
0304090803040908091008
0600060806000608080008
0600060806000608080008
0601040706010407070007
0300030403000304040004
0304030003040300042004
0604000406040004063005
0601040706010407070007
0904030809040308093008
0904030809040308093008
0903050909030509090009
0a010a0d0a010a0d0d000d
0a0716150a071615161016
0c142c240c142c242c1029
0f2a4f3e0f2a4f3e4f104a
183c705c183c705c70106d
1e4c8c721e4c8c728c1089
1669b0831669b083b010a7
1672c2921672c292c210b9
2b4295862b429586951095
152a5b4c152a5b4c5b1056
1625200316252003252025
2d5c63282d5c6328631064
90e7ce2b90e7ce2be720ea
7dbfa3197dbfa319bf20c0
2f483d082f483d08482048
070b0901070b09010b200b
0303010103030101032003
0403000304030003043004
0003040300030403041004
0407060104070601072007
0304030003040300042004
0000000000000000000000
0000000000000000000000
0201000102010001023001
0301010303010103030003
0402020404020204040004
0403000304030003043004
0504010205040102053004
0404020204040202042004
0201000102010001023001
0000000000000000000000
0000000000000000000000
0304030003040300042004
0608060006080600082008
0304030003040300042004
0000000000000000000000
0001020100010201021001
0003040300030403041004
0003040300030403041004
0002040200020402041002
0005080500050805081007
000f180f000f180f181015
0122372401223724371031
053b6345053b634563105a
02679e6902679e699e1093
28baf08628baf086f010e5
43ffffa343ffffa3ff1132
2effffc92effffc9ff114f
14f7ffdd14f7ffddff114b
14d2ffba14d2ffbaff1118
1485b66b1485b66bb610aa
0f303d1c0f303d1c3d1037
13010f1913010f19190019
1c0e30341c0e3034340035
210a2f38210a2f38380038
2409162724091627270028
070a1712070a1712171014
243f3a0d243f3a0d3f2040
162e2e12162e2e122e1031
020a0e0a020a0e0a0e100e
809c6c0e809c6c0e9c209c
ffffff23ffffff23ff21a2
ffffff26ffffff26ff21c7
cdf9a719cdf9a719f920fa
3e462a0c3e462a0c462047
0c0800080c0800080c300b
0502070805020708080008
0303070703030707070007
0102050401020504051004
0305050103050501051005
151b1301151b13011b201b
566d4e05566d4e056d206d
c9ffb90bc9ffb90bff2101
fdffe70ffdffe70fff2143
b5e09912b5e09912e020e0
859e6516859e65169e209f
8faa6f168faa6f16aa20ab
39391f1139391f1139203b
517f690f517f690f7f207f
5d9581175d958117952096
072c3b24072c3b243b1038
2a1608242a1608242a302a
2c311e0b2c311e0b312032
1e474c1f1e474c1f4c104d
10325a4810325a485a1057
45063b5a45063b5a5a005a
4f2a0f424f2a0f424f304e
4046280e4046280e462047
395d5115395d51155d205f
3e5240063e524006522052
3b1e072e3b1e072e3b3036
193a695a193a695a69106b
11558f6b11558f6b8f1088
641d3e6d641d3e6d6d0070
ae942a5cae942a5cae30ae
6c692e2b6c692e2b6c3071
000e1612000e1612161016
073c5738073c5738571052
5eb5b23b5eb5b23bb520be
8adfc2258adfc225df20e2
67997d0d67997d0d992099
293a2d02293a2d023a203a
0a0e0a000a0e0a000e200e
0304030003040300042004
0000000000000000000000
0000000000000000000000
0000000000000000000000
0303010103030101032003
0707030307070303072007
0908030409080304093008
0805000508050005083007
0300030403000304040004
0501030505010305050005
0601040706010407070007
0601040706010407070007
0501030505010305050005
0300030403000304040004
0102050401020504051004
0004060400040604061005
0202040402020404040004
0300030403000304040004
0300030403000304040004
0402020404020204040004
0402020404020204040004
0501030505010305050005
0704010607040106073007
0603020506030205063005
0502010405020104053004
0604000406040004063005
0403000304030003043004
0201000102010001023001
0000000000000000000000
0000000000000000000000
0201000102010001023001
0404020204040202042004
0303010103030101032003
0000000000000000000000
0103030101030301031003
0100010201000102020002
0505030105050301052005
0809060108090601092009
0d0f09030d0f09030f200f
0e0d06050e0d06050e300d
0a0700070a0700070a3009
0702050807020508080008
0600060806000608080008
0303070703030707070007
0203060502030605061005
0300030403000304040004
0300030403000304040004
0403000304030003043004
0303010103030101032003
0200020202000202020002
0400040604000406060006
06020a0a06020a0a0a000a
0b000d100b000d10100010
1100131811001318180018
16041e2216041e22220022
1c0a2c301c0a2c30300031
2116434221164342431045
232d675b232d675b671065
244990792449907990108d
2e52a8902e52a890a810a5
3254b0983254b098b010ad
1e73ca991e73ca99ca10bf
1a84e2a61a84e2a6e210d4
5c3cbebe5c3cbebebe00c7
8e088ac08e088ac0c000c0
83224f9083224f90900093
a38e3b42a38e3b42a3309c
c3f0ad0ac3f0ad0af020f0
85b38b0585b38b05b320b3
2f4033022f403302402040
080a0800080a08000a200a
0201000102010001023001
0301010303010103030003
0101030301010303030003
0305050103050501051005
0304030003040300042004
0000000000000000000000
0000000000000000000000
0000000000000000000000
0000000000000000000000
0201000102010001023001
0404020204040202042004
0504010205040102053004
0403000304030003043004
0403000304030003043004
0201000102010001023001
0001020100010201021001
0204040202040402041004
0407060104070601072007
0304030003040300042004
0001020100010201021001
0003040300030403041004
0003040300030403041004
0002040200020402041002
0004060400040604061005
010d130b010d130b131011
04273a2104273a213a1033
0052825400528254821075
1b78d5a01b78d5a0d510c8
3a97ffe93a97ffe9ff1115
30ceffff30ceffffff1155
05ffffff05ffffffff1179
14ffffec14ffffecff1165
16d5ffb516d5ffb5ff1117
1587b56b1587b56bb510ac
103644201036442044103e
0c0510150c051015150015
111b3731111b3731371037
1b183d3c1b183d3c3d1040
2904213429042134340034
3123031d3123031d31302d
0b010f0f0b010f0f0f000f
2846421228464212462048
142d2e13142d2e132e1030
0c0800080c0800080c300b
6b8863066b886306882088
ffffff10ffffff10ff2196
ffffff13ffffff13ff21cb
cfffb90ecfffb90eff2106
3f4c33083f4c33084c204c
0b0903050b0903050b300a
0101030301010303030003
0001020100010201021001
0000000000000000000000
0304030003040300042004
1419120114191201192019
51684b0451684b04682068
c3fcb708c3fcb708fc20fc
f9ffe90bf9ffe90bff2141
b1d79113b1d79113d720d7
87904f2687904f26902094
a4aa5a34a4aa5a34aa20b1
5546152c5546152c553052
45766b1845766b18762078
689d820f689d820f9d209d
1a3738151a37381538103a
26230e1326230e13263027
3b5747073b574707572057
336f712b336f712b711077
054a6542054a6542651063
3a0e22403a0e2240400041
595523255955232559305c
56704c0456704c04702070
44614a0744614a07612061
2b301f082b301f08302030
10020c1610020c16160016
223b300b223b300b3b203c
3f533b073f533b07532053
0e1008020e100802102010
819d6517819d65179d209e
7999670f7999670f992099
1e4140171e414017412044
1354693c1354693c691067
4eaab2464eaab246b210b7
6cc0b6326cc0b632c020c6
5184751651847516842085
22352e0722352e07352035
080d0c03080d0c030d200d
0103030101030301031003
0000000000000000000000
0000000000000000000000
0001020100010201021001
0301010303010103030003
0805000508050005083007
0a0700070a0700070a3009
0904030809040308093008
0501030505010305050005
0300030403000304040004
0300030403000304040004
0402020404020204040004
0402020404020204040004
0300030403000304040004
0202040402020404040004
0003040300030403041004
0001020100010201021001
0000000000000000000000
0000000000000000000000
0201000102010001023001
0301010303010103030003
0300030403000304040004
0604000406040004063005
0604000406040004063005
0403000304030003043004
0504010205040102053004
0404020204040202042004
0303010103030101032003
0000000000000000000000
0000000000000000000000
0000000000000000000000
0304030003040300042004
0304030003040300042004
0000000000000000000000
0303010103030101032003
0101030301010303030003
0107090501070905091008
02080a0602080a060a100a
060c0c04060c0c040c100c
070b0901070b09010b200b
0505030105050301052005
0301010303010103030003
0300030403000304040004
0101030301010303030003
0001020100010201021001
0001020100010201021001
0101030301010303030003
0004060400040604061005
00060a0600060a060a1008
0407100d0407100d10100e
0b0819180b081918191019
130d2927130d2927291029
20113c3d20113c3d3d003f
33114f5733114f57570058
4316657043166570700072
4f1c79864f1c7986860088
55288f9855288f9898009d
4d43ada74d43ada7ad10b3
4261d2b74261d2b7d210cf
4b64e3ca4b64e3cae310e1
5e57e2d75e57e2d7e210e7
4d72f7d84d72f7d8f710f4
3995ffdb3995ffdbff1108
7658f4f07658f4f0f410ff
ca10b0ffca10b0ffff0102
f36d51dff36d51dff330f8
ffeb4a85ffeb4a85ff310e
ffffae31ffffae31ff2123
95b9810b95b9810bb920b9
313e2b04313e2b043e203e
0a0b06030a0b06030b200b
0201000102010001023001
0000000000000000000000
0001020100010201021001
0204040202040402041004
0103030101030301031003
0000000000000000000000
0000000000000000000000
0000000000000000000000
0000000000000000000000
0000000000000000000000
0303010103030101032003
0404020204040202042004
0402000204020002043002
0404020204040202042004
0304030003040300042004
0003040300030403041004
0003040300030403041004
0305050103050501051005
0304030003040300042004
0103030101030301031003
0204040202040402041004
0001020100010201021001
0103030101030301031003
03090b0503090b050b100a
071d2713071d2713271022
1257743d1257743d74106a
11a8ed9011a8ed90ed10dd
18d5fff718d5fff7ff1146
55d0ffff55d0ffffff1181
64ceffff64ceffffff118f
3cdbffff3cdbffffff1172
0ec7ffd90ec7ffd9ff1126
0785c17b0785c17bc110b5
0d3747250d374725471042
0f04131a0f04131a1a001a
131e3d38131e3d383d103f
1523473d1523473d471046
1914353619143536360039
2e1e00202e1e00202e302b
323a2406323a24063a203a
0204040002040400041004
354b3905354b39054b204b
1b2217021b221702222022
0513150d0513150d151017
6f84590e6f84590e842084
ffffff0dffffff0dff2191
ffffff0effffff0eff21cc
d2ffc20bd2ffc20bff210d
4151390541513905512051
090b0701090b07010b200b
0000000000000000000000
0000000000000000000000
0000000000000000000000
0304030003040300042004
1218120012181200182018
4d6449024d644902642064
befaba04befaba04fa20fa
f4fff601f4fff601ff2145
9bce9d049bce9d04ce20ce
63754d0d63754d0d752075
8f9d59278f9d59279d20a1
5e57222b5e57222b5e3061
355e5716355e57165e2060
6e9b7a056e9b7a059b209b
2c4136072c413607412041
262d1c09262d1c092d202d
52765c0652765c06762076
5386731853867318862088
26453e1326453e13452047
1827240918272409272028
3b6c631e3b6c631e6c2070
43715f1543715f15712072
3e4d32093e4d32094d204d
2d1d01212d1d01212d302b
18090a1b18090a1b1b001c
1810021018100210183016
573d013f573d013f573057
360b2843360b2843430043
4680782046807820802083
71a4810671a48106a420a4
3f62510c3f62510c622062
3968611c3968611c68206b
64a4922064a49220a420a7
6fa991176fa99117a920aa
4f725f0a4f725f0a722072
2231280322312803312031
080c0a02080c0a020c200c
0001020100010201021001
0000000000000000000000
0000000000000000000000
0103030101030301031003
0100010201000102020002
0504010205040102053004
0605020306050203063005
0604000406040004063005
0402020404020204040004
0300030403000304040004
0300030403000304040004
0501030505010305050005
0602020606020206060006
0501030505010305050005
0101030301010303030003
0001020100010201021001
0000000000000000000000
0000000000000000000000
0000000000000000000000
0001020100010201021001
0101030301010303030003
0300030403000304040004
0003040300030403041004
0103030101030301031003
0304030003040300042004
0304030003040300042004
0304030003040300042004
0304030003040300042004
0000000000000000000000
0000000000000000000000
0001020100010201021001
0204040202040402041004
0104050201040502051004
0101030301010303030003
0501030505010305050005
0304090803040908091008
01090f0b01090f0b0f100e
03070d0b03070d0b0d100d
00080c0800080c080c100b
0308090403080904091008
0103030101030301031003
0000000000000000000000
0000000000000000000000
0000000000000000000000
0001020100010201021001
0004060400040604061005
03060d0a03060d0a0d100b
060a1814060a1814181016
0d122b240d122b242b1028
181b443d181b443d441042
2d20615e2d20615e611063
4229828342298283830089
5a30a2a85a30a2a8a800ae
752eb9ca752eb9caca00cf
8a2ccae48a2ccae4e400e8
972ad3f2972ad3f2f200f5
952dd5f3952dd5f3f300f7
7e3fd8e57e3fd8e5e500ed
5961e3d15961e3d1e310e6
486ee6c8486ee6c8e610e4
535bd9c9535bd9c9d910dc
4369dfc34369dfc3df10dd
1b90f1b21b90f1b2f110e4
3367cba73367cba7cb10c4
851367a1851367a1a100a2
deac2082deac2082de30d7
ffffb349ffffb349ff2147
ffffe11affffe11aff214f
97c48d0697c48d06c420c4
313f2f01313f2f013f203f
090c0900090c09000c200c
0103030101030301031003
0101030301010303030003
0202040402020404040004
0003040300030403041004
0001020100010201021001
0000000000000000000000
0000000000000000000000
0000000000000000000000
0000000000000000000000
0000000000000000000000
0201000102010001023001
0404020204040202042004
0304030003040300042004
0204040202040402041004
0206060202060602061006
0204040202040402041004
0002040200020402041002
0204040202040402041004
0103030101030301031003
0304030003040300042004
0304030003040300042004
0001020100010201021001
0205060302050603061005
0511150905111509151013
123c4a22123c4a224a1044
2e9fc25f2e9fc25fc210b9
3effffb83effffb8ff1145
17ffffff17ffffffff1186
2ae9ffff2ae9ffffff1171
41b0ffff41b0ffffff113d
2895ffcf2895ffcfff10ff
0c6fb8830c6fb883b810ab
022e4a32022e4a324a1043
04111c1704111c171c101c
132b5147132b5147511053
2520535225205352531058
2217424322174243430046
20021a2820021a28280028
353e2708353e27083e203e
2e483c0c2e483c0c482048
120b020d120b020d123011
4246261042462610462047
2312071e2312071e233022
0b0f1f1f0b0f1f1f1f0022
798d5b11798d5b118d208e
ffffff0fffffff0fff218b
ffffff16ffffff16ff21ca
deffc412deffc412ff2116
49593d0749593d07592059
0b0d09010b0d09010d200d
0000000000000000000000
0000000000000000000000
0000000000000000000000
0304030003040300042004
1218120012181200182018
4a6148014a614801612061
bcfdc001bcfdc001fd20fd
f4ffff11f4ffff11ff2157
86d9c42b86d9c42bd920dd
285f6a31285f6a316a106a
4d7c6b144d7c6b147c207d
42583e0842583e08582058
3345370333453703452045
76956a0b76956a0b952095
3f4c33083f4c33084c204c
212d2101212d21012d202d
6384610263846102842084
6a8860046a886004882088
3327071b3327071b33302f
0949633f0949633f631060
1b687f481b687f487f107e
1c4448201c44482048104b
291f031d291f031d29302a
390e2542390e2542420043
4521153f4521153f453047
2e2a0e182e2a0e182e3030
2113051d2113051d213022
351a1134351a113435303a
2c55561d2c55561d561059
6f936d056f936d05932093
5d6e47105d6e47106e206f
5e714c0b5e714c0b712071
80a1720980a17209a120a1
81a2730a81a2730aa220a2
596f4f07596f4f076f206f
2832240228322402322032
090c0900090c09000c200c
0000000000000000000000
0000000000000000000000
0000000000000000000000
0303010103030101032003
0100010201000102020002
0104050201040502051004
0204040202040402041004
0104050201040502051004
0502010405020104053004
0300030403000304040004
0300030403000304040004
0300030403000304040004
0403000304030003043004
0303010103030101032003
0000000000000000000000
0000000000000000000000
0000000000000000000000
0000000000000000000000
0000000000000000000000
0103030101030301031003
0003040300030403041004
0300030403000304040004
0101030301010303030003
0001020100010201021001
0304030003040300042004
0305050103050501051005
0204040202040402041004
0103030101030301031003
0000000000000000000000
0001020100010201021001
0004060400040604061005
0105090701050907091008
0304090803040908091008
0503090905030909090009
07020b0c07020b0c0c000c
06060e0e06060e0e0e000f
0409100d0409100d10100f
04050c0b04050c0b0c100c
0304090803040908091008
0004060400040604061005
0001020100010201021001
0000000000000000000000
0001020100010201021001
0103070501030705071005
04060e0c04060e0c0e100d
070d1d17070d1d171d101a
0e17342b0e17342b341030
1d24574c1d24574c571054
3134837831348378831082
4c42b0a84c42b0a8b010b4
6b47d3d56b47d3d5d500e0
8447e8f58447e8f5f500ff
9242ecff9242ecffff0108
963ae4fc963ae4fcfc0102
9434def69434def6f600fb
9431e0f79431e0f7f700fb
982adcfa982adcfafa00fd
911ebde4911ebde4e400e5
5c309ca65c309ca6a600ac
135185611351856185107e
0f5065380f506538651061
295a5f24295a5f245f1060
5183791951837919832085
3e6a661a3e6a661a6a206d
2518051e2518051e253026
a8d08c14a8d08c14d020d0
ffffff02ffffff02ff2166
ffffff05ffffff05ff215d
92c6960292c69602c620c6
2f4131012f413101412041
080d0c03080d0c030d200d
0004060400040604061005
0202040402020404040004
0101030301010303030003
0001020100010201021001
0000000000000000000000
0000000000000000000000
0000000000000000000000
0000000000000000000000
0000000000000000000000
0000000000000000000000
0001020100010201021001
0204040202040402041004
0206060202060602061006
0205060302050603061005
0205060302050603061005
0103030101030301031003
0102010001020100022002
0304030003040300042004
0202020002020200021002
0304030003040300042004
0305050103050501051005
0004060400040604061005
00090e0900090e090e100c
07222f1807222f182f1029
206e8842206e8842881080
4df0ff884df0ff88ff1113
69ffffc769ffffc7ff1189
49ffffd449ffffd4ff1177
15ccffae15ccffaeff110c
0582bf7a0582bf7abf10b2
0e5f844f0e5f844f84107b
0a2f40250a2f402540103b
0415180d0415180d181018
07475f3d07475f3d5f105d
113f6d57113f6d576d106b
2f134b532f134b53530055
2e0624382e062438380038
2a2812102a2812102a302b
385a4e12385a4e125a205b
234745192347451947204b
1c14040e1c14040e1c3018
383b220d383b220d3b203c
1408061414080614140015
0902070c0902070c0c000c
72956a0172956a01952095
ffffff0effffff0eff2178
ffffff20ffffff20ff21c5
f0ffc81bf0ffc81bff2126
5565430b5565430b652065
0e100a020e100a02102010
0000000000000000000000
0000000000000000000000
0000000000000000000000
0304030003040300042004
1218120012181200182018
4860480048604800602060
bfffc503bfffc503ff2103
ffffff17ffffff17ff2175
90fff64490fff644ff210a
015e8f66015e8f668f108a
024d7653024d7653761071
0d3f4f270d3f4f274f104a
3d3819163d3819163d303c
7e8e561c7e8e561c8e2090
54562c1c54562c1c56205a
0d21230f0d21230f231024
5e7c58045e7c58047c207c
6d78451a6d78451a78207a
2d0621342d062134340034
1263804b1263804b80107c
0d56754a0d56754a751071
12061e2212061e22220022
021a2218021a2218221023
29022b3c29022b3c3c003c
53310b3f53310b3f53304f
5c4e12325c4e12325c305c
2014081c2014081c203022
0715170707151707171016
3336210a3336210a362036
737c491e737c491e7c207f
71723b2671723b26722078
73773f2173773f2177207b
8ea0621e8ea0621ea020a2
90a5681b90a5681ba520a7
67774b1367774b13772078
3238220a3238220a382038
0e0d06050e0d06050e300d
0300030403000304040004
0300030403000304040004
0300030403000304040004
0501030505010305050005
0400040604000406060006
0203060502030605061005
0004060400040604061005
0004060400040604061005
0303010103030101032003
0000000000000000000000
0000000000000000000000
0000000000000000000000
0304030003040300042004
0304030003040300042004
0000000000000000000000
0000000000000000000000
0000000000000000000000
0000000000000000000000
0001020100010201021001
0204040202040402041004
0104050201040502051004
0101030301010303030003
0300030403000304040004
0300030403000304040004
0003040300030403041004
0206060202060602061006
0204040202040402041004
0001020100010201021001
0001020100010201021001
0003040300030403041004
0107090501070905091008
00080c0800080c080c100b
04060e0c04060e0c0e100d
07050f0f07050f0f0f000f
0a0510110a051011110011
08040e1008040e10100010
05040b0a05040b0a0b100a
0202040402020404040004
0000000000000000000000
0302010203020102033002
0202020002020200021002
0103070501030705071005
0407100d0407100d10100e
090f211b090f211b21101e
12193c3312193c333c1038
212b6759212b6759671062
37409b8c37409b8c9b1099
5454d2c45454d2c4d210d5
7060faf47060faf4fa1106
865effff865effffff011c
8c50f6ff8c50f6ffff0110
813cd1e2813cd1e2e200e9
692aa5b4692aa5b4b400b8
4d2281884d22818888008c
332c776e332c776e771076
283f8873283f8873881083
3d368f8a3d368f8a8f1094
63075d8763075d87870087
4f23214d4f23214d4f3054
0c0c08060c0c08060c200d
53300b4253300b42533051
7d4f05597d4f05597d3077
a48a2c52a48a2c52a430a0
897f3737897f373789308a
0d0c1d1a0d0c1d1a1d101c
97daaf0e97daaf0eda20da
ffffff0effffff0eff216e
faffff09faffff09ff2157
90c2940290c29402c220c2
3242320032423200422042
0a0f0c010a0f0c010f200f
0204040202040402041004
0001020100010201021001
0000000000000000000000
0000000000000000000000
0000000000000000000000
0000000000000000000000
0000000000000000000000
0000000000000000000000
0001020100010201021001
0101030301010303030003
0202040402020404040004
0004060400040604061005
0205060302050603061005
0206060202060602061006
0204040202040402041004
0001020100010201021001
0202020002020200021002
0304030003040300042004
0102010001020100022002
0304030003040300042004
0407060104070601072007
03090b0503090b050b100a
031723130317231323101d
0c4a683a0c4a683a68105e
29b4e77e29b4e77ee710db
57ffffbf57ffffbfff1167
6effffcb6effffcbff1193
51ffff9951ffff99ff1130
2c90ae542c90ae54ae10a6
28575c2128575c215c105d
2e4032022e403202402040
1b0b09171b0b09171b3019
083d5031083d503150104e
1660764216607642761074
023f5e41023f5e415e105a
2500253225002532320032
2e290e172e290e172e302f
3350430c3350430c502050
376b6723376b67236b2070
15373d1d15373d1d3d103e
2325150723251507252025
27372d0527372d05372037
01090f0901090f090f100c
00121a1200121a121a1019
6191791361917913912092
ffffff02ffffff02ff215a
ffffff19ffffff19ff21b9
f9ffd519f9ffd519ff2136
5f734d0b5f734d0b732073
11140d0211140d02142014
0000000000000000000000
0000000000000000000000
0001020100010201021001
0204040202040402041004
1016100010161000162016
495d4105495d41055d205d
c9ffb70cc9ffb70cff2102
ffffff06ffffff06ff2190
d1ffff23d1ffff23ff213e
2078985620789856981093
2228645e2228645e641066
1d1a47401d1a4740471045
4d36032e4d36032e4d3046
898137378981373789308c
71570f4371570f4371306d
200c323a200c323a3a003b
32574c1332574c13572059
5354272053542720542059
22103a4022103a40400041
1a6b84471a6b8447841080
0647664106476641661060
3b240b303b240b303b303c
42421c1842421c18422046
110a050c110a050c11300f
21342b0a21342b0a342034
3942230c3942230c422043
2a16102c2a16102c2c0031
1e0628301e062830300030
433009244330092443303c
6e703c226e703c22702075
71763f2271763f2276207a
747a4220747a42207a207e
8f9e5d228f9e5d229e20a1
98ab682198ab6821ab20ae
74814e1974814e19812083
3c3f22113c3f22113f2041
1510030c1510030c153014
0801060908010609090009
0600060806000608080008
0600060806000608080008
0600060806000608080008
0600060806000608080008
0401060704010607070007
0203060502030605061005
0004060400040604061005
0304030003040300042004
0000000000000000000000
0000000000000000000000
0000000000000000000000
0304030003040300042004
0304030003040300042004
0000000000000000000000
0000000000000000000000
0000000000000000000000
0001020100010201021001
0004060400040604061005
0104070601040706071007
0203060502030605061005
0202040402020404040004
0300030403000304040004
0300030403000304040004
0102050401020504051004
0205060302050603061005
0103030101030301031003
0001020100010201021001
0003040300030403041004
0004060400040604061005
03090b0503090b050b100a
030c0f08030c0f080f100e
020b120d020b120d121011
0707111107071111110012
09030d0f09030d0f0f000f
0801060908010609090009
0402020404020204040004
0102010001020100022002
0002020200020202020002
0305050103050501051005
00090e0900090e090e100c
061020180610201820101c
0f1e41340f1e413441103c
2031705f2031705f70106a
3b47a9973b47a997a910a6
5762e9d65762e9d6e910eb
7574ffff7574ffffff1125
8b76ffff8b76ffffff1142
9261ffff9261ffffff012e
8338cbe28338cbe2e200e8
5a1576895a15768989008a
2708393c2708393c3c003c
060b2217060b2217221019
041324150413241524101c
0b29351d0b29351d351032
1c494a1f1c494a1f4a104f
1741431d1741431d431047
2415081d2415081d243023
4954291849542918542057
1d2e1f001d2e1f002e202e
220b1023220b1023230024
5d470b395d470b395d305b
9b9947399b9947399b30a3
909c5628909c56289c20a1
150d030f150d030f153013
a0d59e03a0d59e03d520d5
ffffff09ffffff09ff216d
fffff80afffff80aff2152
98c38e0798c38e07c320c3
3544310235443102442044
0c100c000c100c00102010
0304030003040300042004
0000000000000000000000
0000000000000000000000
0001020100010201021001
0101030301010303030003
0300030403000304040004
0300030403000304040004
0300030403000304040004
0202040402020404040004
0203060502030605061005
0202060602020606060006
0203060502030605061005
0003040300030403041004
0304030003040300042004
0404020204040202042004
0201000102010001023001
0103030101030301031003
0204040202040402041004
0002040200020402041002
0204040202040402041004
0408080204080802081008
0713170907131709171015
0c384a260c384a264a1043
1e8fba651e8fba65ba10af
3cffffb33cffffb3ff1139
58ffffd758ffffd7ff1189
5dffffb05dffffb0ff115a
41b9d76141b9d761d710d0
29585d2029585d205d105d
2d3523072d352307352035
3727032337270323373034
220a3038220a3038380038
0749633f0749633f631060
1c5b6a351c5b6a356a1069
0a2e3a200a2e3a203a1038
1713050b1713050b173015
2b4337072b433707432043
3d6c631a3d6c631a6c206f
3b6f6b233b6f6b236f2074
08222c1808222c182c1029
2e3620082e362008362036
2b3a2b002b3a2b003a203a
0713170907131709171015
081f2817081f2817281026
5486741854867418862088
eaffec02eaffec02ff213a
ffffff17ffffff17ff21a9
ffffde1bffffde1bff2142
6d81550f6d81550f812081
17190f0517190f05192019
0201000102010001023001
0001020100010201021001
0003040300030403041004
0004060400040604061005
0d110d010d110d01112011
4550310c4550310c502050
ceec9028ceec9028ec20ef
fffff546fffff546ff2194
ffffe540ffffe540ff2173
8eaf7c0b8eaf7c0baf20af
0b2e432a0b2e432a43103e
2308353c2308353c3c003c
5734093e5734093e573050
8b6b154d8b6b154d8b3083
80461a6880461a6880307d
53074b6f53074b6f6f006f
1e1842441e184244440048
11160d0611160d06162016
0a2544390a254439441043
1c667e421c667e427e1079
0241603d0241603d601059
502e0c3e502e0c3e50304d
6a4c06426a4c06426a3064
3b03374b3b03374b4b004b
142d584d142d584d581059
100f2829100f282929002b
0410141004101410141016
1d0713251d071325250025
4143251141432511432045
5671540156715401712071
5671500356715003712071
6171451361714513712072
8996572289965722962099
9faf67279faf6727af20b3
818c5120818c51208c208f
464726154647261547204a
1a15060d1a15060d1a3018
0902070a0902070a0a000a
0701090b0701090b0b000b
0901070b0901070b0b000b
0801060908010609090009
0600060806000608080008
0600060806000608080008
0401060704010607070007
0203060502030605061005
0304030003040300042004
0000000000000000000000
0000000000000000000000
0001020100010201021001
0204040202040402041004
0104050201040502051004
0101030301010303030003
0300030403000304040004
0300030403000304040004
0203060502030605061005
0006080600060806081008
0204080602040806081007
0202060602020606060006
0301050503010505050005
0300030403000304040004
0300030403000304040004
0202040402020404040004
0003040300030403041004
0002040200020402041002
0003040300030403041004
0004060400040604061005
0005080500050805081007
030c0f08030c0f080f100e
0310150c0310150c151014
000e140e000e140e141013
05070f0d05070f0d0f100e
0802060a0802060a0a000a
0906010609060106093008
0604000406040004063005
0602040606020406060006
07040f0e07040f0e0f100e
0811241d0811241d241021
111d4135111d413541103c
1e33705d1e33705d70106a
3451b0973451b097b010ab
536aefd8536aefd8ef10f0
7079ffff7079ffffff1125
7a83ffff7a83ffffff113b
7480ffff7480ffffff1130
6965fdf16965fdf1fd1105
652babb7652babb7b700bb
5e1e3c685e1e3c6868006c
3f3d13193f3d13193f3041
0a1d1c110a1d1c111d2021
13140b0813140b08142015
0b2d351d0b2d351d351035
0230483602304836481048
0c3542270c354227421041
1e302a041e302a04302030
0906030209060302093006
4c3c082e4c3c082e4c304b
6235185762351857623065
4c1134574c113457570058
0934553e0934553e551050
5092862450928624922096
68a1841168a18411a120a1
091f230f091f230f231022
aac57c1faac57c1fc520c7
fffff22bfffff22bff216d
ffffeb23ffffeb23ff215c
a9ce8d12a9ce8d12ce20ce
3d4a33063d4a33064a204a
0e110c010e110c01112011
0304030003040300042004
0000000000000000000000
0000000000000000000000
0103030101030301031003
0003040300030403041004
0300030403000304040004
0300030403000304040004
0300030403000304040004
0101030301010303030003
0104050201040502051004
0003040300030403041004
0101030301010303030003
0001020100010201021001
0201000102010001023001
0404020204040202042004
0304030003040300042004
0204040202040402041004
0104050201040502051004
0003040300030403041004
0004060400040604061005
030c1108030c110811100e
0a2732190a27321932102e
1c6982411c69824182107b
43dbff7f43dbff7fff10fd
64ffffaf64ffffafff1161
6bffffa26bffffa2ff1156
5ddbed5f5ddbed5fed10ee
43746f1a43746f1a742076
32311a1132311a11323033
351c092a351c092a353032
3c131c3b3c131c3b3c303d
2414404424144044440046
03405d3e03405d3e5d1059
15434f2715434f274f104d
0715190b0715190b191017
1423200914232009232024
2d4e47122d4e47124e2050
4875641348756413752076
4568550c4568550c682068
0d1413020d141302142014
2b3521052b352105352035
33381f1033381f1038203a
2126190821261908262026
1c302c0e1c302c0e302032
50735a0b50735a0b732073
dfffbd18dfffbd18ff2115
ffffff35ffffff35ff219c
ffffd932ffffd932ff2153
86945a1c86945a1c942096
2222120a2222120a222023
0503010305030103053004
0004060400040604061005
0104070601040706071007
0204080602040806081007
070c0b04070c0b040c200c
3539210b3539210b39203a
b7bd6335b7bd6335bd20c4
ffffb273ffffb273ff2173
ffffb694ffffb694ff319b
fffa6d6cfffa6d6cff3110
6767351d6767351d67206b
0216201802162018201020
422c022c422c022c42303e
6d4f09416d4f09416d3066
66262c6266262c62663069
5d0a51785d0a5178780078
5f252d635f252d63630069
43370d2343370d23433041
274745192747451947204b
29646f3029646f306f106e
0a425a340a425a345a1054
49280d3a49280d3a493046
6748074067480740673060
3005344330053443430043
1423483f1423483f481048
3322052833220528333034
303b2405303b24053b203b
0f110b070f110b07112012
3f61510d3f61510d612061
44756a1d44756a1d752078
3a5a4c0e3a5a4c0e5a205b
4e542e164e542e16542056
8987413389874133893090
b1b56137b1b56137b520bd
949b5629949b56299b20a0
51532b1951532b19532056
201b080f201b080f20301e
0b03050b0b03050b0b000b
0701070907010709090009
0702050807020508080008
0702050807020508080008
0600060806000608080008
0600060806000608080008
0600060806000608080008
0401060704010607070007
0403000304030003043004
0301010303010103030003
0201000102010001023001
0103030101030301031003
0205060302050603061005
0004060400040604061005
0202040402020404040004
0300030403000304040004
0300030403000304040004
0004060400040604061005
0205060302050603061005
0104050201040502051004
0003040300030403041004
0300030403000304040004
0300030403000304040004
0301050503010505050005
0202060602020606060006
0301050503010505050005
0202040402020404040004
0004060400040604061005
0005080500050805081007
00080c0800080c080c100b
0310150c0310150c151014
0313190f0313190f191018
010c130e010c130e131012
0503090905030909090009
0804020608040206083007
0a04060a0a04060a0a000a
0c0314150c031415150015
140c2a28140c2a282a1029
1e1d4e471e1d4e474e104c
2e3380732e33807380107d
4749b7a94749b7a9b710b8
5d67f3e15d67f3e1f310f7
6b81ffff6b81ffffff1128
7184ffff7184ffffff1131
6671fff36671fff3ff110b
415fcbb3415fcbb3cb10ca
145aa074145aa074a01092
05487d5405487d547d106e
2e09484f2e09484f4f004f
6e4d044d6e4d044d6e306c
7d6b213f7d6b213f7d307c
47310b2747310b2747303e
0120251601202516251026
214a4b1a214a4b1a4b104e
113c4d2a113c4d2a4d1049
061c382c061c382c381034
041c3422041c342234102c
1417342d1417342d341032
4805385548053855550055
711c437c711c437c7c007f
7a2248847a224884840088
4116636e4116636e6e0070
1f718b491f718b498b1086
4b8983234b89832389208d
0b2731150b27311531102c
9daa61289daa6128aa20ae
ffffe23cffffe23cff216a
ffffee34ffffee34ff2173
c0e2941cc0e2941ce220e3
4754370a4754370a542054
11140d0211140d02142014
0304030003040300042004
0000000000000000000000
0000000000000000000000
0304030003040300042004
0304030003040300042004
0001020100010201021001
0101030301010303030003
0300030403000304040004
0300030403000304040004
0003040300030403041004
0103030101030301031003
0000000000000000000000
0000000000000000000000
0000000000000000000000
0304030003040300042004
0407060104070601072007
0205060302050603061005
0004060400040604061005
0004060400040604061005
00080e0800080e080e100b
031b2717031b2717271023
0d4963370d49633763105b
2aa2ca6a2aa2ca6aca10c1
5affff985affff98ff1135
73ffff9773ffff97ff1152
6beef9606beef960f91100
598f7f17598f7f178f2090
494219224942192249304a
421b183f421b183f423044
44161e4244161e42443045
39111d3939111d3939003b
1713333117133331331034
0932432809324328431040
0f282f160f282f162f102d
0203020102030201032003
172e2d10172e2d102e2030
2d4c43102d4c43104c204d
4e684c004e684c00682068
51562f1851562f18562059
2512092225120922253026
0b1e21100b1e2110211022
242d2007242d20072d202d
2e3f30012e3f30013f203f
253f3711253f37113f2041
3e533e033e533e03532053
cae69028cae69028e620e9
fffffa45fffffa45ff2192
ffffe43bffffe43bff216d
9aae6a1e9aae6a1eae20b0
2a2d180b2a2d180b2d202e
0804020608040206083007
00070a0700070a070a1009
0304090803040908091008
0304090803040908091008
02080a0602080a060a100a
2022140620221406222022
8885422b8885422b88308b
ffff8969ffff8969ff312f
ffffab97ffffab97ff3192
ffff8888ffff8888ff3158
bdb0474cbdb0474cbd30bf
3d3513193d3513193d303a
171b1103171b11031b201b
3b32111c3b32111c3b3039
2f091f352f091f35350035
3501354735013547470047
6443044964430449643063
7574332e7574332e75307c
586f4c05586f4c056f206f
436c5f14436c5f146c206d
1f484d1e1f484d1e4d104e
341f0627341f0627343031
54491a2954491a29543053
19050f1b19050f1b1b001b
0916170809161708171017
26372a0326372a03372037
334e3f08334e3f084e204e
16190e0716190e07192019
56775a0356775a03772077
5372570653725706722072
3735171337351713373038
4d2713414d2713414d304b
9f7817609f7817609f3099
d8c95857d8c95857d830db
b3b55f37b3b55f37b520bd
6263341d6263341d632067
26210c1126210c11263025
0d07030b0d07030b0d300d
0602040606020406060006
0501030505010305050005
0601040706010407070007
0600060806000608080008
0600060806000608080008
0600060806000608080008
0600060806000608080008
0502010405020104053004
0403000304030003043004
0303010103030101032003
0304030003040300042004
0407060104070601072007
0205060302050603061005
0102050401020504051004
0300030403000304040004
0300030403000304040004
0003040300030403041004
0104050201040502051004
0204040202040402041004
0104050201040502051004
0101030301010303030003
0301050503010505050005
0303070703030707070007
0502070805020708080008
0600060806000608080008
0402080804020808080008
03050b0903050b090b100a
03080f0c03080f0c0f100e
030c1510030c1510151014
00121a1200121a121a1019
01131b1101131b111b1019
040a1410040a1410141012
0b0211120b021112120012
11041b1c11041b1c1c001c
1a0f34331a0f3433341035
291f5b57291f5b575b105c
3e3490883e349088901091
5650d0c45650d0c4d010d3
7369ffff7369ffffff1115
8c74ffff8c74ffffff1141
8e77ffff8e77ffffff1145
736dffff736dffffff1117
4a50beb04a50beb0be10c1
1f306f5c1f306f5c6f1067
0727412307274123411034
2642461226424612461044
21535b2521535b255b105a
221b4647221b464747004b
7f4a0b5e7f4a0b5e7f3077
a2852a55a2852a55a2309d
635f2d25635f2d25633065
0f0801100f080110100011
575c371a575c371a5c205f
415c4d08415c4d085c205c
0428443204284432441040
2021524d2021524d521053
252659562526595659105e
350d414f350d414f4f0050
4414204244142042443044
4b2f03354b2f03354b3046
1d0615221d061522220022
364e4208364e42084e204e
5f73530b5f73530b732073
2b3629042b362904362036
7987511b7987511b872089
ffffdb37ffffdb37ff215d
fffffa38fffffa38ff2188
d7fca322d7fca322fc20fe
5462400c5462400c622062
1418100214181002182018
0304030003040300042004
0000000000000000000000
0001020100010201021001
0204040202040402041004
0104050201040502051004
0003040300030403041004
0202040402020404040004
0300030403000304040004
0300030403000304040004
0101030301010303030003
0001020100010201021001
0000000000000000000000
0000000000000000000000
0000000000000000000000
0304030003040300042004
0608060006080600082008
0407060104070601072007
0205060302050603061005
00080e0800080e080e100b
0019281900192819281023
013c5d3c013c5d3c5d1054
097cb370097cb370b310a7
26dbffa926dbffa9ff1114
47ffffc647ffffc6ff115d
44ffffac44ffffacff1136
2aa0c6682aa0c668c610be
1f494d1d1f494d1d4d104e
2418021a2418021a243023
30160c2c30160c2c303031
3326051e3326051e333030
1e19040f1e19040f1e301d
05131b0f05131b0f1b1018
152c2f12152c2f122f102f
0915170b0915170b171017
0e1612040e161204162016
1d2f27091d2f27092f202f
313e2b04313e2b043e203e
514f271b514f271b513053
553e0934553e0934553050
3c171a3d3c171a3d3d0041
2001242d2001242d2d002d
0324351e0324351e35102e
235357232353572357105a
153f4725153f4725471049
192d2b0d192d2b0d2d202e
9fbf83159fbf8315bf20c0
ffffff25ffffff25ff2188
ffffff1effffff1eff2181
9dc283109dc28310c220c2
2d321d0a2d321d0a322032
0a04040a0a04040a0a000a
02070c0902070c090c100b
0304090803040908091008
0303070703030707070007
0004060400040604061005
12130c0312130c03132013
595a3118595a31185a205d
dbe17941dbe17941e120ea
ffffb66affffb66aff2169
ffffaf74ffffaf74ff216e
eee5665beee5665bee30f6
6b5717376b5717376b3066
1102131811021318180018
131a1500131a15001a201a
06040a0c06040a0c0c000c
060a1410060a1410141012
4343211743432117432046
798a511c798a511c8a208c
7486501874865018862088
64774e0f64774e0f772077
41543f0241543f02542054
1712030e1712030e173016
474e2d14474e2d144e2050
181e1404181e14041e201e
10030c1510030c15150015
15373d1d15373d1d3d103e
274b4915274b49154b204d
211b0711211b071121301f
6b7c4d146b7c4d147c207d
6465321f6465321f652069
38092a3f38092a3f3f003f
4a09566d4a09566d6d006d
b5720984b5720984b530ae
ffed606fffed606fff3105
d9dc7144d9dc7144dc20e6
757941217579412179207d
2b29130f2b29130f2b302b
0f0b01090f0b01090f300e
0904030809040308093008
0600060806000608080008
0600060806000608080008
0600060806000608080008
0600060806000608080008
0600060806000608080008
0601040706010407070007
0303010103030101032003
0304030003040300042004
0305050103050501051005
0205060302050603061005
0307070303070703071007
0206060202060602061006
0003040300030403041004
0301050503010505050005
0401060704010607070007
0401060704010607070007
0203060502030605061005
0004060400040604061005
0004060400040604061005
0203060502030605061005
0303070703030707070007
0303070703030707070007
0302070603020706071006
0402080804020808080008
06040c0c06040c0c0c000c
0608121006081210121011
060d1a15060d1a151a1018
0711211b0711211b21101f
0814282008142820281025
0b162f260b162f262f102b
1714393417143934391037
2a154e4f2a154e4f4f0051
3e2274763e22747676007a
5237a6a55237a6a5a610ad
684fded9684fded9de10e6
7d69ffff7d69ffffff1120
8c80ffff8c80ffffff114f
9384ffff9384ffffff115d
9268ffff9268ffffff0139
793ed3e0793ed3e0e000e8
4c1978814c197881810083
2006363420063634361034
080b2419080b241924101b
03253f2b03253f2b3f1038
064f6c47064f6c476c106a
0a5e784c0a5e784c781078
19203f3a19203f3a3f1042
574e2124574e2124573055
7fa26f0c7fa26f0ca220a2
5a9278145a927814922093
130e2128130e212828002a
6b794b176b794b1779207b
588a7212588a72128a208b
0c4a5e380c4a5e385e105c
162e584c162e584c581058
1e1d4a471e1d4a474a104c
280a1c2e280a1c2e2e002f
2a2a140e2a2a140e2a202c
28433e0f28433e0f432044
071f3729071f3729371033
5739013d5739013d573053
8477303b8477303b843084
5755291f5755291f57305a
4e6042084e604208602060
ffffd728ffffd728ff2146
ffffff31ffffff31ff2191
e9ffb523e9ffb523ff2117
6272481062724810722073
1a1c10061a1c10061c201c
0604000406040004063005
0300030403000304040004
0202040402020404040004
0004060400040604061005
0004060400040604061005
0003040300030403041004
0001020100010201021001
0000000000000000000000
0000000000000000000000
0000000000000000000000
0000000000000000000000
0000000000000000000000
0000000000000000000000
0000000000000000000000
0304030003040300042004
0608060006080600082008
0608060006080600082008
040a0c04040a0c040c100a
0319251503192515251020
033f5f3b033f5f3b5f1056
0176b5780176b578b510a8
00baffbc00baffbcff1108
14ffffe614ffffe6ff1158
25ffffe225ffffe2ff1164
0ec9ffb70ec9ffb7ff110f
18559a7718559a779a1092
2209343722093437370037
1204101212041012120012
0a2026120a202612261024
1233361b1233361b361039
010f130f010f130f131015
1424240c1424240c241025
0f2f371d0f2f371d371037
0d0513170d051317170017
2323110923231109232024
25220d0e25220d0e253024
3829062338290623383035
553d0933553d093355304f
512d0b3d512d0b3d51304b
4317234543172345450048
3d0b31493d0b3149490049
1e23524b1e23524b521052
0a5470460a54704670106d
052c4532052c4532451042
070e1f18070e1f181f101b
7bae8d0a7bae8d0aae20ae
ffffff09ffffff09ff2187
ffffff06ffffff06ff2184
93c4910293c49102c420c4
2a301e082a301e08302030
0a04040a0a04040a0a000a
0304090803040908091008
0203060502030605061005
0101030301010303030003
0002040200020402041002
0a0d0a010a0d0a010d200d
39422b0839422b08422042
a4b77021a4b77021b720b9
ffffb645ffffb645ff213e
ffffc05effffc05eff2168
ffff8358ffff8358ff2112
887a303a887a303a883087
271b0119271b0119273024
03090b0303090b030b1009
0203020102030201032003
090a0504090a05040a200a
2b3523032b352303352035
6f79431d6f79431d79207c
877e333a877e333a87308a
8f7d2b458f7d2b458f308e
776a2936776a2936773076
19070b1719070b17193018
3449360134493601492049
24362c0224362c02362036
01141f1801141f181f101f
0e2c321c0e2c321c321034
22382e0622382e06382038
1018140610181406182018
576d4909576d49096d206d
554f2123554f2123553056
1c1f48411c1f4841481048
25306b6225306b626b106d
a8720272a8720272a830a1
ffff8661ffff8661ff3123
f2ff943df2ff943dff210c
8491541f8491541f912094
32331a0f32331a0f332035
110d0309110d030911300f
0904030809040308093008
0600060806000608080008
0600060806000608080008
0600060806000608080008
0600060806000608080008
0600060806000608080008
0702050807020508080008
0305050103050501051005
0204040202040402041004
0206060202060602061006
0307070303070703071007
0206080402060804081007
0205060302050603061005
0104050201040502051004
0003040300030403041004
0202040402020404040004
0300030403000304040004
0102050401020504051004
0005080500050805081007
0104070601040706071007
0204080602040806081007
0105090701050907091008
0402080804020808080008
0503090905030909090009
0508110e0508110e111010
080c1c18080c1c181c101a
0e1028240e102824281027
1318393213183932391037
1b1e4b441b1e4b444b104a
29225f5a29225f5a5f1060
382a7a76382a7a767a107d
4e339c9b4e339c9b9c10a3
683ec4c8683ec4c8c800d1
7f4deff57f4deff5f50100
8e5effff8e5effffff0127
916effff916effffff113d
857dffff857dffffff1142
7080ffff7080ffffff1130
6165f7e76165f7e7f710fc
5a2ea6aa5a2ea6aaaa00b0
5608587256085872720072
5123294f5123294f513056
4414284644142846460048
31164b5231164b52520054
203c7062203c7062701072
0b517f5f0b517f5f7f107c
043d583b043d583b581054
0a0902030a0902030a3009
30605c2230605c22602065
62a48c1e62a48c1ea420a6
69956f0369956f03952095
15050d1715050d17170017
4d9287284d928728922097
53a1992f53a1992fa120a7
1e5a66301e5a6630661066
022d402b022d402b40103e
0e0d221f0e0d221f221021
241d0415241d0415243023
363c1e10363c1e103c203e
43573b0743573b07572057
203d3c11203d3c113d203f
3b2409303b2409303b303c
8a83363b8a83363b8a308f
76773a2976773a2977207d
2639300726393007392039
f1ffcb1bf1ffcb1bff212a
ffffff2bffffff2bff2193
f9ffc523f9ffc523ff212b
7082541270825412822083
1f2113071f211307212021
0604000406040004063005
0301050503010505050005
0202060602020606060006
0203060502030605061005
0004060400040604061005
0102050401020504051004
0300030403000304040004
0300030403000304040004
0301010303010103030003
0201000102010001023001
0000000000000000000000
0000000000000000000000
0000000000000000000000
0001020100010201021001
0204040202040402041004
0407060104070601072007
060b0c03060b0c030c100b
061820100618201020101c
083c5430083c543054104c
0d7aab680d7aab68ab10a0
0bbeffae0bbeffaeff1101
07ecffe407ecffe4ff1148
10faffe610faffe6ff1153
22e1ffb122e1ffb1ff111e
168ab86a168ab86ab810ae
101d4033101d403340103a
241b0217241b0217243023
150a0712150a0712153014
0e2524110e252411252028
1c2416021c241602242024
0f1025240f102524251027
0439543d0439543d541053
0e2b4a3d0e2b4a3d4a104a
2c10142a2c10142a2c302c
362b0a1b362b0a1b363032
260f0e21260f0e21263024
3516133235161332353036
5538013a5538013a553050
4a25143d4a25143d4a3047
3f08354c3f08354c4c004c
4800486248004862620062
351f6167351f616767006b
0f3d69510f3d6951691065
1a1034321a103432341034
1a011e231a011e23230023
68ae9c2468ae9c24ae20b1
ffffff21ffffff21ff2184
ffffff12ffffff12ff2176
89b98d0189b98d01b920b9
272e1f06272e1f062e202e
0805000508050005083007
0101030301010303030003
0001020100010201021001
0000000000000000000000
0103030101030301031003
080c0a02080c0a020c200c
2b3525032b352503352035
849962158499621599209a
f5ffa535f5ffa535ff2116
ffffc051ffffc051ff2156
ffff9b4fffff9b4fff2125
9ca054309ca05430a020a7
3639200d3639200d39203a
0203060702030607070007
0804020808040208080008
0205060102050601061005
2221100922211009223022
5e511c2b5e511c2b5e305b
855c0358855c035885307f
ad760176ad760176ad30a6
b5851171b5851171b530ae
5d330f495d330f495d3059
0b2e371a0b2e371a371034
2740350627403506402040
1328270e1328270e28202a
0f1d1f0f0f1d1f0f1f1020
1a180c0a1a180c0a1a301a
0015201b0015201b201022
354b3b05354b3b054b204b
3b320f203b320f203b303b
01344b3401344b344b1049
03435d3b03435d3b5d1059
836f2341836f2341833080
ffffaf3fffffaf3fff212f
fcffb62ffcffb62fff2126
91a5671b91a5671ba520a7
383c220e383c220e3c203d
120f0409120f0409123011
0904030809040308093008
0600060806000608080008
0600060806000608080008
0600060806000608080008
0600060806000608080008
0600060806000608080008
0801060908010609090009
0407060104070601072007
0205060302050603061005
0206080402060804081007
0307070303070703071007
0206060202060602061006
0204040202040402041004
0104050201040502051004
0204040202040402041004
0002040200020402041002
0101030301010303030003
0203060502030605061005
00070a0700070a070a1009
03050b0903050b090b100a
04050c0b04050c0b0c100c
0508110e0508110e111010
0a0716150a071615161016
0f0a21200f0a2120211021
1315352f1315352f351033
1c204e461c204e464e104c
2d2669642d26696469106a
3e318a853e318a858a108d
523caeaa523caeaaae10b4
6b41cdd16b41cdd1d100da
8148e9f28148e9f2f200fc
8d52ffff8d52ffffff0116
925cffff925cffffff0128
915fffff915fffffff012c
855dffff855dffffff011a
685aece4685aece4ec10f5
405fceb3405fceb3ce10ca
1e5cac861e5cac86ac10a2
1c3a7c641c3a7c647c1073
340b4c53340b4c53530053
5416365a5416365a5a005c
6d2239706d223970700075
6a134a7b6a134a7b7b007c
45125b6c45125b6c6c006d
16305c4c16305c4c5c1059
0b394d2b0b394d2b4d1047
08141c0e08141c0e1c1018
1a322a0c1a322a0c322033
3e6252123e625212622063
6b7b4d116b7b4d117b207c
8568174c8568174c853080
480b566f480b566f6f006f
1a89b0651a89b065b010aa
3795a7493795a749a710a5
165162331651623362105f
021b281d021b281d281027
0a0304070a0304070a3007
18180a0618180a06182018
372c0720372c0720373036
6855143b6855143b683067
695b1d37695b1d3769306a
10020c1210020c12120012
65794d1365794d1379207a
798b551b798b551b8b208d
0d1513050d151305152015
dcffb21ddcffb21dff210a
ffffff32ffffff32ff218f
ffffcd2cffffcd2cff213f
82945c1882945c18942095
2628160a2628160a282029
0805000508050005083007
0202040402020404040004
0203060502030605061005
0202060602020606060006
0203060502030605061005
0202040402020404040004
0300030403000304040004
0301010303010103030003
0303010103030101032003
0103030101030301031003
0101030301010303030003
0301010303010103030003
0201000102010001023001
0103030101030301031003
0205060302050603061005
02090e0702090e070e100b
031823140318231423101f
033753330337533353104b
0872a6680872a668a6109a
0fb9ffa50fb9ffa5ff10f7
16ebffcb16ebffcbff1136
1deeffc41deeffc4ff1134
29c4f98e29c4f98ef910f2
3f909b3c3f909b3c9b109c
414c350c414c350c4c204c
2304192c2304192c2c002c
0b192f270b192f272f102e
1208201e1208201e20101f
31101b3031101b30313032
4001405740014057570057
37266b7037266b70700076
28316c6528316c656c1070
27113f4327113f43430045
3a2406283a2406283a3035
3a2c06223a2c06223a3037
20011e2920011e29290029
2d0821342d082134340034
54320c4054320c40543051
4e1a284e4e1a284e4e0052
3f0e51603f0e5160600061
480d586d480d586d6d006d
3f0e53643f0e5364640064
211b4b47211b4b474b104b
2803263128032631310031
2103252f2103252f2f002f
5fab9f2d5fab9f2dab20b0
ffffff1cffffff1cff2173
ffffff08ffffff08ff2164
86b0840286b08402b020b0
252e1f04252e1f042e202e
0707030307070303072007
0201000102010001023001
0001020100010201021001
0101030301010303030003
0003040300030403041004
070b0901070b09010b200b
252d1f03252d1f032d202d
6f8255106f825510822082
d3ee932ad3ee932aee20f1
ffffba44ffffba44ff2141
ffffac48ffffac48ff2134
b7c67130b7c67130c620cb
4e59380d4e59380d592059
0510150c0510150c151014
1309071313090713130015
0d000d100d000d10100010
1d1003141d1003141d3019
422c0428422c042842303b
5f31134b5f31134b5f3059
985b1273985b1273983092
cc930c85cc930c85cc30c6
9a67026b9a67026b9a3094
2c012a372c012a37370037
18312e0d18312e0d312032
222d1e05222d1e052d202d
18180e0618180e06182018
0b0605040b0605040b3007
0c0d04030c0d04030d200d
3223041d3223041d32302d
3c16183c3c16183c3c003f
0b2c493c0b2c493c49104a
0c3844220c384422441041
62683a1862683a1868206a
f5ffc124f5ffc124ff2128
ffffc729ffffc729ff2133
9fb7731d9fb7731db720b9
4045280f4045280f452046
1411060914110609143013
0904030809040308093008
0600060806000608080008
0600060806000608080008
0600060806000608080008
0600060806000608080008
0600060806000608080008
0601040706010407070007
0407060104070601072007
0407060104070601072007
0307070303070703071007
0206080402060804081007
0205060302050603061005
0104050201040502051004
0205060302050603061005
0004060400040604061005
0203060502030605061005
0304090803040908091008
04060e0c04060e0c0e100d
040a1410040a1410141012
090a1916090a1916191018
0e0c22200e0c2220221022
1412322e1412322e321031
1f1947431f194743471047
2f2265622f226562651067
3f328d883f328d888d1090
5242b6b05242b6b0b610bb
6b49d7d76b49d7d7d700e3
7f52f7fa7f52f7fafa0107
8e5cffff8e5cffffff0124
9d59ffff9d59ffffff0134
a24effffa24effffff012e
9349f9ff9349f9ffff0112
724de0e1724de0e1e100ed
5445bab55445bab5ba10c1
3b348b843b348b848b108d
1d2e67561d2e6756671061
063a5836063a583658104f
17424f2417424f244f104b
092b351d092b351d351033
120a1c1e120a1c1e1e001f
2405182724051827270027
330e1d36330e1d36360037
3a151e3d3a151e3d3d0040
2606243226062432320032
05162d2005162d202d1026
0f262d140f262d142d102a
0805100f0805100f10100f
393a1d12393a1d123a203c
574f1f23574f1f23573056
6d44054a6d44054a6d3064
8233327b8233327b823085
5e0b6c8d5e0b6c8d8d008d
0b629d700b629d709d1094
227892482278924892108b
0d3f532f0d3f532f53104e
1002161a1002161a1a001a
1411020914110209143013
11020f1211020f12120012
2c0326372c032637370037
723d165d723d165d72306f
9b6a016a9b6a016a9b3095
5e2e1c545e2e1c545e305f
1f545d281f545d285d105d
5b896f095b896f09892089
0709130f0709130f131011
cee88e2ccee88e2ce820ec
fffff73ffffff73fff218a
ffffd537ffffd537ff2155
99aa672099aa6720aa20ac
31321b0e31321b0e322033
0b0801060b0801060b300a
0102050401020504051004
0004060400040604061005
0202040402020404040004
0101030301010303030003
0001020100010201021001
0000000000000000000000
0103030101030301031003
0205060302050603061005
0004060400040604061005
0202040402020404040004
0403000304030003043004
0303010103030101032003
0305050103050501051005
030b0f07030b0f070f100d
001a2a1a001a2a1a2a1024
033a5f40033a5f405f1056
096daf79096daf79af10a2
06b2ffba06b2ffbaff1101
02deffe202deffe2ff113c
08d9ffcf08d9ffcfff112b
1eaee2841eaee284e210da
3671742736717427741077
504720235047202350304f
5427144954271449543052
3d06334c3d06334c4c004c
2808363e2808363e3e003e
250c373a250c373a3a003b
2f13494f2f13494f4f0051
3720636a3720636a6a006e
3620646a3620646a6a006e
2d0c414a2d0c414a4a004a
2911132529111325293028
322d1015322d1015323031
2f24071a2f24071a2f302c
140c2828140c2828280029
2509353b2509353b3b003b
551f2753551f2753553058
550c4166550c4166660066
40145a6840145a68680069
4007485b4007485b5b005b
3b0b2b453b0b2b45450045
23041d2a23041d2a2a002a
1e0c0a181e0c0a181e301a
0a0612140a061214140014
6f9d7d0b6f9d7d0b9d209d
ffffff08ffffff08ff215c
fffffc11fffffc11ff215d
90b4800a90b4800ab420b4
272f2103272f21032f202f
0708050207080502082008
0303010103030101032003
0103030101030301031003
0003040300030403041004
0102050401020504051004
0509090305090903091009
1e271c011e271c01272027
5e6f480d5e6f480d6f206f
b7d08124b7d08124d020d3
ffffaf3dffffaf3dff212b
ffffb546ffffb546ff213b
d4e78635d4e78635e720ed
6c7b4c156c7b4c157b207c
1625220916252209252026
1604121c1604121c1c001c
1a0218221a021822220022
220c0e20220c0e20223022
2f21071b2f21071b2f302a
2c17041d2c17041d2c3025
523500355235003552304a
a1872755a1872755a1309f
a488225aa488225aa430a3
502e1040502e104050304e
080c1a18080c1a181a101a
1a1806101a1806101a301c
291f051d291f051d29302a
181b1403181b14031b201b
100a2022100a2022220023
3305293d3305293d3d003d
3c082e4a3c082e4a4a004a
1e0d32391e0d323939003a
01151f1101151f111f101b
4c6044004c604400602060
d8ffbe13d8ffbe13ff210f
feffcc24feffcc24ff2134
acc77e1facc77e1fc720c9
4a502e124a502e12502052
1714070a1714070a173016
0904030809040308093008
0600060806000608080008
0600060806000608080008
0600060806000608080008
0600060806000608080008
0601040706010407070007
0603020506030205063005
0005080500050805081007
0308090403080904091008
0308090403080904091008
0107090501070905091008
0104070601040706071007
0204080602040806081007
00070a0700070a070a1009
03060d0a03060d0a0d100b
0507110f0507110f111010
090a1916090a1916191018
0d0f25210d0f2521251024
1416383214163832381036
211b4d49211b4d494d104d
322268663222686668106b
442d8a89442d8a898a1090
583cb4b2583cb4b2b410bb
6f4addde6f4adddede00ea
8457ffff8457ffffff0113
925effff925effffff012d
9b5affff9b5affffff0131
945bffff945bffffff0129
835fffff835fffffff111b
7b50f1f47b50f1f4f40100
772cb7cc772cb7cccc00d0
5d147b905d147b90900091
291a5150291a5150511054
0316251a0316251a251022
120b020d120b020d123011
291b051b291b051b293026
38351a1338351a13383038
373b210d373b210d3b203c
2a1e001a2a1e001a2a3027
23032b3523032b35350035
3203384932033849490049
3501334735013347470047
2108293221082932320032
12010a1312010a13130013
0f1b1d0b0f1b1d0b1d101d
0922291809222918291029
1105050f1105050f11300f
313a2b02313a2b023a203a
3337210933372109372037
2f150f292f150f292f302e
4210284a4210284a4a004b
3905314b3905314b4b004b
0833462908334629461041
3f5c4d063f5c4d065c205c
2e3728052e372805372037
0206020002060200062006
130b070f130b070f133012
0a1e382c0a1e382c381035
2024544e2024544e541055
692333696923336969006e
a765117ba765117ba7309f
8e49247b8e49247b8e308f
28225c5a28225c5a5c1060
2d6f772d2d6f772d771077
071c2f20071c2f202f102a
bec86e36bec86e36c820cf
ffffeb49ffffeb49ff2185
ffffe13fffffe13fff216e
afc57923afc57923c520c8
3a3f240d3a3f240d3f2040
0c0b04050c0b04050c300c
0202040402020404040004
0003040300030403041004
0001020100010201021001
0000000000000000000000
0000000000000000000000
0001020100010201021001
0205060302050603061005
0106070401060704071007
0003040300030403041004
0001020100010201021001
0304030003040300042004
0306070203060702071006
020c120a020c120a12100f
002034200020342034102d
0546734e0546734e731068
1378c9921378c992c910bc
1fadffd71fadffd7ff1113
1cdafffe1cdafffeff114e
18d3fff318d3fff3ff1141
1794f5b61794f5b6f510ea
094b7d59094b7d597d1074
1521210315212103211021
3720032a3720032a373034
3d200d323d200d323d303b
2c0c1e302c0c1e30300031
22032a3322032a33330033
1d1339391d13393939003c
14284c4014284c404c104b
13284d4213284d424d104d
1e0d34371e0d3437370038
2813102528131025283029
2d2509172d2509172d302b
312f1711312f1711313031
241b0613241b0613243021
031c2b1e031c2b1e2b1029
0f213f330f213f333f103c
3d04374e3d04374e4e004e
47053f5d47053f5d5d005d
3a00384e3a00384e4e004e
3213142d3213142d323030
27240f1027240f10273027
1020200a1020200a201021
041b2e23041b2e232e102c
2601263326012633330033
9a8f3e3d9a8f3e3d9a309b
ffffd141ffffd141ff2159
ffffeb34ffffeb34ff216d
abc7811babc7811bc720c8
3036220830362208362036
0808040208080402082008
0403000304030003043004
0003040300030403041004
0103030101030301031003
0103030101030301031003
0509090305090903091009
1921190119211901212021
4f5d3d0b4f5d3d0b5d205d
a1b56f21a1b56f21b520b7
f5ffa139f5ffa139ff2114
ffffb943ffffb943ff213e
e9ff9b35e9ff9b35ff2108
879c6318879c63189c209d
2c4034062c403406402040
0d0b1d1d0d0b1d1d1d001f
1d011b271d011b27270027
2816062028160620283026
2d321f0a2d321f0a322032
0d1c1f0e0d1c1f0e1f101f
0c1c22120c1c2212221021
536b4f03536b4f036b206b
77864f1c77864f1c862088
493f1127493f112749304a
2117031b2117031b213023
0513170b0513170b171015
2e1a0e2e2e1a0e2e2e0034
493d0b2b493d0b2b49304a
2a270e112a270e112a302a
080d0c03080d0c030d200d
0a03080d0a03080d0d000d
0c0f06070c0f06070f2010
020a0c0c020a0c0c0c000f
3651400b3651400b512051
beeea612beeea612ee20ee
fdffc727fdffc727ff212f
bad58623bad58623d520d7
565d3615565d36155d205f
1c1a0c0a1c1a0c0a1c301b
0805000508050005083007
0300030403000304040004
0300030403000304040004
0300030403000304040004
0300030403000304040004
0402020404020204040004
0603020506030205063005
0304090803040908091008
00080c0800080c080c100b
00080c0800080c080c100b
00080c0800080c080c100b
03060d0a03060d0a0d100b
0507110f0507110f111010
070b1915070b1915191017
0c0f241f0c0f241f241022
1414343014143430341034
201b4c47201b4c474c104b
2d2669642d26696469106a
3f338d873f338d878d1090
553fb5b1553fb5b1b510bb
7049dedf7049dedfdf00ea
8953ffff8953ffffff0115
9a5effff9a5effffff0136
a262ffffa262ffffff0145
9f5fffff9f5fffffff013d
9252ffff9252ffffff011e
7e3dd6e37e3dd6e3e300eb
583cb2b0583cb2b0b210b9
32469c8832469c889c1098
2733756927337569751074
3302354633023546460046
2d25051b2d25051b2d302d
051d2515051d2515251023
2017424320174243430046
3d07455b3d07455b5b005b
5b2d154d5b2d154d5b3059
5d4b152d5d4b152d5d3057
4438102044381020443040
2903233129032331310031
2322535023225350531056
4110596841105968680069
570a4b6e570a4b6e6e006e
5218305a5218305a5a005d
432c032e432c032e43303f
2e351e072e351e07352035
161a0e02161a0e021a201a
0322311e0322311e31102d
0b4c67400b4c6740671063
162a584c162a584c581056
350b293f350b293f3f003f
2503212d2503212d2d002d
1416322c1416322c321031
3c0d26413c0d2641410042
764b0455764b0455763071
6d44054e6d44054e6d3067
3110173031101730313032
1613060b1613060b163015
1e42441a1e42441a441046
0740593807405938591055
450e314e450e314e4e004f
88540a6288540a62883081
8b520f6a8b520f6a8b3086
450d3353450d3353530054
15495b2b15495b2b5b1054
0526351c0526351c35102f
a2a85a30a2a85a30a820ae
ffffe845ffffe845ff217d
fffff43efffff43eff2186
c5e38f23c5e38f23e320e5
454d2f0d454d2f0d4d204e
0e0d06050e0d06050e300d
0101030301010303030003
0001020100010201021001
0001020100010201021001
0101030301010303030003
0300030403000304040004
0202040402020404040004
0106070401060704071007
0205060302050603061005
0001020100010201021001
0001020100010201021001
02070a0502070a050a1008
00101a1000101a101a1016
04243e2a04243e2a3e1037
0952895e0952895e89107c
1490eeac1490eeacee10e0
2bbffff92bbffff9ff1139
3bcfffff3bcfffffff1160
30c6ffff30c6ffffff1146
2099ffc12099ffc1ff10f6
23468f7623468f768f1089
29032d3729032d37370037
150d0911150d0911153015
0c181a080c181a081a1019
131e1706131e17061e201e
0605120f0605120f12100f
1116353011163530351034
1d1b47451d1b474547104a
1629544716295447541051
16234c4116234c414c1049
2b022f3c2b022f3c3c003c
411c173a411c173a413040
4a290e3b4a290e3b4a3047
503402385034023850304c
3b20072c3b20072c3b3036
031e2b1e031e2b1e2b102a
0d30371a0d30371a371036
0f1329250f132925291029
2306192c2306192c2c002c
2a230a172a230a172a3029
1f37330f1f37330f372039
0b3e53300b3e533053104e
0c3c664c0c3c664c661060
27316f6527316f656f1070
51085b7451085b74740074
c28a0e78c28a0e78c230b6
ffffaf72ffffaf72ff216c
ffffe659ffffe659ff2192
d6e98a31d6e98a31e920ee
4447281144472811472049
0c0a04040c0a04040c300a
0301010303010103030003
0101030301010303030003
0002040200020402041002
0204040202040402041004
050a0902050a09020a200a
161c1400161c14001c201c
414c310a414c310a4c204c
8c9d601d8c9d601d9d209f
e1fa9732e1fa9732fa20fe
ffffbd3dffffbd3dff213c
f9ffb132f9ffb132ff2120
9ebb7a179ebb7a17bb20bc
4058420240584202582058
06191e1106191e111e101e
1004081210040812120012
21291d0321291d03292029
294c4714294c47144c204e
0430422a0430422a42103f
151839361518393639103b
1d5463301d546330631060
40706a1c40706a1c702073
2236300822363008362036
1927210319272103272027
193f4319193f4319431043
2c0c40482c0c4048480048
7c3a2c747c3a2c747c3081
873639828736398287308c
6f1e41766f1e4176760079
520e3a5e520e3a5e5e005f
2e0c3a442e0c3a44440045
1d0a272e1d0a272e2e002f
1b3331111b333111332035
a5c98915a5c98915c920ca
fbffbf2bfbffbf2bff212a
c7e48f26c7e48f26e420e7
626d4215626d42156d206f
2022120820221208222022
0707030307070303072007
0201000102010001023001
0001020100010201021001
0101030301010303030003
0300030403000304040004
0501030505010305050005
0601040706010407070007
0304090803040908091008
00090e0900090e090e100c
010a110c010a110c11100f
040b1611040b1611161014
090e1f1a090e1f1a1f101d
1015322b1015322b32102f
1c1e4e461c1e4e464e104c
2e286e682e286e686e106f
4431908d4431908d901095
5a3cb4b45a3cb4b4b400bd
6e4adcdc6e4adcdcdc00e8
8058ffff8058ffffff0110
9165ffff9165ffffff0134
a069ffffa069ffffff014c
a964ffffa964ffffff0151
a25affffa25affffff013d
8f48f5ff8f48f5ffff010d
6f35bbc76f35bbc7c700cd
4e1f7e874e1f7e8787008a
330a4750330a4750500050
0e1430280e14302830102c
172b2b0d172b2b0d2b102c
1a1c12061a1c12061c201c
0517190f0517190f19101b
1d3b350f1d3b350f3b203c
193d3b15193d3b153d2040
0a323a220a323a223a103c
1603182116031821210021
4049280f4049280f49204a
445b3c03445b3c035b205b
292b130d292b130d2b202c
0815262108152621261027
04303e2804303e283e103e
0e1930270e19302730102e
2605202f2605202f2f002f
432c0734432c0734433044
574c132c574c132c573057
4d3e0b2a4d3e0b2a4d304a
3106273a3106273a3a003a
0e436e530e436e536e106a
0564996a0564996a991091
382e7e7a382e7e7a7e1082
6f174d7f6f174d7f7f0081
66114c7766114c77770078
411a676e411a676e6e0071
51095d7351095d73730073
8e44287c8e44287c8e308d
985b1273985b1273983092
6631205966312059663065
53320b3e53320b3e53304f
635f2927635f2927633066
4e59380f4e59380f59205a
010a110c010a110c11100f
4a421a224a421a224a304a
5d5929255d5929255d3060
3031181130311811312033
262e2206262e22062e202e
2934270429342704342034
76844e1a76844e1a842086
ffffe23affffe23aff216a
ffffff3fffffff3fff2199
e0ffa229e0ffa229ff2104
545e3a10545e3a105e205f
10110a0310110a03112011
0001020100010201021001
0101030301010303030003
0203060502030605061005
0303070703030707070007
0600060806000608080008
0401060704010607070007
0004060400040604061005
0103030101030301031003
0001020100010201021001
00070c0700070c070c1009
0117271901172719271021
0931593f0931593f59104f
185aa47c185aa47ca41099
229affc6229affc6ff10fa
27d7ffff27d7ffffff1153
33e0ffff33e0ffffff116e
3cb0ffff3cb0ffffff1136
2876d6aa2876d6aad610ce
05456d4905456d496d1064
030b1105030b110511100c
091d1d11091d1d111d1021
0408020004080200082008
0b26311c0b26311c31102f
0713252107132521251026
222b1c05222b1c052b202b
113c4926113c4926491047
122f5c4b122f5c4b5c1058
242b685f242b685f681068
332165653321656565006a
4c014a654c014a65650065
611d3563611d3563630067
682530656825306568306b
763c1c64763c1c64763074
653d074b653d074b653060
1a02121c1a02121c1c001c
20281a0820281a08282028
2221100d2221100d223023
030a110a030a110a11100e
1e464a1c1e464a1c4a104b
175c733e175c733e73106e
035a895e035a895e891082
1a5598771a559877981092
3440928634409286921094
5f0767855f076785850085
c98f0f7bc98f0f7bc930bc
ffffb473ffffb473ff2175
fffff961fffff961ff21b5
fcffa23bfcffa23bff211b
5a6036165a603616602062
1010080410100804102010
0000000000000000000000
0001020100010201021001
0003040300030403041004
0004060400040604061005
0509090305090903091009
1217100112171001172017
373e270a373e270a3e203e
7a8954197a89541989208b
cde68b2ccde68b2ce620ea
ffffbb3affffbb3aff2137
ffffc034ffffc034ff2136
b8d98e1bb8d98e1bd920da
54694a0554694a05692069
151c1300151c13001c201c
0411160b0411160b161014
183e441e183e441e441044
245b622b245b622b621064
073b4f2f073b4f2f4f104b
101d3c33101d3c333c103a
124b6035124b603560105b
256271322562713271106e
002f4a31002f4a314a1043
062a4432062a4432441041
1455663514556635661064
123f6c4f123f6c4f6c1065
6a095e876a095e87870087
a22d62b3a22d62b3b300b8
ab355bb1ab355bb1b100b8
9032448e9032448e903096
5a1738615a173861610063
381120393811203939003b
041120190411201920101e
81a6790681a67906a620a6
e9ffc11de9ffc11dff211e
caf09c20caf09c20f020f2
6d7d4d156d7d4d157d207e
282a180a282a180a2a202b
0b0903050b0903050b300a
0402020404020204040004
0202040402020404040004
0202040402020404040004
0301050503010505050005
0401060704010607070007
0600060806000608080008
0407100d0407100d10100e
040f1c15040f1c151c1019
0a1328210a132821281026
1318393213183932391037
1d23554b1d23554b551052
2b3985732b398573851080
454fbfad454fbfadbf10be
6d56efea6d56efeaef10f9
9255ffff9255ffffff0123
a45affffa45affffff013e
a965ffffa965ffffff0152
aa6cffffaa6cffffff015d
a56bffffa56bffffff0156
9a5dffff9a5dffffff0135
8646eaf68646eaf6f600ff
6c29a8b96c29a8b9b900bd
50075c7350075c73730073
2b0e192c2b0e192c2c002e
0814120a0814120a142016
0d1223220d122322231026
2205162522051625250025
3520012435200124353030
2b1705212b1705212b3028
040d1613040d1613161017
252a1908252a19082a202a
4335092743350927433041
5129174551291745513050
3b0d4d5d3b0d4d5d5d005d
0d466f580d466f586f1070
0a3c482a0a3c482a481049
0d0509110d050911110011
0721372f0721372f371039
031c2b20031c2b202b102a
0510110405101104111010
040a0a02040a0a020a100a
2920051829200518293028
5943093559430935593055
5e2b1e535e2b1e535e305d
440d5669440d5669690069
194e8b6e194e8b6e8b1086
016da16b016da16ba11098
2a397e6f2a397e6f7e107c
6717457567174575750077
6a21386d6a21386d6d0071
3b11535d3b11535d5d005e
361352593613525959005b
753c1d62753c1d62753072
9867006798670067983091
7c4516617c4516617c3077
733f175b733f175b73306e
916c0f58916c0f5891308b
8b701b4c8b701b4c8b3087
43240f3643240f36433040
0b3545250b354525451040
2d6265242d626524651068
1146552e1146552e551053
4327073343270733433040
524d2223524d2223523054
45563b0645563b06562056
ffffcf34ffffcf34ff214a
ffffff46ffffff46ff21a3
ffffb333ffffb333ff2125
6974451669744516742076
17190f0517190f05192019
0204040202040402041004
0203060502030605061005
0104070601040706071007
0203060502030605061005
0300030403000304040004
0300030403000304040004
0101030301010303030003
0001020100010201021001
0109110b0109110b11100e
041d3423041d342334102d
0b4579550b45795579106d
2078d8a42078d8a4d810cb
3ea3fff73ea3fff7ff1127
47c4ffff47c4ffffff115c
2bd8ffff2bd8ffffff1156
0fb7ffc70fb7ffc7ff110e
0b5c956c0b5c956c95108d
0711170907111709171013
3009384930093849490049
4515617345156173730074
460e5a6e460e5a6e6e006e
4d201f484d201f484d304e
4b4115214b4115214b3048
1912070c1912070c193015
263e2e04263e2e043e203e
375a490a375a490a5a205a
1f4f55231f4f5523551056
013f6143013f614361105b
22265c5622265c565c105e
4503415945034159590059
581d2e59581d2e5959005d
5d1f2f5d5d1f2f5d5d0062
76450e5b76450e5b763072
7b6c273c7b6c273c7b307b
2f3d2b012f3d2b013d203d
2b130d2b2b130d2b2b002f
452d012f452d012f453041
170c2928170c2928291029
21616f3321616f336f106d
237a914a237a914a91108e
0d6f975d0d6f975d971090
046396670463966796108e
1c407a661c407a667a1078
480b3655480b3655550055
a79f493da79f493da730aa
ffffe731ffffe731ff216a
ffffff2effffff2eff21be
ffffcd22ffffcd22ff2137
64764a1064764a10762077
15170d0515170d05172017
0200020202000202020002
0003040300030403041004
0003040300030403041004
0104050201040502051004
0508070205080702082008
0e110c010e110c01112011
2d3421082d342108342034
6a794c136a794c1379207a
b9d07f26b9d07f26d020d3
ffffb23affffb23aff212b
ffffca3affffca3aff2149
d4f8a022d4f8a022f820fa
6379530963795309792079
1619120116191201192019
11201d0811201d08202020
2b4c45122b4c45124c204e
375b5113375b51135b205c
203a380e203a380e3a203b
0f2529110f252911291028
284e4e1a284e4e1a4e1052
316567233165672367106a
0635482d0635482d481045
05263d2e05263d2e3d103b
2250562222505622561056
285d6021285d6021601062
1031544110315441541051
5a10426c5a10426c6c006d
8b4823788b4823788b308b
8a5b045f8a5b045f8a3083
5b3e013c5b3e013c5b3056
3a2704273a2704273a3037
1501171f1501171f1f001f
5d886f0e5d886f0e882088
ceffba0fceffba0fff2107
cbf29f20cbf29f20f220f4
7d8a531c7d8a531c8a208c
33341b1033341b10342036
100d0407100d040710300e
0502010405020104053004
0102050401020504051004
0102050401020504051004
0203060502030605061005
0303070703030707070007
0600060806000608080008
081932250819322532102c
1527554715275547551051
2e286c682e286c686c106f
402b7e7f402b7e7f7f0086
4442a4984442a498a410a5
4373efc94373efc9ef10e7
5b97ffff5b97ffffff1137
938affff938affffff116b
c168ffffc168ffffff0178
c858ffffc858ffffff016a
b15bffffb15bffffff014f
955bffff955bffffff012d
7f49ebf37f49ebf3f300fd
6c28aaba6c28aababa00be
5309637953096379790079
3b161d3a3b161d3a3b303e
2a3a2a002a3a2a003a203a
0f4657320f465732571056
172b534b172b534b531056
2b052d3d2b052d3d3d003d
2919011929190119293023
1e281e021e281e02282028
0a1c1c0c0a1c1c0c1c101e
0f0009100f000910100010
251401182514011825301f
3617102d3617102d363032
4105395141053951510051
381a5e6a381a5e6a6a006d
251c4f52251c4f52520056
120c040e120c040e123012
0231483502314835481048
1d2555511d255551551059
34062e4234062e42420042
22041e2822041e28280028
0b1529210b152921291027
2b071d2f2b071d2f2f002f
54251a4954251a49543051
570f3f65570f3f65650066
4516657445166574740076
1f43836d1f43836d83107f
05638f5b05638f5b8f1086
113c6950113c6950691064
4b152b4f4b152b4f4f0051
5930134a5930134a593058
2c02303c2c02303c3c003c
18173a3518173a353a1039
522d0e3f522d0e3f52304d
8262104e8262104e82307d
764a0854764a085476306f
703c1658703c165870306a
966a0860966a086096308f
a57c1362a57c1362a5309e
6b351d5b6b351d5b6b3069
1d2c5f521d2c5f525f105d
1164834c1164834c83107d
01496b4701496b476b1065
512d0d3f512d0d3f51304d
6e6a302c6e6a302c6e3072
18231e0518231e05232023
f3ffb52bf3ffb52bff211e
ffffff44ffffff44ff21a3
ffffcb35ffffcb35ff2147
7d8d57177d8d57178d208e
1e2316051e231605232023
0508070205080702082008
0004060400040604061005
0003040300030403041004
0001020100010201021001
0000000000000000000000
0001020100010201021001
0104090601040906091007
040d1a13040d1a131a1017
092443300924433043103c
1054946a1054946a941087
1f99ffc31f99ffc3ff10f7
3ccfffff3ccfffffff1161
60c7ffff60c7ffffff117e
6096ffff6096ffffff113a
1e7bd29f1e7bd29fd210c9
245760252457602560105e
2e02263a2e02263a3a003a
3339817b3339817b811087
5132959c5132959c9c00a3
6519879f6519879f9f00a0
720c628e720c628e8e008e
8a412e798a412e798a3089
8e56106a8e56106a8e3088
5b2c17505b2c17505b305b
031d291d031d291d291029
45502d1445502d14502052
606636206066362066206a
4e6144074e614407612061
1a3436161a343616361038
1b0415201b041520200020
2e1908232e1908232e302b
3116112c3116112c313031
5a4c16305a4c16305a3059
83995f1b83995f1b99209b
4c7662104c766210762077
2101233121012331310031
513603385136033851304d
200a2e34200a2e34340034
29696f2f29696f2f6f1073
41827d2841827d28822088
3c726c203c726c20722076
37625b1837625b18622064
1f36330e1f36330e362037
1625200516252005252025
73b8a12073b8a120b820ba
eeffff2deeffff2dff2169
ffffff1fffffff1fff21b2
dffff10adffff10aff2138
5c7c5c005c7c5c007c207c
141a1202141a12021a201a
0201000102010001023001
0304030003040300042004
0202020002020200021002
0304030003040300042004
0607040106070401072007
0c0d08030c0d08030d200d
282d1c07282d1c072d202d
5d6b43115d6b43116b206c
a6b86e24a6b86e24b820bb
f9ffa739f9ffa739ff211a
ffffd23cffffd23cff2157
eeffb427eeffb427ff2119
758e610c758e610c8e208e
131f1d07131f1d071f201f
2521091325210913253026
4d4b211d4d4b211d4d3050
5b5321275b5321275b305b
4a3b10294a3b10294a3047
3d36171a3d36171a3d303b
4a5a3e064a5a3e065a205a
4d6b51034d6b51036b206b
28392c0328392c03392039
191e1502191e15021e201e
3b442d0a3b442d0a442044
55623d1055623d10622063
4150330c4150330c502050
050f0f07050f0f070f1010
474925194749251949204d
66774a1566774a15772078
455b4501455b45015b205b
1a2b280d1a2b280d2b202c
0802040608020406083006
5f6d450d5f6d450d6d206d
cce3882fcce3882fe320e7
e4ee8246e4ee8246ee20f8
a39f4f39a39f4f39a330a8
4e461e1e4e461e1e4e304c
1a15060d1a15060d1a3018
0804020608040206083007
0203060502030605061005
0304090803040908091008
04040a0a04040a0a0a000a
0503090905030909090009
0600060806000608080008
0049724900497249721067
215fb38f215fb38fb310ab
5b46c3c45b46c3c4c400d0
792eb9ce792eb9cece00d3
5e53d6c95e53d6c9d610d9
2daeffe42daeffe4ff111e
30dcffff30dcffffff1167
71a9ffff71a9ffffff116a
a75bffffa75bffffff0145
a632f0ffa632f0ffff0114
812dc5d9812dc5d9d900dd
572e9da2572e9da2a200a8
411a6b72411a6b72720074
3d0a334a3d0a334a4a004a
3926072a3926072a393038
393e1d12393e1d123e2040
435e4300435e43005e205e
3d604d0c3d604d0c602060
1827220918272209272028
071f2311071f2311231023
053b4d33053b4d334d104d
0e2c4a3e0e2c4a3e4a104c
170f292b170f292b2b002d
150f050b150f050b153012
091c2514091c2514251022
0f071d210f071d21210021
221d0613221d0613223022
1e1e0e061e1e0e061e201e
08121e1808121e181e101e
0544593a0544593a591059
0153775101537751771073
2528615a2528615a611062
531931595319315959005c
4b132f514b132f51510053
281444482814444848004a
3205384532053845450045
460f2e4d460f2e4d4d004e
4104455a4104455a5a005a
3517575f3517575f5f0061
1a3266561a326656661063
09506f4409506f446f1068
013551350135513551104a
3313173133131731333034
4d3807304d3807304d3049
270b1729270b172929002a
0a182e240a182e242e102b
371d0b2b371d0b2b373033
6a5516396a5516396a3066
6748054267480542673061
5e350e475e350e475e3058
845f0a51845f0a5184307c
9f7a175c9f7a175c9f3098
733c195e733c195e73306f
27235b5727235b575b105d
0c5b7c4b0c5b7c4b7c1075
01405f3e01405f3e5f1059
4f3501354f3501354f304a
7d80412a7d80412a802086
100a020e100a020e103011
c7ee9f1cc7ee9f1cee20ef
ffffff37ffffff37ff219a
ffffe430ffffe430ff2163
8fa76b178fa76b17a720a8
272d1d05272d1d052d202d
070b0901070b09010b200b
0204040202040402041004
0001020100010201021001
0001020100010201021001
0103070501030705071005
0409140f0409140f141011
0a162e240a162e242e102a
142d5c49142d5c495c1055
1e5dae851e5dae85ae10a2
25abffdb25abffdbff1115
31f3ffff31f3ffffff1187
4af8ffff4af8ffffff11a9
6e98ffff6e98ffffff1150
7120a5ba7120a5baba00bc
2d052d392d052d39390039
1b09232d1b09232d2d002d
2439746924397469741077
2052967c2052967c961094
322f7671322f767176107a
3e0a4e5c3e0a4e5c5c005c
4f192d514f192d51510054
734709537347095373306d
855f0b53855f0b5385307e
684f0a41684f0a41683066
221c0018221c0018223024
30260c1a30260c1a30302e
7267263772672637723074
81803b3081803b30813088
4a4922194a4922194a304d
0901090b0901090b0b000b
0b1311050b131105132013
0b0903050b0903050b300a
42492a1142492a1149204a
8eb076128eb07612b020b0
739b7301739b73019b209b
001b2c1d001b2c1d2c1027
4931013549310135493048
2709132b2709132b2b002b
354c3700354c37004c204c
70713a2770713a27712077
7b6925397b6925397b3077
755911437559114375306f
5a3010485a3010485a3056
14345e4a14345e4a5e105a
5aced8545aced854d810de
caffff58caffff58ff216c
fdffff40fdffff40ff2195
c1ffed1bc1ffed1bff2120
53755d0553755d05752075
141a1400141a14001a201a
0103030101030301031003
0404020204040202042004
0303010103030101032003
0304030003040300042004
0505030105050301052005
0a0c08020a0c08020c200c
22281a0422281a04282028
505d3c0d505d3c0d5d205d
91a2631e91a2631ea220a4
e6ff9a33e6ff9a33ff2106
ffffcf41ffffcf41ff215b
ffffbb39ffffbb39ff2136
97aa691e97aa691eaa20ac
2834280028342800342034
1f0e0b1c1f0e0b1c1f301f
533a0336533a033653304f
6b4903476b4903476b3065
6646044466460444663061
5e521c2c5e521c2c5e305d
6067381760673817672069
5e63341b5e63341b632066
4332072a4332072a433041
381d0a2d381d0a2d383035
51481f2251481f2251304f
5f5d2d1d5f5d2d1d5f3061
554a152c554a152c553056
3b1b17393b1b17393b303f
083d5433083d543354104f
3c81842d3c81842d841088
2a7380392a738039801080
112e5748112e5748571055
3e0b30493e0b3049490049
8051085580510855803075
e3b72f7be3b72f7be330dc
fff1518dfff1518dff3117
e9cb4b6be9cb4b6be930e5
7c6a26367c6a26367c3076
2c2208162c2208162c3028
0f07050d0f07050d0f300e
06030a0b06030a0b0b000b
04060c0a04060c0a0c100b
04040a0a04040a0a0a000a
0601080906010809090009
0600060806000608080008
3186913e3186913e911093
1da0cb761da0cb76cb10c6
2b5fb79b2b5fb79bb710b5
5a22929e5a22929e9e00a1
3358bd9c3358bd9cbd10b3
1ddbffb31ddbffb3ff111a
27ffffd227ffffd2ff114f
21a8ffd621a8ffd6ff1110
6037b4b96037b4b9b900c1
68016c8d68016c8d8d008d
4b0547614b054761610061
2905353d2905353d3d003d
1e041c261e041c26260026
2b2105192b2105192b3029
3735191337351913373038
44411c1944411c19443045
63581d2e63581d2e633063
76580c4876580c48763071
571d2957571d295757005b
212d5d55212d5d555d1060
073e5d44073e5d445d105c
0c162c260c162c262c102b
0e130c010e130c01132013
09303b2209303b223b103a
0837563f0837563f561053
330d4753330d4753530054
612a255a612a255a613063
5b1c315c5b1c315c5c0060
2c2866622c286662661069
0d5185630d51856385107f
05527f5805527f587f1078
1f28594e1f28594e591057
4e19284f4e19284f4f0052
4e1a28504e1a2850500054
2e093c472e093c47470047
2d03313d2d03313d3d003d
32052a3d32052a3d3d003d
280c3a42280c3a42420043
2214404222144042420044
1023443910234439441042
0f3d4d290f3d4d294d1049
0b2d391d0b2d391d391035
2110091c2110091c213020
4139131f4139131f413040
2312091e2312091e233022
0417261b0417261b261023
2512091e2512091e253022
54491a2754491a27543052
5545132d5545132d553052
4932032e4932032e493043
6652163466521634663061
8371273f8371273f833081
614001426140014261305b
19193f3b19193f3b3f1040
174e5f30174e5f305f105b
0c3748270c374827481043
45370d2545370d25453042
818b4f23818b4f238b208f
2c2d16112c2d16112d2030
a0c48612a0c48612c420c4
ffffff2effffff2eff218c
fffff62efffff62eff2176
a4c17e19a4c17e19c120c2
3039260530392605392039
080c0a02080c0a020c200c
0102010001020100022002
0104090601040906091007
0509151105091511151013
0d1129230d112923291026
16224c4016224c404c1048
223e826c223e826c82107c
3264c8a63264c8a6c810c1
36a4ffe836a4ffe8ff111c
26f7ffff26f7ffffff117f
1dffffff1dffffffff11ad
36d8ffff36d8ffffff116b
703dd4d7703dd4d7d700df
9647388796473887963098
785e0c48785e0c48783076
464822164648221648204b
3b503b043b503b04502050
3849360138493601492049
241c0a12241c0a12243021
1402141c1402141c1c001c
0218281c0218281c281024
20454a1b20454a1b4a104a
3464601e3464601e642068
2d554b172d554b17552058
172a1d02172a1d022a202a
09090b0509090b050b100a
4852301048523010522053
7c8342297c834229832089
6258202e6258202e623063
220b1021220b1021223022
0709131107091311131013
0601060706010607070007
3240300032403000402040
89b07f0889b07f08b020b0
85b0830485b08304b020b0
1c3f40171c3f4017401043
3c28042c3c28042c3c303b
333c290c333c290c3c203d
330d1f3b330d1f3b3b003c
906004649060046490308a
9d6d0b5f9d6d0b5f9d3090
8152055881520558813078
65311d5965311d59653065
1a2f60511a2f605160105d
67d3d34767d3d347d310de
d5ffff3cd5ffff3cff215b
f7ffff23f7ffff23ff216c
bdffcb07bdffcb07ff2103
5770530457705304702070
171c1302171c13021c201c
0304030003040300042004
0304030003040300042004
0305050103050501051005
0204040202040402041004
0104050201040502051004
080c0a02080c0a020c200c
1b2319011b231901232023
4451360944513609512051
7d915d157d915d15912092
cfe88d2acfe88d2ae820eb
ffffbf46ffffbf46ff214b
ffffb451ffffb451ff2149
c5cb6b3dc5cb6b3dcb20d3
53542b1a53542b1a542057
060f1007060f1007101010
3321012333210123333030
55410d3355410d33553052
6257202d6257202d623061
646b3a1b646b3a1b6b206e
6066361860663618662068
5948113059481130593056
50231c4b50231c4b503052
552a154a552a154a553055
6d62272e6d62272e6d306c
5d5a2b1c5d5a2b1c5d305e
4524113645241136453040
4904496649044966660066
3134817a3134817a811084
0578ab6e0578ab6eab10a2
107aa260107aa260a2109b
212f6359212f6359631064
4d0f35554d0f3555550056
742e3068742e3068743071
d2860a96d2860a96d230c9
fffd44a9fffd44a9ff3130
ffff6880ffff6880ff3127
aa9f4441aa9f4441aa30ab
3d3513193d3513193d303a
1109030d1109030d11300f
0701090b0701090b0b000b
03050b0903050b090b100a
0304090803040908091008
0600060806000608080008
0601080906010809090009
7c975a157c975a15972098
9eaf5c2d9eaf5c2daf20b4
7667223b7667223b763076
432f0b29432f0b2943303e
597b6709597b67097b207b
98ffea3b98ffea3bff2107
94ffff4c94ffff4cff211a
419aa944419aa944a910a8
1120493c1120493c491044
381a1836381a183638303b
37200b2c37200b2c373036
240f0e21240f0e21243024
1f0e091a1f0e091a1f301d
2e2910152e2910152e302e
37391f0f37391f0f39203a
3734191237341912373037
4c3c12264c3c12264c3047
6043083d6043083d60305a
471e1942471e1942473048
0e16302c0e16302c301031
121a1602121a16021a201a
130c2326130c2326260027
0d2d4d3d0d2d4d3d4d104b
044060440440604460105d
024160410241604160105b
2218444222184442441046
53231f4d53231f4d533054
5217305752173057570059
222b6259222b6259621062
074873520748735273106d
014163430141634363105d
102244361022443644103f
36131a3536131a35363038
3e1c14383e1c14383e303e
2802263428022634340034
2402222e2402222e2e002e
2300232e2300232e2e002e
190e2d30190e2d30300032
170e2b2c170e2b2c2c002e
08162a2208162a222a1028
122e3416122e3416341032
1327270d1327270d271029
130c010c130c010c133010
3433181334331813343036
201402182014021820301f
02131e1502131e151e101c
190b0915190b0915193017
443f1a1d443f1a1d443045
4c461e204c461e204c304c
3d3717193d3717193d303c
4a4e2e124a4e2e124e2050
5e6c46105e6c46106c206d
3d44290e3d44290e442045
0612160a0612160a161014
31493f0931493f09492049
2037340d2037340d372038
3431141534311415343035
7c8d561b7c8d561b8d208f
40472a1140472a11472049
809e6e0c809e6e0c9e209e
fffffc29fffffc29ff2179
ffffff2effffff2eff2184
b9db8f1bb9db8f1bdb20dc
3b452b093b452b09452045
0c0a02060c0a02060c300b
06050e0d06050e0d0e100d
08152a1f08152a1f2a1025
132855441328554455104e
2d3785772d378577851083
464dbaab464dbaabba10bb
536df1d9536df1d9f110f2
538ffff9538ffff9ff111f
33c5ffff33c5ffffff1145
09fffff809fffff8ff116a
25ffffd925ffffd9ff1156
079df7a9079df7a9f710e6
5e0268805e026880800080
a3670f75a3670f75a3309b
b178037ab178037ab130ab
a160177aa160177aa1309b
9950237c9950237c993093
903f2e81903f2e8190308f
721a487c721a487c7c007e
56045e7656045e76760076
471d757d471d757d7d0080
2e4b9e892e4b9e899e109c
1d5ea7861d5ea786a710a3
242d645f242d645f641069
1c080e1a1c080e1a1c301b
000d1415000d1415150018
1d291f051d291f05292029
6760272e6760272e67306a
77590d4b77590d4b773074
4922154049221540493048
260c1224260c1224263025
1608081216080812163013
233d390f233d390f3d203e
76ab8c0f76ab8c0fab20ab
7dbb99117dbb9911bb20bb
2d59551b2d59551b59205d
332d111b332d111b333034
517b6309517b63097b207b
0a314e3f0a314e3f4e104f
83610f5383610f5383307f
9487363d9487363d943094
60521c2a60521c2a60305c
422f042b422f042b42303f
0323392903233929391035
81c8ab1c81c8ab1cc820c9
ecfff809ecfff809ff2143
fffff50cfffff50cff2150
caf8ac16caf8ac16f820f8
65764d1065764d10762077
1f2215061f221506222022
0504010205040102053004
0205060302050603061005
0106070401060704071007
0004060400040604061005
0005080500050805081007
050b0b05050b0b050b100c
151d1701151d17011d201d
3b4831063b483106482048
6f8355116f835511832084
b7cd7d25b7cd7d25cd20d0
ffffac42ffffac42ff212d
ffffb255ffffb255ff214a
e5e9774be5e9774be920f4
7b75332f7b75332f7b307e
2e280c162e280c162e302d
070d0f05070d0f050f100d
2f3a27062f3a27063a203a
4d603f0a4d603f0a602060
5e744e0a5e744e0a742074
5256301452563014562058
4025062f4025062f40303b
4213244742132447470049
5f3e03445f3e03445f305c
8284422a8284422a84208a
5a5c30185a5c30185c205f
1d1135311d113531351033
29367b7029367b707b107c
433a9d9c433a9d9c9d10a6
2759ab8f2759ab8fab10a8
075d8d61075d8d618d1086
171a3b36171a3b363b103b
2a16081e2a16081e2a3025
2a081c2a2a081c2a2a002a
7d5103577d5103577d3076
ffff6c75ffff6c75ff311a
ffffa762ffffa762ff2150
c6d17037c6d17037d120d8
4a4922194a4922194a304d
140d000d140d000d143012
0801060908010609090009
0304090803040908091008
03050b0903050b090b100a
0701090b0701090b0b000b
08020a0c08020a0c0c000c
8b69134d8b69134d8b3082
cc7b1497cc7b1497cc30c2
d45854ccd45854ccd430de
ce5556c7ce5556c7ce30d8
f7b2099cf7b2099cf730ec
ffff6981ffff6981ff3133
ffff6484ffff6484ff3127
d69f1e7fd69f1e7fd630cb
703a1258703a1258703069
1c061e241c061e24240024
101b1401101b14011b201b
1412040c1412040c143015
1610000e1610000e163015
2a2b140f2a2b140f2b202d
383d220f383d220f3d203e
2e2e180e2e2e180e2e2030
2e2c16102e2c16102e302e
393c2310393c23103c203e
242b1e05242b1e052b202b
0709131107091311131013
1a0b262b1a0b262b2b002c
1522453e1522453e451046
0c3154410c315441541051
023852360238523652104d
0c3646260c364626461042
031b2b1d031b2b1d2b1027
2b150b232b150b232b3028
2d0f172f2d0f172f2f0031
0728433207284332431040
0e3d4e2b0e3d4e2b4e104a
0e323e200e323e203e103b
021c2818021c2818281024
1d0d09191d0d09191d301c
291a031e291a031e293027
1c0614201c061420200020
1b0317211b031721210021
18021a2218021a22220022
0f0b1f1f0f0b1f1f1f0020
0d0515170d051517170017
020b120d020b120d121011
1825200518252005252025
1a231c011a231c01232023
0807020308070203083007
2729170b2729170b29202a
1a1404101a1404101a3019
000d140d000d140d141012
0f05070d0f05070d0f300d
3735191537351915373039
484b2817484b28174b204e
3c4730093c473009472047
3c5d520f3c5d520f5d205e
3e7370233e737023732078
1546532a1546532a531051
2c150a252c150a252c302a
50512a1950512a19512054
3941290b3941290b412041
1e2316051e231605232023
7287581372875813872088
4d5835124d583512582059
617c5904617c59047c207c
ffffee22ffffee22ff215f
ffffff2effffff2eff218c
cff29b22cff29b22f220f4
4b4b25174b4b25174b204e
16011a1f16011a1f1f001f
15183d3615183d363d103b
1a3c785e1a3c785e78106f
2a6acca22a6acca2cc10c1
5978fff25978fff2ff110e
8572ffff8572ffffff1139
8673ffff8673ffffff1137
5e7efff65e7efff6ff1114
12a8ffbe12a8ffbeff10fd
45e6ff8a45e6ff8aff110c
62dfee5d62dfee5dee10f1
2b76893c2b76893c891084
2e0824342e082434340034
765408487654084876306e
9963076b9963076b993091
a6503290a6503290a630a4
b0434cabb0434cabb030b7
b44846aab44846aab430b8
9231468f9231468f923097
6003627d6003627d7d007d
42308a8842308a888a1090
3155b1993155b199b110af
3349a1913349a191a110a2
550e4568550e4568680068
5946073459460734593057
2717091b2717091b273023
23082d3223082d32320032
6b2c27646b2c27646b306d
9c5122839c5122839c309a
8840287888402878883088
632e1d54632e1d5463305f
3b1913333b1913333b3038
0f373f1f0f373f1f3f103f
6ca68a146ca68a14a620a7
82bc980e82bc980ebc20bc
3f5e4d0a3f5e4d0a5e205e
2c3928032c392803392039
6d9f7b096d9f7b099f209f
2a504a162a504a16502052
5f65351d5f65351d652069
859e6318859e63189e209f
4e59380d4e59380d592059
282c1c08282c1c082c202c
111b1705111b17051b201b
8fb57f098fb57f09b520b5
f8ffc423f8ffc423ff212b
ffffc43affffc43aff2143
eafe943ceafe943cfe2104
878a4b28878a4b288a208f
322f1611322f1611323031
0a0600060a0600060a3008
0106070401060704071007
0206080402060804081007
0005080500050805081007
0006080600060806081008
03090b0503090b050b100a
1118130211181302182018
333f2b05333f2b053f203f
65754b1165754b11752076
a3b46b24a3b46b24b420b7
f4ff9c3cf4ff9c3cff2110
ffffba48ffffba48ff2144
eeff943deeff943dff2108
898c472a898c472a8c2092
3e320a223e320a223e303c
14061e2214061e22220022
1030381c1030381c381037
3756490c3756490c562056
546c4c06546c4c066c206c
44482a1244482a1248204a
2210061a2210061a22301e
1f0b0d1f1f0b0d1f1f0020
4d4c231c4d4c231c4d3050
7f965d167f965d16962097
555f3913555f39135f2060
0d353b1b0d353b1b3b103b
2474843e2474843e841083
0c538a690c538a698a1085
2234746a2234746a741076
1021423710214237421040
0c1210060c121006122012
0122332601223326331032
2617041f2617041f263026
1c2016041c201604202020
cff19927cff19927f120f4
ffffdf31ffffdf31ff215e
ceef9625ceef9625ef20f1
535831165358311658205a
1813040d1813040d183017
0903050909030509090009
0304090803040908091008
02070c0902070c090c100b
06030a0b06030a0b0b000b
0701090b0701090b0b000b
4c2f00314c2f00314c3043
78381e6478381e64783072
963644949636449496309d
c85b48b5c85b48b5c830ca
ffb325d9ffb325d9ff3119
fff71bfffff71bffff3171
ffee44ffffee44ffff3196
ffba6cffffba6cffff317e
ff7e71ffff7e71ffff3131
c23b68c5c23b68c5c500cd
6d0d557f6d0d557f7f007f
4104354e4104354e4e004e
23001d2a23001d2a2a002a
0a1b1a0b0a1b1a0b1b201d
2e331a0f2e331a0f332035
342c0c1c342c0c1c343034
362d0e1b362d0e1b363034
4045281140452811452047
2e3f30012e3f30013f203f
081d2213081d2213221022
0219261b0219261b261024
09262f1a09262f1a2f102e
11292d1311292d132d102d
1a2b28091a2b28092b202b
202a2000202a20002a202a
1619100516191005192019
0707030107070301072007
0c03080f0c03080f0f000f
0d2429140d242914291029
1c34320e1c34320e342035
1a2a26081a2a26082a202a
0f1917050f191705192019
0b0801060b0801060b300a
1815080b1815080b183017
0f05070f0f05070f0f000f
0e010c110e010c11110011
0b010d110b010d11110011
06050e0d06050e0d0e100d
0703030707030307070007
0202020002020200021002
1c2014061c201406202020
1f2315071f231507232023
0101030301010303030003
1b2015041b201504202020
14140a0814140a08142015
01080b0601080b060b100a
0500050605000506060006
2a2d1a0b2a2d1a0b2d202e
4450340c4450340c502050
435b4301435b43015b205b
4876661448766614762077
44827e2844827e28822088
1245562f1245562f561053
3521052735210527353033
5a5e321a5a5e321a5e2061
444d2e0f444d2e0f4d204e
0d120f020d120f02122012
657a510e657a510e7a207a
55603b1455603b14602062
455d4703455d47035d205d
ffffdc1cffffdc1cff2141
ffffff2fffffff2fff218b
e2ff9e2de2ff9e2dff2104
58440a3058440a30583053
21235b5121235b515b1058
3142978631429786971095
3b75e9c13b75e9c1e910e1
3cb7ffff3cb7ffffff113d
67afffff67afffffff1164
976affff976affffff0145
8d3be5f78d3be5f7f700fd
5042baae5042baaeba10ba
017bbf7d017bbf7dbf10af
4cbbce594cbbce59ce10cf
61b1a52d61b1a52db120b6
3c5c4a063c5c4a065c205c
0001040500010405050005
3337210b3337210b372038
503b0a2d503b0a2d50304a
6027245960272459603061
7d3133797d3133797d3082
9c5b16799c5b16799c3097
8455065d8455065d84307d
3a0b263d3a0b263d3d003d
053d5131053d513151104e
1e5e6e361e5e6e366e106c
053c5b3a053c5b3a5b1053
4729133b4729133b473047
71580d4271580d4271306e
48112e4f48112e4f4f0050
2c2d6c632c2d6c636c106c
6202648462026484840084
a74247a2a74247a2a730ae
b9573ba5b9573ba5b930ba
a6532c8da6532c8da630a3
7a3b20677a3b20677a3076
1b193d3b1b193d3b3d1040
5b9079125b907912902091
89b3810789b38107b320b3
505b3a0f505b3a0f5b205c
2239300b2239300b39203a
779d7303779d73039d209d
48563a0c48563a0c562056
42563c0242563c02562056
83985d1c83985d1c98209a
6263322362633223632069
3a3920113a3920113a303b
0d0c01080d0c01080d300e
8f9955258f99552599209d
fbff874dfbff874dff210e
ffff8a72ffff8a72ff313d
ffff7676ffff7676ff3126
c4b04654c4b04654c430c3
5a4a182a5a4a182a5a3055
1a1000101a1000101a3016
0204080602040806081007
0107090501070905091008
0006080600060806081008
0005080500050805081007
0308090403080904091008
0e1410020e141002142014
2c3524052c352405352035
5a663e125a663e12662067
929e5c24929e5c249e20a2
e1f79335e1f79335f720fc
ffffca37ffffca37ff2145
efffb725efffb725ff211b
839963138399631399209a
312f1711312f1711313031
0a0a1a180a0a1a181a101a
0d2b371d0d2b371d371033
2544431625444316442047
4059460340594603592059
37422b0a37422b0a422042
120f0409120f0409123011
0c0b04050c0b04050c300c
3f492b0b3f492b0b492049
7e894c217e894c2189208c
685f2631685f263168306a
072e3922072e3922391039
55896f0d55896f0d892089
426e5e12426e5e126e206f
0b232d1b0b232d1b2d102c
10180e0410180e04182018
144048261440482648104a
0c2a4a3c0c2a4a3c4a1049
482d0635482d0635483045
1805121d1805121d1d001d
a0d49e02a0d49e02d420d4
fffff218fffff218ff2158
d0fdac19d0fdac19fd20fe
5664400e5664400e642064
17170b0717170b07172018
0703030707030307070007
0304090803040908091008
00080c0800080c080c100b
0304090803040908091008
0600060806000608080008
1510050a1510050a153012
2412061c2412061c243021
3816143238161432383036
6d3619566d3619566d3065
cb70219acb70219acb30be
ff9f44fbff9f44fbff3129
ffb27bffffb27bffff3183
ffbca0ffffbca0ffff31b8
ffb2aaffffb2aaffff31b5
ff82adffff82adffff317c
ff4da3ffff4da3ffff012e
d43b7adfd43b7adfdf00e6
9b324d9a9b324d9a9b30a1
53152f5753152f57570059
0e0b1a190e0b1a191a101b
1e1a04141e1a04141e3020
3c2e06263c2e06263c303b
5652242256522422563058
4c502a164c502a16502052
2726110e2726110e273028
1d18070e1d18070e1d301b
271f0715271f0715273025
2e1f001f2e1f001f2e302b
3726032437260324373034
3928052239280522393034
2a1b001d2a1b001d2a3027
1308071213080712133013
0b0b05030b0b05030b200b
18211a0318211a03212021
222c2002222c20022c202c
22281a0622281a06282028
171a1104171a11041a201a
0304030003040300042004
0f120d020f120d02122012
0505030105050301052005
0000000000000000000000
0000000000000000000000
0201000102010001023001
0307070303070703071007
0204080602040806081007
1c1c0e0a1c1c0e0a1c201d
2425140b2425140b252026
0904030809040308093008
1119150311191503192019
0e130e010e130e01132013
0305050103050501051005
0104050201040502051004
22281a0622281a06282028
4353390743533907532053
4f6445064f644506642064
647f5609647f56097f207f
6e8a5e0c6e8a5e0c8a208a
3d472f093d472f09472047
18251c0318251c03252025
4962470249624702622062
40523a0440523a04522052
0606040006060400062006
596a470c596a470c6a206a
56623c1456623c14622064
2d4237082d423708422042
e7ffc914e7ffc914ff2120
ffffff2affffff2aff2182
e9ffa12fe9ffa12fff210b
532d0f3d532d0f3d53304b
0e5d986d0e5d986d98108f
237edfae237edfaedf10d6
2ca9ffe32ca9ffe3ff111b
18e1ffff18e1ffffff1154
34b0fff634b0fff6ff112e
6a35bcc56a35bcc5c500cc
6c08688a6c08688a8a008a
3a1b68693a1b686969006c
076895600768956095108d
3a94a24a3a94a24aa210a5
4977691549776915772078
4137112341371123413041
2a0432402a043240400040
13254d4113254d414d104a
0e1b3a310e1b3a313a1037
0f04191a0f04191a1a001a
131d1703131d17031d201d
4d5b35114d5b35115b205c
5c6b3e175c6b3e176b206d
1f291d031f291d03292029
362e0c1e362e0c1e363036
696025306960253069306b
5147192751471927513051
0a16180a0a16180a181018
4345271543452715452048
210b0d21210b0d21210022
103b4621103b4621461043
0b2949350b294935491043
5d212f5f5d212f5f5f0064
9b5225829b5225829b3099
b163238fb163238fb130ad
a3592587a3592587a330a1
59153d6759153d67670069
21616f3321616f336f106d
6d9a77046d9a77049a209a
4b5837104b583710582059
1b2923071b292307292029
7187591171875911872088
5459321b5459321b59205d
2531230125312301312031
77773b2b77773b2b77207e
7a6b263d7a6b263d7a307b
5f5d2d235f5d2d235f3063
0b191d0d0b191d0d1d101c
8271263d8271263d823080
f1d24b6ef1d24b6ef130ed
ffff4f9dffff4f9dff3130
ffff53afffff53afff314c
ffe5438fffe5438fff310d
9e7b1e539e7b1e539e3094
3c2802243c2802243c3035
0f03090f0f03090f0f000f
02060a0802060a080a100a
0005080500050805081007
0005080500050805081007
02080a0602080a060a100a
09100f0409100f04102010
232b1d03232b1d032b202b
4d5635104d563510562057
818c5120818c51208c208f
d1ea8d2ed1ea8d2eea20ee
ffffd530ffffd530ff214d
fdffd11efdffd11eff2135
85aa7d0485aa7d04aa20aa
1d2f2b0b1d2f2b0b2f2030
1417100514171005172017
203938112039381139203b
1a3b401d1a3b401d401041
25413b0f25413b0f412042
2c3724072c372407372037
1810021218100212183018
180a0a16180a0a16183018
46360c2446360c24463040
80661a4480661a4480307a
8459005d8459005d843080
2f0537492f053749490049
3b6559113b655911652066
5f6f43175f6f43176f2071
3125051d3125051d31302f
0c30381c0c30381c381037
2755531f2755531f55205a
0827301b0827301b30102f
393b1f11393b1f113b203d
161c1204161c12041c201c
97b87f1097b87f10b820b8
ffffe520ffffe520ff214f
dcffb21ddcffb21dff210a
6171490f6171490f712071
191a0f06191a0f061a201a
0501030505010305050005
0105090701050907091008
00070a0700070a070a1009
0203060502030605061005
0300030403000304040004
0106090601060906091008
0304030003040300042004
0b04050a0b04050a0b300a
2512071c2512071c253021
572b0f41572b0f4157304d
9747257d9747257d97308f
e26448c6e26448c6e230dd
ff8769ffff8769ffff3132
ffa08cffffa08cffff317b
ff97b1ffff97b1ffff319b
ff7cc3ffff7cc3ffff018f
ff76acffff76acffff016b
ff7482ffff7482ffff3136
e75d5dd9e75d5dd9e730ec
943b3a89943b3a89943095
44191a3d44191a3d443041
0817140508171405172017
4a512a174a512a17512054
5655281f5655281f56305a
3629081f3629081f363033
28140a2028140a20283025
2d12132a2d12132a2d302d
38141a3838141a3838003b
4a290c3b4a290c3b4a3047
4a3002324a3002324a3045
3721072937210729373034
27140b2227140b22273027
2418001824180018243021
27230f0f27230f0f273026
2827140d2827140d283029
2829160d2829160d29202b
1e1e0e0a1e1e0e0a1e201f
0402080804020808080008
0714170a0714170a171016
0409120f0409120f121011
0d010f130d010f13130013
0f000f140f000f14140014
0f020b120f020b12120012
07060f0e07060f0e0f100f
05070f0d05070f0d0f100e
1e19080f1e19080f1e301d
2827120f2827120f283029
0f08030c0f08030c0f300e
0914150809141508151015
09100f0409100f04102010
0505030105050301052005
0406040004060400062006
1d261d001d261d00262026
3f523b023f523b02522052
4e5d3c0b4e5d3c0b5d205d
6b6f3b1f6b6f3b1f6f2073
86833e3386833e3386308c
625118336251183362305f
0816282008162820281026
38574a0b38574a0b572057
3b4e39023b4e39024e204e
0200020402000204040004
485c4204485c42045c205c
5060400c5060400c602060
202d2405202d24052d202d
cfffb114cfffb114ff2100
fffffc29fffffc29ff2177
eaffb226eaffb226ff2112
3322091a3322091a33302a
4784731c4784731c842086
58a99c2d58a99c2da920ae
64c4be3e64c4be3ec420cd
7ddecf3a7ddecf3ade20e5
568b7e1b568b7e1b8b208d
0c0808060c0808060c300a
0a2224120a222412241026
1c1302131c1302131c301a
5b5c2b1e5b5c2b1e5c2060
806f2a39806f2a3980307c
7c460a5a7c460a5a7c3072
6a1544756a154475750076
590f6d85590f6d85850085
4f207f8a4f207f8a8a008d
5b10758a5b10758a8a008a
6c0960896c096089890089
56035a7956035a79790079
13335b4b13335b4b5b105a
2b5349112b534911532054
2b38210c2b38210c382039
0e0c06040e0c06040e300c
534c1928534c1928533055
634b0541634b0541633063
2f0133432f013343430043
0534553a0534553a55104d
21133d3d21133d3d3d003f
5e380a485e380a485e305b
624b0c3d624b0c3d623060
1a1102131a1102131a3019
392e0b20392e0b20393038
724e004c724e004c72306c
8e54146e8e54146e8e308a
7831347778313477783080
1f2b63591f2b6359631062
3470742834707428741076
324f4409324f44094f204f
1a16080a1a16080a1a3018
696e3d1e696e3d1e6e2072
615c272a615c272a613065
080c201c080c201c20101e
40523e0240523e02522052
5c673a195c673a19672069
697f4f15697f4f157f2080
2b4a410e2b4a410e4a204b
6044083c6044083c60305a
c9a53165c9a53165c930c1
ffd73391ffd73391ff3103
ffff40baffff40baff3147
ffff4bb6ffff4bb6ff314c
eec2367aeec2367aee30e5
6c5212386c5212386c3063
1e1202141e1202141e301a
0501070705010707070007
0004060400040604061005
0106070401060704071007
0308090403080904091008
080d0c03080d0c030d200d
1c2116031c211603212021
40482c0e40482c0e482049
737e4b1a737e4b1a7e2080
c3db8529c3db8529db20de
ffffd334ffffd334ff2150
ffffe028ffffe028ff2152
9dc991079dc99107c920c9
1f3835121f38351238203a
282c1a0c282c1a0c2c202d
35574d1135574d11572058
153b4323153b4323431044
0d2327130d232713271027
1f1e0d0e1f1e0d0e1f3021
200a1022200a1022220023
2409142524091425250026
3d2601283d2601283d3037
61460b3861460b38613059
704c024c704c024c70306b
482318454823184548304d
0e2934190e293419341030
4d5431164d543116542056
3a26022a3a26022a3a3038
0529372305293723371035
2c473c0b2c473c0b472047
1b17070f1b17070f1b301b
1d40411a1d40411a411045
0525311b0525311b31102d
96a35e2596a35e25a320a7
ffffd231ffffd231ff214a
f2ffb22cf2ffb22cff211b
76814c1b76814c1b812083
23210f0d23210f0d233023
0701050707010507070007
0006080600060806081008
0004060400040604061005
0002040200020402041002
0101030301010303030003
0303070703030707070007
0403000304030003043004
0106070401060704071007
0b03050b0b03050b0b000b
1a0d04131a0d04131a3017
301808243018082430302b
562a1244562a124456304f
8e4324758e4324758e3086
d25d42b7d25d42b7d230cd
ff6b6effff6b6effff3114
ff7296ffff7296ffff314c
ff84a3ffff84a3ffff3170
ff969bffff969bffff317e
ff958dffff958dffff316c
ff8473ffff8473ffff3139
e96553d3e96553d3e930e9
8027428180274281810086
102b4a39102b4a394a1047
27463d0c27463d0c462047
1f281b041f281b04282028
1310050813100508133011
10030a1110030a11110011
1c090e1d1c090e1d1d001e
392c0722392c0722393037
41360d2241360d2241303f
3420062634200626343031
3016102c3016102c303031
3821082b3821082b383036
3a2a04243a2a04243a3037
3529091d3529091d353032
332c0f18332c0f18333032
2920071629200716293026
0f0415180f041518180018
031a2b1e031a2b1e2b1027
10122c2810122c282c102b
2005283120052831310031
2701253327012533330033
28091a2d28091a2d2d002d
1c0316211c031621210021
0f0413160f041316160016
201804122018041220301e
2b2811122b2811122b302b
150c0310150c0310153014
0310150c0310150c151014
030b0d07030b0d070d100d
0808040208080402082008
0504010205040102053004
1a2822061a282206282028
374e3f06374e3f064e204e
3f4f39033f4f39034f204f
5256301652563016562058
7573372b7573372b75307a
665c2230665c2230663067
1902172019021720200020
2b443b0a2b443b0a442044
37422b0837422b08422042
0b000d120b000d12120012
3251480f3251480f512052
3e5a48063e5a48065a205a
1f1f11071f1f11071f201f
bee49a18bee49a18e420e5
fffff528fffff528ff216e
f0ffca1df0ffca1dff2128
2844421028444210442045
86680e5086680e50863083
d69a088cd69a088cd630d0
ffb706b9ffb706b9ff3104
ffbe1ee2ffbe1ee2ff3127
ff6972ffff6972ffff3119
c903c3ffc903c3ffff010b
ab19d1fbab19d1fbfb00fc
c50eaff6c50eaff6f600f6
fb478dfffb478dffff010e
ff5e80ffff5e80ffff311f
f74687fff74687ffff0109
c01c8edec01c8edede00df
8e0792bf8e0792bfbf00bf
701890aa701890aaaa00ab
700e82a0700e82a0a000a0
7e0b6c9d7e0b6c9d9d009d
7b1a558e7b1a558e8e0090
4d0f395d4d0f395d5d005e
020a100c020a100c10100f
3b191b3f3b191b3f3f0043
430b3757430b3757570057
101d3c35101d3c353c103c
1e2618061e261806262026
1b05252f1b05252f2f002f
082d4a37082d4a374a1047
161c3e36161c3e363e103c
502c1040502c104050304d
7558094a7558094a753072
55350d4355350d43553055
1806262a1806262a2a002a
1a2724071a272407272027
3e33101f3e33101f3e303b
4b2b0d3d4b2b0d3d4b304a
230c3b42230c3b42420043
174c6130174c6130611059
1b4651221b46512251104d
2308172623081726260026
6b5819366b5819366b3067
7352054a7352054a73306e
3e0346593e034659590059
123d7059123d705970106b
0a4e6a420a4e6a426a1066
3e79701f3e79701f79207c
3864561038645610642065
3122051e3122051e31302d
8e873e358e873e358e3091
c2a53659c2a53659c230bb
ffde3992ffde3992ff3109
ffff62b0ffff62b0ff315b
ffff6788ffff6788ff3130
9e8d36419e8d36419e309b
2f280d142f280d142f302c
0804020608040206083007
0003040300030403041004
0305050103050501051005
0608060006080600082008
090b0701090b07010b200b
17190f0517190f05192019
383e260c383e260c3e203f
6674481466744814742075
b1ca7f20b1ca7f20ca20cc
ffffd02fffffd02fff2146
ffffeb2effffeb2eff2168
c1eda115c1eda115ed20ed
34422e0034422e00422042
2c453c092c453c09452045
3e7570233e75702375207a
0b37452b0b37452b451045
0f06030e0f06030e0f300f
0f06191e0f06191e1e001e
2809182f2809182f2f002f
2b19011d2b19011d2b3026
272c1f04272c1f042c202c
2a392e052a392e05392039
303d2c03303d2c033d203d
2a311c0b2a311c0b312032
0404080404040804081005
3639240d3639240d39203a
2b2209182b2209182b3029
07181f1207181f121f101e
2425140924251409252026
1b03212b1b03212b2b002b
073e5738073e5738571053
0e2342330e23423342103d
999243389992433899309c
ffffbf44ffffbf44ff2147
ffffb13fffffb13fff212f
9196512a9196512a96209b
342d1017342d1017343032
0e05060d0e05060d0e300d
0304090803040908091008
0301050503010505050005
0202040402020404040004
0203060502030605061005
0000000000000000000000
0307070303070703071007
040a0a04040a0a040a100a
0301050503010505050005
0a0700070a0700070a3009
100b0209100b020910300e
1a11020f1a11020f1a3016
2e1a04202e1a04202e3029
4e25123f4e25123f4e3049
772f2b6b772f2b6b773074
aa3f48a1aa3f48a1aa30ac
ea5b62ddea5b62ddea30ef
ff7b78ffff7b78ffff3132
ff938bffff938bffff3168
ffa290ffffa290ffff3181
ffa085ffffa085ffff3172
ff757affff757affff312e
ad2377c3ad2377c3c300c6
4b1463704b146370700071
21173f3d21173f3d3f1041
1909252919092529290029
1e0616221e061622220022
1402181e1402181e1e001e
0c2428140c242814281029
1e2b20011e2b20012b202b
1c1300131c1300131c301a
230f0d21230f0d21233024
3723032737230327373034
402e0428402e042840303c
3e2c02283e2c02283e303b
402d0229402d022940303c
371e0b2c371e0b2c373035
1e092c311e092c31310031
1122433811224338431041
1c1d46411c1d4641461047
2e0b3e492e0b3e49490049
3a03364b3a03364b4b004b
4113254541132545450047
37131b3737131b3737003a
2307192723071927270027
2b1a031e2b1a031e2b3027
33290b1b33290b1b333031
1e1006181e1006181e301c
060b1613060b1613161015
06040c0c06040c0c0c000c
0e0c04060e0c04060e300d
0500050605000506060006
1a2c280a1a2c280a2c202d
304d440d304d440d4d204e
2d453b0b2d453b0b452045
3241300132413001412041
57613b1357613b13612062
5b5f331d5b5f331d5f2063
201600162016001620301f
2130270421302704302030
3030181030301810302032
11091f2111091f21210022
1d4b55271d4b5527551054
2450542024505420541056
291b0119291b0119293024
b5d3891db5d3891dd320d4
fffff324fffff324ff2167
ffffe01affffe01aff2143
50816e1150816e11812082
5b1d2b595b1d2b595b305d
c2593aa9c2593aa9c230bf
ff7d5df7ff7d5df7ff3114
ff8390ffff8390ffff315c
ff4ae2ffff4ae2ffff0181
ff0dffffff0dffffff0189
ff09ffffff09ffffff017f
ff0affffff0affffff0178
ff37f5ffff37f5ffff0180
ff61d6ffff61d6ffff018b
ff6abfffff6abfffff0177
ff4daeffff4daeffff013e
d72799f5d72799f5f500f8
970e7bb6970e7bb6b600b6
6e095a836e095a83830083
5e153c655e153c65650067
612e1f56612e1f56613061
5c43023f5c43023f5c305b
38462a0c38462a0c462047
0d2745390d274539451045
4b0449684b044968680068
510f4165510f4165650066
3812223c3812223c3c003e
281e0414281e0414283024
2625120b2625120b263026
201a0614201a0614203020
0b16150a0b16150a162018
413f191b413f191b413044
50300c4050300c40503050
3f0a334e3f0a334e4e004e
2a0d40472a0d4047470048
1615383516153835381039
0712231c0712231c231021
110f0705110f070511300f
2e443a082e443a08442044
2a4c4a142a4c4a144c204e
1509252715092527270028
6042023e6042023e60305a
6e3c12566e3c12566e3068
440f5869440f586969006a
29397f7129397f717f107e
2430706624307066701070
0d4e6b400d4e6b406b1064
2c5756172c575617572059
1813060b1813060b183015
68784e1268784e12782079
7f7e43247f7e43247f3083
b7a13f4fb7a13f4fb730b3
ffff8975ffff8975ff313b
ffffac67ffffac67ff215c
bec86a36bec86a36c820cf
3e3f20113e3f20113f2041
0908030409080304093008
0001020100010201021001
0304030003040300042004
0608060006080600082008
0809060108090601092009
12140c0412140c04142014
3037220930372209372037
5d6d470f5d6d470f6d206e
a0c08214a0c08214c020c1
ffffd919ffffd919ff2139
fffffe1cfffffe1cff216f
d1ffad18d1ffad18ff2103
44421c1844421c18443046
2860682a2860682a681068
398a9540398a9540951098
0e25443b0e25443b441045
383d240f383d240f3d203e
0b313f270b313f273f103e
331317373313173737003a
4242221642422216422045
284946172849461749204c
0c3b4c2d0c3b4c2d4c104a
0530432a0530432a43103f
0928331c0928331c331030
0d010b0f0d010b0f0f000f
2c3220082c322008322032
1d2013061d201306202020
090f0f05090f0f050f100f
0e04060a0e04060a0e300a
03273f2d03273f2d3f103b
00446a4a00446a4a6a1064
251f5551251f5551551056
a5862554a5862554a5309e
ffffaa5affffaa5aff2146
ffffb351ffffb351ff2147
afb25d36afb25d36b220ba
453d171d453d171d453043
150c0310150c0310153014
0801060908010609090009
0500050605000506060006
0202060602020606060006
0204080602040806081007
0402060604020606060006
0207080502070805081008
0408080204080802081008
0103030101030301031003
0605020306050203063005
0a0a04040a0a04040a200a
0c0c06040c0c06040c200c
0f0c05060f0c05060f300d
150c010e150c010e153012
210d0b1d210d0b1d21301f
3914173439141734393037
622624586226245862305f
9c41368b9c41368b9c3099
df5f4fc9df5f4fc9df30de
ff8167ffff8167ffff3126
ff9e79ffff9e79ffff3161
ff9c88ffff9c88ffff3170
ff7090ffff7090ffff0142
d73a83e6d73a83e6e600ed
8b18639c8b18639c9c009d
5e0e446a5e0e446a6a006a
4b102f504b102f50500051
3708274037082740400040
150c2528150c2528280029
0512170a0512170a171014
0b0501090b0501090b300a
1308051013080510133011
271e0516271e0516273025
3528052035280520353033
3d25072d3d25072d3d303a
4725113b4725113b473045
461724474617244747004a
300f464f300f464f4f0050
2125575121255751571059
241e4e4c241e4e4c4e1051
2d0c3d462d0c3d46460047
3604304436043044440044
4418224444182244440048
461f1a41461f1a41463048
39131d3939131d3939003c
3c200c303c200c303c3039
412d0329412d032941303c
2a130e252a130e252a3029
14051c2114051c21210021
17050f1917050f19190019
1a1100111a1100111a3018
0a030e0f0a030e0f0f000f
1731331317313313331034
2a4f4c172a4f4c174f2052
2040401620404016401043
1c32300e1c32300e322033
3c503c003c503c00502050
4b5c3f0a4b5c3f0a5c205c
1f2417061f241706242024
1d1f13071d1f13071f201f
28200a1428200a14283025
0816282008162820281026
1c4a52261c4a5226521053
1b454d211b454d214d104c
2a1d001b2a1d001b2a3027
aec97e1faec97e1fc920cb
ffffee26ffffee26ff2164
ffffe920ffffe920ff2157
87b2810687b28106b220b2
0223322302233223321031
541b2651541b2651543055
9338398693383986933091
c33e61c4c33e61c4c400cd
d4259af7d4259af7f700f9
d20cc0ffd20cc0ffff010e
cb01cbffcb01cbffff010f
d109c5ffd109c5ffff010d
f029b4fff029b4ffff0119
ff56a5ffff56a5ffff013a
ff769dffff769dffff3158
ff759dffff759dffff0157
ff638effff638effff012f
e2526adee2526adee230ec
a2414095a2414095a230a2
7032225e7032225e70306a
61380b4661380b46613059
6f530b436f530b436f306a
7c6f243d7c6f243d7c307e
5c5d2a235c5d2a235d2063
131e1b06131e1b061e201e
261212282612122828002b
432d0733432d0733433044
4533052b4533052b453042
3623022136230221363030
2816041e2816041e283025
0d0507110d050711110011
1d0c09181d0c09181d301a
3e0c2c4a3e0c2c4a4a004a
4e0546654e054665650065
4b024d664b024d66660066
4204485c4204485c5c005c
3c04384e3c04384e4e004e
461e1c40461e1c40463046
604d1235604d123560305d
625f2c25625f2c25623065
2224140a2224140a242025
2c2810142c2810142c302c
3d2c07263d2c07263d303a
1011262510112625261028
11363d1c11363d1c3d103c
0a26321a0a26321a32102e
1830381818303818381035
2842400e2842400e422043
120f0409120f0409123011
5e795a055e795a05792079
58765e0658765e06762076
5f7c61045f7c61047c207c
d7ffc110d7ffc110ff2110
fffff51cfffff51cff2165
bcea9e14bcea9e14ea20ea
404f3407404f34074f204f
090b0701090b07010b200b
0000000000000000000000
0304030003040300042004
0608060006080600082008
0608060006080600082008
0e110c010e110c01112011
29301f0629301f06302030
5668460c5668460c682068
99c38d0999c38d09c320c3
edffed01edffed01ff213b
ffffff02ffffff02ff216a
c5fcb30cc5fcb30cfc20fc
3f340f203f340f203f303d
327b8637327b8637861086
3d9aab4c3d9aab4cab10ab
290d3f49290d3f4949004a
71753b2571753b2575207a
4059420540594205592059
21200f1021200f10213023
4a6f58094a6f58096f206f
306664263066642666206c
0a3b4c2d0a3b4c2d4c104a
0023342300233423341031
031821140318211421101f
0e0b02070e0b02070e300d
2833220328332203332033
1a19080b1a19080b1a301b
0115231901152319231020
1c1104191c1104191c301e
3955470739554707552055
256271362562713671106f
2024585220245852581059
a4811e59a4811e59a4309c
ffffa75affffa75aff2144
ffffc151ffffc151ff215a
c7d27338c7d27338d220d9
5451261d5451261d543056
1a14040e1a14040e1a3018
0a0602080a0602080a300a
0500050605000506060006
0303070703030707070007
0304090803040908091008
0701090b0701090b0b000b
0304090803040908091008
0004060400040604061005
0103030101030301031003
0304030003040300042004
0809060108090601092009
0a0b06030a0b06030b200b
0a0a04040a0a04040a200a
0805000508050005083007
0802040808020408080008
0d03070d0d03070d0d000d
1a0a08161a0a08161a3018
33180b2833180b2833302e
5929174959291749593053
9344297c9344297c93308d
dc6740bddc6740bddc30d7
ff805ffeff805ffeff311c
ff847bffff847bffff3142
ff7385ffff7385ffff3137
f4557af5f4557af5f50103
bb3d5fbbbb3d5fbbbb00c4
8b2e43888b2e43888b308f
62242a5e62242a5e623064
3b1817363b1817363b303b
180a0814180a0814183016
0707070107070701071007
0902090c0902090c0c000c
201500152015001520301d
2e1b04212e1b04212e302a
3515153135151531353035
4216204242162042420045
450e2f4e450e2f4e4e004f
3011485130114851510052
211f4f4b211f4f4b4f1051
2014404020144040400043
24052c3524052c35350035
2805202f2805202f2f002f
35111d3535111d35350037
441c1c42441c1c42443047
471a2146471a214647304a
4e2714414e2714414e304b
52310a3d52310a3d52304e
3c141e3c3c141e3c3c003f
2b0129392b012939390039
3010183030101830300032
2f180b262f180b262f302c
17041d2217041d22220022
0d3643240d364324431040
204f5625204f5625561057
133b4521133b4521451043
0b272f190b272f192f102e
2740390c2740390c402041
3f5845023f584502582058
1f3029061f302906302030
1a15060f1a15060f1a3019
221e0e0e221e0e0e223021
0b1713050b171305172017
3746310437463104462046
36412e0736412e07412041
11150b0311150b03152015
9bb877189bb87718b820b9
ffffe52affffe52aff215c
ffffed2affffed2aff2166
aed08a18aed08a18d020d1
3444300234443002442044
0a040e100a040e10100010
280f0e23280f0e23283026
3b111d3b3b111d3b3b003d
440a3250440a3250500050
4805405b4805405b5b005b
4903455f4903455f5f005f
4f0547634f054763630063
6616447066164470700072
9434448e9434448e943097
cc544ebccc544ebccc30cd
fb6a61eafb6a61eafb3100
ff796affff796affff311d
ff8163ffff8163ffff311d
fe7558e5fe7558e5fe3101
d25950c1d25950c1d230d4
b24a40a0b24a40a0b230b0
af58258caf58258caf30a5
bf750d87bf750d87bf30b2
b7740b84b7740b84b730af
84481a6c84481a6c843081
3e171a3b3e171a3b3e303f
0815120508151205152015
352f0b1f352f0b1f353038
3929012739290127393038
2c1d001d2c1d001d2c3029
1d1b0b0d1d1b0b0d1d301d
0c21220d0c21220d221023
0f1a332e0f1a332e331034
2d0433422d043342420042
3504314435043144440044
3201384532013845450045
3c07364d3c07364d4d004d
5824225258242252583059
7b55054f7b55054f7b3074
87701f4687701f46873084
5540093455400934553052
0b0c1d1a0b0c1d1a1d101c
1226260a1226260a261027
1002141610021416160016
3e230c333e230c333e303d
4b2715434b2715434b304d
5335053b5335053b53304f
54481c2654481c26543051
0c030c0f0c030c0f0f000f
5782690857826908822082
548f841f548f841f8f2092
367c863a367c863a861088
93f4d93293f4d932f420f9
eeffff11eeffff11ff2153
b4efb203b4efb203ef20ef
44563e0444563e04562056
0b0d09010b0d09010d200d
0001020100010201021001
0205060302050603061005
0308090403080904091008
0308090403080904091008
090e0b02090e0b020e200e
21281b0421281b04282028
5263420b5263420b632063
9ec98c0d9ec98c0dc920c9
f8ffe80af8ffe80aff2142
ffffff0affffff0aff2164
c1f0ad0ec1f0ad0ef020f0
2e2a16102e2a16102e302c
578d7915578d79158d208e
66aea02666aea026ae20b2
1f0a353a1f0a353a3a003a
978e3542978e354297309c
7f6919437f6919437f307c
1728514617285146511050
297f8f45297f8f458f1090
2166733821667338731074
0629341f0629341f341033
070e0b02070e0b020e200e
14050e1714050e17170017
0c1328250c132825281029
0827301d0827301d301030
0100010001000100011000
092d3d23092d3d233d1039
3411203b3411203b3b003d
7e7d38337e7d38337e3087
7592650a7592650a922092
17373d1d17373d1d3d103e
7f7c392e7f7c392e7f3084
ffffba38ffffba38ff2137
ffffd93cffffd93cff2161
d4ee902ed4ee902eee20f2
5f6639185f663918662068
1d1b0b0b1d1b0b0b1d301d
0c0702090c0702090c300b
0700070a0700070a0a000a
0503090905030909090009
0304090803040908091008
0701050907010509090009
0500050605000506060006
0101030301010303030003
0001020100010201021001
0304030003040300042004
0608060006080600082008
0809060108090601092009
0908030409080304093008
0704010607040106073007
0501030505010305050005
0300030403000304040004
0604000406040004063005
0d0901070d0901070d300b
180d0211180d0211183015
321908253219082532302c
5c2d14495c2d14495c3055
94432c7f94432c7f94308f
d15c47bcd15c47bcd130d1
ff705eecff705eecff3105
ff726bfeff726bfeff3116
fd6869f0fd6869f0fd3105
da575ccfda575ccfda30e0
b64b48a9b64b48a9b630b8
913e3584913e3584913091
682d225d682d225d683067
432507314325073143303d
18140a0818140a08183015
11060b1411060b14140014
250f0f23250f0f23253026
280b1429280b142929002a
2c110e272c110e272c302a
240f0a1f240f0a1f243022
080b1815080b1815181017
081a2210081a221022101e
001320150013201520101c
11041b1e11041b1e1e001e
1d021d261d021d26260026
2801263328012633330033
3d0e27443d0e2744440045
4d1b254d4d1b254d4d0051
5a291e4f5a291e4f5a3059
612e1d54612e1d5461305f
501334595013345959005b
46083a5646083a56560056
4e1d224b4e1d224b4e3050
4921173f4921173f493047
29042f3a29042f3a3a003a
0138553a0138553a551050
0f4b61370f4b613761105d
03344b3003344b304b1046
071d3327071d3327331030
1131391b1131391b391037
3051480f3051480f512052
1f37310b1f37310b372038
1611040d1611040d163015
222a1c06222a1c062a202a
0f05070f0f05070f0f000f
453a1124453a1124453044
5046182850461828503050
1105091311050913130013
7e9966117e996611992099
ffffd62effffd62eff214d
ffffef33ffffef33ff2172
c8e99621c8e99621e920eb
4b56370c4b56370c562056
0c0f0a010c0f0a010f200f
0502010405020104053004
0802040808020408080008
0901070b0901070b0b000b
0b01090d0b01090d0d000d
0c010a0f0c010a0f0f000f
0e010c110e010c11110011
18070c1718070c17183018
2f150d272f150d272f302c
542814445428144454304e
833e236e833e236e83307e
bb5a35a0bb5a35a0bb30b7
f0724ad2f0724ad2f030ee
ff7665faff7665faff3114
ff6a7bffff6a7bffff3120
ff627bffff627bffff3115
ff6c61ecff6c61ecff3103
ff7b46d7ff7b46d7ff30f7
f67e36caf67e36caf630ee
d76e31b2d76e31b2d730d1
9d5321819d5321819d3099
4d2c093a4d2c093a4d3048
09010d1109010d11110011
421a2246421a224646004a
59212d5b59212d5b5b0060
6029245960292459603061
643a0e4c643a0e4c64305f
52310a3d52310a3d52304e
2f0b1f332f0b1f33330034
1f011f2b1f011f2b2b002b
1f1707131f1707131f301d
021420160214201620101d
381e0e32381e0e3238303a
6c5a1a366c5a1a366c3068
7f7631347f7631347f3080
5e531e2d5e531e2d5e305e
1e1202161e1202161e301c
131b1303131b13031b201b
111a1302111a13021a201a
1501171d1501171d1d001d
3f1327453f132745450047
6b381d5e6b381d5e6b306d
8661085786610857863082
3e1f0e333e1f0e333e303b
4a7c6c124a7c6c127c207d
6faf93156faf9315af20b0
4c8c842a4c8c842a8c2092
89d2b32089d2b320d220d4
e5ffe305e5ffe305ff212f
c2eca218c2eca218ec20ed
555f3b11555f3b115f2060
1311070713110707133012
0202040402020404040004
0106070401060704071007
0308090403080904091008
0308090403080904091008
070a0902070a09020a200a
1b2015041b201504202020
4e5a380e4e5a380e5a205b
a6c17a1da6c17a1dc120c3
ffffc82fffffc82fff213e
ffffe337ffffe337ff2167
dbfb9f29dbfb9f29fb20fe
363a240c363a240c3a203b
6d8657106d865710862086
9bbf7f179bbf7f17bf20c0
1a2a26061a2a26062a202a
7e72283a7e72283a7e307f
8b5809668b5809668b3086
37256d7137256d71710076
0c688e580c688e588e1088
1146572e1146572e571053
0205060302050603061005
0d152d270d152d272d102c
27174b4d27174b4d4d0050
331a5b62331a5b62620065
350c4756350c4756560056
4329052f4329052f43303e
40533c0340533c03532053
140d2a29140d2a292a102b
9280264c9280264c923094
bdb74f4dbdb74f4dbd30c6
66561c3066561c30663062
4267540d4267540d672067
e2ffc415e2ffc415ff211b
ffffe42bffffe42bff215b
deffa428deffa428ff2105
6d7949176d79491779207b
2221100b2221100b223022
0b0503090b0503090b300a
0700070a0700070a0a000a
06020a0a06020a0a0a000a
04040a0a04040a0a0a000a
0603020506030205063005
0403000304030003043004
0201000102010001023001
0001020100010201021001
0204040202040402041004
0407060104070601072007
0607040106070401072007
0605020306050203063005
0604000406040004063005
0403000304030003043004
0201000102010001023001
0304030003040300042004
0506050005060500062006
0505030105050301052005
0b0801060b0801060b300a
1a0c06141a0c06141a3017
3414122e3414122e343032
602820546028205460305d
97442f8497442f84973094
ca5c42b4ca5c42b4ca30ca
ec6a52d6ec6a52d6ec30ee
f5695de3f5695de3f530fa
ef6261e0ef6261e0ef30f4
de585ed4de585ed4de30e5
c7544dbac7544dbac730cc
a958278ca958278ca930a5
724508517245085172306a
2c1e06182c1e06182c3026
05040f1005040f10100010
1b0b0d1d1b0b0d1d1d001f
231e0912231e0912233022
15201b0415201b04202020
0f0111170f011117170017
281e041a281e041a283027
2223120b2223120b232024
06151a0d06151a0d1a1018
110f2927110f2927291029
20113a3d20113a3d3d003f
3902354a3902354a4a004a
4e182a504e182a50500053
5c2426565c2426565c305d
6326295e6326295e633065
5713396157133961610062
5112355a5112355a5a005b
5a291e4f5a291e4f5a3059
53261d4a53261d4a533053
3407404d3407404d4d004d
1137634f1137634f631060
0542674805426748671061
0e2d523f0e2d523f52104d
1a163c3a1a163c3a3c103e
0a233e310a233e313e103c
1941471f1941471f471048
19302d0c19302d0c302031
1010080410100804102010
2632220426322204322032
070d0901070d09010d200d
2b2b170d2b2b170d2b202c
444724174447241747204a
20210e0f20210e0f212024
62734c0f62734c0f732073
ffffc62effffc62eff2137
fffff237fffff237ff217b
dfffa527dfffa527ff2105
5b6841105b684110682069
13150d0313150d03152015
0000000000000000000000
0001020100010201021001
0101030301010303030003
0301010303010103030003
0201000102010001023001
0000000000000000000000
0201000102010001023001
0a0702050a0702050a3008
1810020e1810020e183015
2e1a04202e1a04202e3029
542c0e40542c0e4054304d
853f236f853f236f85307f
b44b42a5b44b42a5b430b5
dc5460d4dc5460d4dc30e4
fb6071f4fb6071f4fb3106
ff756fffff756fffff311e
ff8268ffff8268ffff3128
ff8a5cffff8a5cffff3126
ff9046eeff9046eeff3116
fa8c2ac4fa8c2ac4fa30f0
bb7b0583bb7b0583bb30b3
5f511b2d5f511b2d5f305c
0420382a0420382a381034
4f0749694f074969690069
7f2749877f27498787008c
9a403e909a403e909a309d
963648949636489496309d
7a0c6a987a0c6a98980098
7409689574096895950095
883d307d883d307d88308b
6e46064e6e46064e6e3068
18041a1e18041a1e1e001e
3b523b003b523b00522052
5e6f46115e6f46116f2070
535f3b13535f3b135f2060
2331250123312501312031
190a0718190a071819301a
322a0e1a322a0e1a323031
1d2415061d241506242024
09111d1909111d191d101e
45240d3845240d38453042
836f2145836f2145833082
5849123158491231583057
3d60530c3d60530c602060
8ebc8a068ebc8a06bc20bc
75966b0475966b04962096
94af721394af7213af20b0
edffa733edffa733ff2111
e1f48f3ae1f48f3af420fa
74753e2374753e2375207a
201b0a0d201b0a0d20301d
0301050503010505050005
0206080402060804081007
0308090403080904091008
0308090403080904091008
0308090403080904091008
1318110013181100182018
424e340a424e340a4e204e
98b2761698b27616b220b3
fcffc226fcffc226ff212a
ffffda38ffffda38ff2160
f1ff9b3cf1ff9b3cff2112
5f5c29265f5c29265f3063
4c6042064c604206602060
a5b25f32a5b25f32b220b8
5c5016365c5016365c3060
2331270323312703312031
4b3201384b3201384b304b
1f1843461f18434646004a
113d4b27113d4b274b1048
181f1a01181f1a011f201f
041a261c041a261c261026
003a5436003a543654104f
163b6e59163b6e596e106a
38246e7238246e72720077
5a10446c5a10446c6c006d
774f0551774f0551773071
7d742d367d742d367d307f
373d2311373d23113d203f
5b521d2a5b521d2a5b305c
c3b4455ac3b4455ac330c9
98791c5798791c57983095
0b3745270b374527451043
bff0a712bff0a712f020f0
ffffd335ffffd335ff214f
f5ffa736f5ffa736ff2117
858e5122858e51228e2092
2d2b150f2d2b150f2d302d
0a0502070a0502070a3008
0401060704010607070007
0503090905030909090009
04040a0a04040a0a0a000a
0604000406040004063005
0604000406040004063005
0403000304030003043004
0304030003040300042004
0204040202040402041004
0305050103050501051005
0505030105050301052005
0403000304030003043004
0604000406040004063005
0604000406040004063005
0403000304030003043004
0505030105050301052005
0406040004060400062006
0303010103030101032003
0501030505010305050005
0801080b0801080b0b000b
0f000d120f000d12120012
2009101f2009101f203020
401b1437401b143740303d
6b321d5a6b321d5a6b3066
99492b8399492b83993095
be583ca8be583ca8be30bd
d55b4fc3d55b4fc3d530d7
e0595ed5e0595ed5e030e6
ee665adcee665adcee30f2
f77f3fd1f77f3fd1f730f4
db7c27aedb7c27aedb30d5
9959157599591575993093
502f0637502f0637503048
0f04030a0f04030a0f300a
1e23100b1e23100b232024
2a2f180d2a2f180d2f2030
0d0d05050d0d05050d200d
1821180118211801212021
2233280322332803332033
122d3013122d3013301030
02283c2a02283c2a3c103a
151f413b151f413b411042
2f012f3f2f012f3f3f003f
40161e3e40161e3e403041
471f173f471f173f473046
4a23143f4a23143f4a3048
3d1b13373d1b13373d303d
3720072837200728373033
3b2b03233b2b03233b3037
3819163338191633383038
2615484b2615484b4b004d
1636685616366856681065
1336655013366550651060
1929574919295749571053
261546492615464949004b
2115414321154143430046
04273e2d04273e2d3e103b
061b2211061b221122101f
1110070411100704113010
2829140d2829140d29202b
1c0b0e1d1c0b0e1d1d001f
0222322202223222321030
1b3b3d171b3b3d173d103f
132a290c132a290c2a202b
5255301552553015552057
f5ffb52cf5ffb52cff211f
fffff736fffff736ff217f
f3ffb927f3ffb927ff211f
6a7b4e116a7b4e117b207c
181b1005181b10051b201b
0201000102010001023001
0102010001020100022002
0102010001020100022002
0102010001020100022002
0102010001020100022002
0000000000000000000000
0000000000000000000000
0304030003040300042004
0809060108090601092009
0d0a03060d0a03060d300b
1b1001121b1001121b3018
311809263118092631302c
4c2018424c2018424c3049
6f2d29656f2d29656f306e
9a3f3a8d9a3f3a8d9a309a
cd5949b9cd5949b9cd30cd
fa6e5ae4fa6e5ae4fa30fd
ff8462ffff8462ffff3123
ff9d5bffff9d5bffff313c
ffae4affffae4affff3141
ffb72df1ffb72df1ff312e
ffa410b8ffa410b8ff30f6
a4730669a4730669a4309b
3d33111b3d33111b3d3039
1b0a0f1e1b0a0f1e1e001f
542e1244542e1244543052
642432646424326464006a
5c0568835c056883830083
7403769d7403769d9d009d
b54e47aab54e47aab530bb
c56e27a0c56e27a0c530c2
7927417d7927417d7d0082
182d584b182d584b581057
2652501a2652501a522056
435e4502435e45025e205e
3445300334453003452045
0204060002040600061004
233a350c233a350c3a203b
1634361816343618361039
031c2114031c2114211022
1f16070e1f16070e1f301a
5e6a40145e6a40146a206b
545f3617545f36175f2061
2d3d2f032d3d2f033d203d
93b1731993b17319b120b2
8d9653268d96532696209a
988e3e38988e3e38983098
f1ef7557f1ef7557f130fe
ffff8859ffff8859ff2117
9e9b4c359e9b4c359e30a3
322d1213322d1213323030
0702030607020306073006
0106070401060704071007
0308090403080904091008
0308090403080904091008
0308090403080904091008
0d1311030d131103132013
3548390235483902482048
80b4920a80b4920ab420b4
ceffec17ceffec17ff2123
edfff90cedfff90cff2144
cafaa61acafaa61afa20fb
6f6d2d316f6d2d316f3077
132a2d16132a2d162d102f
7a7b3c2b7a7b3c2b7b2082
7a5b0c537a5b0c537a307b
35131b3735131b3737003a
000b1407000b140714100d
0604020206040202063004
2714072027140720273025
2f091f372f091f37370037
131b3733131b3733371039
1247522712475227521051
1d58632e1d58632e631063
0930513e0930513e51104e
461e1c42461e1c42463048
765b0e43765b0e43763071
91771b4f91771b4f91308e
7b5c07527b5c07527b307b
100f2a2b100f2a2b2b002d
7083501970835019832085
8b8a3d3c8b8a3d3c8b3096
18080e1c18080e1c1c001d
a1b56d25a1b56d25b520b8
ffffb250ffffb250ff2142
ffffa84cffffa84cff2131
a4ac602ca4ac602cac20b1
3a3b1e113a3b1e113b203d
0b0701070b0701070b3009
0303070703030707070007
0304090803040908091008
0304090803040908091008
0404020204040202042004
0504010205040102053004
0404020204040202042004
0607040106070401072007
0304030003040300042004
0303010103030101032003
0403000304030003043004
0501030505010305050005
0704010607040106073007
0804020608040206083007
0704010607040106073007
0907010509070105093008
0805000508050005083007
0601040706010407070007
0503090905030909090009
04050c0b04050c0b0c100c
06040c0c06040c0c0c000c
0a010a0d0a010a0d0d000d
1507091315070913153014
2a140a222a140a222a3027
4a25103b4a25103b4a3045
6e371a5b6e371a5b6e306a
8d412b7b8d412b7b8d308b
a5453d97a5453d97a530a6
c75a41b0c75a41b0c730c5
f27f38c7f27f38c7f230ec
ff9037d6ff9037d6ff3101
f8843cd0f8843cd0f830f6
c9613fb1c9613fb1c930c9
832d4183832d418383008a
3b043d503b043d50500050
0820322408203224321030
030d130d030d130d131012
1f1f11091f1f11091f2020
313a2708313a27083a203a
2e4134032e413403412041
1f3a37121f3a37123a203c
0922291609222916291028
0f020d120f020d12120012
1c18080e1c18080e1c301b
2020100a2020100a202021
2026180620261806262026
1b2b25051b2b25052b202b
152f3115152f3115311033
0b1f23130b1f2313231024
02080e0a02080e0a0e100c
0330452e0330452e451042
0438584004385840581055
0e2b4e3d0e2b4e3d4e104a
0d2645360d264536451042
1716373417163734371038
1b0c2f321b0c2f32320033
0f102b280f102b282b102b
0d0517170d051717170017
1810000e1810000e183015
2417001724170017243020
1b031d271b031d27270027
0a1e362c0a1e362c361035
072a3922072a3922391036
0a232c150a232c152c1028
45431f1745431f17453046
e2ffa42ae2ffa42aff2107
fffff836fffff836ff2181
ffffcb29ffffcb29ff2139
7a8e5c127a8e5c128e208f
1d2115051d211505212021
0303010103030101032003
0201000102010001023001
0301010303010103030003
0101030301010303030003
0001020100010201021001
0000000000000000000000
0000000000000000000000
0303010103030101032003
0707030307070303072007
0806020408060204083007
0a0702050a0702050a3008
0e0a02080e0a02080e300c
150b030f150b030f153012
2411081d2411081d243021
3e1d10333e1d10333e303a
642e1c54642e1c5464305f
93422d8093422d80933090
cc5e40b2cc5e40b2cc30c9
ff804ee6ff804ee6ff3107
ffa15affffa15affff3140
ffc05cffffc05cffff316c
ffcd56ffffcd56ffff3179
ffb455ffffb455ffff3155
ff7659ecff7659ecff3107
a42e5caaa42e5caaaa00b0
52014c6952014c69690069
2a0a182c2a0a182c2c002d
1b3335111b333511351035
1c285c501c285c505c1059
8931458b8931458b8b0093
d36a3bb6d36a3bb6d330d2
bc455abfbc455abfbf00cb
7a0d68997a0d6899990099
30154c5330154c53530055
1b3c39101b3c39103c203e
3d3f1d173d3f1d173f2043
150d2929150d292929002b
0e4b60370e4b603760105d
0434523c0434523c52104f
1909292d1909292d2d002d
2a1f04172a1f04172a3026
585e3614585e36145e2060
5b5d311f5b5d311f5d2062
091a1d12091a1d121d101f
798e5918798e59188e2090
908c4038908c4038903096
92721a4c92721a4c923089
e8d15267e8d15267e830e9
ffff8c6bffff8c6bff3134
cecc6446cecc6446ce30d7
4e471e1d4e471e1d4e304c
0e08020a0e08020a0e300c
0005080500050805081007
0307070303070703071007
0407060104070601072007
0608060006080600082008
0d130f010d130f01132013
344b3c05344b3c054b204b
84c8a61484c8a614c820c8
c7ffff2fc7ffff2fff213a
bfffff35bfffff35ff212f
8cc49c0c8cc49c0cc420c4
5b5a2b265b5a2b265b3061
1905152519051525250025
3437240d3437240d372038
5f5421305f5421305f3060
4a4316234a4316234a304b
1406101214061012143012
071d3527071d3527351030
2c0d404b2c0d404b4b004c
4508375645083756560056
2f022b3e2f022b3e3e003e
11333b1911333b193b1038
415f4b05415f4b055f205f
26372a0326372a03372037
1c1a0a0a1c1a0a0a1c301b
4e4618224e4618224e304d
7952015079520150793072
95511f7d95511f7d953094
71263b7a71263b7a7a007f
043350390433503950104c
56714e0d56714e0d712071
333b2113333b21133b203d
6e713c236e713c23712076
ffff9c54ffff9c54ff212c
ffffb455ffffb455ff214d
c5d27534c5d27534d220d8
4d4d27174d4d27174d2050
110a010c110a010c11300f
0503090905030909090009
0303070703030707070007
0203060502030605061005
0304030003040300042004
0304030003040300042004
0304030003040300042004
0608060006080600082008
0304030003040300042004
0201000102010001023001
0301010303010103030003
0300030403000304040004
0603020506030205063005
0703030707030307070007
0904030809040308093008
0c0800080c0800080c300b
0904030809040308093008
0601080906010809090009
04040a0a04040a0a0a000a
04060c0a04060c0a0c100b
04040a0a04040a0a0a000a
0601080906010809090009
0801060908010609090009
1007040d1007040d10300e
1e1004161e1004161e301b
331b0927331b092733302f
4b25133f4b25133f4b3049
632d1f57632d1f57633061
8541236f8541236f853080
b5602590b5602590b530ad
e37633bae37633bae330dc
ff7b50e3ff7b50e3ff3102
ff6b73ffff6b73ffff3116
f74b8ffff74b8fffff0111
cd2b93edcd2b93eded00f0
970c87be970c87bebe00be
7809689378096893930093
7a263e7a7a263e7a7a007f
83431d6b83431d6b83307e
8254045a8254045a82307b
6e4800486e4800486e3065
4a2906374a2906374a3044
23090f2123090f21233022
01151b0f01151b0f1b1019
1225260d1225260d261027
132d3315132d3315331031
133b4521133b4521451043
0b38472a0b38472a471046
0f0c21220f0c2122220024
262c1a08262c1a082c202c
2a4940112a49401149204a
18383a1818383a183a103c
0c2024100c202410241023
131c1502131c15021c201c
130f010d130f010d133013
150b0513150b0513153015
1510070a1510070a153012
02040a0602040a060a1007
150a0914150a0914153016
1e0c0a1c1e0c0a1c1e301e
10010c1510010c15150015
090f0901090f09010f200f
231e0b12231e0b12233022
2826160e2826160e283028
272e1b08272e1b082e202e
caeb9623caeb9623eb20ed
fffff833fffff833ff217e
ffffda2cffffda2cff2150
8ca368178ca36817a320a4
2529190725291907292029
0505030105050301052005
0000000000000000000000
0000000000000000000000
0000000000000000000000
0000000000000000000000
0000000000000000000000
0000000000000000000000
0201000102010001023001
0604000406040004063005
0806000608060006083008
0908030409080304093008
0809060108090601092009
0505030105050301052005
0806020408060204083007
120c020a120c020a12300f
201202162012021620301c
381d0a2b381d0a2b383033
602f164d602f164d60305a
984a267e984a267e983092
de6a3ebcde6a3ebcde30d7
ff9056ffff9056ffff3127
ffb56dffffb56dffff3172
ffbd86ffffbd86ffff319b
ffa09dffffa09dffff3191
ff70a0ffff70a0ffff0158
f54c81faf54c81fafa0105
bb5537a1bb5537a1bb30b6
967b244b967b244b963090
4f6d53034f6d53036d206d
2f0f454d2f0f454d4d004e
973a4192973a419297309d
b9415bbdb9415bbdbd00c7
b13d5bb7b13d5bb7b700c0
86363a8286363a8286308c
2f0823362f082336360036
181a0c0c181a0c0c1a201c
0c19302b0c19302b301031
18505e2e18505e2e5e105c
0537513105375131511049
2704353e2704353e3e003e
4f261b484f261b484f3051
7b57094b7b57094b7b3072
7b5b11497b5b11497b3074
2c11102d2c11102d2d0030
4754350e4754350e542055
83762d3e83762d3e833085
88620e5088620e5088307e
d2bb4a5bd2bb4a5bd230cf
ffffa75affffa75aff2140
e9fb8d3de9fb8d3dfb2102
5f63331b5f63331b632066
140f020b140f020b143012
0303070703030707070007
0005080500050805081007
0206080402060804081007
0307070303070703071007
0d120d000d120d00122012
3b4b33053b4b33054b204b
a2ce8c0ea2ce8c0ece20ce
feffe215feffe215ff2145
ecffcc14ecffcc14ff2124
8f9d67198f9d67199d209e
50421a2650421a2650304c
3021002330210023303030
010e1b10010e1b101b1015
37554b0b37554b0b552055
345b5417345b54175b205d
0f0507130f050713130013
2b4a43102b4a43104a204b
0729433507294335431043
38141a3a38141a3a3a003d
3527032135270321353033
0e1718050e171805181017
4a573a0b4a573a0b572057
36351a1336351a13363038
010c110e010c110e111012
241d0811241d0811243021
481822464818224648304a
792a397a792a397a7a0081
9141338991413389913097
58202c5c58202c5c5c0061
1634381216343812381037
404c2c14404c2c144c204e
2e3628022e362802362036
deffa02ddeffa02dff2102
ffffd03effffd03eff2157
d8f29030d8f29030f220f6
5c5f321b5c5f321b5f2062
1711030d1711030d173015
0500050605000506060006
0101030301010303030003
0001020100010201021001
0504010205040102053004
0404020204040202042004
0504010205040102053004
0707030307070303072007
0604000406040004063005
0300030403000304040004
0300030403000304040004
0300030403000304040004
0501030505010305050005
0602020606020206060006
0804020608040206083007
0a0700070a0700070a3009
0904030809040308093008
0503090905030909090009
04040a0a04040a0a0a000a
0304090803040908091008
0203060502030605061005
0300030403000304040004
0300030403000304040004
0604000406040004063005
0b0801060b0801060b300a
130b010d130b010d133011
2110071a2110071a21301e
33190d2b33190d2b333031
4f29113f4f29113f4f304b
723b185b723b185b72306c
9a4c26809a4c26809a3094
bf5241aabf5241aabf30bc
d9486bd8d9486bd8d930e3
ed3d95ffed3d95ffff010a
fb38affffb38afffff0123
f32eb5fff32eb5ffff0121
e32aa7ffe32aa7ffff0109
db3a85eadb3a85eaea00f1
de5264d6de5264d6de30e5
e0654ac7e0654ac7e030df
cb5c41b4cb5c41b4cb30ca
a24c2e8ea24c2e8ea230a1
6a3714536a3714536a3063
1e03161f1e03161f1f001f
12292a0d12292a0d2a102b
1b3a3b161b3a3b163b103e
1b4449201b44492049104b
12343a1c12343a1c3a103b
0f07050d0f07050d0f300e
2f402d002f402d00402040
3a4d36013a4d36014d204d
2c301c0c2c301c0c302031
221502172215021722301f
25071b2925071b29290029
2d0637442d063744440044
440d3051440d3051510052
4d2a0d3e4d2a0d3e4d304a
2b2209162b2209162b3028
010a110e010a110e111011
1a0e04181a0e04181a301b
14201e0414201e04202020
1415343314153433341037
481a204a481a204a4a004e
5941093759410937593055
0409100d0409100d10100f
accc841caccc841ccc20cd
fffff432fffff432ff2177
ffffe82dffffe82dff2163
9eb8761a9eb8761ab820b9
2f331d0b2f331d0b332034
0908030409080304093008
0201000102010001023001
0000000000000000000000
0000000000000000000000
0001020100010201021001
0101030301010303030003
0300030403000304040004
0301010303010103030003
0402000204020002043002
0605020306050203063005
0a0b06030a0b06030b200b
090b0701090b07010b200b
0304030003040300042004
0304030003040300042004
0608060006080600082008
0809060108090601092009
0f0c05060f0c05060f300d
1d1201121d1201121d3019
391f0729391f0729393033
6331154f6331154f63305c
a14c2b86a14c2b86a1309a
f07144cdf07144cdf030ea
ff8d67ffff8d67ffff3138
ff9789ffff9789ffff316d
ff9596ffff9596ffff3179
ff967bffff967bffff315a
ffad34efffad34efff3127
ffcc229cffcc229cff3100
c5b34753c5b34753c530c5
4b5635104b563510562057
20082c3420082c34340034
661f3a6d661f3a6d6d0071
9847348b9847348b98309c
ab661986ab661986ab30a8
7b4d0d5d7b4d0d5d7b3078
311b0b25311b0b2531302d
2222120622221206222022
3b4831083b483108482048
34493a0134493a01492049
012a412a012a412a41103b
4c0f3a5d4c0f3a5d5d005e
93521b7693521b7693308f
a0680470a0680470a03098
6947014969470149693065
040d1007040d100710100e
6059262d6059262d603063
74692e3174692e31743073
a8bc761ea8bc761ebc20be
fbffdd15fbffdd15ff213d
d8ffbe11d8ffbe11ff2113
5d734d0b5d734d0b732073
14140a0614140a06142014
0102050401020504051004
0004060400040604061005
0106070401060704071007
0206080402060804081007
0a0e0c020a0e0c020e200e
373d230b373d230b3d203d
a7ae5b30a7ae5b30ae20b4
ffff9663ffff9663ff213a
ffff847bffff847bff313f
cdad3b63cdad3b63cd30c7
6b5013386b5013386b3061
3c32101c3c32101c3c3039
0d0413140d041314140014
33615d1b33615d1b612064
316a6f2a316a6f2a6f1072
2d101b322d101b32320034
6b6a2d2a6b6a2d2a6b3072
423d181b423d181b423042
03191d1103191d111d101e
1c362e0c1c362e0c362037
120b000b120b000b12300f
464c2a12464c2a124c204e
362e0e1c362e0e1c363035
13040d1813040d18180018
060e0e04060e0e040e100e
0e1b342d0e1b342d341034
4104395241043952520052
7c4418667c4418667c307a
7e56045a7e56045a7e307c
290c1b2e290c1b2e2e002f
2635260326352603352035
0b1b23150b1b2315231022
a4d8a002a4d8a002d820d8
ffffdd22ffffdd22ff2149
dfffa32adfffa32aff2105
6b72411c6b72411c722075
1f1d0d0b1f1d0d0b1f301f
0504010205040102053004
0000000000000000000000
0000000000000000000000
0603020506030205063005
0704010607040106073007
0805000508050005083007
0805000508050005083007
0704010607040106073007
0501030505010305050005
0300030403000304040004
0300030403000304040004
0300030403000304040004
0403000304030003043004
0504010205040102053004
0605020306050203063005
0604000406040004063005
0004060400040604061005
0004060400040604061005
0101030301010303030003
0001020100010201021001
0000000000000000000000
0000000000000000000000
0304030003040300042004
0505030105050301052005
0604000406040004063005
0b0601080b0601080b300a
150b030f150b030f153012
2616041c2616041c263023
3c200a2e3c200a2e3c3038
552a1546552a1546553051
6c2e26626c2e26626c306c
7a22447e7a22447e7e0082
8b18639e8b18639e9e009f
a91d7bc3a91d7bc3c300c5
c62b88e1c62b88e1e100e5
d93989edd93989eded00f3
e5477fede5477feded00f7
f35a6fecf35a6fecf330fc
ff6c61ecff6c61ecff3103
fc6e5ae6fc6e5ae6fc30fe
f07940cdf07940cdf030ee
ca75209dca75209dca30c3
722f2c67722f2c67723071
1f1c43401f1c4340431045
0837422708374227421043
1d38310e1d38310e382039
21210f0d21210f0d212023
0713211d0713211d211022
1b3937151b39371539203c
2d3a29042d3a29043a203a
2c260e162c260e162c302b
210e0b1c210e0b1c21301f
14102a2814102a282a102b
171d3f3b171d3f3b3f1041
3c1220403c122040400042
584b162d584b162d583057
3f48290e3f48290e482049
10201c0a10201c0a202021
191b1109191b11091b201c
284e4a16284e4a164e2051
003c563c003c563c561054
4a1d1e494a1d1e494a304e
7264223672642236723071
25220b1225220b12253026
8da871148da87114a820a9
ffffee2dffffee2dff216b
fffff22efffff22eff2172
b0cd841db0cd841dcd20cf
393e250c393e250c3e203f
0c0b04050c0b04050c300c
0403000304030003043004
0201000102010001023001
0000000000000000000000
0102010001020100022002
0103030101030301031003
0101030301010303030003
0402020404020204040004
0403000304030003043004
0505030105050301052005
090c0900090c09000c200c
090c0900090c09000c200c
0305050103050501051005
0205060302050603061005
0308090403080904091008
0307070303070703071007
0407060104070601072007
0809060108090601092009
0f0b03070f0b03070f300d
1e1102151e1102151e301b
3b1e092c3b1e092c3b3035
673315516733155167305f
a04c2a86a04c2a86a0309a
de6546c3de6546c3de30db
ff825bfaff825bfaff3119
ffa95bffffa95bffff314b
ffdc3bffffdc3bffff316d
ffff09ffffff09ffff3178
fff10edffff10edfff3148
ec9b029fec9b029fec30de
7d4c0b5a7d4c0b5a7d3075
2518011825180118253021
3323032533230325333032
816109538161095381307f
946e0a60946e0a60943092
6c46064c6c46064c6c3067
4c2d08354c2d08354c3045
553e0932553e093255304f
645d242f645d242f643068
50623e0e50623e0e622062
0423382904233829381035
6b3e11566b3e11566b306a
9e750e639e750e639e3099
8f79234b8f79234b8f308e
393513193935131939303a
37422f0c37422f0c422043
648b6e03648b6e038b208b
84d6be2c84d6be2cd620da
c2ffff33c2ffff33ff2137
afffd517afffd517ff2106
5271560152715601712071
13170f0313170f03172017
0102030201020302031002
0205060302050603061005
0205060302050603061005
0206060202060602061006
080c0a02080c0a020c200c
2728170827281708282028
8078362e8078362e803080
ffef626dffef626dff3106
ffff679affff679aff3144
ffde418affde418aff3105
a1872b4da1872b4da1309b
504b2419504b241950304f
0402060604020606060006
4a6952054a695205692069
4f7b690f4f7b690f7b207b
1d05292d1d05292d2d002d
82630e5182630e5182307f
794b0759794b0759793074
2e0324392e032439390039
0b1c1b080b1c1b081c201d
010a0f10010a0f10100012
2733210327332103332033
2c1d04232c1d04232c302d
2a12102a2a12102a2a002d
3432161434321614343035
273b2f07273b2f073b203b
061320190613201920101f
4835062b4835062b483044
715e173e715e173e713070
4d34033a4d34033a4d304d
0a0512130a051213130013
1122231211222312231026
81b0870881b08708b020b0
f3ffc721f3ffc721ff2128
eaffa234eaffa234ff210d
838a4d24838a4d248a208e
2d2c150e2d2c150e2d302e
0908030409080304093008
0201000102010001023001
0000000000000000000000
0602020606020206060006
0804020608040206083007
0806000608060006083008
0804020608040206083007
0704010607040106073007
0604000406040004063005
0201000102010001023001
0000000000000000000000
0000000000000000000000
0304030003040300042004
0305050103050501051005
0204040202040402041004
0103030101030301031003
0304030003040300042004
0304030003040300042004
0000000000000000000000
0000000000000000000000
0000000000000000000000
0000000000000000000000
0304030003040300042004
0304030003040300042004
0201000102010001023001
0404020204040202042004
0705010307050103073005
0e0a02080e0a02080e300c
1a1100111a1100111a3018
2714071e2714071e273024
3516133035161330353034
3a0d26413a0d2641410042
3c01384d3c01384d4d004d
4702415a4702415a5a005a
6314436e6314436e6e006f
852a4788852a478888008e
a53b4fa3a53b4fa3a530ad
c64f52bbc64f52bbc630cb
e46254d0e46254d0e430e5
f86e56e0f86e56e0f830f9
ff8b47e7ff8b47e7ff310d
ff9839e2ff9839e2ff3110
d85956cbd85956cbd830dd
800d6c9f800d6c9f9f009f
430a4f62430a4f62620062
13091d1f13091d1f1f0020
0d0315190d031519190019
0f1c3d360f1c3d363d103c
072543330725433343103f
022234200222342034102e
081f2613081f2613261024
030a110e030a110e111011
1c1c0c0a1c1c0c0a1c201d
22210c0d22210c0d223023
041c2618041c2618261024
2b5b591f2b5b591f5b2060
2856541e2856541e56205b
081f2213081f2213221024
23342d0623342d06342034
3b726f243b726f24722077
144f6035144f603560105f
422608324226083242303e
777d4323777d43237d2081
3b41250f3b41250f412042
6e8960096e896009892089
ffffe921ffffe921ff2158
fffffd2afffffd2aff217a
c0e3941dc0e3941de320e4
414a2d0c414a2d0c4a204a
0e0d06050e0d06050e300d
0605020306050203063005
0303010103030101032003
0000000000000000000000
0201000102010001023001
0403000304030003043004
0402020404020204040004
0101030301010303030003
0103030101030301031003
0406040004060400062006
090c0900090c09000c200c
090c0900090c09000c200c
0407060104070601072007
0307070303070703071007
0308090403080904091008
0205060302050603061005
0305050103050501051005
0608060006080600082008
0506050005060500062006
0706030207060302073006
0f0d05070f0d05070f300e
1f1503111f1503111f301b
371f0527371f0527373031
6030144c6030144c603059
9b4d257f9b4d257f9b3094
ec7a36c0ec7a36c0ec30e3
ffbc3bffffbc3bffff3144
ffff33ffffff33ffff319c
ffff33ffffff33ffff31b4
ffd946ffffd946ffff3179
ff924af6ff924af6ff311e
c85f38abc85f38abc830c3
5f2525595f2525595f3060
16261e0416261e04262026
6b5c193c6b5c193c6b306d
7a5704517a5704517a3076
633c0948633c094863305d
5e3b043f5e3b043f5e3056
785e1244785e1244783074
8f7e27488f7e27488f3091
6050123660501236603060
061c2614061c2614261022
5670500656705006702070
7191630b7191630b912091
405c4402405c44025c205c
323b280b323b280b3b203c
7eb9960d7eb9960db920b9
96f8dc3496f8dc34f820fd
affff936affff936ff211f
98e1bc1598e1bc15e120e1
4f684f024f684f02682068
17190f0517190f05192019
0101030301010303030003
0206060202060602061006
0205060302050603061005
0206080402060804081007
060b0a03060b0a030b200b
16180e0416180e04182018
504a221c504a221c50304f
beae4a4cbeae4a4cbe30bd
ffff647effff647eff311d
ffff5f87ffff5f87ff3124
dacb545bdacb545bda30de
74763e2074763e2076207a
070a0b04070a0b040b100a
5963391559633915632065
748958177489581789208a
1e3530091e353009352035
57400b3857400b38573055
735d1941735d1941733071
3b38151a3b38151a3b303d
05121b1805121b181b101e
1709252d1709252d2d002d
060a1816060a1816181018
0a030e130a030e13130013
2b170b272b170b272b302d
4e491c214e491c214e3050
48441a1c48441a1c483049
27130f2527130f25273029
0322332403223324331031
2b4237082b423708422042
333b2111333b21113b203d
1d281b041d281b04282028
1a3534171a353417352039
6086680a6086680a862086
d3f79d27d3f79d27f720fa
f4ff9843f4ff9843ff2111
a5a95933a5a95933a920b0
43401f1643401f16433043
100e0606100e060610300f
0304030003040300042004
0101030301010303030003
0402020404020204040004
0603020506030205063005
0905010709050107093008
0905010709050107093008
0804020608040206083007
0807020508070205083008
0504010205040102053004
0000000000000000000000
0000000000000000000000
0304030003040300042004
0407060104070601072007
0204040202040402041004
0000000000000000000000
0204040202040402041004
0104050201040502051004
0100010201000102020002
0201000102010001023001
0000000000000000000000
0000000000000000000000
0304030003040300042004
0304030003040300042004
0000000000000000000000
0304030003040300042004
0304030003040300042004
0504010205040102053004
0c0902070c0902070c300b
1109030d1109030d11300f
16070a1516070a15163016
1802141e1802141e1e001e
16051e2316051e23230023
17061f2417061f24240024
23041b2823041b28280028
38121a3638121a36383038
5420224e5420224e543054
78332c6d78332c6d783078
a0453a91a0453a91a030a0
c75747b5c75747b5c730c8
fb7a47d6fb7a47d6fb30f6
ff914af3ff914af3ff311a
ff6d6bfdff6d6bfdff3113
d63c80e6d63c80e6e600ed
ac3660b4ac3660b4b400bb
81392f7581392f75813082
533701375337013753304d
30392a0330392a03392039
0b2c3f240b2c3f243f1038
111f453b111f453b451042
1b1b45411b1b4541451046
2a04303c2a04303c3c003c
421b1a3b421b1a3b423040
44102c4a44102c4a4a004b
25275f5b25275f5b5f1063
02517a5502517a557a1075
0645603b0645603b60105a
0f071b1d0f071b1d1d001d
3d5643043d564304562056
518e8524518e85248e2092
1b5363331b536333631061
4835082b4835082b483044
7f8f59197f8f59198f2091
4552350a4552350a522052
5c7352055c735205732073
ffffe118ffffe118ff2142
ffffff22ffffff22ff217b
cbf5a31bcbf5a31bf520f6
4c56360e4c56360e562057
1111090511110905112011
0606020206060202062006
0404020204040202042004
0201000102010001023001
0000000000000000000000
0201000102010001023001
0301010303010103030003
0300030403000304040004
0102050401020504051004
0205060302050603061005
070b0901070b09010b200b
090c0900090c09000c200c
0608060006080600082008
0608060006080600082008
0608060006080600082008
0305050103050501051005
0205060302050603061005
0307070303070703071007
0206060202060602061006
0205060302050603061005
0509090305090903091009
090b0701090b07010b200b
100b0209100b020910300e
201202162012021620301c
3e21082d3e21082d3e3037
723b1457723b1457723069
cb6f219bcb6f219bcb30be
ffbb2df5ffbb2df5ff3134
fff145fffff145ffff3199
ffef65ffffef65ffff31bb
ffd06cffffd06cffff3198
ffb14effffb14effff314d
f0832abdf0832abdf030e5
6b361b586b361b586b3067
15211b0115211b01212021
5849123358491233583059
624502416245024162305e
5d3d033f5d3d033f5d3057
734b034b734b034b73306a
9f6d016b9f6d016b9f3098
a25d1a81a25d1a81a2309f
5a015a795a015a79790079
055c8f62055c8f628f1086
2e899e4b2e899e4b9e109c
1a5f72391a5f723972106e
52400e2e52400e2e52304e
b8dd901db8dd901ddd20de
d4ffc606d4ffc606ff2112
c9ffc103c9ffc103ff2105
a2c78c11a2c78c11c720c7
5d6841145d684114682069
211f0f0b211f0f0b213020
0501030505010305050005
0205060302050603061005
0206060202060602061006
0307070303070703071007
0509090305090903091009
0d0f0b010d0f0b010f200f
2f2f190d2f2f190d2f2030
7f7b3b2b7f7b3b2b7f3082
e0d56057e0d56057e030e6
ffff7273ffff7273ff3120
ffff7664ffff7664ff3112
a9ad5b33a9ad5b33ad20b4
22281c0222281c02282028
524e2220524e2220523054
898a4332898a43328a2092
605f2a27605f2a27603066
0d1f230b0d1f230b231020
4c6d54034c6d54036d206d
375a490e375a490e5a205b
0c2a2e160c2a2e162e102f
0b0c1f1c0b0c1f1c1f101e
1c0d101f1c0d101f1f0021
2420081424200814243025
0708010407080104082008
46451c1d46451c1d46304a
503702335037023350304b
38023a4c38023a4c4c004c
2c1c585c2c1c585c5c0060
211d4f4d211d4f4d4f1052
0729452f0729452f45103e
0f3f4d270f3f4d274d104a
0f404f2e0f404f2e4f104e
34574e1734574e17572059
a4b76c27a4b76c27b720bb
f8fd8057f8fd8057fd210b
d3ca5b52d3ca5b52d330da
6c60262e6c60262e6c306a
241d0a0f241d0a0f243020
0809060108090601092009
0003040300030403041004
0501030505010305050005
0602020606020206060006
0804020608040206083007
0806000608060006083008
0805000508050005083007
0909050309090503092009
0608060006080600082008
0100010201000102020002
0201000102010001023001
0304030003040300042004
0607040106070401072007
0403000304030003043004
0202040402020404040004
0004060400040604061005
0004060400040604061005
0301010303010103030003
0303010103030101032003
0000000000000000000000
0001020100010201021001
0204040202040402041004
0103030101030301031003
0000000000000000000000
0303010103030101032003
0403000304030003043004
0501030505010305050005
0905010709050107093008
0b0601080b0601080b300a
0802040808020408080008
0503090905030909090009
03070d0b03070d0b0d100d
04060e0c04060e0c0e100d
09010b0d09010b0d0d000d
1106071011060710113011
1d0c09181d0c09181d301a
32160e2a32160e2a32302f
50221a4650221a4650304d
7633286976332869763074
ad523394ad523394ad30a9
e26c42c4e26c42c4e230df
f56561e7f56561e7f530fc
ee5278f0ee5278f0f000fd
ee5c6ae6ee5c6ae6ee30f7
e66850d0e66850d0e630e8
ce663ab0ce663ab0ce30cb
af671987af671987af30a9
805b0851805b0851803079
46401e1846401e18463044
16272a0f16272a0f2a1029
1207222312072223230023
31101b3231101b32320034
2f0433422f043342420042
1629504716295047501051
023852360238523652104d
0b2d3d1f0b2d3d1f3d1036
14090c1514090c15150016
596d450f596d450f6d206e
7baa83047baa8304aa20aa
355f5d1d355f5d1d5f2063
494319234943192349304b
89a46d1289a46d12a420a4
48604a0248604a02602060
57633d1157633d11632064
fcffd01efcffd01eff2133
ffffff23ffffff23ff217c
d7ffaf1bd7ffaf1bff2104
54623e0e54623e0e622062
15160b0615160b06162016
0806020408060204083007
0604000406040004063005
0403000304030003043004
0201000102010001023001
0000000000000000000000
0000000000000000000000
0000000000000000000000
0103030101030301031003
0204040202040402041004
0608060006080600082008
0a0c08020a0c08020c200c
0809060108090601092009
0608060006080600082008
0608060006080600082008
0407060104070601072007
0307070303070703071007
0206080402060804081007
0205060302050603061005
0206060202060602061006
0508070205080702082008
0506050005060500062006
0605020306050203063005
0b0903050b0903050b300a
130e030a130e030a133011
2516011825160118253020
532f0739532f0739533049
a960137aa960137aa9309b
ff992dd7ff992dd7ff3107
ffc54fffffc54fffff3169
ffe25dffffe25dffff319e
fff443fffff443ffff319c
ffe31cffffe31cffff315b
f2980eaaf2980eaaf230e4
602d1c51602d1c5160305c
0a1c1c0a0a1c1c0a1c101d
3f3409263f3409263f3040
56350a4156350a41563053
68321c5668321c56683063
8f481f748f481f748f3088
a653288da653288da630a3
77135b8d77135b8d8d008e
2845907b2845907b90108d
0b6f9b610b6f9b619b1093
034d7147034d7147711068
6043023d6043023d60305a
dbea813edbea813eea20f2
ffffa93bffffa93bff2125
e9fc913ae9fc913afc2102
bcc36a39bcc36a39c320cb
7a773a2b7a773a2b7a307e
342e1216342e1216343032
0c0602080c0602080c300a
0004060400040604061005
0206080402060804081007
0307070303070703071007
0407060104070601072007
090c0900090c09000c200c
1e2114051e211405212021
565830185658301858205b
acab5639acab5639ac30b4
faf5745bfaf5745bfa3105
ffff8965ffff8965ff212a
dde57945dde57945e520ef
4f57350f4f57350f572058
382d0a1f382d0a1f383036
88782a4088782a40883088
89701d4c89701d4c893087
2b042f3c2b042f3c3c003c
306664223066642266206b
3752410837524108522052
2326170c2326170c262027
191e1704191e17041e201e
1004181c1004181c1c001c
3e29022f3e29022f3e303e
261d0619261d0619263026
271d011b271d011b273027
481f1a45481f1a4548304b
34124a5434124a54540055
2b1d53552b1d5355550059
3401364934013649490049
1b1033321b103332331034
154451261544512651104d
17434f2717434f274f104d
162a2c14162a2c142c102e
6f6a31286f6a31286f3071
ebd95769ebd95769eb30f1
ffe45478ffe45478ff3101
aa8e2c54aa8e2c54aa30a4
4c3b0e274c3b0e274c3046
1a13040d1a13040d1a3017
0805000508050005083007
0601040706010407070007
0603020506030205063005
0604000406040004063005
0806020408060204083007
0708050207080502082008
080b0801080b08010b200b
050a0902050a09020a200a
0101030301010303030003
0402020404020204040004
0003040300030403041004
0304030003040300042004
0301010303010103030003
0101030301010303030003
0104050201040502051004
0204040202040402041004
0303010103030101032003
0304030003040300042004
0001020100010201021001
0003040300030403041004
0003040300030403041004
0001020100010201021001
0000000000000000000000
0201000102010001023001
0301010303010103030003
0300030403000304040004
0604000406040004063005
0707030307070303072007
0303010103030101032003
0305050103050501051005
0509090305090903091009
0106070401060704071007
0202040402020404040004
0603020506030205063005
0905010709050107093008
0f07030b0f07030b0f300d
190b0715190b0715193017
2f150d272f150d272f302c
542814445428144454304e
813c256e813c256e81307d
a645409ba645409ba630a9
c14759bdc14759bdc130c9
e15a5dd4e15a5dd4e130e6
fc6f5ae5fc6f5ae5fc30fe
ff765ceeff765ceeff3109
ff8251ecff8251ecff310d
ff893ed9ff893ed9ff3100
d87330b1d87330b1d830d3
9a511e7b9a511e7b9a3093
542d0a3f542d0a3f54304d
17120b0617120b06173012
0213201b0213201b201021
04161a1204161a121a101c
1b1603121b1603121b301c
3423002734230027343034
1707091717070917170018
4d6343094d634309632063
97bc7f1497bc7f14bc20bd
5b7959015b795901792079
3d4223143d422314422044
95b97f1195b97f11b920b9
5579630955796309792079
564f1e27564f1e27563058
ffffb339ffffb339ff212c
fffffa38fffffa38ff2186
eeffb625eeffb625ff2119
6270481062704810702071
191a0f06191a0f061a201a
0707030307070303072007
0504010205040102053004
0403000304030003043004
0402020404020204040004
0300030403000304040004
0300030403000304040004
0300030403000304040004
0003040300030403041004
0103030101030301031003
0505030105050301052005
0a0b06030a0b06030b200b
0a0b06030a0b06030b200b
0808040208080402082008
0707030307070303072007
0909050309090503092009
0809060108090601092009
0407060104070601072007
0205060302050603061005
0205060302050603061005
0407060104070601072007
0305050103050501051005
0204040202040402041004
0407060104070601072007
0809060108090601092009
0b0a05040b0a05040b300a
1911030d1911030d193015
3c2302273c2302273c3034
7d450f5b7d450f5b7d3072
d77623a6d77623a6d730cb
ffb432f6ffb432f6ff3130
fff82dfffff82dffff3188
ffff1cffffff1cffff31a6
ffeb1cffffeb1cffff3166
f2842abef2842abef230e7
703024627030246270306d
1103090f1103090f11300f
2e13162f2e13162f2f0032
501a2a54501a2a54540057
723420627234206272306e
854f0b61854f0b6185307d
5a2226565a2226565a305c
0f2c4f400f2c4f404f104d
224e5220224e5220521054
253c3708253c37083c203c
3335190f3335190f352037
c1db832bc1db832bdb20df
ffff9d44ffff9d44ff2120
f4f37655f4f37655f43101
d7ca5758d7ca5758d730dc
a0933e43a0933e43a030a1
52471a2352471a2352304f
1710010e1710010e173015
0403080704030807081007
00070a0700070a070a1009
0105090701050907091008
0005080500050805081007
060b0a03060b0a030b200b
1418100214181002182018
3d42270e3d42270e422043
848a4c24848a4c248a208e
d2d56e43d2d56e43d520df
ffff9259ffff9259ff2126
ffff9a4affff9a4aff211d
7f915b177f915b17912092
1803141f1803141f1f001f
78570a4978570a49783071
966b0863966b0863963091
541d2857541d285757005b
0e3c48260e3c4826481047
2b301d0c2b301d0c302031
2e2004202e2004202e302d
373f270d373f270d3f2040
0d2b331b0d2b331b331032
3f230b353f230b353f303f
4e471a274e471a274e3051
0e21220d0e21220d221023
2b02293e2b02293e3e003e
2a0a38442a0a3844440044
190e2b2c190e2b2c2c002e
1e1400141e1400141e301c
0403020304030203043004
3546350235463502462046
3448380434483804482048
0e0802060e0802060e300a
431e1538431e153843303f
d2a01e7cd2a01e7cd230ca
fff24998fff24998ff311d
edc84174edc84174ed30e7
7d68213a7d68213a7d3077
2d2307172d2307172d3029
0f08030c0f08030c0f300e
0403000304030003043004
0505030105050301052005
0304030003040300042004
0407060104070601072007
060b0a03060b0a030b200b
060b0a03060b0a030b200b
0609080106090801092009
0103030101030301031003
0301010303010103030003
0100010201000102020002
0100010201000102020002
0301010303010103030003
0201000102010001023001
0303010103030101032003
0403000304030003043004
0003040300030403041004
0104050201040502051004
0003040300030403041004
0003040300030403041004
0001020100010201021001
0000000000000000000000
0000000000000000000000
0000000000000000000000
0000000000000000000000
0000000000000000000000
0304030003040300042004
0608060006080600082008
0303010103030101032003
0307070303070703071007
040a0a04040a0a040a100a
0205060302050603061005
0001020100010201021001
0201000102010001023001
0404020204040202042004
0504010205040102053004
0502010405020104053004
0d0701090d0701090d300b
1b0f03131b0f03131b3018
31170b2731170b2731302d
4d2019444d2019444d304b
6b2a2b646b2a2b646b306c
933e3786933e3786933093
bf5443acbf5443acbf30bf
e56353d1e56353d1e530e7
ff795aefff795aefff310b
ff8f5affff8f5affff3129
ff905cffff905cffff312e
ff864eeeff864eeeff3111
d77529add77529add730d0
8656045a8656045a86307c
3e2b061f3e2b061f3e3035
14081c1c14081c1c1c001d
21133b3f21133b3f3f0041
551f2757551f275757005c
52281a4a52281a4a523054
14404e2614404e264e104a
7fb58d077fb58d07b520b5
6589630365896303892089
2d3627042d362704362036
96c6920696c69206c620c6
679d8311679d83119d209d
4b2e07384b2e07384b3048
ffff9455ffff9455ff2125
fffff055fffff055ff2199
ffffc138ffffc138ff213c
7785511777855117852086
1d2013061d201306202020
0808040208080402082008
0404020204040202042004
0402000204020002043002
0301010303010103030003
0300030403000304040004
0300030403000304040004
0300030403000304040004
0101030301010303030003
0002040200020402041002
0205060302050603061005
0509090305090903091009
070b0901070b09010b200b
0608060006080600082008
0506050005060500062006
070a0700070a07000a200a
070a0700070a07000a200a
0608060006080600082008
0407060104070601072007
0205060302050603061005
0205060302050603061005
0206060202060602061006
0205060302050603061005
0205060302050603061005
0407060104070601072007
0608060006080600082008
0809060108090601092009
0f0c05060f0c05060f300d
2618021626180216263020
5733053b5733053b57304d
ad670f7bad670f7bad30a0
ffb516d1ffb516d1ff3114
fffe1efffffe1effff3183
ffff2fffffff2fffff31a9
ffd53fffffd53fffff316d
ff9132d3ff9132d3ff3100
9859106f9859106f98308e
362e1216362e1216363032
1308232813082328280028
50300c4050300c40503050
6e57123d6e57123d6e306a
4835082d4835082d483045
030507090305070909000a
3621082b3621082b363036
582d184f582d184f58305a
201846482018464848004b
6eae941a6eae941aae20af
caef9623caef9623ef20f1
ded55c59ded55c59de30e6
eacd4871eacd4871ea30ea
cfb9475dcfb9475dcf30cf
796b2933796b2933793076
291f0715291f0715293025
0800080a0800080a0a000a
00080c0800080c080c100b
03050b0903050b090b100a
04040a0a04040a0a0a000a
00080c0800080c080c100b
0b1211040b121104122012
2b3423042b342304342034
6571451565714515712072
acb6662eacb6662eb620bb
faff9446faff9446ff2113
ffffb744ffffb744ff213b
add08b18add08b18d020d1
0c2f3c230c2f3c233c103a
622e1e54622e1e5462305f
97521f7c97521f7c973094
873b3383873b338387308f
42063a5442063a54540054
1401121514011215150015
181b0c0b181b0c0b1b201d
465c4006465c40065c205c
2c504a142c504a14502052
2f13152f2f13152f2f0032
6a5b18396a5b18396a306b
56521e2856521e2856305b
1e2012061e201206202020
03010b0d03010b0d0d000d
080b0403080b04030b200b
1124230e1124230e242026
08060e1008060e10100011
404e3606404e36064e204e
39482f0439482f04482048
021a2c1c021a2c1c2c1026
2123534d2123534d531054
b06e047cb06e047cb030a5
ffff6185ffff6185ff311f
ffff7861ffff7861ff3114
969748319697483197209e
3733151537331515373037
120b020d120b020d123011
0205060302050603061005
0107090501070905091008
0105090701050907091008
00080c0800080c080c100b
030b0d07030b0d070d100d
03090b0503090b050b100a
0307070303070703071007
0103030101030301031003
0000000000000000000000
0102010001020100022002
0102010001020100022002
0102010001020100022002
0102010001020100022002
0201000102010001023001
0301010303010103030003
0102050401020504051004
0005080500050805081007
0104070601040706071007
0301050503010505050005
0300030403000304040004
0300030403000304040004
0300030403000304040004
0301010303010103030003
0201000102010001023001
0000000000000000000000
0304030003040300042004
0608060006080600082008
0201000102010001023001
0508070205080702082008
0609080106090801092009
0304030003040300042004
0000000000000000000000
0001020100010201021001
0204040202040402041004
0104050201040502051004
0101030301010303030003
0003040300030403041004
0505030105050301052005
0b0701070b0701070b3009
150b030f150b030f153012
24100a1e24100a1e243022
411d1337411d133741303e
662d2059662d2059663063
8f3e31808f3e31808f308e
c05640aac05640aac030be
f36f4fd7f36f4fd7f330f1
ff845cfeff845cfeff311e
ff9d57ffff9d57ffff3139
ffb13bfdffb13bfdff3134
ff9f24cbff9f24cbff3101
b0523696b0523696b030aa
54136c7d54136c7d7d007e
402c7c7e402c7c7e7e0085
771f457f771f457f7f0082
87441f7087441f70873083
2a194e512a194e51510054
5096902a5096902a96209b
557c6308557c63087c207c
2236320c2236320c362037
8acaa4128acaa412ca20ca
72b69a1872b69a18b620b7
2c0720312c072031310031
fcfe7e56fcfe7e56fe210c
ffffee64ffffee64ff21a9
ffffd24affffd24aff2169
97a35f2397a35f23a320a6
2a2a160c2a2a160c2a202b
0b0903050b0903050b300a
0604000406040004063005
0403000304030003043004
0201000102010001023001
0000000000000000000000
0000000000000000000000
0000000000000000000000
0001020100010201021001
0003040300030403041004
0106070401060704071007
0308090403080904091008
0509090305090903091009
0408080204080802081008
0307070303070703071007
0509090305090903091009
060a0a02060a0a020a100a
0508070205080702082008
0407060104070601072007
0407060104070601072007
0205060302050603061005
0205060302050603061005
0206060202060602061006
0205060302050603061005
0206080402060804081007
0308090403080904091008
0308090403080904091008
0307070303070703071007
0809060108090601092009
1911030d1911030d193015
452a012c452a012c45303c
9b6005689b6005689b308d
ffa714c1ffa714c1ff30ff
ffe12dffffe12dffff316b
fff245fffff245ffff319a
ffe042ffffe042ffff317e
ffba24eaffba24eaff312a
ce890287ce890287ce30c0
5a46142c5a46142c5a3052
1a1306171a1306171a301d
654c0542654c0542653064
6846024c6846024c683067
4137132341371323413041
0128432e0128432e43103c
5905597b5905597b7b007b
6605729766057297970097
0067986b0067986b981094
6799790b6799790b992099
ab9c3f4eab9c3f4eab30ae
eacd4c6feacd4c6fea30e9
ece2665aece2665aec30f3
949346339493463394309b
3731111737311117373036
0c03080d0c03080d0d000d
03070d0b03070d0b0d100d
04060c0a04060c0a0c100b
04050c0b04050c0b0c100c
04060e0c04060e0c0e100d
030f130b030f130b131012
1c2922051c292205292029
4d5d3f094d5d3f095d205d
8c9e621c8c9e621c9e20a0
ddf59331ddf59331f520f9
ffffcc38ffffcc38ff2148
d8ffbc16d8ffbc16ff210e
346a6c28346a6c286c1071
4802445e4802445e5e005e
882a488a882a488a8a0090
a63e4ea8a63e4ea8a800b3
9d3f459b9d3f459b9d30a7
7839246778392467783075
2900253229002532320032
335b4f11335b4f115b205c
3f624f083f624f08622062
0f0719190f071919190019
614a0b3a614a0b3a61305e
7e5c08527e5c08527e307b
6440064a6440064a643061
3114112a3114112a31302e
0510191205101912191018
16251e0716251e07252025
000b120b000b120b12100f
2f59551d2f59551d59205d
1b312b0f1b312b0f312033
21494d1f21494d1f4d104f
044a6444044a6444641064
81661f4481661f4481307a
f2ffb429f2ffb429ff211b
e8ffcc10e8ffcc10ff2126
84ab760984ab7609ab20ab
31381f0c31381f0c382039
130a0510130a0510133012
00070a0700070a070a1009
00090e0900090e090e100c
03080f0c03080f0c0f100e
04070e0d04070e0d0e100e
02080e0a02080e0a0e100c
00080c0800080c080c100b
0105090701050907091008
0301050503010505050005
0300030403000304040004
0501030505010305050005
0601040706010407070007
0401060704010607070007
0302070603020706071006
0401060704010607070007
0600060806000608080008
0502070805020708080008
0205080702050807081008
0203060502030605061005
0300030403000304040004
0301050503010505050005
0400040604000406060006
0501030505010305050005
0402020404020204040004
0403000304030003043004
0200020202000202020002
0205060302050603061005
0307070303070703071007
0201000102010001023001
0608060006080600082008
0607040106070401072007
0404020204040202042004
0200020202000202020002
0003040300030403041004
0004060400040604061005
0004060400040604061005
0202040402020404040004
0101030301010303030003
0002040200020402041002
0204040202040402041004
0304030003040300042004
0703010507030105073005
1208040e1208040e123010
2411081d2411081d243021
3e1d10333e1d10333e303a
622d1c53622d1c5362305e
90402e7e90402e7e90308d
c75a41b0c75a41b0c730c5
ff834ae3ff834ae3ff3106
ffb248ffffb248ffff3143
ffba53ffffba53ffff315a
ff7184ffff7184ffff3134
c501c1ffc501c1ffff0105
961cbae0961cbae0e000e1
b53463bab53463baba00c1
ba642294ba642294ba30b2
5c153a655c153a65650067
28656c2d28656c2d6c106e
44563a0844563a08562056
1747532b1747532b531053
70bfaa2b70bfaa2bbf20c3
70ac8c1070ac8c10ac20ac
03171d0b03171d0b1d1019
c0d07632c0d07632d020d5
fffff258fffff258ff21a1
ffffea52ffffea52ff2190
bac9742dbac9742dc920cd
38391e0f38391e0f39203a
0c0b04050c0b04050c300c
0604000406040004063005
0604000406040004063005
0403000304030003043004
0201000102010001023001
0000000000000000000000
0001020100010201021001
0003040300030403041004
0004060400040604061005
0206080402060804081007
0307070303070703071007
0407060104070601072007
0608060006080600082008
0609080106090801092009
0509090305090903091009
040a0a04040a0a040a100a
0308090403080904091008
0205060302050603061005
0407060104070601072007
0407060104070601072007
0204040202040402041004
0305050103050501051005
0407060104070601072007
0307070303070703071007
0308090403080904091008
0308090403080904091008
0205060302050603061005
0305050103050501051005
0706030207060302073006
140e040a140e040a143011
3c2906213c2906213c3034
8251025582510255823075
e78817a8e78817a8e730d8
ffc132ffffc132ffff3143
ffea43ffffea43ffff318c
fff93afffff93affff3197
ffe51effffe51effff315f
fca306adfca306adfc30ed
634003406340034063305a
21100f2421100f24240027
6d40135c6d40135c6d3070
8a76224c8a76224c8a308c
628b6c05628b6c058b208b
154c896c154c896c891084
6c0e84aa6c0e84aaaa00aa
530e6786530e6786860086
06222e1606222e162e1028
7765273f7765273f773077
dade7844dade7844de20e8
e1ffa525e1ffa525ff2107
8baa6f128baa6f12aa20aa
353a1f0e353a1f0e3a203b
0d04070e0d04070e0e000e
06040c0c06040c0c0c000c
03050b0903050b090b100a
02080e0a02080e0a0e100c
0408100e0408100e101010
010d150f010d150f151013
11201f0a11201f0a202021
3b4c37023b4c37024c204c
768e6010768e60108e208e
c2e69a1ac2e69a1ae620e7
ffffe51cffffe51cff214b
f0ffe808f0ffe808ff213e
5ea18e215ea18e21a120a4
1b224b461b224b464b104d
5105476351054763630063
7d2447847d244784840088
aa50389aaa50389aaa30ad
b3652391b3652391b330b0
712e2f6c712e2f6c713075
043450380434503850104c
3152450a3152450a522052
111c1502111c15021c201c
2e240a182e240a182e302b
604c1436604c143660305d
68581c3668581c36683067
3d37131b3d37131b3d303d
0000020000000200021000
211805122118051221301e
031e2b20031e2b202b102b
2a56521e2a56521e56205b
0809080108090801092009
3b6e611e3b6e611e6e2072
2145411921454119452049
5c876e0d5c876e0d872087
c5ffff2ec5ffff2eff2137
b9fffb2fb9fffb2fff2128
629a8416629a84169a209b
232d2103232d21032d202d
0f05070f0f05070f0f000f
03080f0c03080f0c0f100e
020b120d020b120d121011
030b130f030b130f131012
07050f0f07050f0f0f000f
06050e0d06050e0d0e100d
03080f0c03080f0c0f100e
06040c0c06040c0c0c000c
0900090c0900090c0c000c
0901070b0901070b0b000b
0801060908010609090009
0601080906010809090009
0701090b0701090b0b000b
08020a0c08020a0c0c000c
08020a0c08020a0c0c000c
0900090c0900090c0c000c
07020b0c07020b0c0c000c
0502090a0502090a0a000a
0500050605000506060006
0300030403000304040004
0202040402020404040004
0300030403000304040004
0402020404020204040004
0502010405020104053004
0604000406040004063005
0301050503010505050005
00070a0700070a070a1009
0104070601040706071007
0504010205040102053004
0607040106070401072007
0605020306050203063005
0604000406040004063005
0301050503010505050005
0104070601040706071007
0204080602040806081007
0104070601040706071007
0301050503010505050005
0300030403000304040004
0202040402020404040004
0003040300030403041004
0001020100010201021001
0000000000000000000000
0202020002020200021002
0706030207060302073006
100a000a100a000a10300e
211105192111051921301e
3a1b0e2f3a1b0e2f3a3036
602b1c51602b1c5160305b
9e4c2a849e4c2a849e3098
f27a3cc8f27a3cc8f230ea
ff945dffff945dffff3135
ff7097ffff7097ffff014f
fe25c8fffe25c8ffff0135
d216b2ffd216b2ffff0102
e05b5acfe05b5acfe030e2
e38919a9e38919a9e330d9
934c237c934c237c933091
121f3e37121f3e373e103f
2017021920170219203021
135f7d4d135f7d4d7d107a
479ea544479ea544a510ac
507c680e507c680e7c207c
1f200d141f200d14202025
7995670979956709952095
ffffe941ffffe941ff217a
fffffc53fffffc53ff21a7
e0f48e36e0f48e36f420f9
4c4e2a144c4e2a144e2050
100e0606100e060610300f
0605020306050203063005
0504010205040102053004
0403000304030003043004
0402020404020204040004
0300030403000304040004
0202040402020404040004
0004060400040604061005
0004060400040604061005
0106070401060704071007
0206080402060804081007
0205060302050603061005
0408080204080802081008
060b0a03060b0a030b200b
040a0a04040a0a040a100a
0509090305090903091009
0408080204080802081008
0204040202040402041004
0305050103050501051005
0608060006080600082008
0305050103050501051005
0205060302050603061005
0308090403080904091008
0308090403080904091008
0307070303070703071007
0407060104070601072007
0304030003040300042004
0304030003040300042004
0305050103050501051005
0508070205080702082008
12130c0312130c03132013
2c2008162c2008162c3026
623b0441623b0441623057
bb6a178abb6a178abb30ae
ffa82fe6ffa82fe6ff311c
ffe73effffe73effff3183
ffff3fffffff3fffff31b5
fff934fffff934ffff3193
ffb421e0ffb421e0ff311f
935a0966935a0966933088
010d0b01010d0b010d200d
808c462c808c462c8c2092
acd6881cacd6881cd620d7
5ea592215ea59221a520a8
1c2f645d1c2f645d641068
63400d5463400d54633069
3e48240c3e48240c482048
4e502e1e4e502e1e502055
c9ffbb08c9ffbb08ff2104
c6ffdc13c6ffdc13ff2119
70a4840e70a4840ea420a4
2733250327332503332033
0a04040a0a04040a0a000a
06020a0a06020a0a0a000a
04050c0b04050c0b0c100c
020a100c020a100c10100f
020a100c020a100c10100f
000c120c000c120c121010
0d1919090d19190919101a
2f4033022f403302402040
688d7003688d70038d208d
a6f0c816a6f0c816f020f1
e1ffff28e1ffff28ff2152
d7ffff23d7ffff23ff2148
71b08d1271b08d12b020b0
192e2708192e27082e202e
0112190e0112190e191016
1f0121291f012129290029
6437145164371451643061
9e650c739e650c739e3099
8e4a267c8e4a267c8e3090
4402445e4402445e5e005e
0521352505213525351031
0f1913030f191303192019
0506070205060702071006
36412e0936412e09412041
516e5502516e55026e206e
2c524e182c524e18522055
120c2224120c2224240025
2a1506212a1506212a3027
0513110b0513110b132015
3d350f1f3d350f1f3d303d
1f13373f1f13373f3f0041
2561652f2561652f65106b
1419100514191005192019
5daca1305daca130ac20b2
c1ffff3bc1ffff3bff2140
acffea2aacffea2aff2111
537d6b0f537d6b0f7d207d
191e1504191e15041e201e
0901070b0901070b0b000b
0608121006081210121011
030b130f030b130f131012
020b120d020b120d121011
06050e0d06050e0d0e100d
07040d0e07040d0e0e000e
05070f0d05070f0d0f100e
06040c0c06040c0c0c000c
0900090c0900090c0c000c
0a02080c0a02080c0c000c
0a03060b0a03060b0b000b
0701070907010709090009
0502070805020708080008
0402080804020808080008
0402080804020808080008
0600060806000608080008
0502070805020708080008
0600060806000608080008
0702050807020508080008
0600060806000608080008
0401060704010607070007
0500050605000506060006
0602020606020206060006
0603020506030205063005
0603020506030205063005
0303070703030707070007
00070a0700070a070a1009
0300030403000304040004
0606020206060202062006
0604000406040004063005
0703030707030307070007
0903050909030509090009
0602080a0602080a0a000a
0503090905030909090009
0304090803040908091008
0304090803040908091008
0600060806000608080008
0600060806000608080008
0401060704010607070007
0301050503010505050005
0300030403000304040004
0300030403000304040004
0202040402020404040004
0003040300030403041004
0202020002020200021002
0806020408060204083007
100a000a100a000a10300e
1d0d07171d0d07171d301a
3e1d0e313e1d0e313e3038
75381b5e75381b5e75306d
b350379cb350379cb330af
d7515fd3d7515fd3d730e2
d23b80e5d23b80e5e500ec
cd4173d5cd4173d5d500de
e9763dc2e9763dc2e930e3
fe9b1abbfe9b1abbfe30f2
d47824aad47824aad430d0
77342b7077342b7077307b
423c161a423c161a423041
487a6e20487a6e207a207e
4878701e4878701e78207b
3d4633083d463308462046
2b1a01222b1a01222b302a
415c4b0c415c4b0c5c205c
ffffcb2fffffcb2fff213e
ffffff53ffffff53ff21ab
ffffa741ffffa741ff2126
6769371d6769371d69206c
1715090917150909173016
0807020308070203083007
0403000304030003043004
0501030505010305050005
0601040706010407070007
0601040706010407070007
0301050503010505050005
0004060400040604061005
0003040300030403041004
0305050103050501051005
0407060104070601072007
0205060302050603061005
0308090403080904091008
060b0a03060b0a030b200b
0609080106090801092009
0608060006080600082008
0608060006080600082008
0305050103050501051005
0205060302050603061005
0308090403080904091008
0106070401060704071007
0106070401060704071007
0308090403080904091008
0308090403080904091008
0206080402060804081007
0206080402060804081007
0004060400040604061005
0004060400040604061005
0107090501070905091008
02080a0602080a060a100a
060c0c04060c0c040c100c
0d0e09020d0e09020e200e
1e1302111e1302111e3019
4827083348270833483040
975215709752157097308a
ff9329c9ff9329c9ff30f9
ffd841ffffd841ffff3171
ffff50ffffff50ffff31c3
ffff4fffffff4fffff31c0
ffce3effffce3effff3162
c65a3aaac65a3aaac630c0
0d4d59310d4d593159105b
abc9732babc9732bc920cd
c9ce614cc9ce614cce20db
6a612a2d6a612a2d6a306a
2f492f052f492f05492049
62703a1c62703a1c702073
23565d2423565d245d105d
b3fff52fb3fff52fff2122
afffeb2aafffeb2aff2117
5b8d79135b8d79138d208e
1c261e001c261e00262026
0703030707030307070007
0503090905030909090009
03070d0b03070d0b0d100d
01090f0b01090f0b0f100e
00090e0900090e090e100c
030b0d07030b0d070d100d
0c1514050c151405152015
2a413a092a413a09412041
62a69a2262a69a22a620a9
97ffff5197ffff51ff2124
b3ffff6bb3ffff6bff2163
9fffff469fffff46ff2122
6083600360836003832083
3b1e0f363b1e0f363b303d
4521133d4521133d453045
3624022636240226363034
0b0b07010b0b07010b200b
533d0733533d073353304f
7140135c7140135c713070
5f28275e5f28275e5f3066
3a181a383a181a383a303c
0d010f0f0d010f0f0f000f
0106070201060702071006
303f2c05303f2c053f203f
5e8466045e846604842084
3c655c173c655c17652067
0c0d201f0c0d201f201021
282610122826101228302a
001822140018221422101f
37032f4737032f47470047
30134a5930134a5959005b
0427402f0427402f40103d
0e1e1c0e0e1e1c0e1e2021
6fbead2c6fbead2cbe20c3
c7ffff28c7ffff28ff2132
a8f5c815a8f5c815f520f5
4c6952034c695203692069
15160d0615160d06162016
0601040706010407070007
00080c0800080c080c100b
02090c0702090c070c100b
03090b0503090b050b100a
0107090501070905091008
0105090701050907091008
0105090701050907091008
0203060502030605061005
0300030403000304040004
0501030505010305050005
0703030707030307070007
0502030605020306060006
0201040302010403041003
0003040300030403041004
0202040402020404040004
0301050503010505050005
0202060602020606060006
0501030505010305050005
0502010405020104053004
0300030403000304040004
0300030403000304040004
0301010303010103030003
0303010103030101032003
0303010103030101032003
0300030403000304040004
0104070601040706071007
0004060400040604061005
0302010203020102033002
0604000406040004063005
0601040706010407070007
0801060908010609090009
0901070b0901070b0b000b
0701090b0701090b0b000b
06020a0a06020a0a0a000a
04040a0a04040a0a0a000a
05040b0a05040b0a0b100a
0700070a0700070a0a000a
0801060908010609090009
0600060806000608080008
0600060806000608080008
0600060806000608080008
0600060806000608080008
0401060704010607070007
0301050503010505050005
0300030403000304040004
0003040300030403041004
0304030003040300042004
0503010305030103053004
0e0800080e0800080e300b
201104172011041720301c
3f1d0f333f1d0f333f303a
612a1f56612a1f5661305f
7b3133757b3133757b307e
9a433a8d9a433a8d9a309c
cd6c31a8cd6c31a8cd30c7
fc8b30c9fc8b30c9fc30f4
ff873edbff873edbff3101
e5743fc6e5743fc6e530e5
d0801898d0801898d030c6
c78d097bc78d097bc730bb
a7670977a7670977a7309d
813727718137277181307d
62202e6062202e60623065
0c2c4e400c2c4e404e104d
b4f3b603b4f3b603f320f3
ffffff38ffffff38ff218f
ffffc23fffffc23fff2147
81884b2281884b2288208c
22200e0c22200e0c223022
0b0801060b0801060b300a
0601040706010407070007
0600060806000608080008
0601040706010407070007
0603020506030205063005
0300030403000304040004
0003040300030403041004
0002040200020402041002
0205060302050603061005
0308090403080904091008
0107090501070905091008
02080a0602080a060a100a
03090b0503090b050b100a
0308090403080904091008
0308090403080904091008
0308090403080904091008
0107090501070905091008
00070a0700070a070a1009
00080c0800080c080c100b
01060b0801060b080b100a
01060b0801060b080b100a
00080c0800080c080c100b
00070a0700070a070a1009
0106090601060906091008
00070a0700070a070a1009
0304090803040908091008
0304090803040908091008
00080c0800080c080c100b
00080c0800080c080c100b
02090c0702090c070c100b
03090b0503090b050b100a
0406060204060602061006
0e0902070e0902070e300b
2f1b031f2f1b031f2f3029
723e0e52723e0e52723066
da7524a7da7524a7da30cb
ffbf3cffffbf3cffff314b
fffd4efffffd4effff31b3
ffff51ffffff51ffff31ce
ffd24affffd24affff3176
ae4446a6ae4446a6ae30b3
3a5238063a523806522052
d3ac277ed3ac277ed330d5
cf9b1785cf9b1785cf30cc
2909172b2909172b2b002b
57480f3857480f3857305b
015a835c015a835c831080
95fffd4695fffd46ff2118
a1f8d320a1f8d320f820fa
5578610655786106782078
1a1f16031a1f16031f201f
0501030505010305050005
0104070601040706071007
0107090501070905091008
0308090403080904091008
0308090403080904091008
0509090305090903091009
0d1513030d151303152015
3050480e3050480e502051
77d0bf2e77d0bf2ed020d5
b4ffff57b4ffff57ff2152
b2ffff5bb2ffff5bff214f
81c7a91d81c7a91dc720c9
523704395237043952304f
52044a6c52044a6c6c006c
762b3875762b387576307c
7b3b256b7b3b256b7b307a
511e2552511e2552520057
1606202416062024240024
1d2115091d211509212022
383618183836181838303b
34402a0834402a08402040
071a1f12071a1f121f101f
1b0a0b1c1b0a0b1c1c001d
1a33300f1a33300f332035
638c6b02638c6b028c208c
5277600952776009772077
021220180212201820101e
3935131b3935131b39303b
343f260b343f260b3f203f
0f22210e0f22210e222024
06030c1106030c11110011
0112150e0112150e151016
0f4453300f445330531053
65c2bd3c65c2bd3cc220cb
b2fffc33b2fffc33ff2123
8fddbb1d8fddbb1ddd20de
3c5a4a083c5a4a085a205a
0e120c020e120c02122012
0402020404020204040004
0908030409080304093008
0909050309090503092009
0809060108090601092009
0608060006080600082008
0407060104070601072007
0204040202040402041004
0001020100010201021001
0000000000000000000000
0000000000000000000000
0201000102010001023001
0404020204040202042004
0201000102010001023001
0304030003040300042004
0203040102030401041003
0003040300030403041004
0202040402020404040004
0402020404020204040004
0403000304030003043004
0201000102010001023001
0000000000000000000000
0103030101030301031003
0205060302050603061005
0101030301010303030003
0304030003040300042004
0206080402060804081007
02040a0802040a080a1008
0900090c0900090c0c000c
0c010a0f0c010a0f0f000f
0c010e110c010e11110011
0d010f130d010f13130013
0f000f140f000f14140014
0f010d130f010d13130013
0d010d110d010d11110011
09040f1009040f10100010
09040f1009040f10100010
0c010e110c010e11110011
0e0010140e001014140014
1002141810021418180018
1302171c1302171c1c001c
1601181f1601181f1f001f
1800182018001820200020
1802141e1802141e1e001e
16040e1816040e18180018
1004081010040810100010
0801060908010609090009
0301050503010505050005
0202040402020404040004
0003040300030403041004
0404040004040400041004
0c0802060c0802060c300a
1b0f03131b0f03131b3018
31180b2831180b2831302e
532717455327174553304f
8743216f8743216f873081
c15f33a3c15f33a3c130bc
ef7347d1ef7347d1ef30ee
ff8350ebff8350ebff310d
ff944df6ff944df6ff311f
ff8c58ffff8c58ffff3123
ff6a70ffff6a70ffff3116
eb4d7befeb4d7befef00fb
c7357bd5c7357bd5d500db
830389b7830389b7b700b7
219bc573219bc573c510c1
e0ffff14e0ffff14ff214a
ffffdc22ffffdc22ff2147
90a3621f90a3621fa320a5
2d2c150e2d2c150e2d302e
0c0902070c0902070c300b
0501030505010305050005
0300030403000304040004
0402020404020204040004
0603020506030205063005
0401020504010205050005
0201040302010403041003
0003040300030403041004
0106070401060704071007
0308090403080904091008
0308090403080904091008
0308090403080904091008
0308090403080904091008
0308090403080904091008
0308090403080904091008
03090b0503090b050b100a
02090c0702090c070c100b
00080c0800080c080c100b
00080c0800080c080c100b
02070c0902070c090c100b
03070d0b03070d0b0d100d
03080f0c03080f0c0f100e
04060e0c04060e0c0e100d
04060e0c04060e0c0e100d
03070d0b03070d0b0d100d
05040b0a05040b0a0b100a
04050c0b04050c0b0c100c
03080f0c03080f0c0f100e
03080f0c03080f0c0f100e
03070d0b03070d0b0d100d
02070c0902070c090c100b
0304090803040908091008
0401060704010607070007
0505050105050501051005
1b1001101b1001101b3016
4c2908354c2908354c3043
a85e147aa85e147aa8309a
ffa925dbffa925dbff3114
fff234fffff234ffff3189
ffff35ffffff35ffff31b4
ffdb29ffffdb29ffff315d
9c5e14769c5e14769c3096
4845182948451829483050
cbb43570cbb43570cb30d4
8277264382772643823088
080912190809121919001a
1653683f1653683f681068
92e3c62192e3c621e320e5
a6dca802a6dca802dc20dc
5e714e0b5e714e0b712071
1e2012081e201208202020
0501030505010305050005
0003040300030403041004
0305050103050501051005
0608060006080600082008
0608060006080600082008
0609080106090801092009
0f1815040f181504182018
3d5f4f0b3d5f4f0b5f205f
9eedc0179eedc017ed20ee
ecffff18ecffff18ff2154
dbffc50bdbffc50bff2117
92711c4f92711c4f923089
63086b8e63086b8e8e008e
761190af761190afaf00af
ab2675c0ab2675c0c000c3
c5455dc5c5455dc5c500d0
b54251b0b54251b0b530bb
862a4a8a862a4a8a8a0090
4d085d6e4d085d6e6e006e
223f846d223f846d84107d
1c59a27f1c59a27fa2109b
4b2c8b904b2c8b90900096
78125c9078125c90900091
4915677749156777770078
197b9d55197b9d559d1095
28859e4b28859e4b9e1098
2925615d2925615d611064
78332c6f78332c6f78307a
8f52136e8f52136e8f3089
723620607236206072306e
400a4e5c400a4e5c5c005c
2a357a6d2a357a6d7a1079
1d57a1811d57a181a1109b
2cb9e67f2cb9e67fe610e0
76ffff5f76ffff5fff1110
63b8ad3063b8ad30b820be
29463f0c29463f0c462047
0c0e0a020c0e0a020e200e
0501030505010305050005
0c0800080c0800080c300b
0d0b03070d0b03070d300d
0c0c06040c0c06040c200c
0809060108090601092009
0607040106070401072007
0404020204040202042004
0201000102010001023001
0000000000000000000000
0000000000000000000000
0001020100010201021001
0204040202040402041004
0102030201020302031002
0404020204040202042004
0405020104050201052005
0304030003040300042004
0202020002020200021002
0202020002020200021002
0304030003040300042004
0103030101030301031003
0101030301010303030003
0004060400040604061005
0106070401060704071007
0302010203020102033002
050b0d05050b0d050d100c
01121f1401121f141f101a
10122e2a10122e2a2e102d
2509353d2509353d3d003d
3203384732033847470047
36053e4d36053e4d4d004d
3a0644543a064454540054
41023d5641023d56560056
420d2a49420d2a4949004a
310a1f34310a1f34340034
1e0322291e032229290029
1a08282c1a08282c2c002c
220a3438220a3438380038
2d10494e2d10494e4e004f
3f125f6a3f125f6a6a006b
550e6d82550e6d82820082
6607729166077291910091
70026c9470026c94940094
710f5787710f5787870087
651e3166651e316666006a
471f1139471f1139473040
201004162010041620301b
0903030709030307093007
0101030301010303030003
0002040200020402041002
0003040300030403041004
0003040300030403041004
0403020104030201043003
0d06030a0d06030a0d300b
1e0c0a1a1e0c0a1a1e301c
3d1b11333d1b11333d3039
672f1d57672f1d57673062
9a472e859a472e859a3096
d2643eb6d2643eb6d230cf
ff7b4fe3ff7b4fe3ff3102
ff7a66ffff7a66ffff311f
ff6e79ffff6e79ffff3125
ff5f84ffff5f84ffff311d
f73f9bfff73f9bffff0112
d01baaffd01baaffff0102
6238b8c46238b8c4c400cb
64dde65364dde653e610ec
d8ffdc06d8ffdc06ff2124
99b3731b99b3731bb320b5
37391f0f37391f0f39203a
0e0c04060e0c04060e300d
0403000304030003043004
0201000102010001023001
0201000102010001023001
0301010303010103030003
0402020404020204040004
0300030403000304040004
0004060400040604061005
0206080402060804081007
0308090403080904091008
0308090403080904091008
0308090403080904091008
0308090403080904091008
0308090403080904091008
0308090403080904091008
040b0c05040b0c050c100c
030b0d07030b0d070d100d
00080c0800080c080c100b
00080c0800080c080c100b
00080c0800080c080c100b
00080c0800080c080c100b
00080c0800080c080c100b
02070c0902070c090c100b
03070d0b03070d0b0d100d
04060e0c04060e0c0e100d
06040c0c06040c0c0c000c
05060d0c05060d0c0d100d
03080f0c03080f0c0f100e
03080f0c03080f0c0f100e
04050c0b04050c0b0c100c
03050b0903050b090b100a
0304090803040908091008
0600060806000608080008
0600060806000608080008
0202060602020606060006
0b0905030b0905030b3009
321f021d321f021d32302a
814f0355814f0355813074
f7990fadf7990fadf730e6
ffeb19ffffeb19ffff3163
ffff1affffff1affff31a3
ffee13ffffee13ffff3161
9b4d29839b4d29839b3097
517a5b02517a5b027a207a
9aa44c3c9aa44c3ca420ae
5343073153430731533053
574a1726574a1726573053
b7c16f33b7c16f33c120c7
cbdb8333cbdb8333db20e0
78804c1c78804c1c802083
2627160926271609272028
0403000304030003043004
0002040200020402041002
0204040202040402041004
0407060104070601072007
0608060006080600082008
070b0901070b09010b200b
121b1603121b16031b201b
485f4401485f44015f205f
bae19019bae19019e120e2
ffffa44dffffa44dff2136
ffdd418bffdd418bff3105
b83f50b3b83f50b3b830bd
7a20a2be7a20a2bebe00c0
7e22b0c67e22b0c6c600c8
b00ca0e0b00ca0e0e000e0
e6418af9e6418af9f90101
fb597dfbfb597dfbfb010a
e53e8ff6e53e8ff6f600fd
b709c9ffb709c9ffff00ff
9251ffff9251ffffff011e
8c68ffff8c68ffffff1134
b831ffffb831ffffff0129
eb1bc5ffeb1bc5ffff0122
d10cc3ffd10cc3ffff0110
7157f3ed7157f3edf310fc
407ff8cd407ff8cdf810f1
7035bac57035bac5c500cc
b82a78ccb82a78cccc00d0
dc5f4ec9dc5f4ec9dc30de
c14c4db4c14c4db4c130c3
760c86a4760c86a4a400a4
4953c7b34953c7b3c710c5
496ae9d0496ae9d0e910e9
1d9bffc71d9bffc7ff10fc
27bdf18727bdf187f110e8
307f8e3b307f8e3b8e108c
162d2e0d162d2e0d2e102e
080a0602080a06020a200a
0300030403000304040004
0c0902070c0902070c300b
0e0d06050e0d06050e300d
0d0e07040d0e07040e200e
0a0b06030a0b06030b200b
0706030207060302073006
0404020204040202042004
0303010103030101032003
0000000000000000000000
0000000000000000000000
0103030101030301031003
0204040202040402041004
0000000000000000000000
0204040202040402041004
0304030003040300042004
0403000304030003043004
0402020404020204040004
0202040402020404040004
0004060400040604061005
0004060400040604061005
0203060502030605061005
0104070601040706071007
0002020200020202020002
020d140b020d140b141011
02243e2802243e283e1035
153c775c153c775c77106d
423fa89d423fa89da810a9
7e26bcd47e26bcd4d400d7
a90ebff2a90ebff2f200f2
b60ac4fcb60ac4fcfc00fc
b80dcaffb80dcaffff0101
c411a6f7c411a6f7f700f7
c43d60c5c43d60c5c500ce
8e2f42858e2f42858e308d
5008607050086070700070
4c23888d4c23888d8d0091
6b2aafbc6b2aafbcbc00c0
8839e0ef8839e0efef00f5
ae3bffffae3bffffff012a
dc29ffffdc29ffffff0153
ff12ffffff12ffffff0168
ff09ffffff09ffffff0169
ff35c9ffff35c9ffff014d
ff6a63f8ff6a63f8ff310d
c16e138ac16e138ac130b0
593b0533593b053359304d
160f020b160f020b163012
0201000102010001023001
0103030101030301031003
0204040202040402041004
0001020100010201021001
0000000000000000000000
0102030201020302031002
0501050705010507070007
1207060f1207060f123010
2411081d2411081d243021
421f1035421f103542303d
6e351c5b6e351c5b6e3069
a24e2c8aa24e2c8aa2309e
ca5d40b3ca5d40b3ca30c9
e3674bcbe3674bcbe330e3
e76253d2e76253d2e730e7
ce4462ccce4462ccce30d7
b23858b4b23858b4b400bc
7022407a7022407a7a007e
3c6e72223c6e7222721073
cff7a921cff7a921f720f9
b1c1732bb1c1732bc120c5
4b4a25184b4a25184b304d
1611040b1611040b163014
0905010709050107093008
0603020506030205063005
0301010303010103030003
0200020202000202020002
0300030403000304040004
0400040604000406060006
0204080602040806081007
0006080600060806081008
0107090501070905091008
0308090403080904091008
0308090403080904091008
0308090403080904091008
03090b0503090b050b100a
02090c0702090c070c100b
030c0f08030c0f080f100e
030c0f08030c0f080f100e
00080c0800080c080c100b
00080c0800080c080c100b
00080c0800080c080c100b
00080c0800080c080c100b
00080c0800080c080c100b
00080c0800080c080c100b
00080c0800080c080c100b
02070c0902070c090c100b
04050c0b04050c0b0c100c
04060e0c04060e0c0e100d
03070d0b03070d0b0d100d
02070c0902070c090c100b
0304090803040908091008
0304090803040908091008
0304090803040908091008
0600060806000608080008
0600060806000608080008
0600060806000608080008
0401060704010607070007
0607060106070601072007
261b0613261b0613263021
6c4502436c4502436c3060
df8d0797df8d0797df30ce
ffe511fbffe511fbff3153
ffff19ffffff19ffff31a1
ffc93affffc93affff3156
7a06729e7a06729e9e009e
2f655d192f655d19652068
4e330e414e330e414e3052
79372b6f79372b6f79307b
e6bb347be6bb347be630df
fffb7661fffb7661ff310d
a4a65632a4a65632a620ad
37371d0f37371d0f372039
0706030207060302073006
0103030101030301031003
0205060302050603061005
0206080402060804081007
03090b0503090b050b100a
050c0d06050c0d060d100d
1019140310191403192019
454b290f454b290f4b204c
b3a64346b3a64346b330b4
ffdd319dffdd319dff310f
ffaf1bddffaf1bddff3119
d94a63d8d94a63d8d930e4
7f0581a77f0581a7a700a7
4f2b8d8d4f2b8d8d8d0093
671e95a6671e95a6a600a8
b71c93dcb71c93dcdc00dd
fd43a1fffd43a1ffff011c
ff29d6ffff29d6ffff0147
f61dfffff61dffffff0166
d059ffffd059ffffff0177
c060ffffc060ffffff016a
dc29ffffdc29ffffff014d
ff19e6ffff19e6ffff0149
ff19e8ffff19e8ffff014f
c72fffffc72fffffff0140
8a59ffff8a59ffffff011d
912cd1e8912cd1e8e800ec
c2248cdec2248cdede00e0
f2655ee1f2655ee1f230f6
e9625bdae9625bdae930ef
98029aca98029acaca00ca
4c68e0c64c68e0c6e010df
4079f0cd4079f0cdf010ee
326fdab9326fdab9da10d7
0a68aa780a68aa78aa109e
0a415a310a415a315a1051
08161a0a08161a0a1a1018
0605020306050203063005
0400040604000406060006
070a0700070a07000a200a
0a0e0a000a0e0a000e200e
0b0d09010b0d09010d200d
0a0b06030a0b06030b200b
0707030307070303072007
0504010205040102053004
0403000304030003043004
0301010303010103030003
0201000102010001023001
0303010103030101032003
0403000304030003043004
0202040402020404040004
0003040300030403041004
0001020100010201021001
0201000102010001023001
0301010303010103030003
0101030301010303030003
0104050201040502051004
0204040202040402041004
0104050201040502051004
0203020102030201032003
010a0f08010a0f080f100c
042e4628042e462846103c
0569ab710569ab71ab109a
319affe0319affe0ff110f
8b93ffff8b93ffffff116f
f457fffff457ffffff01a8
ff1effffff1effffff01c2
ff0cffffff0cffffff01ca
ff08ffffff08ffffff01c2
ff3efeffff3efeffff019e
ff9c78ffff9c78ffff3164
ff6d61e3ff6d61e3ff30fb
8a26c8d88a26c8d8d800db
856bffff856bffffff1134
c966ffffc966ffffff0183
f669fffff669ffffff01bb
ff63ffffff63ffffff01db
ff3fffffff3fffffff01e7
ff17ffffff17ffffff01e7
ff16ffffff16ffffff01de
ff73ebffff73ebffff01c1
ffe648ffffe648ffff3192
ffef24bbffef24bbff312f
9e8428489e8428489e3096
2b250d112b250d112b3028
0503010305030103053004
0205060302050603061005
0004060400040604061005
0301010303010103030003
0201000102010001023001
0304030003040300042004
0304030003040300042004
0201000102010001023001
0805000508050005083007
130b010d130b010d133011
2714051c2714051c273022
47260b3647260b36473042
6e3a16586e3a16586e3069
9650207a9650207a963091
ad5e238ead5e238ead30aa
a25b1a81a25b1a81a2309d
8b6d1b4d8b6d1b4d8b3085
5970510459705104702070
4721153f4721153f473047
ecdc5e64ecdc5e64ec30f1
e7d65960e7d65960e730ea
7f6011487f6011487f3078
3d1d0f333d1d0f333d303a
260d1023260d1023263025
1909091719090917193018
1006060e1006060e10300f
0801060908010609090009
0502070805020708080008
0600060806000608080008
0303070703030707070007
0005080500050805081007
0206080402060804081007
0308090403080904091008
0308090403080904091008
0308090403080904091008
040a0a04040a0a040a100a
040b0c05040b0c050c100c
050c0d06050c0d060d100d
040c0e06040c0e060e100d
02090c0702090c070c100b
00090e0900090e090e100c
010a110c010a110c11100f
040a1410040a1410141012
0709151307091513151015
0907131309071313130014
0806101008061010100011
05070f0d05070f0d0f100e
05070f0d05070f0d0f100e
0607100f0607100f101010
0706111007061110111011
07050f0f07050f0f0f000f
08030c0d08030c0d0d000d
06030a0b06030a0b0b000b
0503090905030909090009
0600060806000608080008
0600060806000608080008
0600060806000608080008
0600060806000608080008
0401060704010607070007
0607060106070601072007
211705112117051121301c
603c003c603c003c603054
cf82078ccf82078ccf30bf
ffd912f1ffd912f1ff3144
ffe739ffffe739ffff3180
ff7b75ffff7b75ffff3130
8f2161a18f2161a1a100a4
372d1115372d1115373031
3805364f3805364f4f004f
debb3675debb3675de30dc
ffff9065ffff9065ff2135
ccd4703cccd4703cd420dc
4f4f27194f4f27194f2052
100c0208100c020810300e
0004060400040604061005
0107090501070905091008
00080c0800080c080c100b
000b100b000b100b10100f
000c120c000c120c121010
0912130809121308131013
2d2b150d2d2b150d2d302c
7a5a12427a5a12427a306f
d0840690d0840690d030c3
fb8d2bcbfb8d2bcbfb30f7
e57145cbe57145cbe530e8
9a2c60a49a2c60a4a400a9
4c298a8b4c298a8b8b0090
4245a4974245a497a410a6
801da4c1801da4c1c100c3
c60ab0fac60ab0fafa00fa
e102d9ffe102d9ffff012a
ce25ffffce25ffffff013b
a843ffffa843ffffff012a
8e3fecfb8e3fecfbfb0102
951abdde951abddede00df
b10d9dddb10d9ddddd00dd
bc12a0eabc12a0eaea00ea
9b11b7e59b11b7e5e500e5
7328b3c47328b3c4c400c8
6c148ca26c148ca2a200a3
8b1d619b8b1d619b9b009d
c25546afc25546afc230c2
da5e52cada5e52cada30de
a10c91d0a10c91d0d000d0
4858c8b64858c8b6c810ca
2069b88f2069b88fb810b1
1a4480681a44806880107c
0e274e3d0e274e3d4e1048
011525170115251725101f
0307090303070903091007
0300030403000304040004
0401060704010607070007
050a0b04050a0b040b100a
080d0c03080d0c030d200d
070b0901070b09010b200b
0809060108090601092009
0708050207080502082008
0504010205040102053004
0301010303010103030003
0402020404020204040004
0403000304030003043004
0000000000000000000000
0301010303010103030003
0101030301010303030003
0001020100010201021001
0000000000000000000000
0000000000000000000000
0001020100010201021001
0101030301010303030003
0003040300030403041004
0104050201040502051004
0204040202040402041004
0001020100010201021001
091f2711091f2711271023
1b6d8b451b6d8b458b1081
20dcffae20dcffaeff1118
12ffffff12ffffffff119a
7ee5ffff7ee5ffffff11c8
ec7affffec7affffff01c2
ff29ffffff29ffffff01be
ff0cffffff0cffffff01c0
ff0dffffff0dffffff01b3
ff7fc4ffff7fc4ffff0199
ffff25ffffff25ffff3194
ffad32e7ffad32e7ff3120
7357f1e37357f1e3f110f3
49d2ffff49d2ffffff1173
a3acffffa3acffffff11ad
e180ffffe180ffffff01c0
f261fffff261ffffff01ac
fd36fffffd36ffffff0187
ff0fffffff0fffffff016f
ff26ebffff26ebffff0162
ffae6dffffae6dffff316c
ffff4bf7ffff4bf7ff31ab
ffffa090ffffa090ff3189
c7ce693ac7ce693ace20d6
3a3c1e103a3c1e103c203e
0805000508050005083007
0106070401060704071007
0004060400040604061005
0402020404020204040004
0403000304030003043004
0505030105050301052005
0304030003040300042004
0000000000000000000000
0201000102010001023001
0605020306050203063005
0b0a05040b0a05040b300a
1612080816120808163013
291f0915291f0915293025
49350b2949350b29493043
6a54163a6a54163a6a3066
7d7733357d7733357d3082
87ab730f87ab730fab20ab
65b6a72c65b6a72cb620bb
3b1f6d6f3b1f6d6f6f0073
ffb601b0ffb601b0ff30fd
ffd704d9ffd704d9ff3131
f97251def97251def930f9
be3868c6be3868c6c600cd
992c519c992c519c9c00a2
7126316c7126316c713072
4b1d19414b1d19414b3047
270d0f23270d0f23273025
12040a1212040a12120012
0a02060a0a02060a0a000a
0401060704010607070007
0203060502030605061005
0106070401060704071007
0308090403080904091008
0308090403080904091008
03090b0503090b050b100a
040a0c06040a0c060c100b
040c0e06040c0e060e100d
050c0d06050c0d060d100d
040b0c05040b0c050c100c
040b0c05040b0c050c100c
030f150b030f150b151012
02182a1c02182a1c2a1024
121b4037121b403740103d
2a11464d2a11464d4d004e
3a013a4f3a013a4f4f004f
36052c4136052c41410041
2700253227002532320032
1c0522291c052229290029
1709252717092527270028
190b2b2d190b2b2d2d002e
2104273221042732320032
2506192a2506192a2a002a
1a070c191a070c191a3019
0c03060b0c03060b0c300b
0501030505010305050005
0300030403000304040004
0300030403000304040004
0300030403000304040004
0301050503010505050005
0202060602020606060006
0406060204060602061006
1b13050d1b13050d1b3017
5435023354350233543049
bc76067ebc76067ebc30ac
ffa925ddffa925ddff3116
ff9e57ffff9e57ffff313e
ff924ef6ff924ef6ff311e
eaa3009beaa3009bea30e0
6448063c6448063c64305d
779c6b0a779c6b0a9c209c
feffb832feffb832ff2130
d9f08938d9f08938f020f6
6b6933256b6933256b306f
201602122016021220301c
06030a0b06030a0b0b000b
02080e0a02080e0a0e100c
000b100b000b100b10100f
000c120c000c120c121010
000c120c000c120c121010
020c100a020c100a10100f
10120e0010120e00122012
3224081a3224081a32302c
674003466740034667305e
a462127aa462127aa4309c
cb6f2da7cb6f2da7cb30c8
b83b66c1b83b66c1c100c9
7921a9c37921a9c3c300c5
534cbfb6534cbfb6bf10c5
5d35a5ab5d35a5abab00b3
73168daa73168daaaa00ab
76108aac76108aacac00ac
66198ca366198ca3a300a4
4d20818a4d20818a8a008d
3b1b676b3b1b676b6b006e
390c4b56390c4b56560056
42033c5342033c53530053
49093b5949093b59590059
3f0243583f024358580058
300a424c300a424c4c004c
2d03333f2d03333f3f003f
4012244040122440400042
6b321f5a6b321f5a6b3066
8f3d33838f3d33838f3090
7b1163997b116399990099
3d2e85843d2e858485108b
123b6c53123b6c536c1065
071f3727071f3727371031
0408120e0408120e121010
0002040200020402041002
0301010303010103030003
0203060502030605061005
0303070703030707070007
040a0a04040a0a040a100a
060a0802060a08020a200a
0708050207080502082008
0908030409080304093008
0908030409080304093008
0604000406040004063005
0301010303010103030003
0402000204020002043002
0404020204040202042004
0303010103030101032003
0000000000000000000000
0000000000000000000000
0001020100010201021001
0101030301010303030003
0300030403000304040004
0202040402020404040004
0202040402020404040004
0101030301010303030003
0104050201040502051004
0203020102030201032003
0307070303070703071007
1936351019363510362038
55b0ab3655b0ab36b020b8
92ffff7c92ffff7cff115e
82ffffc682ffffc6ff11a5
19ffffed19ffffedff1165
557efff0557efff0ff110f
912bd1eb912bd1ebeb00ee
a60cb8eaa60cb8eaea00ea
c11f95e5c11f95e5e500e7
ffaa24d6ffaa24d6ff3111
ffff6eb7ffff6eb7ff317a
ffe74a85ffe74a85ff310a
056b9b63056b9b639b1091
78ffff7e78ffff7eff1141
28edffbd28edffbdff112f
3e82ffdc3e82ffdcff10ff
6541cbcb6541cbcbcb00d5
6d1b99ad6d1b99adad00af
7202769a7202769a9a009a
9132479091324790913098
fbce3784fbce3784fb30f4
ffffe76affffe76aff21ad
ffffff41ffffff41ff21bf
d2fca41cd2fca41cfc20fd
3f4a2f0a3f4a2f0a4a204a
0908030409080304093008
0305050103050501051005
0305050103050501051005
0300030403000304040004
0704010607040106073007
0907010509070105093008
0605020306050203063005
0200020202000202020002
0103070501030705071005
0209120d0209120d12100f
05101f1805101f181f101c
0b142b240b142b242b1029
0d1f41330d1f413341103b
0a38664a0a38664a66105c
035f9b69035f9b699b108d
0991d5890991d589d510c7
22c9ff9b22c9ff9bff10fd
23d7ff9f23d7ff9fff110b
4f60d9be4f60d9bed910d4
ff5e8dffff5e8dffff3125
ff9fa5ffff9fa5ffff319c
ff6ef3ffff6ef3ffff01c1
ff5bfcffff5bfcffff01b6
ff67ccffff67ccffff0186
ff6b8cffff6b8cffff313b
e55f4fcde55f4fcde530e1
8f3f27778f3f27778f3086
4921113949211139493041
1f0e07181f0e07181f301b
0c03060b0c03060b0c300b
0401060704010607070007
0005080500050805081007
0308090403080904091008
0308090403080904091008
040b0c05040b0c050c100c
030b0d07030b0d070d100d
030b0d07030b0d070d100d
040b0c05040b0c050c100c
050a0b04050a0b040b100a
060f1207060f1207121010
072331190723311931102b
0248764c0248764c761068
2f56b99c2f56b99cb910b2
7d2ec7de7d2ec7dede00e2
b70aa9eeb70aa9eeee00ee
b91e8bd8b91e8bd8d800da
9c147cba9c147cbaba00bb
810873a2810873a2a200a2
6d0877966d087796960096
6417869b6417869b9b009c
7401749f7401749f9f009f
80293c8180293c81810087
5e2f10475e2f10475e3055
2817021928170219283021
0a0600060a0600060a3008
0201000102010001023001
0001020100010201021001
0101030301010303030003
0202040402020404040004
0202040402020404040004
0101030301010303030003
0506050005060500062006
1812060a1812060a183014
482e042a482e042a48303e
91550b6791550b67913085
d77627acd77627acd730d0
ffa929dbffa929dbff3114
ffda10e8ffda10e8ff313e
fb8d2dcbfb8d2dcbfb30f7
244788772447887788108a
a1e8b106a1e8b106e820e8
d5e67f42d5e67f42e620ef
9585334395853343953094
3f2a03263f2a03263f3038
12030c1312030c13130013
05070f0d05070f0d0f100e
000c120c000c120c121010
000c120c000c120c121010
000c120c000c120c121010
01090f0b01090f0b0f100e
00080c0800080c080c100b
0b0c09000b0c09000c200c
231905132319051323301f
5132033651320336513049
803f1e69803f1e6980307a
892353978923539797009b
661586a1661586a1a100a2
40318a8740318a878a108f
3222666432226664661069
2d0f454b2d0f454b4b004c
250a353c250a353c3c003c
1c0a2c301c0a2c30300031
130b2525130b2525250026
0e081c1c0e081c1c1c001d
0d0313150d031315150015
0e010c110e010c11110011
1105091111050911110011
0e030a110e030a11110011
0b000b0e0b000b0e0e000e
0a03060b0a03060b0b000b
1209040d1209040d12300f
2513051b2513051b253021
3c1b10333c1b10333c3039
3a0d26433a0d2643430044
200d363b200d363b3b003c
0a1128210a112821281025
03050d0903050d090d100a
0003040300030403041004
0303070703030707070007
0601080906010809090009
04040a0a04040a0a0a000a
0503090905030909090009
0508070205080702082008
0606040206060402062006
0805000508050005083007
0a0700070a0700070a3009
0c0800080c0800080c300b
0905010709050107093008
0604000406040004063005
0303010103030101032003
0304030003040300042004
0304030003040300042004
0000000000000000000000
0000000000000000000000
0103030101030301031003
0003040300030403041004
0300030403000304040004
0101030301010303030003
0001020100010201021001
0000000000000000000000
0303010103030101032003
0301010303010103030003
040a0a04040a0a040a100a
2c3c2a002c3c2a003c203c
97c4850c97c4850cc420c4
ffffff15ffffff15ff2171
ffffff07ffffff07ff21a3
ccfff21bccfff21bff2126
3d838d373d838d378d108e
0f2c53420f2c534253104f
2a0d3e452a0d3e45450046
4f211f494f211f494f3050
c0ac4054c0ac4054c030bf
ffffc45cffffc45cff216b
ffffaf3effffaf3eff2128
2f4331032f433103432043
ffffe521ffffe521ff214e
deffda01deffda01ff2127
528d8425528d84258d2091
022e462e022e462e461041
160d2c2b160d2c2b2c102c
21041d2a21041d2a2a002a
48380c2848380c28483044
bdd88724bdd88724d820da
ffffff1fffffff1fff21b6
ffffff17ffffff17ff21d7
d5ffbf0ed5ffbf0eff210e
4251380742513807512051
0b0b05030b0b05030b200b
0204040202040402041004
0206060202060602061006
0004060400040604061005
0703030707030307070007
0c0800080c0800080c300b
0a04060a0a04060a0a000a
0808181408081814181015
0f16352c0f16352c351031
2022585020225850581056
382a7c78382a7c787c107f
5330a1a25330a1a2a200a8
6b44d5d46b44d5d4d510de
7f68ffff7f68ffffff1125
9391ffff9391ffffff1172
9fadffff9fadffffff11a7
92b7ffff92b7ffffff11a4
6fb5ffff6fb5ffffff1172
867bffff867bffffff1136
f806f6fff806f6ffff0144
ff43feffff43feffff01a2
ff4dffffff4dffffff01e9
ff67ffffff67ffffff0209
ff92ffffff92ffffff0210
ffb3e0ffffb3e0ffff31f9
ffc099ffffc099ffff31b8
ffa655ffffa655ffff3147
d56f25a3d56f25a3d530c5
6a390c4b6a390c4b6a305e
2814061c2814061c283022
0c03060b0c03060b0c300b
0304090803040908091008
00080c0800080c080c100b
00080c0800080c080c100b
030b0d07030b0d070d100d
040b0c05040b0c050c100c
050a0b04050a0b040b100a
050a0b04050a0b040b100a
040b0c05040b0c050c100c
081a200e081a200e20101d
13516b3513516b356b1060
11abf59311abf593f510e1
38c6ffff38c6ffffff1155
ca69ffffca69ffffff018d
ff09ffffff09ffffff01ab
ff34ffffff34ffffff01af
ff2dffffff2dffffff019d
ff1dffffff1dffffff0186
ff02ffffff02ffffff0172
fc19fffffc19ffffff0165
ff16e1ffff16e1ffff014c
ff7666ffff7666ffff311f
de870e9bde870e9bde30cd
6d49073f6d49073f6d3060
201604102016041020301b
0504010205040102053004
0103030101030301031003
0004060400040604061005
0202060602020606060006
0301050503010505050005
0300030403000304040004
0004060400040604061005
0509090305090903091009
1110090411100904113010
2f2107192f2107192f3029
623d0241623d0241623059
b975097fb975097fb930ac
ffb90ac7ffb90ac7ff310f
ffae23e4ffae23e4ff311e
9434489c9434489c9c00a4
3c60520a3c60520a602060
cbb94963cbb94963cb30d1
cda8316ccda8316ccd30c7
6f510d3f6f510d3f6f3066
25110b1d25110b1d253021
0a0410120a041012120012
040b140f040b140f141012
010c130e010c130e131012
020b120d020b120d121011
03070d0b03070d0b0d100d
03050b0903050b090b100a
0105090701050907091008
0607060106070601072007
1a11020f1a11020f1a3016
2f140d282f140d282f302c
360a243e360a243e3e003e
2809364128093641410041
1512333015123330331033
0d0a1f1c0d0a1f1c1f101d
0a0310110a031011110011
07030d0d07030d0d0d000d
05030b0b05030b0b0b000b
0304090803040908091008
0203060502030605061005
0300030403000304040004
0403000304030003043004
0504010205040102053004
0404020204040202042004
0304030003040300042004
0204040202040402041004
0305050103050501051005
0707050107070501072007
0d0a03060d0a03060d300b
0e08020c0e08020c0e300e
0802060a0802060a0a000a
0302010203020102033002
0106070401060704071007
0006080600060806081008
0204080602040806081007
0303070703030707070007
0304090803040908091008
0402080804020808080008
0304030003040300042004
0403000304030003043004
0604000406040004063005
0806020408060204083007
0908030409080304093008
0708050207080502082008
0507050105070501072007
0104050201040502051004
0204040202040402041004
0103030101030301031003
0000000000000000000000
0000000000000000000000
0303010103030101032003
0404020204040202042004
0201000102010001023001
0000000000000000000000
0000000000000000000000
0000000000000000000000
0201000102010001023001
0100010201000102020002
0608060006080600082008
2e2d160d2e2d160d2e302e
a1a15133a1a15133a120a8
ffffbb64ffffbb64ff2168
ffffff6fffffff6fff21ca
ffffcd45ffffcd45ff215d
88a16a1188a16a11a120a1
21342d0a21342d0a342034
020f1811020f1811181016
2519011725190117253021
91964f2a91964f2a96209b
ffffcf43ffffcf43ff215b
ffffdb38ffffdb38ff215a
0207060502070605072008
ffffd634ffffd634ff214e
ffffdd2bffffdd2bff2155
86a36c0f86a36c0fa320a3
2430240024302400302030
0610120806101208121011
0c02080e0c02080e0e000e
373c230e373c230e3c203d
addb9b0baddb9b0bdb20db
ffffff0bffffff0bff21b7
ffffff0cffffff0cff21dc
d6ffc80ad6ffc80aff2114
45563b0645563b06562056
0c0c06040c0c06040c200c
0004060400040604061005
0206080402060804081007
0107090501070905091008
0600060806000608080008
0d020d100d020d10100010
110f2d27110f2d272d1029
1c306c581c306c586c1064
3a50baa23a50baa2ba10b4
6d5ffff56d5ffff5ff1106
a660ffffa660ffffff014e
d663ffffd663ffffff018b
ef77ffffef77ffffff01c2
f598fffff598ffffff01ef
ecb2ffffecb2ffffff1205
e4a7ffffe4a7ffffff11ef
d57effffd57effffff01ae
ab66ffffab66ffffff015b
835cffff835cffffff1113
9232d4ea9232d4eaea00ef
c502b9fec502b9fefe00fe
f622c0fff622c0ffff0125
ff48caffff48caffff0159
ff7ccdffff7ccdffff019d
ffb9c7ffffb9c7ffff31e1
fff6a6fffff6a6ffff320b
ffff70ffffff70ffff31f1
ffe939ffffe939ffff3183
ff9913b3ff9913b3ff30eb
7847064f7847064f78306a
2814061c2814061c283022
0901090b0901090b0b000b
00080c0800080c080c100b
00080c0800080c080c100b
02090c0702090c070c100b
03090b0503090b050b100a
040a0a04040a0a040a100a
040a0a04040a0a040a100a
060d0e05060d0e050e100d
132d3111132d3111311030
3a96a6423a96a642a610a3
5dffffaa5dffffaaff1158
17ffffff17ffffffff11b8
a0b0ffffa0b0ffffff11ab
ff13ffffff13ffffff01bd
ff2cffffff2cffffff01e2
ff31ffffff31ffffff01f7
ff27ffffff27ffffff01fe
ff10ffffff10ffffff01f8
ff02ffffff02ffffff01e0
ff4effffff4effffff01b1
ffe24dffffe24dffff3191
ffff28ceffff28ceff314b
bd9c2d5abd9c2d5abd30b4
3c3310193c3310193c3038
0b0801060b0801060b300a
0003040300030403041004
0206060202060602061006
0004060400040604061005
0401060704010607070007
0601080906010809090009
04040a0a04040a0a0a000a
02070c0902070c090c100b
020a0e08020a0e080e100c
090f0f05090f0f050f100f
1c190c091c190c091c301a
5037082d5037082d503047
a7730969a7730969a7309b
e8a91297e8a91297e830e2
c69f1e79c69f1e79c630c7
2c3012102c301210302032
927c2850927c2850923093
dac64866dac64866da30de
937e2548937e2548933091
3c24062a3c24062a3c3037
1700171e1700171e1e001e
0d091b1b0d091b1b1b001c
0b0a19180b0a191819101a
0906111209061112120012
07030b0b07030b0b0b000b
0303070703030707070007
0203060502030605061005
0100010201000102020002
0503010305030103053004
0a0402080a0402080a3008
0901070b0901070b0b000b
0502090a0502090a0a000a
0103070501030705071005
0001020100010201021001
0000000000000000000000
0102010001020100022002
0103030101030301031003
0102030201020302031002
0001020100010201021001
0001020100010201021001
0204040202040402041004
0104050201040502051004
0204040202040402041004
0206060202060602061006
0205060302050603061005
0005080500050805081007
0006080600060806081008
0005080500050805081007
0206080402060804081007
0107090501070905091008
00070a0700070a070a1009
00070a0700070a070a1009
0004060400040604061005
0104050201040502051004
0204040202040402041004
0104050201040502051004
0003040300030403041004
0001020100010201021001
0201000102010001023001
0404020204040202042004
0607040106070401072007
0609080106090801092009
060c0c04060c0c040c100c
02090c0702090c070c100b
0304090803040908091008
0303070703030707070007
0301050503010505050005
0300030403000304040004
0300030403000304040004
0502010405020104053004
0605020306050203063005
0303010103030101032003
0000000000000000000000
0000000000000000000000
0000000000000000000000
0001020100010201021001
0101030301010303030003
0204040202040402041004
1b1b0f071b1b0f071b201b
73743f2073743f20742078
ffffb246ffffb246ff2137
ffffff56ffffff56ff21d3
fffffa3cfffffa3cff2190
a5c57f17a5c57f17c520c6
32402e0232402e02402040
0a1212060a121206121012
1611040b1611040b163014
737c491a737c491a7c207e
ffffcb32ffffcb32ff2141
fffff633fffff633ff217a
3f4a2d0c3f4a2d0c4a204a
f9ffd91bf9ffd91bff2138
fffffc1dfffffc1dff216e
93b67f0c93b67f0cb620b6
2a3728012a372801372037
0d1511030d151103152015
0301010303010103030003
303f2e01303f2e013f203f
a5dba301a5dba301db20db
ffffff03ffffff03ff21b5
ffffff04ffffff04ff21dc
d3ffcd04d3ffcd04ff2116
45573d0545573d05572057
0d0c05060d0c05060d300d
0204080602040806081007
00070a0700070a070a1009
00090e0900090e090e100c
060a1812060a1812181014
101c4032101c4032401039
1e4c98761e4c987698108c
3c8bffdd3c8bffddff1105
75b2ffff75b2ffffff117c
c1acffffc1acffffff11cd
fe92fffffe92ffffff01f5
ff82ffffff82ffffff0202
ff83ffffff83ffffff01fa
ec8cffffec8cffffff01d9
bb8cffffbb8cffffff119c
986dffff986dffffff1149
883ce6f2883ce6f2f200f9
7022aabc7022aabcbc00bf
49298b8d49298b8d8d0092
33256b6733256b676b106d
380e4c56380e4c56560057
4c05425d4c05425d5d005d
7319497b7319497b7b007d
b63e54b0b63e54b0b630ba
ff7b5ff9ff7b5ff9ff3115
ffcf61ffffcf61ffff3188
ffff51ffffff51ffff31ec
ffff30ffffff30ffff31fc
ffff12ffffff12ffff3199
ffa808b2ffa808b2ff30f4
794707517947075179306b
2711091d2711091d273021
06040a0a06040a0a0a000a
0107090501070905091008
0308090403080904091008
0308090403080904091008
0509090305090903091009
060a0a02060a0a020a100a
09100f0409100f04102010
233f390d233f390d3f2040
78d4c02c78d4c02cd420d8
daffff6bdaffff6bff21a2
b3ffffb3b3ffffb3ff11c7
02e7ffe902e7ffe9ff1148
a23af6ffa23af6ffff0116
f10cddfff10cddffff0134
ff1aecffff1aecffff0156
ff1affffff1affffff0172
ff14ffffff14ffffff0180
ff20fcffff20fcffff0173
ff9284ffff9284ffff3161
ffff42f3ffff42f3ff319a
ffffaa91ffffaa91ff3195
dfec7b3edfec7b3eec20f4
4a4f2a134a4f2a134f2051
0e0c04060e0c04060e300d
0102050401020504051004
0206080402060804081007
0107090501070905091008
0304090803040908091008
06040c0c06040c0c0c000c
07040d0e07040d0e0e000e
06050e0d06050e0d0e100d
020a100c020a100c10100f
000b100b000b100b10100f
040a0c06040a0c060c100b
17150b0717150b07173016
4c3d14234c3d14234c3046
9d892f4b9d892f4b9d309c
d5c54763d5c54763d530dc
98811c5598811c5598309a
143d4825143d4825481047
8faf691b8faf691baf20b1
9181234d9181234d913096
652f235d652f235d653068
4805405948054059590059
3a0948573a094857570057
3b023d523b023d52520052
390d213d390d213d3d003e
260d0e21260d0e21263023
0f05050d0f05050d0f300d
0402000204020002043002
0003040300030403041004
0301010303010103030003
0303010103030101032003
0000000000000000000000
0000000000000000000000
0000000000000000000000
0000000000000000000000
0000000000000000000000
0201000102010001023001
0403000304030003043004
0402020404020204040004
0300030403000304040004
0202040402020404040004
0004060400040604061005
0004060400040604061005
0004060400040604061005
0206080402060804081007
0106070401060704071007
0106070401060704071007
0206080402060804081007
0005080500050805081007
0006080600060806081008
0107090501070905091008
0308090403080904091008
0206080402060804081007
0102050401020504051004
0003040300030403041004
0104050201040502051004
0204040202040402041004
0104050201040502051004
0301010303010103030003
0202020002020200021002
0205060302050603061005
03090b0503090b050b100a
030b0d07030b0d070d100d
040e1008040e1008101010
010b0f09010b0f090f100e
04040a0a04040a0a0a000a
0601080906010809090009
0600060806000608080008
0600060806000608080008
0600060806000608080008
0703030707030307070007
0907010509070105093008
0605020306050203063005
0201000102010001023001
0001020100010201021001
0101030301010303030003
0202040402020404040004
0202040402020404040004
0102050401020504051004
0d120f020d120f02122012
4b5a3d084b5a3d085a205a
e2ffb81ce2ffb81cff2111
ffffff2bffffff2bff21cf
ffffff26ffffff26ff21ab
b6dc9416b6dc9416dc20dd
3f4b31093f4b31094b204b
12160e0212160e02162016
0b0d09010b0d09010d200d
576a4908576a49086a206a
f0ffcc18f0ffcc18ff2128
ffffff1effffff1eff2187
5f7b59055f7b59057b207b
eaffc81beaffc81bff2122
ffffff1effffff1eff217f
a0c88c0ca0c88c0cc820c8
2e3d2e012e3d2e013d203d
0e1410020e141002142014
0203020102030201032003
2e3d2c012e3d2c013d203d
a6d89e06a6d89e06d820d8
ffffff08ffffff08ff21b4
ffffff07ffffff07ff21dd
d6ffcc06d6ffcc06ff2116
45553b0745553b07552055
0f0c03080f0c03080f300e
0303070703030707070007
01080b0601080b060b100a
0311190d0311190d191015
022b482d022b482d48103e
0d66ad780d66ad78ad109d
25b9ffeb25b9ffebff112b
4dfaffff4dfaffffff11af
84fdffff84fdffffff11ec
b4c8ffffb4c8ffffff11dd
c98dffffc98dffffff01ac
be6affffbe6affffff0175
9e5bffff9e5bffffff013c
7551f3f17551f3f1f310fe
4d43b7ad4d43b7adb710b9
322b786f322b786f781077
281248482812484848004a
2406303824063038380038
170b2b2d170b2b2d2d002e
0b0e231e0b0e231e231021
0809161308091613161015
0a0510110a051011110011
1301111713011117170017
2f10132a2f10132a2f302c
6c3714536c3714536c3063
d3771b9bd3771b9bd330c3
ffd81fffffd81fffff314e
ffff19ffffff19ffff31d7
ffff0fffffff0fffff3200
ffff0dffffff0dffff319e
ffaa0ab8ffaa0ab8ff30fa
7b4709537b4709537b306d
250f0b1d250f0b1d253020
0702090a0702090a0a000a
0107090501070905091008
0308090403080904091008
0308090403080904091008
040a0a04040a0a040a100a
0a1210040a121004122012
3145350331453503452045
acecb002acecb002ec20ec
ffffff08ffffff08ff21c2
ffffff1dffffff1dff21d3
9dfff73d9dfff73dff2113
0159875b0159875b87107f
4a1162734a116273730074
6702618667026186860086
77066b9677066b96960096
830e6da2830e6da2a200a2
9e384c9e9e384c9e9e00a7
f3c63382f3c63382f330ec
fffff152fffff152ff219e
ffffff21ffffff21ff21c4
d1ffc506d1ffc506ff2112
425a4200425a42005a205a
0a0d08010a0d08010d200d
0004060400040604061005
00080c0800080c080c100b
01090f0b01090f0b0f100e
05070f0d05070f0d0f100e
06060e0e06060e0e0e000f
08030c0d08030c0d0d000d
06040c0c06040c0c0c000c
01090f0b01090f0b0f100e
00080c0800080c080c100b
0005080500050805081007
070a0902070a09020a200a
2122130821221308222022
665e2826665e2826663065
bda1315dbda1315dbd30b9
c684028cc684028cc630c0
570d3d6f570d3d6f6f006f
333b1b0f333b1b0f3b203c
93354b9d93354b9d9d00a5
c0258ae3c0258ae3e300e5
ba0baaebba0baaebeb00eb
a60fbeeda60fbeeded00ed
b5109be6b5109be6e600e6
ba4152b5ba4152b5ba30c0
85411b6985411b6985307b
4024042a4024042a403037
140e020a140e020a143011
0504010205040102053004
0002020200020202020002
0103030101030301031003
0001020100010201021001
0101030301010303030003
0300030403000304040004
0300030403000304040004
0301010303010103030003
0201000102010001023001
0201000102010001023001
0300030403000304040004
0401060704010607070007
0401060704010607070007
0203060502030605061005
0004060400040604061005
0004060400040604061005
0106070401060704071007
0206080402060804081007
0206080402060804081007
0106070401060704071007
0106070401060704071007
0205060302050603061005
0305050103050501051005
0608060006080600082008
0407060104070601072007
0004060400040604061005
0202060602020606060006
0203060502030605061005
0004060400040604061005
0004060400040604061005
0403000304030003043004
0407060104070601072007
02080a0602080a060a100a
010b0f09010b0f090f100e
020c100a020c100a10100f
030d1109030d110911100f
030b0d07030b0d070d100d
0204080602040806081007
0401060704010607070007
0601040706010407070007
0501030505010305050005
0301010303010103030003
0504010205040102053004
0707030307070303072007
0706010407060104073007
0402020404020204040004
0202040402020404040004
0202040402020404040004
0101030301010303030003
0002040200020402041002
0003040300030403041004
090f0d03090f0d030f200f
3d4d37033d4d37034d204d
c9faad12c9faad12fa20fa
ffffff23ffffff23ff21c4
ffffff26ffffff26ff21b7
c5eb9b1bc5eb9b1beb20ec
4b522f124b522f12522053
1e1806101e1806101e301c
030c1510030c1510151014
4061520d4061520d612061
d0ffd202d0ffd202ff2116
ffffff04ffffff04ff218c
6ca1840f6ca1840fa120a1
e6ffaa2be6ffaa2bff210e
ffffff2effffff2eff2190
bce09618bce09618e020e1
39452f0539452f05452045
0e110c010e110c01112011
0203020102030201032003
2c3422062c342206342034
a8cf8c13a8cf8c13cf20cf
ffffff1effffff1eff21b1
ffffff20ffffff20ff21e1
e8ffc418e8ffc418ff211d
4e58380e4e58380e582059
110e0508110e0508113010
0302070603020706071006
020e160c020e160c161012
042d4427042d442744103b
0574af6c0574af6caf109e
03d9ffdd03d9ffddff1135
1cffffff1cffffffff11bc
3bffffff3bffffffff11e3
52edffff52edffffff11a0
5998ffff5998ffffff1134
5159d9c55159d9c5d910d8
3f3a9b903f3a9b909b109b
2b2d73692b2d7369731072
1c2050481c20504850104e
1012302a1012302a30102d
0808181408081814181015
05050d0b05050d0b0d100c
06040c0c06040c0c0c000c
07050f0f07050f0f0f000f
0706111007061110111011
07050f0f07050f0f0f000f
06040c0c06040c0c0c000c
0303070703030707070007
0701030507010305073005
1c1202101c1202101c3018
5032003250320032503046
b6710679b6710679b630a5
ffda0be8ffda0be8ff313e
ffff0fffffff0fffff31d4
ffff10ffffff10ffff3201
ffff07ffffff07ffff31a4
ffae03b2ffae03b2ff30f8
7443084d7443084d743066
230f091b230f091b23301e
07030b0b07030b0b0b000b
00070a0700070a070a1009
01080b0601080b060b100a
040a0c06040a0c060c100b
0911110509111105111011
313e2b02313e2b023e203e
b7db8f19b7db8f19db20dc
ffffff38ffffff38ff21bd
ffffff3effffff3eff21ed
ffffce21ffffce21ff2134
5773550157735501732073
0a2126130a212613261026
0d091b1b0d091b1b1b001c
15041b2015041b20200020
2108152421081524240024
4b4115254b4115254b304a
bce2941cbce2941ce220e3
ffffff09ffffff09ff21bd
ffffff07ffffff07ff21dd
caffd609caffd609ff2115
3f5541013f554101552055
0c0902070c0902070c300b
03070d0b03070d0b0d100d
020a100c020a100c10100f
020a100c020a100c10100f
03080f0c03080f0c0f100e
04050c0b04050c0b0c100c
0601080906010809090009
0303070703030707070007
0107090501070905091008
0206080402060804081007
0005080500050805081007
02080a0602080a060a100a
1016120210161202162016
3b381b123b381b123b303a
7d641f3e7d641f3e7d3075
9976215a9976215a993094
677953196779531979207b
0d79bf890d79bf89bf10b6
a645ffffa645ffffff0130
ff0bffffff0bffffff0177
ff0cffffff0cffffff0188
ff18ffffff18ffffff018e
ff2affffff2affffff0186
ff9680ffff9680ffff3166
ffaa1dd4ffaa1dd4ff310f
a26c0662a26c0662a23091
3b2805203b2805203b3033
0f08010a0f08010a0f300c
0301050503010505050005
0102050401020504051004
0202040402020404040004
0202040402020404040004
0300030403000304040004
0300030403000304040004
0402020404020204040004
0402020404020204040004
0300030403000304040004
0203060502030605061005
0303070703030707070007
0600060806000608080008
0402080804020808080008
0304090803040908091008
0304090803040908091008
0105090701050907091008
0106090601060906091008
0006080600060806081008
0005080500050805081007
0205060302050603061005
0103030101030301031003
0304030003040300042004
0608060006080600082008
0608060006080600082008
0407060104070601072007
0004060400040604061005
0202060602020606060006
0204080602040806081007
0104070601040706071007
0004060400040604061005
040a0a04040a0a040a100a
040b0c05040b0c050c100c
050d0f07050d0f070f100e
030c0f08030c0f080f100e
030b0d07030b0d070d100d
0308090403080904091008
0103030101030301031003
0102010001020100022002
0102010001020100022002
0103030101030301031003
0003040300030403041004
0004060400040604061005
0205060302050603061005
0304030003040300042004
0301010303010103030003
0101030301010303030003
0001020100010201021001
0001020100010201021001
0003040300030403041004
0004060400040604061005
080d0c03080d0c030d200d
35422d0435422d04422042
bce29618bce29618e220e3
ffffff30ffffff30ff21b4
ffffff35ffffff35ff21c2
dbfca126dbfca126fc20fe
56572e1956572e1957205a
2217001722170017223020
090c1b18090c1b181b101a
355c5516355c55165c205e
bcffd410bcffd410ff210a
ffffff0fffffff0fff2191
77c1ab2177c1ab21c120c3
e2f38a3de2f38a3df320fa
ffffff43ffffff43ff21a2
e0ff9e2be0ff9e2bff2102
4d522f124d522f12522053
14130a0714130a07143014
0201000102010001023001
2528170825281708282028
a1bb771ba1bb771bbb20bc
ffffff34ffffff34ff21a3
ffffff3effffff3eff21e7
ffffc32effffc32eff2133
5f673d155f673d15672069
1413080714130807143014
02060c0802060c080c100a
0526371e0526371e371030
0d6e9f5c0d6e9f5c9f108f
15e4ffc815e4ffc8ff112f
0effffff0effffffff11c0
08ffffff08ffffffff11de
19ffffff19ffffffff117f
1d99ffbf1d99ffbfff10f4
1650946e1650946e941088
0e2a523e0e2a523e52104a
071c3326071c332633102f
0116231801162318231020
010b130d010b130d131011
0303090703030907091007
0401060704010607070007
0304090803040908091008
02080e0a02080e0a0e100c
0408100e0408100e101010
0807121108071211121012
0a0410120a041012120012
0c010e110c010e11110011
0b03070d0b03070d0d000d
0804020608040206083007
0907030309070303093007
1911030d1911030d193015
472a032e472a032e47303e
af6a0976af6a0976af309e
ffd40de6ffd40de6ff3138
ffff06ffffff06ffff31d1
ffff09ffffff09ffff3201
ffff13ffffff13ffff3199
f5a70b97f5a70b97f530e1
5e3b00395e3b00395e3052
1608081216080812163013
0304090803040908091008
01080b0601080b060b100a
030b0d07030b0d070d100d
0610120806101208121011
26342a0426342a04342034
9bbb810f9bbb810fbb20bb
ffffff2fffffff2fff219d
ffffff3fffffff3fff21f6
ffffde2effffde2eff215b
788a5614788a56148a208b
2428180824281808282028
0d0f09030d0f09030f200f
0508070205080702082008
0803040708030407083007
383d220f383d220f3d203e
bde79b17bde79b17e720e8
ffffff1affffff1aff21c8
ffffff17ffffff17ff21e5
deffc212deffc212ff2114
4950311049503110502051
1106071011060710113011
0608121006081210121011
0408100e0408100e101010
02080e0a02080e0a0e100c
00080c0800080c080c100b
0304090803040908091008
0600060806000608080008
0401060704010607070007
0005080500050805081007
0107090501070905091008
00070a0700070a070a1009
00090e0900090e090e100c
0711130907111309131013
1a211a011a211a01212021
3c4634083c463408462046
5d968b165d968b16962097
5ffeff7a5ffeff7aff1119
12fffffb12fffffbff1177
89a2ffff89a2ffffff117a
ff13ffffff13ffffff0183
ff03ffffff03ffffff0199
ff18ffffff18ffffff019c
ff42f9ffff42f9ffff0193
ffe363ffffe363ffff31a8
ffff0dffffff0dffff3190
ffd6279effd6279eff310a
7c5c12427c5c12427c3071
241802142418021424301f
0702030607020306073006
0203060502030605061005
0202060602020606060006
0301050503010505050005
0300030403000304040004
0300030403000304040004
0501030505010305050005
0601040706010407070007
0600060806000608080008
0304090803040908091008
0304090803040908091008
0601080906010809090009
06030a0b06030a0b0b000b
06040c0c06040c0c0c000c
06040c0c06040c0c0c000c
06040c0c06040c0c0c000c
04050c0b04050c0b0c100c
0304090803040908091008
0203060502030605061005
0003040300030403041004
0002040200020402041002
0205060302050603061005
0307070303070703071007
0407060104070601072007
0608060006080600082008
0407060104070601072007
0004060400040604061005
0105090701050907091008
03050b0903050b090b100a
0004060400040604061005
0509090305090903091009
070d0d03070d0d030d100d
080f0e05080f0e050f200f
040b0c05040b0c050c100c
0508070205080702082008
0405040104050401052005
0402000204020002043002
0300030403000304040004
0202060602020606060006
0204080602040806081007
0104070601040706071007
0203060502030605061005
0003040300030403041004
0001020100010201021001
0000000000000000000000
0000000000000000000000
0000000000000000000000
0103030101030301031003
0204040202040402041004
0104050201040502051004
080b0801080b08010b200b
2e3420082e342008342034
acc37821acc37821c320c5
ffffff43ffffff43ff219c
ffffff51ffffff51ff21ce
ffffa63cffffa63cff211e
6665341f6665341f663069
211703132117031321301d
040c1612040c1612161015
36564a0e36564a0e562057
bcffc405bcffc405ff2101
ffffff01ffffff01ff2195
98deb41098deb410de20de
c1d9852bc1d9852bd920dd
ffffff34ffffff34ff21ab
efffb526efffb526ff211c
5860361658603616602062
1c1a0a0c1c1a0a0c1c301c
0907010509070105093008
191c1104191c11041c201c
8b9e611a8b9e611a9e20a0
fffff33dfffff33dff2185
ffffff4effffff4eff21ee
ffffd438ffffd438ff2156
727f4c17727f4c177f2081
1916070a1916070a193018
001624160016241624101f
0f5b7f450f5b7f457f1072
24d6ffa424d6ffa4ff110d
33ffffff33ffffffff11b2
28ffffff28ffffffff11e0
0dffffff0dffffffff1179
029cf09e029cf09ef010de
014a774c014a774c77106a
0224382202243822381031
03161f1203161f121f101c
0510130a0510130a131012
070b0901070b09010b200b
0704010607040106073007
0703030707030307070007
0605020306050203063005
0406060204060602061006
040a0a04040a0a040a100a
040a0a04040a0a040a100a
0308090403080904091008
0005080500050805081007
0401060704010607070007
0a0700070a0700070a3009
0a0a04040a0a04040a200a
0607040106070401072007
0706030207060302073006
130a010c130a010c13300f
4024042a4024042a403037
a666066ea666066ea63096
ffe108d7ffe108d7ff3137
ffff2affffff2affff31d4
ffff4cffffff4cffff31f2
ffff46c9ffff46c9ff3166
ae871e59ae871e59ae30a1
301f001d301f001d30302a
0a000a0c0a000a0c0c000c
01080d0a01080d0a0d100c
010b0f09010b0f090f100e
0611140906111409141013
1d34330e1d34330e342035
77b0971677b09716b020b1
ffffff17ffffff17ff2187
ffffff0cffffff0cff21ec
ffffff01ffffff01ff2163
71956b0571956b05952095
232c1f02232c1f022c202c
0d130f010d130f01132013
060c0c04060c0c040c100c
0503090905030909090009
3432181234321812343035
bdd98723bdd98723d920db
ffffff38ffffff38ff21c1
ffffff3fffffff3fff21ef
ffffb730ffffb730ff2125
59582d1c59582d1c59305c
1409061114090611143013
05070f0d05070f0d0f100e
04050c0b04050c0b0c100c
03050b0903050b090b100a
00070a0700070a070a1009
0203060502030605061005
0300030403000304040004
0300030403000304040004
0005080500050805081007
02090c0702090c070c100b
00080c0800080c080c100b
010b0f09010b0f090f100e
0511150b0511150b151014
0b1f27110b1f2711271023
225b6c2d225b6c2d6c1065
53e5ff7353e5ff73ff1100
77ffffcc77ffffccff11a1
45fffffd45fffffdff11ad
38b9fffd38b9fffdff1139
a328dbfca328dbfcfc00ff
bd09c9ffbd09c9ffff0107
b90ecfffb90ecfffff0106
f94b8dfff94b8dffff010b
fff616fffff616ffff316b
ffff47ffffff47ffff31c1
ffff53d0ffff53d0ff317b
dcad2a73dcad2a73dc30cf
533b092d533b092d53304a
150a0510150a0510153012
0503090905030909090009
0502070805020708080008
0600060806000608080008
0600060806000608080008
0601040706010407070007
0501030505010305050005
0301050503010505050005
0401060704010607070007
0304090803040908091008
0304090803040908091008
0502070805020708080008
0304090803040908091008
03050b0903050b090b100a
04040a0a04040a0a0a000a
05040b0a05040b0a0b100a
04040a0a04040a0a0a000a
0601080906010809090009
0401060704010607070007
0301050503010505050005
0203060502030605061005
00070a0700070a070a1009
0105090701050907091008
0005080500050805081007
0308090403080904091008
0308090403080904091008
0107090501070905091008
00070a0700070a070a1009
02070c0902070c090c100b
0304030003040300042004
0608060006080600082008
0a0e0a000a0e0a000e200e
0c100c000c100c00102010
080a0800080a08000a200a
0505030105050301052005
0403000304030003043004
0402020404020204040004
0203060502030605061005
0303070703030707070007
0303070703030707070007
0203060502030605061005
0101030301010303030003
0001020100010201021001
0000000000000000000000
0000000000000000000000
0000000000000000000000
0001020100010201021001
0204040202040402041004
0103030101030301031003
0303010103030101032003
0908030409080304093008
2726130c2726130c273027
95a05b2495a05b24a020a4
ffffda4dffffda4dff2176
ffffff64ffffff64ff21d4
ffffb84dffffb84dff214a
7f8245247f824524822086
211e0d0c211e0d0c213020
040a0a04040a0a040a100a
3d4c35043d4c35044c204c
c4f1a415c4f1a415f120f1
ffffff26ffffff26ff2191
cff29926cff29926f220f4
81c2a31681c2a316c220c3
ffffff07ffffff07ff21a7
d8ffda01d8ffda01ff2123
4c654a014c654a01652065
171d1303171d13031d201d
0a0a04040a0a04040a200a
0f120d000f120d00122012
707f5013707f50137f2080
ffffda37ffffda37ff215d
ffffff4effffff4eff21ee
ffffef3cffffef3cff217e
8a9a5e1a8a9a5e1a9a209c
1b0f07131b0f07131b3018
0643663b0643663b661059
1ab6fc941ab6fc94fc10ea
35fffffb35fffffbff1197
43ffffff43ffffffff11e4
31fffff731fffff7ff118e
13aef59413aef594f510e4
06496e4106496e416e1061
07212d1707212d172d1028
0916190a0916190a191018
0811120708111207121012
0507050105070501072007
0700070a0700070a0a000a
0d000d120d000d12120012
12050a1312050a13130013
130b030f130b030f133012
0f0a010a0f0a010a0f300e
0e0a02080e0a02080e300c
0e0a02080e0a02080e300c
0c0800080c0800080c300b
0a0700070a0700070a3009
0602040606020406060006
02080a0602080a060a100a
040b0c05040b0c050c100c
0307070303070703071007
0104050201040502051004
0103050301030503051004
0a0906010a0906010a3009
3422041c3422041c34302c
a8781260a8781260a83099
ffff4abbffff4abbff3151
ffff97e9ffff97e9ff31e8
ffffa1bfffffa1bfff31c1
f8e05668f8e05668f830f6
534313275343132753304d
1106070e1106070e11300f
01080d0a01080d0a0d100c
00090e0900090e090e100c
0713150907131509151015
2141411321414113411043
72c8bc3072c8bc30c820cd
f4ffff51f4ffff51ff2199
ffffff54ffffff54ff21e1
ceffff35ceffff35ff214d
558b7915558b79158b208c
1a2d28091a2d28092d202d
0914150809141508151015
040f1209040f1209121011
03080f0c03080f0c0f100e
2c260c142c260c142c302a
afbe6d2aafbe6d2abe20c2
ffffff4dffffff4dff21a8
ffffff5fffffff5fff21f8
ffffbd49ffffbd49ff214b
726f3625726f3625723075
1a1100111a1100111a3018
05040b0a05040b0a0b100a
0304090803040908091008
0304090803040908091008
0105090701050907091008
0300030403000304040004
0201000102010001023001
0001020100010201021001
0308090403080904091008
030c0f08030c0f080f100e
01090f0b01090f0b0f100e
000c120c000c120c121010
04151c0f04151c0f1c1019
0c3648240c364824481040
2c9cc2602c9cc260c210b7
69ffffb469ffffb4ff116d
8cffffe18cffffe1ff11d2
5dffffc55dffffc5ff117a
0598dd8c0598dd8cdd10ce
3629726d3629726d721074
430e5768430e5768680068
4805506548055065650065
843d2a6f843d2a6f84307e
ffc719a1ffc719a1ff30ff
ffff5be2ffff5be2ff319d
ffff72ebffff72ebff31c1
ffff50a5ffff50a5ff313d
99771d4d99771d4d99308d
2d1c011c2d1c011c2d3027
0b01090d0b01090d0d000d
0601080906010809090009
0600060806000608080008
0601040706010407070007
0603020506030205063005
0402020404020204040004
0202040402020404040004
0202040402020404040004
0004060400040604061005
0005080500050805081007
0202060602020606060006
0204080602040806081007
0006080600060806081008
0204080602040806081007
0104070601040706071007
0203060502030605061005
0301050503010505050005
0401060704010607070007
0601080906010809090009
04040a0a04040a0a0a000a
02070c0902070c090c100b
0304090803040908091008
0304090803040908091008
00070a0700070a070a1009
0107090501070905091008
03090b0503090b050b100a
02090c0702090c070c100b
00080c0800080c080c100b
0604000406040004063005
0909050309090503092009
0d0e09020d0e09020e200e
0d100b020d100b02102010
090b0701090b07010b200b
0303010103030101032003
0300030403000304040004
0601040706010407070007
0303070703030707070007
0203060502030605061005
0101030301010303030003
0001020100010201021001
0000000000000000000000
0000000000000000000000
0001020100010201021001
0101030301010303030003
0300030403000304040004
0202040402020404040004
0003040300030403041004
0001020100010201021001
0201000102010001023001
0605020306050203063005
1c1c0e081c1c0e081c201d
767d461d767d461d7d2080
ffffbc46ffffbc46ff2147
ffffff60ffffff60ff21d1
ffffda4cffffda4cff2175
99a7612399a76123a720aa
282c1a08282c1a082c202c
0604000406040004063005
3b3e21103b3e21103e2040
bfd37b2bbfd37b2bd320d7
ffffd256ffffd256ff217b
ffec557affec557aff3109
28afde7d28afde7dde10d7
e0ffff5fe0ffff5fff2198
9efff83a9efff83aff2118
2a5d60232a5d6023601063
0017221700172217221020
07050d0d07050d0d0d000d
12110a0512110a05123011
5967430b5967430b672067
ffffc429ffffc429ff2131
ffffff46ffffff46ff21e3
ffffff40ffffff40ff21a0
a5b46726a5b46726b420b7
1d0b312d1d0b312d31102e
199cd578199cd578d510c4
30ffffec30ffffecff117c
3affffff3affffffff11e9
30ffffff30ffffffff11b1
1bcdffa71bcdffa7ff1108
0a557a450a557a457a106d
071d2713071d2713271022
0c1312030c131203132013
0f130d010f130d01132013
0d0d05050d0d05050d200d
08020a0c08020a0c0c000c
080a1614080a1614161016
1004161a1004161a1a001a
19070f1b19070f1b1b001b
1e1006181e1006181e301c
1a1000121a1000121a3018
130e030a130e030a133011
0c0b04050c0b04050c300c
0908030409080304093008
0907010509070105093008
0600060806000608080008
01090f0b01090f0b0f100e
01090f0b01090f0b0f100e
0304090803040908091008
0203060502030605061005
0106090601060906091008
02050a0902050a090a100a
0405060304050603061005
4032101c4032101c403039
dac44e5cdac44e5cda30d8
ffffb5a0ffffb5a0ff31ae
ffffd9b0ffffd9b0ff31ee
ffff877effff877eff314a
88752a3b88752a3b883083
211501132115011321301c
0106090601060906091008
03090b0503090b050b100a
0b1515070b151507151016
2f4d410b2f4d410b4d204d
96e6bc1896e6bc18e620e7
ffffff2cffffff2cff21aa
ffffff33ffffff33ff21cf
c6fffe25c6fffe25ff212b
4e786a124e786a12782079
1929250719292507292029
0c1514050c151405152015
0812140808121408141013
000c120c000c120c121010
241a0414241a0414243020
989b502d989b502d9b20a1
ffffd559ffffd559ff217f
ffffff73ffffff73ff21fc
ffffd25bffffd25bff217c
93934b2d93934b2d932099
241d0811241d0811243021
0600060806000608080008
0204080602040806081007
0104070601040706071007
0203060502030605061005
0402020404020204040004
0401040504010405050005
0304090803040908091008
000b100b000b100b10100f
010e130c010e130c131012
020a100c020a100c10100f
000d140d000d140d141012
07222f1807222f182f1029
1b6987431b69874387107c
49f8ff9649f8ff96ff1121
7cffffe07cffffe0ff11bc
7effffdb7effffdbff11b9
4af5ff8f4af5ff8fff111b
146586471465864786107b
081e3628081e3628361032
0f0b1f1f0f0b1f1f1f0020
1400141a1400141a1a001a
3a2402243a2402243a3032
a27f2053a27f2053a23097
ffff54a2ffff54a2ff313e
ffff87d9ffff87d9ff31bf
ffff81beffff81beff3197
eac9446beac9446bea30e3
513e0f28513e0f28513049
1209040d1209040d12300f
0600060806000608080008
0600060806000608080008
0703030707030307070007
0804020608040206083007
0602020606020206060006
0300030403000304040004
0002040200020402041002
0205060302050603061005
0106070401060704071007
0203060502030605061005
0104070601040706071007
0005080500050805081007
0004060400040604061005
0004060400040604061005
0102050401020504051004
0203060502030605061005
0303070703030707070007
0503090905030909090009
04040a0a04040a0a0a000a
03050b0903050b090b100a
0304090803040908091008
0304090803040908091008
0105090701050907091008
0005080500050805081007
040b0c05040b0c050c100c
030b0d07030b0d070d100d
00080c0800080c080c100b
0604000406040004063005
0a0a04040a0a04040a200a
0d0e07040d0e07040e200e
0f1009040f100904102010
0c0c06040c0c06040c200c
0502010405020104053004
0202040402020404040004
0300030403000304040004
0101030301010303030003
0001020100010201021001
0000000000000000000000
0000000000000000000000
0001020100010201021001
0101030301010303030003
0202040402020404040004
0202040402020404040004
0300030403000304040004
0101030301010303030003
0001020100010201021001
0000000000000000000000
0000000000000000000000
0304030003040300042004
13150d0313150d03152015
585f3813585f38135f2060
f7ffab33f7ffab33ff2119
ffffff48ffffff48ff21c9
ffffff3affffff3aff2198
abc9811babc9811bc920ca
313b2705313b27053b203b
0204080602040806081007
312b0f15312b0f1531302f
aaa1443faaa1443faa30ac
ffff6a92ffff6a92ff3148
ffbd1ee9ffbd1ee9ff312c
4796fffc4796fffcff1125
66ffffbd66ffffbdff117b
51def76a51def76af710f6
094861380948613861105b
120b2223120b2223230024
1508091415080914153015
181a0e06181a0e061a201a
49583b0649583b06582058
deffaa21deffaa21ff2107
ffffff44ffffff44ff21cd
ffffff49ffffff49ff21b9
c3c86938c3c86938c820cf
133b6d4d133b6d4d6d1061
4dffffa84dffffa8ff1141
64ffffff64ffffffff11df
43ffffff43ffffffff11d0
18e7ffc918e7ffc9ff1132
0162996001629960991089
021c301e021c301e301029
040a0c04040a0c040c100a
0d0d05050d0d05050d200d
130a0710130a0710133012
18001a2218001a22220022
1b0c2f321b0c2f32320033
1f133d3d1f133d3d3d003f
2c0b3e472c0b3e47470047
3e06364e3e06364e4e004e
4917254b4917254b4b004e
4420123a4420123a443042
321c0624321c062432302d
1e1200141e1200141e301a
120b000b120b000b12300f
0b0601080b0601080b300a
0502070805020708080008
010a0d08010a0d080d100c
00080c0800080c080c100b
0402080804020808080008
0401060704010607070007
0107090501070905091008
0106070401060704071007
0402020404020204040004
1410060614100606143011
8579313385793133853083
ffff8f85ffff8f85ff315f
ffffd2bfffffd2bfff31f4
ffffa6a5ffffa6a5ff319f
d2ba4858d2ba4858d230cd
3f320d1e3f320d1e3f303a
0701050707010507070007
050a0902050a09020a200a
0f1611020f161102162016
3b4931053b493105492049
bbe08f1cbbe08f1ce020e1
ffffff37ffffff37ff21aa
ffffff3cffffff3cff21d3
ffffc827ffffc827ff212f
6a7a520e6a7a520e7a207a
21291f0121291f01292029
0f1815040f181504182018
0a1514070a151407152016
040f1209040f1209121011
170f010f170f010f173015
78773c2578773c2578307c
ffffba4effffba4eff214d
ffffff68ffffff68ff21f6
fffffb53fffffb53ff21a9
acbd6e27acbd6e27bd20c0
2a2b160b2a2b160b2b202c
0403000304030003043004
0104050201040502051004
0204040202040402041004
0002040200020402041002
0300030403000304040004
0502070805020708080008
03080f0c03080f0c0f100e
010c130e010c130e131012
000c120c000c120c121010
000a100a000a100a10100e
03131b0f03131b0f1b1018
1042562a1042562a56104e
36b8e06e36b8e06ee010d6
6cffffc66cffffc6ff1189
82ffffeb82ffffebff11d2
5effffb85effffb8ff1166
2c9dc4612c9dc461c410b8
0d3c4f280d3c4f284f1048
001520150015201520101d
07050f0f07050f0f0f000f
0b04050a0b04050a0b300a
1a13040d1a13040d1a3017
5747172757471727573051
ddbd4165ddbd4165dd30d6
ffff85aeffff85aeff3185
ffffa7c1ffffa7c1ff31c6
ffff7289ffff7289ff313f
8a74263e8a74263e8a3083
241904132419041324301f
0702030607020306073006
0300030403000304040004
0603020506030205063005
0704010607040106073007
0603020506030205063005
0402020404020204040004
0203060502030605061005
0006080600060806081008
0005080500050805081007
0004060400040604061005
0004060400040604061005
0004060400040604061005
0004060400040604061005
0004060400040604061005
0203060502030605061005
0105090701050907091008
0304090803040908091008
0304090803040908091008
0304090803040908091008
0304090803040908091008
0304090803040908091008
0304090803040908091008
0304090803040908091008
0304090803040908091008
030c0f08030c0f080f100e
030c0f08030c0f080f100e
00080c0800080c080c100b
0004060400040604061005
0509090305090903091009
090c0900090c09000c200c
0d0e07040d0e07040e200e
0d0b03070d0b03070d300d
0703030707030307070007
0301050503010505050005
0300030403000304040004
0300030403000304040004
0301010303010103030003
0201000102010001023001
0001020100010201021001
0004060400040604061005
0303070703030707070007
0401060704010607070007
0300030403000304040004
0201000102010001023001
0000000000000000000000
0000000000000000000000
0000000000000000000000
0000000000000000000000
0303010103030101032003
0f1009040f100904102010
444d320b444d320b4d204d
cff9a919cff9a919f920fa
ffffff25ffffff25ff21c0
ffffff20ffffff20ff21ad
b4e19c0fb4e19c0fe120e1
3647340136473401472047
030c0f08030c0f080f100e
231503172315031723301f
805e0e46805e0e46803075
ffb204aaffb204aaff30f6
ff6f74ffff6f74ffff312a
836effff836effffff013b
08dcffd208dcffd2ff1130
188dbc67188dbc67bc10ae
022a422a022a422a42103b
1001101510011015150015
1714050c1714050c173017
1e2316051e231605232023
414d3307414d33074d204d
bfde8f1ebfde8f1ede20e0
ffffff40ffffff40ff21ae
ffffff4bffffff4bff21c7
d3d66d40d3d66d40d620df
107298541072985498108d
a6ffff9ba6ffff9bff119b
b6ffffd4b6ffffd4ff11ef
5fffffbc5fffffbcff1168
1081b86d1081b86db810a8
0b1e3d2c0b1e3d2c3d1035
0a010e0f0a010e0f0f000f
0302010203020102033002
0a071a150a071a151a1016
1b1845401b184540451044
3922717239227172720076
5724919c5724919c9c00a0
6f27adbd6f27adbdbd00c0
8b1ebbda8b1ebbdada00dc
af03b5efaf03b5efef00ef
cb2397efcb2397efef00f1
cf416bd3cf416bd3d300dc
ae4244a2ae4244a2ae30ae
7b33276b7b33276b7b3076
4b21133d4b21133d4b3045
2711091f2711091f273023
0f03090f0f03090f0f000f
00070a0700070a070a1009
02080a0402080a040a1008
0105090701050907091008
0701090b0701090b0b000b
04040a0a04040a0a0a000a
0203060502030605061005
0402000204020002043002
0503010105030101053003
4a3e181c4a3e181c4a3044
fbe76363fbe76363fb30fb
ffffc4acffffc4acff31cb
ffffd1abffffd1abff31dc
ffff7b65ffff7b65ff311f
625a2624625a2624623060
100c0208100c020810300e
0609080106090801092009
11140d0211140d02142014
36381e0e36381e0e382039
b1b45d34b1b45d34b420bb
ffffcd6effffcd6eff218d
ffffff88ffffff88ff21ed
ffffbc64ffffbc64ff216a
9a9e562a9a9e562a9e20a3
2f3623062f362306362036
111b1705111b17051b201b
0c1412040c141204142014
0a0f0c010a0f0c010f200f
0907030309070303093007
535a3512535a35125a205b
f8ffb42ef8ffb42eff211f
ffffff40ffffff40ff21ec
ffffff34ffffff34ff21c8
badf9219badf9219df20e0
2f3723072f372307372037
0504010205040102053004
0204040202040402041004
0104050201040502051004
0004060400040604061005
0304090803040908091008
04050c0b04050c0b0c100c
020a100c020a100c10100f
000b100b000b100b10100f
00090e0900090e090e100c
010d130b010d130b131011
0725331b0725331b33102d
227b9a4b227b9a4b9a1090
5affff9e5affff9eff113f
87ffffe087ffffe0ff11ca
78ffffd278ffffd2ff11a5
3ed7ff833ed7ff83ff10fb
165a743a165a743a74106b
09242f1809242f182f102b
0110170e0110170e171015
0701090b0701090b0b000b
0c0702090c0702090c300b
110d0309110d030911300f
30280e1430280e1430302c
8a762a3c8a762a3c8a3084
ffff6c83ffff6c83ff3130
ffffadb9ffffadb9ff31c2
ffff97a6ffff97a6ff3190
d7bc455ed7bc455ed730d2
47370d2347370d23473041
1009020b1009020b10300e
0501030505010305050005
0501030505010305050005
0704010607040106073007
0805000508050005083007
0501030505010305050005
0104070601040706071007
0005080500050805081007
0004060400040604061005
0004060400040604061005
0004060400040604061005
0004060400040604061005
0005080500050805081007
0104070601040706071007
0204080602040806081007
0006080600060806081008
0204080602040806081007
0104070601040706071007
0204080602040806081007
0105090701050907091008
0304090803040908091008
0304090803040908091008
0304090803040908091008
0304090803040908091008
030b0d07030b0d070d100d
040c0e06040c0e060e100d
020a0e08020a0e080e100c
04040a0a04040a0a0a000a
02060a0802060a080a100a
0307070303070703071007
0909050309090503092009
0c0902070c0902070c300b
0905010709050107093008
0501030505010305050005
0300030403000304040004
0300030403000304040004
0403000304030003043004
0304030003040300042004
0004060400040604061005
0006080600060806081008
0203060502030605061005
0300030403000304040004
0403000304030003043004
0303010103030101032003
0000000000000000000000
0000000000000000000000
0000000000000000000000
0000000000000000000000
0201000102010001023001
0c0d08030c0d08030d200d
3947310539473105472047
b9eead08b9eead08ee20ee
ffffff0bffffff0bff21bb
ffffff0affffff0aff21b6
b5ecab06b5ecab06ec20ec
3b4e39023b4e39024e204e
0c1412040c141204142014
0f010d110f010d11110011
44210e3344210e3344303c
954623789546237895308a
ab276bc1ab276bc1c100c4
5e40c0c85e40c0c8c800d1
0c6eb8820c6eb882b810aa
0a405c320a405c325c1051
0510150805101508151011
0305030103050301052005
11150d0311150d03152015
2026180620261806262026
3c4832063c483206482048
a1c68d0ca1c68d0cc620c6
ffffff1affffff1aff2192
ffffff24ffffff24ff21c5
c1d67b2cc1d67b2cd620da
42a3b44942a3b449b410b2
f8ffff76f8ffff76ff21cf
f3ffff85f3ffff85ff21d8
6ff3ff616ff3ff61ff1105
0d40572e0d40572e57104e
0c000e100c000e10100010
0b0b07030b0b07030b200b
041b2a15041b2a152a1022
0b457b550b457b557b106d
3769ddb93769ddb9dd10d4
8464ffff8464ffffff112b
c950ffffc950ffffff0167
f248fffff248ffffff0190
ff3affffff3affffff01ad
ff12ffffff12ffffff01c0
ff2dffffff2dffffff01c7
ff6af2ffff6af2ffff01ba
ff85b1ffff85b1ffff318a
ff7d77ffff7d77ffff3137
dd6047c2dd6047c2dd30d8
8b3f25738b3f25738b3083
471f1139471f1139473040
1a080a161a080a161a3017
0305090703050907091008
020a0c06020a0c060c100b
04040a0a04040a0a0a000a
0701090b0701090b0b000b
0702050807020508080008
0603020506030205063005
0301050503010505050005
1c1c10041c1c10041c201c
99964b3099964b3099309d
ffffba76ffffba76ff217e
fffff797fffff797ff21f2
ffffb170ffffb170ff216d
918c4330918c4330913094
1f1b0b0b1f1b0b0b1f301d
0406040004060400062006
0f1009040f100904102010
2927130d2927130d293029
85813f2b85813f2b853087
ffffa663ffffa663ff214e
ffffff89ffffff89ff21ec
ffffe070ffffe070ff21a9
c9d57535c9d57535d520db
444d300b444d300b4d204d
151e1904151e19041e201e
090e0b02090e0b020e200e
0b0a03060b0a03060b300b
0403080904030809090009
3646340036463400462046
cfffb512cfffb512ff2102
ffffff20ffffff20ff21e3
ffffff1fffffff1fff21da
c5f3a713c5f3a713f320f3
363f2809363f28093f203f
0805000508050005083007
0003040300030403041004
0104050201040502051004
0307070303070703071007
01080b0601080b060b100a
01080d0a01080d0a0d100c
01090f0b01090f0b0f100e
00090e0900090e090e100c
00090e0900090e090e100c
04161e1004161e101e101b
134a5f2e134a5f2e5f1057
41ccf37441ccf374f310ea
7dffffc67dffffc6ff119c
8effffde8effffdeff11ce
5dffffa45dffffa4ff114b
2484a6522484a652a6109b
0d3241200d32412041103b
07181d0e07181d0e1d101b
030c0f08030c0f080f100e
0501030505010305050005
0908030409080304093008
0c0b04050c0b04050c300c
1c18080c1c18080c1c301a
534517255345172553304e
ddc44b5eddc44b5edd30d9
ffff98a5ffff98a5ff3190
ffffabbaffffabbaff31c0
ffff6983ffff6983ff312d
7f671f3b7f671f3b7f3076
231601162316011623301f
0c04060c0c04060c0c000c
0802040808020408080008
0805000508050005083007
0706010407060104073007
0300030403000304040004
0004060400040604061005
0004060400040604061005
0004060400040604061005
0004060400040604061005
0004060400040604061005
0005080500050805081007
0006080600060806081008
0204080602040806081007
0104070601040706071007
0005080500050805081007
0004060400040604061005
0004060400040604061005
0005080500050805081007
00070a0700070a070a1009
0304090803040908091008
0304090803040908091008
0304090803040908091008
0304090803040908091008
02090c0702090c070c100b
040c0e06040c0e060e100d
040d0e07040d0e070e100e
07030b0d07030b0d0d000d
0601080906010809090009
0101030301010303030003
0404020204040202042004
0908030409080304093008
0707030307070303072007
0303010103030101032003
0000000000000000000000
0001020100010201021001
0204040202040402041004
0206060202060602061006
0306050203060502062006
0305050103050501051005
0201000102010001023001
0101030301010303030003
0003040300030403041004
0103030101030301031003
0000000000000000000000
0000000000000000000000
0000000000000000000000
0000000000000000000000
0000000000000000000000
090c0900090c09000c200c
3545330135453301452045
b2ebae03b2ebae03eb20eb
ffffff05ffffff05ff21b9
ffffff08ffffff08ff21b6
baeca80cbaeca80cec20ec
4651340d4651340d512052
1b1d11071b1d11071d201d
070f0f05070f0f050f100f
1102111611021116160016
2f0b192f2f0b192f2f0030
3601304736013047470047
181e4844181e484448104a
07293d2307293d233d1035
0e1414020e141402141014
0c03060d0c03060d0d000d
08010a0d08010a0d0d000d
060d0e05060d0e050e100d
1c241a021c241a02242024
384e3e02384e3e024e204e
8ccba8138ccba813cb20cb
ffffff23ffffff23ff2190
ffffff1effffff1eff21b9
8cb37a098cb37a09b320b3
72dcdc4872dcdc48dc10e7
ffffff73ffffff73ff21ec
f2ffff65f2ffff65ff21b2
64bcb63464bcb634bc20c3
0b1f250f0b1f250f251022
090b0701090b07010b200b
09191d0b09191d0b1d101b
10506a3610506a366a1060
11b5ff9b11b5ff9bff10ee
2ceaffff2ceaffffff1179
a7baffffa7baffffff11c5
ff76ffffff76ffffff01e4
ff58ffffff58ffffff01e8
ff43ffffff43ffffff01dd
ff19ffffff19ffffff01d3
ff2bffffff2bffffff01d8
ff79ffffff79ffffff01ef
ffb2e8ffffb2e8ffff31ff
ffc4c3ffffc4c3ffff31ea
ffb895ffffb895ffff31a8
ff9862ffff9862ffff3142
d96935b3d96935b3d930cf
7639185b7639185b76306b
2c120a222c120a222c3026
0504070605040706071007
0506030205060302062006
0202020002020200021002
0402020404020204040004
0702050807020508080008
0602080a0602080a0a000a
070c0b04070c0b040c200c
5d5c2f1a5d5c2f1a5d305f
ffff905cffff905cff212c
ffffea99ffffea99ff21e3
ffffcb91ffffcb91ff21b3
dacd5c51dacd5c51da30dc
4036141a4036141a40303b
0400040404000404040004
0b0e0b000b0e0b000e200e
191d1303191d13031d201d
575c3514575c35145c205e
f2ff9a3af2ff9a3aff210c
ffffff5affffff5aff21d4
ffffff50ffffff50ff21d0
e4ffa429e4ffa429ff210a
5364410a5364410a642064
18221a0218221a02222022
0607060106070601072007
0601040706010407070007
06020a0c06020a0c0c000c
26382e0626382e06382038
baefac09baefac09ef20ef
ffffff19ffffff19ff21d7
ffffff1effffff1eff21e0
d1ffb314d1ffb314ff2102
3c462e083c462e08462046
0707030307070303072007
0001020100010201021001
0305050103050501051005
0509090305090903091009
040a0a04040a0a040a100a
040b0c05040b0c050c100c
02090c0702090c070c100b
00080c0800080c080c100b
010c110a010c110a11100f
0b2935190b293519351030
2b88a54c2b88a54ca5109b
67ffffa267ffffa2ff1153
91ffffde91ffffdeff11d2
7affffc57affffc5ff1197
3cc5ee733cc5ee73ee10e4
124a6030124a6030601058
071d2513071d2513251022
0610120806101208121011
0407060104070601072007
0002020200020202020002
0406040004060400062006
0909050309090503092009
1210080612100806123011
2e270e132e270e132e302b
917f2f3d917f2f3d91308c
ffff7785ffff7785ff313f
ffffb0b7ffffb0b7ff31c1
ffff929dffff929dff317e
c2aa3e54c2aa3e54c230bd
3d2d091f3d2d091f3d3036
110a010c110a010c11300f
0907010509070105093008
0607040106070401072007
0505030105050301052005
0101030301010303030003
0004060400040604061005
0004060400040604061005
0004060400040604061005
0004060400040604061005
0005080500050805081007
0006080600060806081008
0005080500050805081007
0005080500050805081007
0104070601040706071007
0203060502030605061005
0004060400040604061005
0005080500050805081007
00070a0700070a070a1009
00080c0800080c080c100b
0304090803040908091008
0304090803040908091008
0304090803040908091008
0304090803040908091008
00080c0800080c080c100b
030c0f08030c0f080f100e
050d0f07050d0f070f100e
09010b0d09010b0d0d000d
0a04040a0a04040a0a000a
0804020608040206083007
0101030301010303030003
0407060104070601072007
0608060006080600082008
0304030003040300042004
0001020100010201021001
0003040300030403041004
0003040300030403041004
0304030003040300042004
0604000406040004063005
0703030707030307070007
0600060806000608080008
0502070805020708080008
0401060704010607070007
0300030403000304040004
0201000102010001023001
0000000000000000000000
0000000000000000000000
0000000000000000000000
0001020100010201021001
080c0a02080c0a020c200c
3142310031423100422042
b1e6a706b1e6a706e620e6
ffffff0fffffff0fff21b3
ffffff16ffffff16ff21b2
c2ea9e18c2ea9e18ea20eb
4f5531154f553115552057
2728150c2728150c282029
15190f0315190f03192019
080d0a01080d0a010d200d
0106070401060704071007
02080a0602080a060a100a
0a0e0c020a0e0c020e200e
110e0508110e0508113010
1006061010060610100011
0e020a100e020a10100010
0c04060c0c04060c0c000c
0105090701050907091008
16211c0316211c03212021
3c5948073c594807592059
95e3bd1995e3bd19e320e4
ffffff32ffffff32ff21a2
ffffff33ffffff33ff21a6
5671560356715603712071
a6ffff47a6ffff47ff212b
ffffff6effffff6eff21f6
daffff54daffff54ff217d
4e8c86224e8c86228c2090
050c0d04050c0d040d100c
0812140808121408141013
0f2b31150f2b311531102f
398f993b398f993b99109a
71ffff8e71ffff8eff114d
51fffffa51fffffaff11b7
36ffffff36ffffffff11a0
a67dffffa67dffffff1172
c143ffffc143ffffff014b
b82cfaffb82cfaffff0123
ba11d4ffba11d4ffff0107
df1db3ffdf1db3ffff010a
ff59a2ffff59a2ffff0139
ff93a7ffff93a7ffff3189
ffc1b4ffffc1b4ffff31d6
ffe2b3ffffe2b3ffff31fe
ffeb96ffffeb96ffff31ea
ffd562ffffd562ffff3195
ffa02cdeffa02cdeff3111
99580d6a99580d6a993089
321d021f321d021f32302a
0302030203020302031002
0904050a0904050a0a000a
0703030707030307070007
0304030003040300042004
0003060500030605061005
0102030201020302031002
3832141438321414383035
d7ca5950d7ca5950d730d9
ffffb99fffffb99fff31b1
ffffcdb8ffffcdb8ff31e6
ffff7780ffff7780ff3139
7a6520377a6520377a3073
190c0512190c0512193015
020e120a020e120a121011
0d1919090d19190919101a
3647360136473601472047
b9e39f11b9e39f11e320e3
ffffff20ffffff20ff21c1
ffffff1dffffff1dff21e3
e4ffce0ee4ffce0eff2124
5771510357715103712071
1b251d011b251d01252025
0205060302050603061005
0507050105070501072007
0104050401040504051005
222c2000222c20002c202c
b1d89114b1d89114d820d8
ffffff2effffff2eff21c6
ffffff37ffffff37ff21e8
efffb726efffb726ff211a
4c54340e4c54340e542055
0a0a06020a0a06020a200a
0001020100010201021001
0307070303070703071007
040b0c05040b0c050c100c
040a0c06040a0c060c100b
040b0c05040b0c050c100c
040a0a04040a0a040a100a
03090b0503090b050b100a
06141a0c06141a0c1a1017
194e5f2a194e5f2a5f1058
4fddfd714fddfd71fd10f8
8effffc38effffc3ff11ac
94ffffd794ffffd7ff11cc
5bffff995bffff99ff1138
207694482076944894108a
0a2732190a27321932102e
0710110607101106111011
0907010509070105093008
0a02060c0a02060c0c000c
0901070b0901070b0b000b
0300030403000304040004
0506030205060302062006
0d0e07040d0e07040e200e
1a170a091a170a091a3018
574b1d23574b1d23573052
e8d3565fe8d3565fe830e7
ffffa79fffffa79fff3199
ffffb6a5ffffb6a5ff31b3
fff86a6afff86a6aff310d
63551f2963551f2963305e
18160a0818160a08183017
080c0a02080c0a020c200c
0307070303070703071007
0103030101030301031003
0103030101030301031003
0205060302050603061005
0005080500050805081007
0104070601040706071007
0204080602040806081007
0006080600060806081008
0005080500050805081007
0004060400040604061005
0106070401060704071007
0004060400040604061005
0102050401020504051004
0004060400040604061005
0106070401060704071007
0308090403080904091008
0308090403080904091008
0005080500050805081007
0105090701050907091008
0304090803040908091008
0304090803040908091008
00080c0800080c080c100b
030b0d07030b0d070d100d
040b0c05040b0c050c100c
0b01090d0b01090d0d000d
0d07030b0d07030b0d300d
0c0800080c0800080c300b
0502010405020104053004
0305050103050501051005
0608060006080600082008
0305050103050501051005
0003040300030403041004
0003040300030403041004
0001020100010201021001
0200020202000202020002
0400040604000406060006
0801060908010609090009
0701050907010509090009
0500050605000506060006
0300030403000304040004
0403000304030003043004
0304030003040300042004
0101030301010303030003
0300030403000304040004
0300030403000304040004
0202040402020404040004
060b0a03060b0a030b200b
2f3c2b022f3c2b023c203c
aed9960faed9960fd920d9
ffffff20ffffff20ff21a7
ffffff26ffffff26ff21b3
ccf1a01dccf1a01df120f2
535e3b10535e3b105e205f
2a3322052a332205332033
161c1400161c14001c201c
0a0c08020a0c08020c200c
0907010509070105093008
0a0700070a0700070a3009
0e08020a0e08020a0e300c
0f07030d0f07030d0f300e
0e06040c0e06040c0e300d
0a0602080a0602080a300a
0906010609060106093008
0203080702030807081007
121f1c07121f1c071f201f
415c4704415c47045c205c
b0f0b402b0f0b402f020f0
ffffff05ffffff05ff21af
ffffff06ffffff06ff2196
3c3d280b3c3d280b3d203d
e0ffff2de0ffff2dff215d
ffffff40ffffff40ff21f0
d4ffff30d4ffff30ff214b
416b6315416b63156b206d
0401040504010405050005
101b1805101b18051b201b
1f3a37101f3a37103a203c
6db8a3226db8a322b820bb
e4ffff43e4ffff43ff217e
f4ffff6cf4ffff6cff21c1
73ffff8773ffff87ff113d
0f71b9870f71b987b910b0
3a2474743a247474740079
3910555e3910555e5e005f
3805404f3805404f4f004f
490f314f490f314f4f0050
7229306972293069723070
b64942a3b64942a3b630b2
ff785ef6ff785ef6ff3111
ffb27affffb27affff317e
ffee83ffffee83ffff31da
ffff63ffffff63ffff31fb
ffff27ffffff27ffff31bc
ffd101cfffd101cfff3126
9665085996650859963086
2b1f07152b1f07152b3025
0103070701030707070007
0e07040d0e07040d0e300e
0f0a010a0f0a010a0f300e
0806000608060006083008
0301030303010303030003
1d15050d1d15050d1d3018
8f7c2d3c8f7c2d3c8f3089
ffff858fffff858fff315d
ffffc8c5ffffc8c5ff31ef
ffff9ca4ffff9ca4ff3194
c3a73957c3a73957c330bc
3722032437220324373031
070b1713070b1713171015
06171c0f06171c0f1c101b
263e380c263e380c3e203f
9bd7a9099bd7a909d720d7
ffffff09ffffff09ff21bd
ffffff0bffffff0bff21eb
d8ffe80bd8ffe80bff212b
4f735d094f735d09732073
1626220816262208262026
02070c0902070c090c100b
0e0a000a0e0a000a0e300e
0c0800080c0800080c300b
2322110a2322110a233023
a4b87020a4b87020b820ba
ffffff47ffffff47ff21a8
ffffff5affffff5aff21f2
ffffbb43ffffbb43ff2142
6b6e3b1e6b6e3b1e6e2072
1512070815120708153013
0102030201020302031002
0509090305090903091009
060c0c04060c0c040c100c
040b0c05040b0c050c100c
040a0c06040a0c060c100b
0308090403080904091008
050b0b03050b0b030b100b
0f272d110f272d112d102a
348a9e42348a9e429e1098
7dffff937dffff93ff1159
acffffcaacffffcaff11d7
89ffffb089ffffb0ff118d
3fb9d9633fb9d963d910d1
133f4f25133f4f254f1049
0711130707111307131012
0901090b0901090b0b000b
0f071b1d0f071b1d1d001d
1b001b261b001b26260026
200c0c1e200c0c1e203020
150b030f150b030f153012
0300030403000304040004
0a0b06030a0b06030b200b
1210060812100608123011
332c1114332c1114333030
9c8d3a3d9c8d3a3d9c3099
ffff907fffff907fff3155
ffffc9a1ffffc9a1ff31c4
ffff977cffff977cff315a
988f4037988f4037983099
2a2a160a2a2a160a2a202b
090f0d03090f0d030f200f
0205060302050603061005
0000000000000000000000
0205060302050603061005
0107090501070905091008
0006080600060806081008
0204080602040806081007
0104070601040706071007
0005080500050805081007
0004060400040604061005
0004060400040604061005
0205060302050603061005
0103030101030301031003
0103030101030301031003
0205060302050603061005
0206080402060804081007
0308090403080904091008
0308090403080904091008
0107090501070905091008
00070a0700070a070a1009
03050b0903050b090b100a
04040a0a04040a0a0a000a
02070c0902070c090c100b
02090c0702090c070c100b
03090b0503090b050b100a
0d03090f0d03090f0f000f
1108050e1108050e113010
110b010d110b010d113011
0c0702090c0702090c300b
0202040402020404040004
0407060104070601072007
0406040004060400062006
0304030003040300042004
0202020002020200021002
0001020100010201021001
0003040300030403041004
0203060502030605061005
0400040604000406060006
0604000406040004063005
0303010103030101032003
0001020100010201021001
0205060302050603061005
0106070401060704071007
0203060502030605061005
0401060704010607070007
0600060806000608080008
0401060704010607070007
0308090403080904091008
2933230329332303332033
a3c48314a3c48314c420c5
ffffff2bffffff2bff2195
ffffff32ffffff32ff21ba
ddffad20ddffad20ff2107
5a6d4a095a6d4a096d206d
2a3a2c022a3a2c023a203a
121c1804121c18041c201c
0509090305090903091009
0304030003040300042004
0604000406040004063005
0904030809040308093008
0b0701090b0701090b300b
0c0c06040c0c06040c200c
070a0902070a09020a200a
0204040202040402041004
03090b0503090b050b100a
111f1f0b111f1f0b1f1020
3b5341053b534105532053
b5e29b10b5e29b10e220e2
ffffff2affffff2aff21a8
ffffff32ffffff32ff219b
483a1422483a1422483043
feffff11feffff11ff2169
ffffff0bffffff0bff21eb
e4fff008e4fff008ff2136
44604e0644604e06602060
0805020708050207083008
1d2113071d211307212021
3444320234443202442044
92c7980592c79805c720c7
ffffff0bffffff0bff2191
ffffff13ffffff13ff21cd
cbffef19cbffef19ff2128
3d675f173d675f17672069
03161f1203161f121f101c
07040d0e07040d0e0e000e
0902070a0902070a0a000a
0e07040b0e07040b0e300d
1b0c07161b0c07161b3019
35160f2c35160f2c353031
692f1b55692f1b55693061
bc5a2e9abc5a2e9abc30b2
ffa33df5ffa33df5ff3126
ffff2dffffff2dffff31aa
ffff00ffffff00ffff31f7
ffff20ffffff20ffff31bb
ffd41dacffd41dacff3110
7f5c11447f5c11447f3072
2019080d2019080d20301c
0605000506050005063007
0f0c03080f0c03080f300e
0c0902070c0902070c300b
0401040504010405050005
0c04060a0c04060a0c300a
533f0f29533f0f2953304b
ffe4586effe4586eff30fd
ffffb9b4ffffb9b4ff31ca
ffffbdb8ffffbdb8ff31d5
fff55c79fff55c79ff3111
654709396547093965305b
1501151b1501151b1b001b
01141d1201141d121d101a
213c3910213c39103c203e
94d7ae1194d7ae11d720d7
ffffff13ffffff13ff21bf
ffffff15ffffff15ff21ed
d0fff016d0fff016ff212a
4570631445706314702071
0f2427100f242710271027
05070f0d05070f0d0f100e
110a010c110a010c11300f
100b000b100b000b10300f
1f1b090d1f1b090d1f301d
8b9453228b945322942097
ffffd950ffffd950ff217a
ffffff73ffffff73ff21f2
ffffc165ffffc165ff2173
9d94433a9d94433a9d309e
2f2307192f2307192f302b
0a02060a0a02060a0a000a
02090a0502090a050a100a
060c0c04060c0c040c100c
060c0c04060c0c040c100c
040a0a04040a0a040a100a
0206080402060804081007
0610140806101408141011
1c4954211c495421541050
58d9ee6158d9ee61ee10ed
a6ffffaca6ffffacff11aa
b2ffffbcb2ffffbcff11cc
6fffff806fffff80ff1130
2b7283362b72833683107e
0d1e210c0d1e210c211020
06040e0c06040e0c0e100c
0b1d3b2d0b1d3b2d3b1035
2221565322215653561059
49063d5e49063d5e5e005e
532911435329114353304e
3322031e3322031e33302d
0f0b03070f0b03070f300d
0605020306050203063005
0f0d05070f0d05070f300e
211e0d0c211e0d0c213020
635a2724635a2724633060
fff6735cfff6735cff3106
ffffca90ffffca90ff21b0
ffffc086ffffc086ff2198
d7d46748d7d46748d730df
4746231447462314473048
10110a0310110a03112011
0403000304030003043004
0203060502030605061005
00070a0700070a070a1009
00080c0800080c080c100b
0105090701050907091008
0203060502030605061005
0004060400040604061005
0004060400040604061005
0004060400040604061005
0004060400040604061005
0003040300030403041004
0002040200020402041002
0205060302050603061005
0107090501070905091008
00070a0700070a070a1009
00080c0800080c080c100b
00080c0800080c080c100b
00080c0800080c080c100b
00080c0800080c080c100b
02070c0902070c090c100b
04040a0a04040a0a0a000a
03050b0903050b090b100a
00070a0700070a070a1009
0107090501070905091008
0d020b100d020b10100010
1308071213080712133013
170e0110170e0110173015
120d020b120d020b123011
0603020506030205063005
0304030003040300042004
0605020306050203063005
0604000406040004063005
0402020404020204040004
0202040402020404040004
0003040300030403041004
0103030101030301031003
0001020100010201021001
0306050203060502062006
0104050201040502051004
0004060400040604061005
00070a0700070a070a1009
0105090701050907091008
0204080602040806081007
0303070703030707070007
0600060806000608080008
0600060806000608080008
0104070601040706071007
20291e0120291e01292029
90ad741190ad7411ad20ad
ffffff28ffffff28ff217e
ffffff31ffffff31ff21c1
f1ffc31ff1ffc31fff2124
66805a0666805a06802080
2b3d31052b3d31053d203d
101c1a06101c1a061c201c
02080a0602080a060a100a
0301050503010505050005
0101010101010101010001
0201040502010405050005
0c0702090c0702090c300b
1212080812120808122013
0e100a020e100a02102010
0101010101010101010001
0a1210040a121004122012
1222200a1222200a222023
3244340432443404442044
a3c07d18a3c07d18c020c1
fffff73ffffff73fff218c
ffffff4dffffff4dff21a8
6b61292d6b61292d6b306a
fafffa03fafffa03ff214f
ffffff1affffff1aff21e8
fdffe113fdffe113ff213d
51674b0351674b03672067
0600060806000608080008
22200e0e22200e0e223022
41492b0f41492b0f49204a
a2c98a0fa2c98a0fc920c9
ffffff12ffffff12ff2192
ffffff12ffffff12ff21d4
ebffd90cebffd90cff212c
52674a0552674a05672067
11140d0211140d02142014
0301010303010103030003
0003040300030403041004
0202020002020200021002
0502010405020104053004
0b0503090b0503090b300a
1a0d04131a0d04131a3017
3c1f082b3c1f082b3c3035
884f0c5f884f0c5f88307b
ffb701b7ffb701b7ff3102
ffff1fffffff1fffff31aa
ffff3cffffff3cffff31fb
ffff3cffffff3cffff31a3
fdc0278afdc0278afd30ec
5f47112f5f47112f5f3055
0d0701070d0701070d3009
0a0c08020a0c08020c200c
090b0701090b07010b200b
0201000102010001023001
01070b0701070b070b1009
2816061c2816061c283023
af922d52af922d52af30a7
ffff91a2ffff91a2ff3185
ffffc1ccffffc1ccff31f1
ffff7da3ffff7da3ff316d
a7821f56a7821f56a7309b
2d140d242d140d242d3029
040e1812040e1812181016
223b360d223b360d3b203c
99d8ab0c99d8ab0cd820d8
ffffff0cffffff0cff21c0
ffffff0effffff0eff21f0
d4ffee12d4ffee12ff212c
446c5e12446c5e126c206d
0d20230e0d20230e231022
04060e0c04060e0c0e100d
100a020c100a020c10300f
120c000c120c000c123010
1c16060e1c16060e1c301a
7171392171713921712075
ffffa654ffffa654ff213f
ffffef8cffffef8cff21dd
ffffb995ffffb995ff31a2
e7ca4b68e7ca4b68e730e3
5d440d325d440d325d3054
1b0e05141b0e05141b3018
03050b0903050b090b100a
040b0c05040b0c050c100c
060b0a03060b0a030b200b
0609080106090801092009
040a0c04040a0c040c100a
09222d1609222d162d1028
2a809a462a809a469a1091
76ffff9276ffff92ff114f
b3ffffc3b3ffffc3ff11d7
99ffffa699ffffa6ff1193
4bc0d75a4bc0d75ad710d4
18404a1e18404a1e4a1046
0608060006080600082008
03273b2103273b213b1033
035d9563035d9563951087
3e4fb8ab3e4fb8abb810bc
9a1e6ab69a1e6ab6b600b8
ad690979ad690979ad30a0
654f1531654f153165305c
1e1d0e091e1d0e091e301e
0201040502010405050005
0f0c03080f0c03080f300e
1a180a0a1a180a0a1a301a
403b1a17403b1a1740303f
bbb45540bbb45540bb30bf
ffffb67bffffb67bff217f
ffffd68effffd68eff21bd
ffff8d60ffff8d60ff312b
726d3425726d3425723073
1a170a091a170a091a3018
0501030505010305050005
0105090701050907091008
00080c0800080c080c100b
00070a0700070a070a1009
0203060502030605061005
0102050401020504051004
0004060400040604061005
0003040300030403041004
0104050201040502051004
0204040202040402041004
0002040200020402041002
0004060400040604061005
0006080600060806081008
01080b0601080b060b100a
02090c0702090c070c100b
00080c0800080c080c100b
00080c0800080c080c100b
00080c0800080c080c100b
00080c0800080c080c100b
00070a0700070a070a1009
0204080602040806081007
0104070601040706071007
0005080500050805081007
0205060302050603061005
09040f1009040f10100010
14070a1514070a15150016
1c1300131c1300131c301a
1815080b1815080b183017
0a0904030a0904030a3009
0201000102010001023001
0404020204040202042004
0504010205040102053004
0301010303010103030003
0101030301010303030003
0001020100010201021001
0200020202000202020002
0103050501030505050005
0005080500050805081007
0004060400040604061005
0106070401060704071007
0308090403080904091008
0005080500050805081007
0104070601040706071007
0203060502030605061005
0300030403000304040004
0300030403000304040004
0102050401020504051004
1921190119211901212021
7c98680c7c98680c982098
fffff222fffff222ff2165
ffffff2cffffff2cff21c6
ffffdd1bffffdd1bff2142
72936a0372936a03932093
2a3f34072a3f34073f203f
0f1c1b080f1c1b081c201d
00070a0700070a070a1009
0502010405020104053004
0407060104070601072007
00070a0700070a070a1009
0c04060c0c04060c0c000c
1914050e1914050e193018
1916070c1916070c193019
0801060908010609090009
0a1718090a171809181018
1424220a1424220a242025
2735290327352903352035
869960178699601799209a
ffffd740ffffd740ff2163
ffffff52ffffff52ff21b1
969e582c969e582c9e20a4
e0ffc615e0ffc615ff211b
ffffff37ffffff37ff21e6
ffffe22affffe22aff2158
687b520d687b520d7b207b
04090a0504090a050a100a
1e1d0e0b1e1d0e0b1e301f
4147290f4147290f472048
a3c07b1aa3c07b1ac020c1
ffffff29ffffff29ff218b
ffffff2dffffff2dff21db
ffffd61fffffd61fff213c
60714a0d60714a0d712071
14150c0514150c05152015
0301010303010103030003
0001020100010201021001
0001020100010201021001
0101030301010303030003
0501030505010305050005
0905010709050107093008
120b000b120b000b12300f
301d001d301d001d303029
895c0752895c075289307b
ffdc1fb2ffdc1fb2ff311a
ffff48ffffff48ffff31c7
ffff63ffffff63ffff31f7
ffff53c9ffff53c9ff3173
bb96295cbb96295cbb30af
322408183224081832302b
0408060004080600082008
0c0d08030c0d08030d200d
0200020202000202020002
0710110607101106111011
0e0514150e051415150015
6e4d083f6e4d083f6e3063
ffff598fffff598fff312b
ffffaad5ffffaad5ff31e2
ffff9cc8ffff9cc8ff31c1
fdd64776fdd64776fd30f4
533a072e533a072e53304a
0a0410100a041010100010
2439320924393209392039
9cd8a8089cd8a808d820d8
ffffff09ffffff09ff21c1
ffffff0bffffff0bff21f3
d9ffeb0cd9ffeb0cff212e
4769570b4769570b692069
0f1d1d090f1d1d091d101e
02060a0802060a080a100a
0e0900090e0900090e300c
100c020a100c020a10300f
1713050b1713050b173015
5450241c5450241c543054
f1ef774ff1ef774ff130fb
ffffcc8dffffcc8dff31ae
ffffc69effffc69eff31bb
ffff7571ffff7571ff3123
80742c3480742c3480307f
251e0712251e0712253022
0600060806000608080008
0308090403080904091008
0609080106090801092009
0609080106090801092009
08161a0a08161a0a1a1018
154c612e154c612e611058
42d2fc7a42d2fc7afc10f2
86ffffc986ffffc9ff11a9
9dffffd39dffffd3ff11d1
69ffff8f69ffff8fff113e
287a9242287a924292108a
06212e1906212e192e1029
0b0f0d010b0f0d010f200f
236273302362733073106d
26c3ff8f26c3ff8fff10f1
3f8fffed3f8fffedff1114
e94b77f5e94b77f5f50100
ffcc1fa2ffcc1fa2ff3104
a5923744a5923744a530a1
37361b1037361b10373038
0508070205080702082008
0d0b03070d0b03070d300d
17160b0817160b08173017
2c2a140e2c2a140e2c302c
837d392d837d392d833084
ffff9269ffff9269ff313c
ffffd792ffffd792ff21c2
ffffac7affffac7aff2172
aba2493eaba2493eab30ad
30280e1430280e1430302c
0702030607020306073006
0106070401060704071007
0308090403080904091008
0205060302050603061005
0002040200020402041002
0003040300030403041004
0004060400040604061005
0102050401020504051004
0003040300030403041004
0104050201040502051004
0004060400040604061005
00070a0700070a070a1009
01060b0801060b080b100a
00070a0700070a070a1009
02090a0502090a050a100a
0308090403080904091008
0308090403080904091008
0308090403080904091008
0308090403080904091008
0205060302050603061005
0104050201040502051004
0204040202040402041004
0104050201040502051004
0203020102030201032003
0709131107091311131013
1206081212060812120012
1e19080f1e19080f1e301d
1c1e10081c1e10081e201f
0c0e08020c0e08020e200e
0000000000000000000000
0304030003040300042004
0304030003040300042004
0000000000000000000000
0000000000000000000000
0000000000000000000000
0103030101030301031003
0204040202040402041004
0104050201040502051004
0204040202040402041004
0305050103050501051005
0608060006080600082008
0407060104070601072007
0204040202040402041004
0001020100010201021001
0000000000000000000000
0001020100010201021001
0003040300030403041004
141c1602141c16021c201c
6c865e086c865e08862086
ffffe41cffffe41cff214d
ffffff28ffffff28ff21c7
fffff31afffff31aff215e
80a5780380a57803a520a5
2c4136072c413607412041
0f1b19070f1b19071b201b
0005080500050805081007
0505010305050103052005
090b0701090b07010b200b
070d0d03070d0d030d100d
05030b0b05030b0b0b000b
1a1200121a1200121a3019
211905132119051321301f
0f0409100f040910100010
07171b0d07171b0d1b101a
1222200a1222200a222023
1d281f021d281f02282028
6a7546156a754615752076
ffffb83dffffb83dff2137
ffffff53ffffff53ff21b6
cae38a2fcae38a2fe320e7
b1d58d1bb1d58d1bd520d6
ffffff4affffff4aff21dd
ffffed3fffffed3fff217e
89995d1b89995d1b99209b
13140b0413140b04142014
161a1004161a10041a201a
383f260b383f260b3f203f
97ad6d1b97ad6d1bad20af
fffff92ffffff92fff217b
ffffff34ffffff34ff21e2
ffffe423ffffe423ff2154
6c80540e6c80540e802080
15180f0415180f04182018
0303010103030101032003
0001020100010201021001
0003040300030403041004
0202040402020404040004
0301010303010103030003
0504010205040102053004
0707030307070303072007
0f0b03070f0b03070f300d
3525071b3525071b35302d
a1781956a1781956a13093
ffff4bb3ffff4bb3ff3149
ffff8df3ffff8df3ff31e9
ffff96d8ffff96d8ff31d2
fffa5c7cfffa5c7cff3117
64561e2a64561e2a64305f
0805000308050003083005
0e0e06060e0e06060e200f
0500050605000506060006
0a1718090a171809181018
021720130217201320101d
3a1a102e3a1a102e3a3034
d7ac2f6cd7ac2f6cd730cb
ffff98b7ffff98b7ff31a4
ffffc7c5ffffc7c5ff31ef
ffff8582ffff8582ff3150
7f6f27357f6f27357f307b
1509071115090711153013
2237300922373009372037
9cd8a8089cd8a808d820d8
ffffff09ffffff09ff21c3
ffffff0affffff0aff21f4
dbffe909dbffe909ff212d
4867520748675207672067
101a1604101a16041a201a
0304030003040300042004
0508070205080702082008
070b0901070b09010b200b
0e0f08030e0f08030f200f
3734191237341912373037
b3b56135b3b56135b520bc
ffffd55affffd55aff2178
ffffff59ffffff59ff21bf
ffffcd32ffffcd32ff214b
7d9861107d986110982098
2027180520271805272027
0402020404020204040004
0206080402060804081007
0308090403080904091008
040d1007040d100710100e
0e2c36180e2c3618361032
2e8faa4d2e8faa4daa10a2
6bffffa66bffffa6ff115d
94ffffe294ffffe2ff11d9
79ffffc479ffffc4ff1194
3cc2ea703cc2ea70ea10e0
10485e3010485e305e1056
050f1b15050f1b151b1019
1d2a21001d2a21002a202a
55a9a53155a9a531a920af
7cffff837cffff83ff1148
03c9ffc903c9ffc9ff111c
ed7b39cbed7b39cbed30ed
ffff768cffff768cff314c
d4d96e41d4d96e41d920e2
4d522d124d522d12522053
0c100c000c100c00102010
0a0802060a0802060a300a
16170c0716170c07172018
2122130821221308222022
5752271c5752271c573056
eae36a53eae36a53ea30f1
ffffc18fffffc18fff21a5
ffffc193ffffc193ff31a9
f2e4665cf2e4665cf230f5
55491b2355491b23553050
0f0901090f0901090f300c
0205060302050603061005
0407060104070601072007
0304030003040300042004
0103030101030301031003
0204040202040402041004
0104050201040502051004
0003040300030403041004
0101030301010303030003
0104050201040502051004
0308090403080904091008
02090c0702090c070c100b
02060a0802060a080a100a
0105090701050907091008
02070a0502070a050a1008
0307070303070703071007
0407060104070601072007
0608060006080600082008
0607040106070401072007
0404020204040202042004
0504010205040102053004
0404020204040202042004
0504010205040102053004
0301010303010103030003
0806101008061010100011
0e0a02080e0a02080e300c
181f1601181f16011f201f
18221a0218221a02222022
0a100e020a100e02102010
0100010201000102020002
0504010205040102053004
0404020204040202042004
0201000102010001023001
0000000000000000000000
0000000000000000000000
0304030003040300042004
0304030003040300042004
0303010103030101032003
0404020204040202042004
0505030105050301052005
0608060006080600082008
0608060006080600082008
0304030003040300042004
0000000000000000000000
0000000000000000000000
0103030101030301031003
0205060302050603061005
1119150311191503192019
5e7856045e785604782078
f8ffda14f8ffda14ff2136
ffffff1fffffff1fff21c6
ffffff16ffffff16ff2176
8cb684048cb68404b620b6
2f4335052f433505432043
0f1815040f181504182018
0105070301050703071005
0703030707030307070007
100c020a100c020a10300f
13160f0413160f04162016
0512170c0512170c171015
1b0c091a1b0c091a1b301c
2a1e041a2a1e041a2a3027
160a0612160a0612163014
0613160b0613160b161015
121c1804121c18041c201c
1a1c10061a1c10061c201c
56552a1b56552a1b563059
f3ff9340f3ff9340ff210b
ffffff59ffffff59ff21b6
ffffb53bffffb53bff212c
6d8255126d825512822083
ffffff4dffffff4dff21c7
ffffff4affffff4aff21a4
acbe7224acbe7224be20c1
2122130821221308222022
12150e0312150e03152015
31341d0c31341d0c342035
879a611a879a611a9a209c
fffff626fffff626ff216d
ffffff26ffffff26ff21e9
fffffb19fffffb19ff2169
728e620a728e620a8e208e
171c1302171c13021c201c
0304030003040300042004
0102010001020100022002
0303010103030101032003
0301010303010103030003
0202040402020404040004
0004060400040604061005
0206080402060804081007
0307070303070703071007
0f0e07040f0e07040f300e
4739131f4739131f473040
d5b8435ed5b8435ed530ce
ffff9dabffff9dabff319d
ffffcec3ffffcec3ff31f8
ffff9c8bffff9c8bff3175
a297423ba297423ba230a2
1f1b0b0b1f1b0b0b1f301d
0b0a03060b0a03060b300b
07020b0c07020b0c0c000c
091c2110091c2110211020
0821281508212815281027
19031b2119031b21210021
86691c4386691c4386307c
ffff9878ffff9878ff3153
ffffff90ffffff90ff21f3
ffffd26cffffd26cff2194
a4a55233a4a55233a520ac
211803122118031221301e
21342d0821342d08342034
9dd5a1039dd5a103d520d5
ffffff04ffffff04ff21c0
ffffff09ffffff09ff21f3
e9ffdf07e9ffdf07ff212f
51684d0251684d02682068
13160f0213160f02162016
0400040604000406060006
00080c0800080c080c100b
02090c0702090c070c100b
0509090305090903091009
1f2113071f211307212021
8291581b8291581b912093
ffffe12fffffe12fff215c
ffffff2affffff2aff21d3
ffffff10ffffff10ff216e
7da47b007da47b00a420a4
1d271f011d271f01272027
0201000102010001023001
0308090403080904091008
02090c0702090c070c100b
0514190c0514190c191017
1d4d57231d4d5723571054
5ddeef5e5ddeef5eef10f1
a9ffffa9a9ffffa9ff11ab
acffffc2acffffc2ff11cb
63ffff8f63ffff8fff1134
237895482378954895108b
0729391f0729391f391033
08030e0f08030e0f0f000f
3041300130413001412041
8fdbb3178fdbb317db20dc
e5ffff2ce5ffff2cff2164
7ed7ba297ed7ba29d720da
8495581b8495581b952097
ffffef14ffffef14ff215a
c4ffb20cc4ffb20cff2100
4b6447024b644702642064
0d1613040d161304162016
0905010709050107093008
18180c0818180c08182019
1e1f10091e1f10091f2020
3a3618143a3618143a3039
aa9e463eaa9e463eaa30a9
ffff9c83ffff9c83ff3169
ffffc5a5ffffc5a5ff31c4
ffff867cffff867cff3146
8b7c31388b7c31388b3088
211805102118051021301c
0203060502030605061005
0205060302050603061005
0103030101030301031003
0304030003040300042004
0304030003040300042004
0304030003040300042004
0304030003040300042004
0000000000000000000000
0305050103050501051005
060b0a03060b0a030b200b
040a0a04040a0a040a100a
0206080402060804081007
0004060400040604061005
0105050301050503051005
0305050103050501051005
0506050005060500062006
0607040106070401072007
0605020306050203063005
0605020306050203063005
0504010205040102053004
0403000304030003043004
0604000406040004063005
0301010303010103030003
0a04040a0a04040a0a000a
0e1410020e141002142014
1424220a1424220a242025
111f1d09111f1d091f2020
060e0e04060e0e040e100e
0100010201000102020002
0504010205040102053004
0404020204040202042004
0303010103030101032003
0000000000000000000000
0000000000000000000000
0304030003040300042004
0305050103050501051005
0102030201020302031002
0103030101030301031003
0406040004060400062006
0608060006080600082008
0608060006080600082008
0304030003040300042004
0000000000000000000000
0000000000000000000000
0304030003040300042004
0407060104070601072007
1119150311191503192019
546f5401546f54016f206f
e3ffd708e3ffd708ff2126
ffffff0effffff0eff21c4
ffffff08ffffff08ff2186
90c1900190c19001c120c1
3043340330433403432043
0f1613020f161302162016
0308090403080904091008
0502070805020708080008
100d0409100d040910300f
1a2824041a282404282028
0b2e3d220b2e3d223d1039
2a0522372a052237370037
462f042d462f042d463041
2518011625180116253020
030c0f08030c0f080f100e
0f130d010f130d01132013
150f010d150f010d153013
4539112145391121453041
d6d97043d6d97043d920e3
fffff162fffff162ff21ab
ffffd251ffffd251ff216c
17251f0517251f05252025
ffffff45ffffff45ff219e
ffffff51ffffff51ff21c4
d2ea8e2cd2ea8e2cea20ee
3137230731372307372037
110e030a110e030a113011
2e2b14112e2b14112e302e
7d8d57197d8d57198d208f
fffff122fffff122ff2165
ffffff23ffffff23ff21f0
ffffff19ffffff19ff2179
7d99690d7d99690d992099
1d2013061d201306202020
0604000406040004063005
0501030505010305050005
0601040706010407070007
0600060806000608080008
0402080804020808080008
0304090803040908091008
02060a0802060a080a100a
0105090701050907091008
0205060302050603061005
1d1b0d091d1b0d091d301c
7d72312e7d72312e7d307a
ffff8875ffff8875ff3141
ffffd9b0ffffd9b0ff31ec
ffffc7a1ffffc7a1ff31c4
f0e46858f0e46858f030f4
45401f1645401f16453043
04040c0c04040c0c0c000c
0d08191a0d08191a1a001b
001d2a1d001d2a1d2a1029
05212b1905212b192b1029
090e1d18090e1d181d101b
524416265244162652304d
ffff9845ffff9845ff2117
ffffff5cffffff5cff21e6
ffffff4effffff4eff21be
bcd17c29bcd17c29d120d4
2a28120e2a28120e2a302a
212e2302212e23022e202e
9fc7890d9fc7890dc720c7
ffffff26ffffff26ff21af
ffffff34ffffff34ff21f4
ffffd427ffffd427ff2141
6573491165734911732074
16150a0716150a07163016
0303070703030707070007
00080c0800080c080c100b
00070a0700070a070a1009
0004060400040604061005
13150d0313150d03152015
6a7544176a754417752077
ffffc538ffffc538ff2144
ffffff4affffff4aff21e3
ffffff3affffff3aff2190
9fb3711d9fb3711db320b5
2a2b180b2a2b180b2b202c
0501030505010305050005
040a0a04040a0a040a100a
040c0e06040c0e060e100d
0c1f240f0c1f240f241022
35767d2c35767d2c7d107d
92ffff6592ffff65ff1139
deffff96deffff96ff21d2
b8ffff8db8ffff8dff1198
55c9db5755c9db57db10db
194a5928194a5928591054
041820120418201220101e
0b0503090b0503090b300a
3b492f073b492f07492049
b4d98819b4d98819d920da
ffffa356ffffa356ff2147
f5a503abf5a503abf530ed
2590f9ca2590f9caf910f8
70ffff9370ffff93ff1150
70e4dc4470e4dc44e420ed
305c5616305c56165c205e
0a1616080a161608161017
0805000508050005083007
15170d0515170d05172017
1b1d11071b1d11071d201d
2927130d2927130d293029
70662a2a70662a2a70306e
ffff736affff736aff3118
ffffbda2ffffbda2ff31b6
ffffa696ffffa696ff318d
d2be4c56d2be4c56d230d0
42340e2042340e2042303d
0b0305090b0305090b3009
0003040300030403041004
0002040200020402041002
0204040202040402041004
0103030101030301031003
0304030003040300042004
0304030003040300042004
0001020100010201021001
0307070303070703071007
060b0a03060b0a030b200b
0609080106090801092009
0407060104070601072007
0204040202040402041004
0202020002020200021002
0404020204040202042004
0607040106070401072007
0505030105050301052005
0404020204040202042004
0606020206060202062006
0404020204040202042004
0402000204020002043002
0404020204040202042004
0303010103030101032003
0710110607101106111011
0b1e21100b1e2110211022
0d2427120d242712271028
09181b0c09181b0c1b101a
03090b0503090b050b100a
0201000102010001023001
0305050103050501051005
0204040202040402041004
0103030101030301031003
0000000000000000000000
0001020100010201021001
0205060302050603061005
0106070401060704071007
0203060502030605061005
0202060602020606060006
0004060400040604061005
0407060104070601072007
0607040106070401072007
0403000304030003043004
0301010303010103030003
0201000102010001023001
0304030003040300042004
0609080106090801092009
121b1603121b16031b201b
4e6a50024e6a50026a206a
d8ffd204d8ffd204ff211c
ffffff09ffffff09ff21c3
ffffff06ffffff06ff2190
96c6940096c69400c620c6
3041320130413201412041
1017120110171201172017
060c0c04060c0c040c100c
0105090701050907091008
1014100210141002142014
234b511b234b511b51104f
0d5d814f0d5d814f81107a
4d014b6d4d014b6d6d006d
8057065380570653803078
48370e2348370e23483041
0600040606000406060006
0c0800080c0800080c300b
11020d1411020d14140014
3622022436220224363031
b7b05142b7b05142b730bb
ffffda66ffffda66ff2193
ffffea62ffffea62ff219d
4241201942412019423045
ffffd642ffffd642ff2160
ffffff60ffffff60ff21db
ffffad3affffad3aff2125
4b56370a4b56370a562056
0d05050d0d05050d0d000d
2b270f132b270f132b302b
7680481c7680481c802083
ffffd135ffffd135ff2153
ffffff4effffff4eff21f0
fffff34bfffff34bff2192
aaaf622faaaf622faf20b5
332b1115332b111533302f
0d06030a0d06030a0d300b
0600060806000608080008
0601080906010809090009
0701090b0701090b0b000b
08020a0c08020a0c0c000c
06030a0b06030a0b0b000b
03050b0903050b090b100a
0304090803040908091008
0401060704010607070007
0a0e0c020a0e0c020e200e
4643201546432015463046
e1d66152e1d66152e130e5
ffffc29dffffc29dff31b7
ffffe2afffffe2afff31f4
ffff9a71ffff9a71ff3150
787c441e787c441e7c207f
081d2415081d2415241023
110f2727110f2727270029
0a172c250a172c252c102b
0218261a0218261a261023
040e1812040e1812181016
3833161538331615383037
d2f09826d2f09826f020f2
ffffff38ffffff38ff21d7
ffffff35ffffff35ff21d5
ccf09a20ccf09a20f020f2
33361d0e33361d0e362037
1a231a011a231a01232023
93a9691993a96919a920aa
fffff344fffff344ff218d
ffffff5bffffff5bff21fb
ffffd943ffffd943ff2169
818b511d818b511d8b208d
1c1a0c0a1c1a0c0a1c301b
0203060502030605061005
0308090403080904091008
0205060302050603061005
0001020100010201021001
0d0d07030d0d07030d200d
54562e1654562e16562058
ffff9943ffff9943ff2119
ffffff6effffff6eff21dc
fffff26cfffff26cff21b9
d7d66b46d7d66b46d730e1
4a390c274a390c274a3045
1804121c1804121c1c001c
0c0614160c061416160016
050c1510050c1510151014
10313a1910313a193a1037
4daab5424daab542b510b6
b3ffff7db3ffff7dff117e
e6ffff94e6ffff94ff21d9
a3ffff6ea3ffff6eff2159
439299364392993699109b
1432381614323816381036
040f140b040f140b141012
0c0900070c0900070c300b
3c3d1e113c3d1e113d203f
afa03f44afa03f44af30ad
ffce17aeffce17aeff310d
ff5488ffff5488ffff0124
856cffff856cffffff0139
06c2ffcc06c2ffccff1119
2591b75b2591b75bb710ab
1a3f46191a3f4619461043
0912130609121306131012
0706010407060104073007
14150c0514150c05152015
191c1106191c11061c201c
1f2113071f211307212021
453f1d17453f1d17453043
c5b74f4bc5b74f4bc530c5
ffffa291ffffa291ff3183
ffffb7a8ffffb7a8ff31b7
ffff6e77ffff6e77ff3122
75611f3575611f3575306e
1b1101111b1101111b3018
0500050605000506060006
0202040402020404040004
0004060400040604061005
0102050401020504051004
0003040300030403041004
0104050201040502051004
0004060400040604061005
02080a0602080a060a100a
03090b0503090b050b100a
0308090403080904091008
0307070303070703071007
0103030101030301031003
0001020100010201021001
0204040202040402041004
0407060104070601072007
0304030003040300042004
0304030003040300042004
0506050005060500062006
0304030003040300042004
0103030101030301031003
0204040202040402041004
0104050201040502051004
0518271e0518271e271026
011f2b1d011f2b1d2b102a
061b2213061b2213221021
050f1107050f1107111010
0304030003040300042004
0002020200020202020002
0206060202060602061006
0204040202040402041004
0002040200020402041002
0101030301010303030003
0203060502030605061005
0006080600060806081008
0005080500050805081007
0005080500050805081007
0303070703030707070007
0401060704010607070007
0004060400040604061005
0304030003040300042004
0302010203020102033002
0303010103030101032003
0102010001020100022002
0304030003040300042004
070b0901070b09010b200b
141b1401141b14011b201b
4e6346054e634605632063
d9ffc110d9ffc110ff2112
ffffff17ffffff17ff21c1
ffffff12ffffff12ff219a
a0ce9606a0ce9606ce20ce
3142330231423302422042
0f1815040f181504182018
070f0f05070f0f050f100f
0006080600060806081008
1625220516252205252025
3b80852e3b80852e851088
249cc66e249cc66ec610be
6500659065006590900090
c0941e6ec0941e6ec030b8
756a2b2e756a2b2e753073
14150c0314150c03152015
09020b0e09020b0e0e000e
0b0715150b071515150016
25110b1f25110b1f253023
948b3e37948b3e37943095
ffffc95affffc95aff216f
ffffff5effffff5eff21be
91aa6d1c91aa6d1caa20ac
f4ff9844f4ff9844ff2110
ffffff6dffffff6dff21e9
ffffd149ffffd149ff2166
707f5011707f50117f2080
0304090a0304090a0a000a
2825100f2825100f283027
686832206868322068206c
ffff8c56ffff8c56ff2124
ffffe19affffe19aff21dd
ffffc0abffffc0abff31c4
ffe75777ffe75777ff3103
694f1335694f133569305f
1c1002121c1002121c3018
0801060908010609090009
0502070805020708080008
0502070805020708080008
0401060704010607070007
0302070603020706071006
0104070601040706071007
0204080602040806081007
0402080804020808080008
01080b0801080b080b100b
2224160622241606242024
948e4630948e4630943095
ffffb170ffffb170ff2169
ffffff8fffffff8fff21fb
ffffe663ffffe663ff21a0
a6c47e16a6c47e16c420c5
18393c1b18393c1b3c103f
101128271011282728102a
0f0c21200f0c2120211022
060c1814060c1814181017
02070c0902070c090c100b
2731250127312501312031
ace5b003ace5b003e520e5
ffffff02ffffff02ff21cc
ffffff04ffffff04ff21d8
c0fab20ac0fab20afa20fa
353d250b353d250b3d203d
0f1715050f171505172017
7485561174855611852086
ffffd83affffd83aff215c
ffffff54ffffff54ff21f9
fffff842fffff842ff2193
97a9651f97a9651fa920ab
2323110b2323110b232024
0300030403000304040004
0407060104070601072007
0304030003040300042004
0001020100010201021001
0709070107090701092009
37391f0d37391f0d39203a
cdd36f3bcdd36f3bd320db
ffffd97effffd97eff21b2
ffffd2a3ffffd2a3ff31d6
fffd4c95fffd4c95ff3125
96492a7d96492a7d963090
5c0a4c725c0a4c72720072
520d3a5f520d3a5f5f005f
38052c4138052c41410041
0246663c0246663c66105c
60ecff6a60ecff6aff1102
beffffa1beffffa1ff11b7
c9ffff9cc9ffff9cff11c0
79ffff5f79ffff5fff1113
2e676e272e676e276e106e
1024260e1024260e261026
020a0c06020a0c060c100b
0b0801060b0801060b300a
2e260c142e260c142e302a
78550c4378550c4378306c
b95e2394b95e2394b930af
af1c7fd2af1c7fd2d200d3
6636bac66636bac6c600cd
1a55a27d1a55a27da21097
0c415c310c415c315c1051
1423220714232207232023
0e100a040e100a04102010
0103030101030301031003
10120a0410120a04122012
191b0f07191b0f071b201b
1e2012081e201208202020
2c2a140e2c2a140e2c302c
827530318275303182307e
ffff7a79ffff7a79ff3133
ffffb3aeffffb3aeff31b9
ffff8d97ffff8d97ff3171
b9a03952b9a03952b930b3
3a2a081e3a2a081e3a3033
0d05050b0d05050b0d300c
0401060704010607070007
0204080602040806081007
0303070703030707070007
0402080804020808080008
0304090803040908091008
02060a0802060a080a100a
00080c0800080c080c100b
00080c0800080c080c100b
00070a0700070a070a1009
0004060400040604061005
0001020100010201021001
0103030101030301031003
0204040202040402041004
0305050103050501051005
0305050103050501051005
0204040202040402041004
0206060202060602061006
0205060302050603061005
0004060400040604061005
0004060400040604061005
00060a0600060a060a1008
0f152d290f152d292d102e
0614241c0614241c241022
000d140d000d140d141012
0306070203060702071006
0301010303010103030003
0102050401020504051004
0205060302050603061005
0104050201040502051004
0004060400040604061005
0303070703030707070007
0303070703030707070007
0005080500050805081007
0004060400040604061005
0106070401060704071007
0004060400040604061005
0300030403000304040004
0101030301010303030003
0002040200020402041002
0003040300030403041004
0003040300030403041004
0002040200020402041002
0205060302050603061005
060b0a03060b0a030b200b
1218120012181200182018
4957390949573909572057
d4ffae1ad4ffae1aff2103
ffffff25ffffff25ff21c0
ffffff1effffff1eff21a9
b0dd9c0db0dd9c0ddd20dd
3749370137493701492049
0e1918070e191807192019
0610120806101208121011
0103050501030505050005
243b3409243b34093b203b
64b7ac2d64b7ac2db720bc
5ad8e6605ad8e660e610ec
5701557957015579790079
dfd2595cdfd2595cdf30e5
97a45d2497a45d24a420a7
212d2103212d21032d202d
0607100f0607100f101010
050b1511050b1511151014
16060c1616060c16160016
716e3526716e3526713074
ffffc142ffffc142ff2148
ffffff4affffff4aff21cf
d3ffb518d3ffb518ff2109
b0b15a3db0b15a3db120bb
ffffff6fffffff6fff21e5
fffff35afffff35aff21a5
a2b16823a2b16823b120b4
0f100b000f100b00102010
2122110a2122110a222023
4f471d1d4f471d1d4f304c
ddc2475eddc2475edd30d7
ffff85c2ffff85c2ff31a1
ffff8ef8ffff8ef8ff31f0
ffff58cbffff58cbff3178
ca99206dca99206dca30bb
462e0428462e042846303c
1108030c1108030c11300e
0300030403000304040004
0002040200020402041002
0101030301010303030003
0203060502030605061005
0104070601040706071007
0204080602040806081007
02060a0802060a080a100a
02050a0902050a090a100a
0d1515050d151505151015
5766470857664708662066
f9ffc921f9ffc921ff2128
ffffff2effffff2eff21ee
ffffff19ffffff19ff21d1
b0f8bc0ab0f8bc0af820f8
214b4d1f214b4d1f4d1051
0e0c20200e0c2020200022
1100111611001116160016
0701090b0701090b0b000b
0306070203060702071006
20454c1b20454c1b4c104a
8ffbef418ffbef41fb2103
ffffff55ffffff55ff21d0
ffffff38ffffff38ff21bb
9fe0ab049fe0ab04e020e0
3b36131c3b36131c3b303c
0c132a250c132a252a1029
3d6d691f3d6d691f6d2071
e0ffec09e0ffec09ff2131
ffffff10ffffff10ff21e6
ffffff17ffffff17ff21a5
98be820e98be820ebe20be
242a1a06242a1a062a202a
0403000304030003043004
0305050103050501051005
0305050103050501051005
0003040300030403041004
0307070303070703071007
2222120822221208222022
978f3f35978f3f35973098
ffff8391ffff8391ff3163
ffff73f3ffff73f3ff31d1
ffff1effffff1effff3188
ff4facffff4facffff013d
f01ac6fff01ac6ffff0129
ea437ef5ea437ef5f500fd
b13c4fa6b13c4fa6b130b0
2b53a5812b53a581a51099
68ffffa268ffffa2ff1156
b5ffffc0b5ffffc0ff11d5
9affff9a9affff9aff1185
4dbacb504dbacb50cb10ca
1c454c1d1c454c1d4c104a
0c191a090c191a091a101a
0306070203060702071006
0505030105050301052005
1714090817140908173015
3422041e3422041e34302d
481f143f481f143f483046
430a3352430a3352520052
280d4047280d4047470048
0b1733290b17332933102f
08161c0c08161c0c1c1019
12130c0512130c05132013
1310050a1310050a133012
0703030707030307070007
090c0900090c09000c200c
16180e0616180e06182018
1e2012081e201208202020
2221100b2221100b223022
514417225144172251304c
dfc64b60dfc64b60df30dc
ffff99a7ffff99a7ff3193
ffffa2b2ffffa2b2ff31aa
ffee5a76ffee5a76ff3109
6955193169551931693062
190f010f190f010f193015
0600060806000608080008
0304090803040908091008
0304090803040908091008
0503090905030909090009
04040a0a04040a0a0a000a
03050b0903050b090b100a
00080c0800080c080c100b
00070a0700070a070a1009
0004060400040604061005
0002040200020402041002
0101030301010303030003
0003040300030403041004
0104050201040502051004
0204040202040402041004
0206060202060602061006
0205060302050603061005
0206080402060804081007
0107090501070905091008
0105090701050907091008
03060d0a03060d0a0d100b
030a110e030a110e111011
10091e1f10091e1f1f0020
0905111109051111110011
0301050503010505050005
0100010201000102020002
0300030403000304040004
0202040402020404040004
0004060400040604061005
0004060400040604061005
0106070401060704071007
0004060400040604061005
0102050401020504051004
0004060400040604061005
0003040300030403041004
0305050103050501051005
0304030003040300042004
0001020100010201021001
0101030301010303030003
0202040402020404040004
0003040300030403041004
0001020100010201021001
0103030101030301031003
0307070303070703071007
0509090305090903091009
0f140f000f140f00142014
3f492f093f492f09492049
c6ed9e1bc6ed9e1bed20ee
ffffff2affffff2aff21bb
ffffff26ffffff26ff21b9
c4f1a613c4f1a613f120f1
41533b0341533b03532053
121b1603121b16031b201b
09100f0409100f04102010
0202000202020002020002
334d3f07334d3f074d204d
8fdfbd1d8fdfbd1ddf20e0
95ffe93a95ffe93aff2106
3503314735033147470047
e4fe9636e4fe9636fe2103
acd28c14acd28c14d220d2
2d4135072d413507412041
050a1512050a1512151014
060c1814060c1814181017
11010f1511010f15150015
5c5b2e1d5c5b2e1d5c305f
ffffb930ffffb930ff2129
ffffff3affffff3aff21d7
ffffe91bffffe91bff2150
665b222d665b222d663065
ffffff6dffffff6dff21ca
ffffff71ffffff71ff21d6
e2e97c43e2e97c43e920f2
322a1014322a101432302e
15190f0515190f05192019
342b0e17342b0e17343030
8e6e1c468e6e1c468e3082
ffff46a5ffff46a5ff3133
ffff6bffffff6bffff31d7
ffff63ffffff63ffff31d7
ffff39b4ffff39b4ff3138
966d1253966d1253963089
2e1e021a2e1e021a2e3027
0a0502070a0502070a3008
0202040402020404040004
0203060502030605061005
0104070601040706071007
0204080602040806081007
0105090701050907091008
00080c0800080c080c100b
03060d0a03060d0a0d100b
051821120518211221101e
35686d2435686d246d106e
b2ffff3eb2ffff3eff212c
ffffff4fffffff4fff21f7
ffffff47ffffff47ff21de
95fcdf3095fcdf30fc2100
1f4a4d1e1f4a4d1e4d104f
0c0412140c041214140014
100a020c100a020c10300f
0908030409080304093008
09191d0b09191d0b1d101b
2e7380332e73803380107d
92ffff6c92ffff6cff113e
f5ffff72f5ffff72ff21c0
ecffff1cecffff1cff215d
a9983554a9983554a930ad
821d5895821d5895950097
6d1a95ac6d1a95acac00ad
3768d5b43768d5b4d510cf
53ffffa953ffffa9ff1144
eeffff7deeffff7dff21ce
f0ffff40f0ffff40ff218f
74b6961474b69614b620b7
1b2921031b292103292029
0304030003040300042004
0305050103050501051005
0307070303070703071007
0003040300030403041004
0304030003040300042004
1511050915110509153013
634f172d634f172d63305a
ffcc2e8affcc2e8aff30f6
ffff06ffffff06ffff318a
ffcc8bffffcc8bffff31b9
ff45ffffff45ffffff01c2
ff3effffff3effffff01b2
ffa387ffffa387ffff3181
ff964cf2ff964cf2ff311c
5656d8c05656d8c0d810d2
6affffcf6affffcfff1194
9effffc79effffc7ff11c3
6bffff836bffff83ff1130
2e798a392e798a398a1085
132b2f11132b2f112f102e
0a100e020a100e02102010
0403000304030003043004
0004060400040604061005
080c0a02080c0a020c200c
0e0f0a030e0f0a030f200f
100d0607100d060710300e
0c0a04060c0a04060c300b
0305050103050501051005
0900090c0900090c0c000c
15050d1715050d17170017
1f0e091c1f0e091c1f301f
221500172215001722301f
130c010c130c010c133010
0103030101030301031003
1313090713130907132014
1f1e0d0c1f1e0d0c1f3020
211b0711211b071121301f
3625041f3625041f363030
9a7b224b9a7b224b9a3090
ffff7095ffff7095ff314c
ffffa4c0ffffa4c0ff31bf
ffff7c9bffff7c9bff3162
af943150af943150af30a8
3525051d3525051d35302f
0c03060b0c03060b0c300b
0304090803040908091008
0304090803040908091008
0304090803040908091008
0304090803040908091008
0304090803040908091008
00070a0700070a070a1009
0005080500050805081007
0102050401020504051004
0202040402020404040004
0202040402020404040004
0102050401020504051004
0004060400040604061005
0004060400040604061005
0206080402060804081007
0107090501070905091008
00080c0800080c080c100b
01090f0b01090f0b0f100e
0508110e0508110e111010
060b1613060b1613161015
070c1916070c1916191019
0a02080c0a02080c0c000c
0705010507050105073007
0406040004060400062006
0003040300030403041004
0301050503010505050005
0202060602020606060006
0204080602040806081007
0104070601040706071007
0004060400040604061005
0103030101030301031003
0103030101030301031003
0204040202040402041004
0002040200020402041002
0204040202040402041004
0104050201040502051004
0003040300030403041004
0203060502030605061005
0202060602020606060006
0300030403000304040004
0201000102010001023001
0304030003040300042004
0608060006080600082008
0609080106090801092009
0d110d010d110d01112011
323c2806323c28063c203c
b3d78f17b3d78f17d720d8
ffffff2bffffff2bff21af
ffffff2fffffff2fff21c7
ddffaf1eddffaf1eff2109
515e3d0c515e3d0c5e205e
1a1d12051a1d12051d201d
0f1009040f100904102010
0004060400040604061005
3b5645063b564506562056
abf4c10eabf4c10ef420f4
bbffe91ebbffe91eff2119
1e02242e1e02242e2e002e
efffad2eefffad2eff2117
c9f09f1cc9f09f1cf020f1
44543a0644543a06542054
0711130907111309131013
010d150f010d150f151013
0c010e110c010e11110011
4d4e27184d4e27184e2051
eaffa42deaffa42dff210e
ffffff46ffffff46ff21d1
fffffb3afffffb3aff2186
0904131009041310131010
ffffcd6effffcd6eff218d
fffffd94fffffd94ff21f4
ffff8f6dffff8f6dff313c
6859202d6859202d683063
0105070301050703071005
201a0810201a081020301e
4d390d274d390d274d3045
c79c2964c79c2964c730b9
ffff53c6ffff53c6ff316e
ffff6affffff6affff31e3
ffff55f0ffff55f0ff31aa
ffc92595ffc92595ff30fa
714a0146714a0146713065
28120a2028120a20283024
10020c1210020c12120012
08030c0d08030c0d0d000d
06030a0b06030a0b0b000b
05040b0a05040b0a0b100a
03070d0b03070d0b0d100d
0309110d0309110d11100f
050f1d15050f1d151d1019
02304a2e02304a2e4a1042
2796bf622796bf62bf10b3
88ffffa388ffffa3ff1178
eaffffb9eaffffb9ff120c
d4ffff87d4ffff87ff21ba
68d0cc3e68d0cc3ed020d9
1b3a3d141b3a3d143d103d
0701070907010709090009
100f0607100f0607103010
0d100b020d100b02102010
1834381218343812381037
51acaf3e51acaf3eaf10b6
b4ffff59b4ffff59ff2152
f5ffff15f5ffff15ff2159
f3be258cf3be258cf330ec
f72cb5fff72cb5ffff0129
ff08ffffff08ffffff0176
ff26ffffff26ffffff0191
e168ffffe168ffffff01a1
66e9ffff66e9ffffff11b6
36ffffff36ffffffff11bc
6dffff916dffff91ff114c
3c878c2f3c878c2f8c108e
101e1c06101e1c061e201e
0403000304030003043004
0107090501070905091008
02090c0702090c070c100b
0402080804020808080008
0400040604000406060006
0505030105050301052005
2e2106172e2106172e3028
8f5f07558f5f07558f307f
ff9220c2ff9220c2ff30f2
ff7385ffff7385ffff3144
ff34dfffff34dfffff0167
ff6bb0ffff6bb0ffff0167
ffff1affffff1affff317f
ffde0de2ffde0de2ff313c
5a5ce6d25a5ce6d2e610e5
70ffffd370ffffd3ff119e
86ffffa886ffffa8ff117e
4abfd85b4abfd85bd810d3
1d4a55221d4a5522551051
0c1818080c181808181019
0807020508070205083008
0901070b0901070b0b000b
06030a0b06030a0b0b000b
00090e0900090e090e100c
030f150b030f150b151012
0116251801162518251020
0e1b3c310e1b3c313c1037
261a5250261a5250521054
4113616d4113616d6d006e
5a04607e5a04607e7e007e
6c1942776c194277770079
6731175567311755673062
4026022a4026022a403038
140c000c140c000c143010
0a0b06030a0b06030b200b
1b190b0b1b190b0b1b301b
1d1503111d1503111d301b
2313071b2313071b233021
6144073861440738613058
fdd84976fdd84976fd30f6
ffff98b5ffff98b5ff31a4
ffff9bb4ffff9bb4ff31a6
ffe25372ffe25372ff30fd
614c1330614c1330613059
180d0411180d0411183015
0503090905030909090009
0304090803040908091008
0303070703030707070007
0204080602040806081007
0104070601040706071007
0005080500050805081007
0004060400040604061005
0202040402020404040004
0102050401020504051004
0102050401020504051004
0202040402020404040004
0004060400040604061005
0005080500050805081007
00080c0800080c080c100b
01090f0b01090f0b0f100e
020b120d020b120d121011
030d1711030d1711171015
070d1b17070d1b171b101a
090e1d1a090e1d1a1d101d
0b0b1b190b0b1b191b101b
0808040208080402082008
0608060006080600082008
0608060006080600082008
0305050103050501051005
0003040300030403041004
0203060502030605061005
0104070601040706071007
0203060502030605061005
0101030301010303030003
0001020100010201021001
0304030003040300042004
0304030003040300042004
0103030101030301031003
0204040202040402041004
0104050201040502051004
0205060302050603061005
0004060400040604061005
0202040402020404040004
0402020404020204040004
0403000304030003043004
0103030101030301031003
0608060006080600082008
070a0700070a07000a200a
0c0f0a010c0f0a010f200f
2b311f072b311f07312031
a3c07d18a3c07d18c020c1
ffffff30ffffff30ff219a
ffffff3affffff3aff21cf
f9ffb72cf9ffb72cff2123
646d4017646d40176d206f
2221100b2221100b223022
120f0409120f0409123011
0403080904030809090009
3b5441043b544104542054
baf8b802baf8b802f820f8
daffea07daffea07ff212d
051d3527051d3527351030
fbffa141fbffa141ff211c
f1ff9f38f1ff9f38ff210f
686a381e686a381e6a206e
1e1b0a0d1e1b0a0d1e301d
1110070611100706113011
0403000304030003043004
363e2608363e26083e203e
cbe1832dcbe1832de120e5
fffff363fffff363ff21b2
fffff16ffffff16fff21b5
6f7847206f78472078207c
ffff8562ffff8562ff2122
ffffdeb3ffffdeb3ff31f4
ffffa29dffffa29dff3191
b79f3b4fb79f3b4fb730b1
261c0612261c0612263021
0f0f07070f0f07070f2010
29230d1129230d11293026
6a581e2e6a581e2e6a3063
f8cb3c79f8cb3c79f830ec
ffff59deffff59deff3196
ffff53ffffff53ffff31db
ffff18f9ffff18f9ff317a
f08922b5f08922b5f030e3
8635327986353279863084
5013305350133053530055
3402304234023042420042
2d002d3c2d002d3c3c003c
29022b3829022b38380038
23082f3623082f36360036
210f393b210f393b3b003c
202860522028605260105b
1966b7881966b788b710aa
09e2ffd609e2ffd6ff1137
57ffffff57ffffffff11d8
94fffffa94fffffaff11fd
7bffff977bffff97ff1160
3d8c97363d8c9736971096
1427260914272609272028
0201000102010001023001
0d100b020d100b02102010
101d1e07101d1e071e101d
265f6c2b265f6c2b6c1068
65dfe95d65dfe95de910f1
a6ffff4ea6ffff4eff212a
b5af4d3fb5af4d3fb530b9
c003c2ffc003c2ffff0109
ff42ffffff42ffffff01a3
ff2affffff2affffff01df
ff2affffff2affffff01eb
ff54ffffff54ffffff01dd
b79affffb79affffff11b0
32d0ffff32d0ffffff115c
15a9ef8b15a9ef8bef10da
13485d2c13485d2c5d1054
050e1106050e110611100f
0301050503010505050005
010b110b010b110b11100f
030c1510030c1510151014
0c010c110c010c11110011
0e05060d0e05060d0e300d
0702050807020508080008
0a0906010a0906010a3009
3020061a3020061a303029
64350c4964350c4964305a
812f357d812f357d813085
8e2950978e29509797009c
d2841096d2841096d230c7
ffff6794ffff6794ff3147
ffea34a0ffea34a0ff311b
3569d1b13569d1b1d110cd
82ffffa682ffffa6ff1174
78ffff7178ffff71ff1125
377f8b35377f8b358b1089
142d3011142d3011301030
080a0800080a08000a200a
0602080a0602080a0a000a
0a010c0f0a010c0f0f000f
0a020e100a020e10100010
060a1612060a1612161014
021c2e1e021c2e1e2e1029
063d6845063d684568105c
2657b28f2657b28fb210a7
6852eae46852eae4ea10f2
ae37ffffae37ffffff0128
e307ebffe307ebffff0139
ff4694ffff4694ffff011e
f17d2dbff17d2dbff130e4
996403609964036099308a
3d2a05223d2a05223d3036
0701050707010507070007
10130c0310130c03132013
120f0409120f0409123011
1307071113070711133012
3620042436200424363030
ad8e2954ad8e2954ad30a4
ffff7c9bffff7c9bff3162
ffffaabdffffaabdff31c2
ffff7c91ffff7c91ff3155
9e862e469e862e469e3097
2d2005182d2005182d3028
0801060908010609090009
0203060502030605061005
0102050401020504051004
0004060400040604061005
0004060400040604061005
0004060400040604061005
0004060400040604061005
0102050401020504051004
0203060502030605061005
0303070703030707070007
0402080804020808080008
03050b0903050b090b100a
03080f0c03080f0c0f100e
030b130f030b130f131012
050b1511050b1511151014
040e1a14040e1a141a1018
05121f1805121f181f101e
08101e1a08101e1a1e101e
090b1917090b1917191019
0807121108071211121012
090c0900090c09000c200c
0509090305090903091009
0307070303070703071007
0206060202060602061006
0205060302050603061005
0004060400040604061005
0003040300030403041004
0001020100010201021001
0000000000000000000000
0000000000000000000000
0304030003040300042004
0304030003040300042004
0304030003040300042004
0304030003040300042004
0304030003040300042004
0407060104070601072007
0204040202040402041004
0001020100010201021001
0201000102010001023001
0404020204040202042004
0001020100010201021001
0607040106070401072007
0908030409080304093008
0f0d05070f0d05070f300e
2829160b2829160b29202a
93a96b1993a96b19a920aa
fffffd30fffffd30ff2182
ffffff3affffff3aff21d3
ffffcb2bffffcb2bff213b
707f4e15707f4e157f2080
2425120b2425120b252026
120b020d120b020d123011
09030f1109030f11110011
304a400c304a400c4a204a
b3ecad04b3ecad04ec20ec
efffe909efffe909ff213d
2650521a2650521a521054
effc874ceffc874cfc2107
ffff9857ffff9857ff212d
94802a4494802a44943090
431e193c431e193c433043
3a0e28423a0e2842420043
37062d4437062d44440044
09243d3209243d323d103d
7da071047da07104a020a0
ffffc955ffffc955ff216b
ffffed81ffffed81ff21c7
e3f38547e3f38547f320fd
91812f4391812f43913091
ffffadbbffffadbbff31c3
ffffadcdffffadcdff31db
fffb5a83fffb5a83ff311b
6651182f6651182f66305d
0600040406000404063004
1b1c0f081b1c0f081c201d
3b3517153b3517153b3039
9074224490742244903086
ffe52ea5ffe52ea5ff311a
ffff23ffffff23ffff31af
ffff26ffffff26ffff31ce
ffbe78ffffbe78ffff318c
ff6a95ffff6a95ffff3140
e7329dffe7329dffff0104
b80aaaeab80aaaeaea00ea
ad03a9e5ad03a9e5e500e5
ab05a3dfab05a3dfdf00df
9f07a9d99f07a9d9d900d9
941ec2e2941ec2e2e200e3
8853ffff8853ffffff0111
72adffff72adffffff116c
43ffffff43ffffffff11d5
09ffffff09ffffffff1204
3affffff3affffffff11a7
31c4f77e31c4f77ef710e9
1b4c59241b4c5924591054
1017140110171401172017
0400040604000406060006
0713170907131709171015
123d4e23123d4e234e1046
31a9d36931a9d369d310c6
4fffffb84fffffb8ff114d
28d4ffb228d4ffb2ff1114
2c1a0c2a2c1a0c2a2c3031
27bdf18f27bdf18ff110ed
509cffff509cffffff1137
bc41ffffbc41ffffff0145
d621ffffd621ffffff0142
b72cfbffb72cfbffff0127
7644e2e87644e2e8e800f1
2955b3932955b393b310a9
04456c4104456c416c105e
091c2510091c2510251020
0302010203020102033002
02070c0902070c090c100b
0111170f0111170f171016
030f1913030f1913191018
0e020c120e020c12120012
1209060f1209060f123011
0d04070e0d04070e0e000e
0900090c0900090c0c000c
04090a0504090a050a100a
1310070813100708133011
1f1103171f1103171f301c
3223022132230221323030
82813e2b82813e2b823087
ffff9645ffff9645ff2117
e9ce4d6ae9ce4d6ae930e7
076fab7b076fab7bab10a5
93ffff6793ffff67ff113a
73d6d13e73d6d13ed620de
2e58581a2e58581a58105b
111b1905111b19051b201b
0401020504010205050005
02080e0a02080e0a0e100c
07050f0f07050f0f0f000f
0c0412140c041214140014
080f1e19080f1e191e101d
05374f2d05374f2d4f1047
128ac06e128ac06ec010b0
13c9ffe313c9ffe3ff112f
7eb0ffff7eb0ffffff1187
f261fffff261ffffff01b1
ff06ffffff06ffffff01ae
ff94a6ffff94a6ffff3192
fff311fffff311ffff3167
ffc62690ffc62690ff30f4
755b153b755b153b75306c
1e1202141e1202141e301a
040a0a04040a0a040a100a
0a0904050a0904050a300a
0801060908010609090009
170b0511170b0511173014
6853183168531831683060
fff15e73fff15e73ff310b
ffffa7afffffa7afff31ae
ffffa0a7ffffa0a7ff319c
e9d15163e9d15163e930e7
514113255141132551304a
1009020b1009020b10300e
0301050503010505050005
0203060502030605061005
0104070601040706071007
0204080602040806081007
0105090701050907091008
0304090803040908091008
0503090905030909090009
04040a0a04040a0a0a000a
05040b0a05040b0a0b100a
06050e0d06050e0d0e100d
0708131207081312131013
080a1614080a1614161016
060c1814060c1814181017
060d1a15060d1a151a1018
05111d1705111d171d101c
03121d1603121d161d101c
030b130f030b130f131012
0204080602040806081007
0201000102010001023001
0a0f0c010a0f0c010f200f
060b0a03060b0a030b200b
0206080402060804081007
0206080402060804081007
0106070401060704071007
0004060400040604061005
0102050401020504051004
0300030403000304040004
0301010303010103030003
0201000102010001023001
0304030003040300042004
0305050103050501051005
0204040202040402041004
0104050201040502051004
0204040202040402041004
0407060104070601072007
0304030003040300042004
0000000000000000000000
0000000000000000000000
0304030003040300042004
0001020100010201021001
0605020306050203063005
0806020408060204083007
0c0c06040c0c06040c200c
2024160620241606242024
7e9562117e956211952095
fffff425fffff425ff216a
ffffff2fffffff2fff21d5
ffffe223ffffe223ff2152
798d5913798d59138d208e
27220b1227220b12273026
16011a1f16011a1f1f001f
1912393619123936391038
054a6f4a054a6f4a6f1068
70d4ce4270d4ce42d420de
c5ffff29c5ffff29ff2139
35858f3535858f358f108f
e3c7456de3c7456de330e2
ffff5e9cffff5e9cff3144
e4812ab3e4812ab3e430dc
a10c93cca10c93cccc00cc
aa03b0e9aa03b0e9e900e9
bc0ea6f0bc0ea6f0f000f0
a00792cfa00792cfcf00cf
2a4d9c872a4d9c879c109b
a4ffdc25a4ffdc25ff2103
ffffff2cffffff2cff219a
ffffd52effffd52eff214b
1d112f2f1d112f2f2f0031
ffff6dacffff6dacff3164
ffffabe7ffffabe7ff31fa
ffff80b7ffff80b7ff318b
bfa03358bfa03358bf30b6
2b1e05162b1e05162b3025
10140c0410140c04142014
2825100f2825100f283027
503d1027503d1027503048
b178096ab178096ab130a0
ffcb11e1ffcb11e1ff312f
ffe45dffffe45dffff31a5
ffb9bdffffb9bdffff31d8
ff85f9ffff85f9ffff01dd
ff45ffffff45ffffff01d0
ff0affffff0affffff01ce
ff01ffffff01ffffff01d5
ff0bffffff0bffffff01d7
ff06ffffff06ffffff01d6
ff2dffffff2dffffff01dd
ff71ffffff71ffffff01f1
d9caffffd9caffffff120c
86ffffff86ffffffff1205
32ffffff32ffffffff11b0
02c1ffc302c1ffc3ff1112
0859844d0859844d841075
0b1d230d0b1d230d23101f
0f0b010b0f0b010b0f300f
0c000c100c000c10100010
0321311b0321311b31102a
207c9e4e207c9e4e9e1092
49ffffb149ffffb1ff1147
3cffffff3cffffffff11b1
5694ffff5694ffffff1135
ffbd04b5ffbd04b5ff3105
ffffd134ffffd134ff2157
8de9cf318de9cf31e920ee
0656886206568862881082
3d165f6a3d165f6a6a006c
3a0a4c5a3a0a4c5a5a005a
210e3b3e210e3b3e3e003f
04172c1f04172c1f2c1026
0f1819060f181906191018
0d0a03080d0a03080d300c
08040e0e08040e0e0e000e
040c1612040c1612161015
00131c1300131c131c101a
020e1610020e1610161015
0e04080e0e04080e0e000e
1209040f1209040f123011
0f0409100f040910100010
0d03090f0d03090f0f000f
0700070a0700070a0a000a
0104050201040502051004
0908030409080304093008
1d1e11081d1e11081e201f
6573491165734911732074
d1ea8f2ad1ea8f2aea20ed
b8aa464eb8aa464eb830bb
0f6b935d0f6b935d93108d
8dfff5468dfff546ff210b
69ae9b2069ae9b20ae20b0
2c4136052c413605412041
12120a0612120a06122012
0502070805020708080008
010b0f09010b0f090f100e
020a100c020a100c10100f
0607100f0607100f101010
01141d1201141d121d101a
23565b2223565b225b105c
60e3ee5960e3ee59ee10f3
65ffffbd65ffffbdff117b
0cffffff0cffffffff118c
9e7bffff9e7bffffff1166
ff1ce7ffff1ce7ffff014f
ffd14effffd14effff3173
ffff41feffff41feff31ab
ffff60aaffff60aaff315a
b99a2f58b99a2f58b930b1
402c0426402c042640303a
0e05060d0e05060d0e300d
0002020000020200021002
0301010303010103030003
0603000306030003063004
322b1013322b101332302f
b3a34347b3a34347b330b1
ffff9390ffff9390ff316f
ffffb4afffffb4afff31bc
ffff7584ffff7584ff313c
8b7425408b7425408b3084
2719011727190117273021
0a01080b0a01080b0b000b
04050c0b04050c0b0c100c
06040c0c06040c0c0c000c
06040c0c06040c0c0c000c
05070f0d05070f0d0f100e
07040d0e07040d0e0e000e
08040e0e08040e0e0e000e
07050f0f07050f0f0f000f
0905111109051111110011
0809141308091413141015
080a1614080a1614161016
070a1714070a1714171016
060c1814060c1814181017
050d1713050d1713171017
000e140e000e140e141013
040b0c05040b0c050c100c
0502010405020104053004
06030a0b06030a0b0b000b
09030d0f09030d0f0f000f
0a0f0c010a0f0c010f200f
090c0900090c09000c200c
0407060104070601072007
0307070303070703071007
0206080402060804081007
0004060400040604061005
0202040402020404040004
0300030403000304040004
0402020404020204040004
0402020404020204040004
0003040300030403041004
0206060202060602061006
0205060302050603061005
0004060400040604061005
0003040300030403041004
0305050103050501051005
0304030003040300042004
0000000000000000000000
0001020100010201021001
0204040202040402041004
0102030201020302031002
0403000304030003043004
0707030307070303072007
0b0d09010b0d09010d200d
1a2118011a211801212021
6c855c096c855c09852085
ffffe61dffffe61dff2152
ffffff31ffffff31ff21cf
ffffd938ffffd938ff2160
978d393d978d393d973099
4710335047103350500051
3e2378773e23787778107c
5243bcb35243bcb3bc10bf
5f69ffef5f69ffefff1105
2bbcfffe2bbcfffeff113c
27ffffd527ffffd5ff1157
1f98f9b21f98f9b2f910ea
ff833dd1ff833dd1ff30f6
ffe42dffffe42dffff316d
ff58cdffff58cdffff0172
ff1bffffff1bffffff019f
ff1cffffff1cffffff01c2
ff1affffff1affffff01c8
ff3effffff3effffff01aa
ff08ffffff08ffffff0162
4f9affff4f9affffff1131
79ffffa079ffffa0ff116b
adffff4eadffff4eff214f
0b6881460b68814681107d
ffca2e8effca2e8eff30f6
ffff96e0ffff96e0ff31dc
ffff97e4ffff97e4ff31e3
ffff5196ffff5196ff312a
7558153c7558153c75306a
0a0204060a0204060a3006
1f1c0b0e1f1c0b0e1f301f
2f2409182f2409182f302b
5330053653300536533048
a5522180a5522180a53098
ff7059ecff7059ecff3105
ff74a6ffff74a6ffff0167
ff65edffff65edffff01ad
ff33ffffff33ffffff01d5
ff04ffffff04ffffff01f0
ff09ffffff09ffffff0201
ff04ffffff04ffffff0210
ff0affffff0affffff021c
ff2cffffff2cffffff021b
ff5fffffff5fffffff0205
d996ffffd996ffffff01d0
78a9ffff78a9ffffff1173
3088ffcc3088ffccff10f5
0e49845d0e49845d841076
0216281802162818281020
0702010607020106073006
0f020b120f020b12120012
1004181a1004181a1a001a
0843603508436035601055
40d8ff8040d8ff80ff10fb
75ffffe175ffffe1ff11b8
4effffff4effffffff11c8
6d59efe96d59efe9ef10f9
ffff5aa5ffff5aa5ff314c
fffffb61fffffb61ff21bf
faffbc27faffbc27ff2129
556c4b04556c4b046c206c
0a1110050a111005112011
0406040004060400062006
0205080702050807081008
0e07020b0e07020b0e300d
140d000d140d000d143012
0f0409100f040910100010
0908151409081514151015
060f1c17060f1c171c101b
040f1a15040f1a151a1019
0508110e0508110e111010
0b04050a0b04050a0b300a
0d08010a0d08010a0d300c
0b0503090b0503090b300a
0905010709050107093008
0706010407060104073007
0102010001020100022002
0604000406040004063005
191d1305191d13051d201d
566e5202566e52026e206e
a6ca8a0ea6ca8a0eca20ca
857d3337857d3337853088
176e9158176e915891108c
6ed8d6486ed8d648d820e3
4d877d1d4d877d1d87208a
2330250023302500302030
110f0509110f0509113011
0601080906010809090009
030a0b06030a0b060b100b
0509070105090701092009
0707030307070303072007
13170f0313170f03172017
4b684f024b684f02682068
bfffe114bfffe114ff211a
ffffff3cffffff3cff21a2
aaffff6caaffff6cff215f
0389cd890389cd89cd10c1
88205c9688205c96960099
ffcf13afffcf13afff310f
ffff81c9ffff81c9ff31a7
ffff96b4ffff96b4ff31a2
ffe25372ffe25372ff30fd
6954173469541734693062
211905112119051121301e
0606020206060202062006
0203020102030201032003
0204040202040402041004
1513090515130905153013
6d5f232d6d5f232d6d3069
ffff6579ffff6579ff311c
ffff9dbbffff9dbbff31b3
ffff7fb8ffff7fb8ff318b
e8ba3278e8ba3278e830dd
5c3d04375c3d04375c3052
1b090b171b090b171b3018
0806101008061010100011
0905111109051111110011
0a0410120a041012120012
0807121108071211121012
0905111109051111110011
0a0410120a041012120012
0a0612120a061212120012
0907131309071313130014
0709151307091513151015
0609141106091411141013
050a1310050a1310131012
030a110e030a110e111011
00080c0800080c080c100b
0506050005060500062006
0802040808020408080008
07040d0e07040d0e0e000e
0806101008061010100011
09020b0e09020b0e0e000e
090d0b01090d0b010d200d
090c0900090c09000c200c
0608060006080600082008
0608060006080600082008
0407060104070601072007
0205060302050603061005
0102050401020504051004
0300030403000304040004
0501030505010305050005
0601040706010407070007
0401060704010607070007
0004060400040604061005
0206060202060602061006
0204040202040402041004
0001020100010201021001
0304030003040300042004
0304030003040300042004
0000000000000000000000
0103030101030301031003
0204040202040402041004
0001020100010201021001
0202020002020200021002
0609080106090801092009
090f0d03090f0d030f200f
151f1903151f19031f201f
5e7550075e755007752075
ffffc326ffffc326ff2130
fffffc57fffffc57ff21b3
ffff868bffff868bff315f
de6f3ebdde6f3ebdde30db
a11ccff4a11ccff4f400f5
a15fffffa15fffffff0143
b887ffffb887ffffff1190
d393ffffd393ffffff01c3
c5a1ffffc5a1ffffff11c8
80bfffff80bfffffff119a
8677ffff8677ffffff1136
ff45a8ffff45a8ffff0125
ff89a5ffff89a5ffff3182
ff1dffffff1dffffff01b5
ff38ffffff38ffffff01d9
ff28ffffff28ffffff01dd
ff1fffffff1fffffff01de
ff5affffff5affffff01e6
ff3affffff3affffff01d7
ff46ffffff46ffffff01ad
55cfffff55cfffffff1181
17e7ffc117e7ffc1ff112d
0c649c660c649c669c108e
b476026eb476026eb430a1
ffff68c4ffff68c4ff3184
ffff86ffffff86ffff31ff
ffff5deaffff5deaff31a8
f1b62386f1b62386f130e2
4e32022e4e32022e4e3043
040d0c03040d0c030d200d
1c1a0a0c1c1a0a0c1c301c
201006182010061820301c
350d1b33350d1b33353034
6218366462183664640066
99255ba399255ba3a300a7
c92889e2c92889e2e200e5
d70ebfffd70ebfffff0112
d113ebffd113ebffff0129
d815f6ffd815f6ffff0133
e80dfaffe80dfaffff0141
ec12ffffec12ffffff014e
df1dffffdf1dffffff014a
b62fffffb62fffffff012a
773fdde5773fdde5e500ed
3a3fa2913a3fa291a2109e
14295a4714295a475a1051
09091d1709091d171d1018
0407040104070401072007
01080d0a01080d0a0d100c
0805100f0805100f10100f
0818302208183022301029
1d82ab5a1d82ab5aab109e
67ffffb367ffffb3ff116c
96ffffef96ffffefff11f0
59ffffd559ffffd5ff1189
5d1075885d107588880088
ffffc24effffc24eff215e
ffffff32ffffff32ff21e2
ffffdd1fffffdd1fff214a
69794b1369794b1379207a
1810001018100010183016
050a1310050a1310131012
06060e0e06060e0e0e000f
0e07040b0e07040b0e300d
100a020c100a020c10300f
0c000c100c000c10100010
060b1613060b1613161015
030f1913030f1913191018
0409120f0409120f121011
0601080906010809090009
0805000508050005083007
0907010509070105093008
0806000608060006083008
0906010609060106093008
0a0700070a0700070a3009
0905010709050107093008
0302070603020706071006
1223240b1223240b241024
4875661548756615752076
7dab81097dab8109ab20ab
4f3f0f2b4f3f0f2b4f304c
227d9857227d9857981098
4bacb74a4bacb74ab710bb
2d5e61202d5e6120611063
14211e0514211e05212021
0c0c06040c0c06040c200c
0401020504010205050005
0303010103030101032003
0901070b0901070b0b000b
10040a1210040a12120012
211803142118031421301f
60693c1760693c1769206b
f0ffbe21f0ffbe21ff2122
ffffff25ffffff25ff21bc
ffffff13ffffff13ff2173
709e7e0a709e7e0a9e209e
260a1828260a1828280029
ba9d3257ba9d3257ba30b3
ffff8d95ffff8d95ff316e
ffffbaacffffbaacff31c0
ffff847effff847eff3147
968a3a3a968a3a3a963095
3231180f3231180f323033
0a0d0a010a0d0a010d200d
0604000406040004063005
0707030307070303072007
0b0601060b0601060b3008
3c2a06203c2a06203c3034
cba52d65cba52d65cb30c1
ffff64c2ffff64c2ff317b
ffff6deeffff6deeff31bc
ffff40beffff40beff314b
b2801266b2801266b230a3
3d22072a3d22072a3d3036
0f0211140f021114140014
0806101008061010100011
09040f1009040f10100010
07050f0f07050f0f0f000f
07060f0e07060f0e0f100f
07040d0e07040d0e0e000e
06050e0d06050e0d0e100d
03080f0c03080f0c0f100e
03080f0c03080f0c0f100e
03070d0b03070d0b0d100d
00070a0700070a070a1009
0305050103050501051005
0501030505010305050005
0700070a0700070a0a000a
08030c0d08030c0d0d000d
06050c0d06050c0d0d000d
0503090905030909090009
0402020404020204040004
080c0a02080c0a020c200c
070b0901070b09010b200b
0608060006080600082008
0609080106090801092009
0508070205080702082008
0206060202060602061006
0003040300030403041004
0301050503010505050005
0401060704010607070007
0600060806000608080008
0601040706010407070007
0300030403000304040004
0305050103050501051005
0304030003040300042004
0001020100010201021001
0204040202040402041004
0103030101030301031003
0000000000000000000000
0304030003040300042004
0304030003040300042004
0001020100010201021001
0004060400040604061005
030b0d07030b0d070d100d
060f1007060f1007101010
121a1402121a14021a201a
545c3412545c34125c205d
ecf0764aecf0764af020fb
ffff7cabffff7cabff317f
fff61afffff61affff3174
ff32ecffff32ecffff0173
ff50ffffff50ffffff01b1
f389fffff389ffffff01db
e29fffffe29fffffff01e0
d690ffffd690ffffff01bf
c272ffffc272ffffff0186
9266ffff9266ffffff113e
833ee3e8833ee3e8e800f0
c01b94dbc01b94dbdb00dc
f33899fff33899ffff010f
de05e2ffde05e2ffff0131
bc30ffffbc30ffffff012d
b91fe7ffb91fe7ffff0114
e016c0ffe016c0ffff0112
ff43b4ffff43b4ffff0138
ff35d7ffff35d7ffff015b
eb14ffffeb14ffffff0156
825cffff825cffffff0122
2c6ad4a82c6ad4a8d410c6
1d3069521d30695269105f
70430a4970430a49703063
ffe03596ffe03596ff310d
ffff59ffffff59ffff31c6
ffff54ffffff54ffff31f9
ffff2cebffff2cebff3177
ca87067fca87067fca30b9
3c1b0e2d3c1b0e2d3c3034
020a0a04020a0a040a100a
0b02090e0b02090e0e000e
0b0b1b190b0b1b191b101b
140e2626140e2626260028
28072e3928072e39390039
3d023b503d023b50500050
420a4e62420a4e62620062
3c165c663c165c66660068
39195d6339195d63630066
3a195e653a195e65650068
3d175f693d175f6969006b
3f0f57653f0f5765650066
350b4955350b4955550055
2407343b2407343b3b003b
10061e1e10061e1e1e001e
04020a0804020a080a1008
0608040006080400082008
090d0901090d09010d200d
090d0b01090d0b010d200d
031521110315211121101b
074d7343074d7343731066
32dfff9d32dfff9dff1110
78ffffec78ffffecff11c9
8cffffe98cffffe9ff11dd
42f1ff9742f1ff97ff111c
5e3b083f5e3b083f5e3056
ffffff12ffffff12ff2172
ffffff0bffffff0bff21e7
ffffe615ffffe615ff214b
707842207078422078207c
27120b2227120b22273026
1106191c1106191c1c001c
0f0213160f021316160016
15060d1615060d16160016
1805101b1805101b1b001b
1502171e1502171e1e001e
0e0a1c1c0e0a1c1c1c001d
090d1d19090d1d191d101c
0d0617180d061718180018
1301131913011319190019
1703151d1703151d1d001d
1c011c251c011c25250025
2300253023002530300030
2c022a3a2c022a3a3a003a
3307273d3307273d3d003d
3208263a3208263a3a003a
2909393f2909393f3f003f
153261501532615061105e
19728d5219728d528d108c
3c766e263c766e2676207b
100a2024100a2024240025
32899a4d32899a4d9a109d
35818d3b35818d3b8d108d
1a3b40171a3b401740103f
0d1513030d151303152015
0909050309090503092009
0404020204040202042004
0106070401060704071007
03070d0b03070d0b0d100d
0c010a0f0c010a0f0f000f
1e1602121e1602121e301c
5c5d2e1d5c5d2e1d5d2061
f0ff9e36f0ff9e36ff210f
ffffff4cffffff4cff21be
fffffb44fffffb44ff2195
abbf7523abbf7523bf20c2
1017120110171201172017
6f63272d6f63272d6f306c
ffff766dffff766dff3120
ffffc39dffffc39dff31b7
ffffb289ffffb289ff318b
d1cc6346d1cc6346d130d7
4b4f2d114b4f2d114f2050
0d1411040d141104142014
0905010709050107093008
0b0903050b0903050b300a
0500050605000506060006
18070c1518070c15183016
785106477851064778306b
ffe332a1ffe332a1ff3116
ffff61ebffff61ebff31ab
ffff66ddffff66ddff31a0
ffdc3d88ffdc3d88ff3102
6c500e3a6c500e3a6c3062
1a0a0a161a0a0a161a3018
06040c0c06040c0c0c000c
0503090905030909090009
0303070703030707070007
0004060400040604061005
0103030101030301031003
0304030003040300042004
0607040106070401072007
0707030307070303072007
0805000508050005083007
0801060908010609090009
0a010c0f0a010c0f0f000f
0c0310130c031013130013
0e0210140e021014140014
0c020e120c020e12120012
09010b0d09010b0d0d000d
0702050807020508080008
0804020608040206083007
060b0a03060b0a030b200b
0609080106090801092009
0609080106090801092009
060b0a03060b0a030b200b
0308090403080904091008
0205060302050603061005
0104050201040502051004
0003040300030403041004
0203060502030605061005
0401060704010607070007
0703030707030307070007
0603020506030205063005
0003040300030403041004
0103030101030301031003
0103030101030301031003
0204040202040402041004
0001020100010201021001
0000000000000000000000
0303010103030101032003
0403000304030003043004
0202040402020404040004
0106070401060704071007
060c0c04060c0c040c100c
080d0c03080d0c030d200d
10120c0210120c02122012
413915194139151941303e
bc96265ebc96265ebc30b1
ffd700d7ffd700d7ff3130
ff8c8fffff8c8fffff316f
ff04ffffff04ffffff019c
f75cfffff75cffffff01ad
c873ffffc873ffffff018d
9770ffff9770ffffff114d
7259faf17259faf1fa1100
5b3ab5b45b3ab5b4b510bd
442784854427848585008a
3a155e633a155e63630065
4d07415b4d07415b5b005b
5b0c456c5b0c456c6c006c
4f0b5f774f0b5f77770077
3d17636b3d17636b6b006d
380e4e58380e4e58580059
4a093a554a093a55550055
671c396a671c396a6a006d
781a4e86781a4e86860088
6701678d6701678d8d008d
4215687342156873730074
1f184b461f184b464b104a
1408242214082422241022
3924012239240122393031
a67a165aa67a165aa63097
ffff2ec6ffff2ec6ff3146
ffff3effffff3effff31e2
ffff2fffffff2fffff31e5
fff80fe4fff80fe4ff3150
ae6c0674ae6c0674ae309e
372001223720012237302e
0911130909111309131013
0414221a0414221a221020
0616261e0616261e261025
0a12241e0a12241e241022
0c0e201e0c0e201e201021
0b0e1f1c0b0e1f1c1f101f
04101c1604101c161c101b
04151c0f04151c0f1c1019
0c1b1c0b0c1b1c0b1c101d
0a1616080a161608161017
0308090403080904091008
0102010001020100022002
0409080304090803092009
0208080402080804081008
0104030201040302042004
0605020306050203063005
0e0d08050e0d08050e300d
0f1d21090f1d210921101e
0946673a0946673a67105a
0facf7980facf798f710e5
34fffffe34fffffeff1198
5dffffff5dffffffff11ef
57ffffd757ffffd7ff118a
1488ba6a1488ba6aba10ac
71763d1e71763d1e762079
ffffff07ffffff07ff217b
ffffff1fffffff1fff21ce
ffff9d53ffff9d53ff2132
a7680d7ca7680d7ca730a1
7418508474185084840086
5f0557795f055779790079
5702537057025370700070
5602527056025270700070
5703517157035171710071
5301516d5301516d6d006d
4905516749055167670067
430c5564430c5564640064
460c5a6a460c5a6a6a006a
530a657a530a657a7a007a
620c7690620c7690900090
71128faa71128faaaa00aa
8417aac98417aac9c900ca
9f0bb1e39f0bb1e3e300e3
b60ea0e6b60ea0e6e600e6
b20f9adbb20f9adbdb00db
971abde0971abde0e000e1
8142e1f08142e1f0f000f8
6648cad46648cad4d400df
4b0f596f4b0f596f6f0070
4d5e43024d5e43025e205e
4a8d8a314a8d8a318d2095
2c5c60222c5c6022601062
1324250a1324250a251025
0b0e0b000b0e0b000e200e
0708050207080502082008
0607040106070401072007
070b0901070b09010b200b
060b0a03060b0a030b200b
0301050503010505050005
1411060914110609143013
4a4a26164a4a26164a204d
d4e88832d4e88832e820ed
ffffff4effffff4eff21af
ffffff4cffffff4cff21b0
cee78c2bcee78c2be720ea
2f3723072f372307372037
3f34111c3f34111c3f303b
d3c45552d3c45552d330d4
ffffb48cffffb48cff3191
ffffd093ffffd093ff21bc
ffff8c5bffff8c5bff2125
7377411d7377411d77207a
181e1600181e16001e201e
0807020508070205083008
0b0d09010b0d09010d200d
0203020102030201032003
030d0f07030d0f070f100e
3018082230180822303029
b0851c5fb0851c5fb030a3
ffff65abffff65abff315a
ffff99c5ffff99c5ff31bb
ffff7c92ffff7c92ff3158
a38f3545a38f3545a3309e
2a2008142a2008142a3025
0402000204020002043002
0300030403000304040004
0600060806000608080008
0900090c0900090c0c000c
0c010a0f0c010a0f0f000f
0f030b110f030b11110011
12050a1312050a13130013
14050c1514050c15150015
1302111813021118180018
1203161b1203161b1b001b
1305191d1305191d1d001d
1303171d1303171d1d001d
1400141a1400141a1a001a
11020f1611020f16160016
11030d1311030d13130013
10030c1310030c13130013
12030e1512030e15150015
03090b0503090b050b100a
0308090403080904091008
040a0a04040a0a040a100a
060b0a03060b0a030b200b
0408080204080802081008
0205060302050603061005
0005080500050805081007
0104070601040706071007
0204080602040806081007
0302050603020506060006
0804020608040206083007
0704010607040106073007
0300030403000304040004
0001020100010201021001
0304030003040300042004
0304030003040300042004
0000000000000000000000
0000000000000000000000
0201000102010001023001
0301010303010103030003
0102050401020504051004
0205060302050603061005
070a0700070a07000a200a
0a0b06030a0b06030b200b
0e0c04060e0c04060e300d
261a0414261a0414263020
6a4200426a4200426a305d
bc5f2495bc5f2495bc30b0
d4367ce6d4367ce6e600ec
b113cbffb113cbffff0103
813ad9e8813ad9e8e800ef
593ab5b4593ab5b4b510bd
3830867e3830867e861086
21235b5121235b515b1058
1515393315153933391037
100c2422100c2422241024
0f0517190f051719190019
1301111713011117170017
1201121912011219190019
0c0818180c081818180019
0709151307091513151015
07030d0d07030d0d0d000d
0b04050a0b04050a0b300a
1209020d1209020d12300f
170b0513170b0513173015
14070a1514070a15150016
0e040a100e040a10100010
0804040808040408080008
0606020206060202062006
1412080614120806143012
49350b2549350b25493040
c88f1473c88f1473c830b7
ffff24e7ffff24e7ff316a
ffff27ffffff27ffff31e9
ffff16ffffff16ffff31ce
ffdf05d9ffdf05d9ff3137
a8730a65a8730a65a83099
40391a1540391a1540303c
1021240f1021240f241024
0018261a0018261a261023
07101f1a07101f1a1f101e
080a1614080a1614161016
03080f0c03080f0c0f100e
03090b0503090b050b100a
0c110e010c110e01112011
1418100214181002182018
1210060812100608123011
0d04070e0d04070e0e000e
09020b0e09020b0e0e000e
02060a0802060a080a100a
0304030003040300042004
0501050705010507070007
0905010709050107093008
0e1d220b0e1d220b22101f
0c5074400c507440741066
04a7fca304a7fca3fc10e9
05ffffff05ffffffff118c
1bffffff1bffffffff11ef
2bffffff2bffffffff11bb
1ed3ffa91ed3ffa9ff110e
1230604612306046601054
84904c2084904c20902093
ffffcb3effffcb3eff215f
ffffa697ffffa697ff3199
ffd91cffffd91cffff3150
ff49baffff49baffff014d
ff1ee9ffff1ee9ffff0157
ff13ecffff13ecffff014d
f808ecfff808ecffff0142
ef03e9ffef03e9ffff013b
ed09dfffed09dfffff0133
e609d8ffe609d8ffff0129
da01d8ffda01d8ffff0121
ce0ce0ffce0ce0ffff011e
cb1cf5ffcb1cf5ffff0129
d624ffffd624ffffff0144
ec27ffffec27ffffff0163
fd31fffffd31ffffff0184
ff39ffffff39ffffff01a6
ff1cffffff1cffffff01bc
ff1bffffff1bffffff01bd
ff1fffffff1fffffff01ac
ff1fffffff1fffffff019c
fb34fffffb34ffffff0185
f31cc1fff31cc1ffff012d
d98a0994d98a0994d930ca
9eba76109eba7610ba20ba
578e7d1e578e7d1e8e2091
2241401322414013412043
0e1816040e181604182018
090c0900090c09000c200c
0608060006080600082008
0608060006080600082008
090c0900090c09000c200c
090d0b01090d0b010d200d
0004060400040604061005
0f0c03080f0c03080f300e
393a1f10393a1f103a203c
b3c87b24b3c87b24c820cb
ffffff3cffffff3cff2198
ffffff3dffffff3dff21c3
e4ffb022e4ffb022ff2110
4152390441523904522052
201400142014001420301c
9588393a9588393a953093
ffff9d72ffff9d72ff3155
ffffe38effffe38eff21cc
ffffb76bffffb76bff216e
a5a9592fa5a9592fa920af
2c2e1a0a2c2e1a0a2e202f
0507050105070501072007
0d120d000d120d00122012
0403000304030003043004
11160f0211160f02162016
05050b0905050b090b100a
5744132a5744132a57304f
fae55e67fae55e67fa30fb
ffffb39cffffb39cff31a4
ffffb491ffffb491ff3197
e0da684ee0da684ee030e7
4345270f4345270f452046
000d140f000d140f141013
0f0313170f031317170017
1102131811021318180018
1103151911031519190019
1300131a1300131a1a001a
1602121a1602121a1a001a
1603121b1603121b1b001b
1803141d1803141d1d001d
1701171f1701171f1f001f
1503191f1503191f1f001f
1204181c1204181c1c001c
1200121812001218180018
12030e1512030e15150015
12040c1412040c14140014
12040c1412040c14140014
11010f1511010f15150015
1201101712011017170017
0308090403080904091008
0308090403080904091008
0509090305090903091009
0609080106090801092009
0608060006080600082008
0407060104070601072007
0308090403080904091008
0105090701050907091008
0304090803040908091008
0401060704010607070007
0805000508050005083007
0604000406040004063005
0402020404020204040004
0300030403000304040004
0003040300030403041004
0103030101030301031003
0000000000000000000000
0000000000000000000000
0000000000000000000000
0000000000000000000000
0103030101030301031003
0204040202040402041004
0506050005060500062006
0908030409080304093008
0c0800080c0800080c300b
130a030e130a030e133011
2914071e2914071e293024
451c153c451c153c453042
4b0c35584b0c3558580058
3b0a4b5c3b0a4b5c5c005c
251549492515494949004b
1514373215143732371035
0c0e24200c0e2420241022
060b1813060b1813181015
03080f0c03080f0c0f100e
0304090803040908091008
0301050503010505050005
0301010303010103030003
0000000000000000000000
0604000406040004063005
0904030809040308093008
0700070a0700070a0a000a
05040b0a05040b0a0b100a
03070d0b03070d0b0d100d
03080f0c03080f0c0f100e
03080f0c03080f0c0f100e
03080f0c03080f0c0f100e
03070d0b03070d0b0d100d
02070c0902070c090c100b
040a0c06040a0c060c100b
1512090615120906153012
563c0a2e563c0a2e56304b
e19e1186e19e1186e130cf
ffff17fdffff17fdff317b
ffff13ffffff13ffff31e6
ffff09ffffff09ffff31c1
ffe409d6ffe409d6ff3138
b883126bb883126bb830a9
524318235243182352304b
1d2319011d231901232023
0610140a0610140a141012
03050d0b03050d0b0d100c
0402080804020808080008
0005080500050805081007
09100f0409100f04102010
0e1512030e151203152015
080b0a01080b0a010b200b
0202020002020200021002
0101010101010101010001
0401040504010405050005
0602080a0602080a0a000a
0601060906010609090009
0a161a080a161a081a1017
1053743d1053743d741067
0eb8ffa60eb8ffa6ff10f7
02ffffff02ffffffff119b
0cffffff0cffffffff11f7
04ffffff04ffffffff11cd
04ddffd704ddffd7ff1134
01659f6501659f659f108e
2100272a2100272a2a002a
867a2c36867a2c36863085
fffb4b8dfffb4b8dff311f
fff718fffff718ffff3176
ff77d1ffff77d1ffff01a8
ff25ffffff25ffffff01da
ff1dffffff1dffffff01ed
ff1affffff1affffff01f0
ff0dffffff0dffffff01ef
ff08ffffff08ffffff01ec
ff10ffffff10ffffff01e8
ff11ffffff11ffffff01e3
ff07ffffff07ffffff01dd
ff0affffff0affffff01d8
ff28ffffff28ffffff01d9
ff37ffffff37ffffff01e0
ff36ffffff36ffffff01e3
ff40ffffff40ffffff01e2
ff45ffffff45ffffff01dc
ff21ffffff21ffffff01d0
ff22ffffff22ffffff01cd
ff31ffffff31ffffff01c7
ff05ffffff05ffffff019f
ff21ccffff21ccffff0140
ffb003acffb003acff30f6
eaffae20eaffae20ff211b
99f4c72699f4c726f420f6
43827b2643827b26822087
142c2e10142c2e102e102e
0a1110030a111003112011
090d0b01090d0b010d200d
0509090305090903091009
0308090403080904091008
060b0a03060b0a030b200b
080d0a01080d0a010d200d
0407060104070601072007
0908030409080304093008
2c301c0a2c301c0a302031
97b0711897b07118b020b1
fffffc2efffffc2eff2180
ffffff37ffffff37ff21ce
ffffc924ffffc924ff2132
5769470957694709692069
0802040808020408080008
615b2921615b2921613060
ffff8653ffff8653ff2111
ffffe97cffffe97cff21bf
ffffde70ffffde70ff21a5
d8e0783ed8e0783ee020e8
4645221546452215463048
0203060502030605061005
0d130f010d130f01132013
0201000102010001023001
1318110213181102182018
0b110d010b110d01112011
27200b1027200b10273023
a9a0493ca9a0493ca930aa
ffffa77bffffa77bff316c
ffffd091ffffd091ff21b9
ffff9860ffff9860ff2139
737b4719737b47197b207d
0d1e21100d1e2110211022
10061a1c10061a1c1c001c
1401161d1401161d1d001d
1302151a1302151a1a001a
1200121812001218180018
13030f1713030f17170017
13020f1613020f16160016
1201101712011017170017
1001121710011217170017
0f000f140f000f14140014
0c000c100c000c10100010
0c03080d0c03080d0d000d
0c04060c0c04060c0c000c
0c03080d0c03080d0d000d
0d03090f0d03090f0f000f
0c000c100c000c10100010
0c000c100c000c10100010
0308090403080904091008
0308090403080904091008
0308090403080904091008
0308090403080904091008
0308090403080904091008
0308090403080904091008
040b0c05040b0c050c100c
00080c0800080c080c100b
0403080904030809090009
0702030607020306073006
0706010407060104073007
0603020506030205063005
0602020606020206060006
0501030505010305050005
0101030301010303030003
0001020100010201021001
0000000000000000000000
0001020100010201021001
0100010201000102020002
0201000102010001023001
0304030003040300042004
0304030003040300042004
0303010103030101032003
0605020306050203063005
0805000508050005083007
0904030809040308093008
0e06040c0e06040c0e300d
1308051013080510133011
0f020b120f020b12120012
0a0310110a031011110011
05060f0e05060f0e0f100f
02080e0a02080e0a0e100c
0105090701050907091008
0005080500050805081007
0205060302050603061005
0000000000000000000000
0102050401020504051004
0303070703030707070007
0502070805020708080008
0801060908010609090009
0901070b0901070b0b000b
09010b0d09010b0d0d000d
07040d0e07040d0e0e000e
05070f0d05070f0d0f100e
03080f0c03080f0c0f100e
03080f0c03080f0c0f100e
03080f0c03080f0c0f100e
04060e0c04060e0c0e100d
04050c0b04050c0b0c100c
02070c0902070c090c100b
0106090601060906091008
1712070817120708173013
6142093661420936613055
eea30c93eea30c93ee30db
ffff0cffffff0cffff3180
ffff02ffffff02ffff31e3
ffff0bffffff0bffff31c8
ffe412faffe412faff3152
df85159fdf85159fdf30cf
7e43145f7e43145f7e3074
4620123a4620123a463042
260c1224260c1224263025
1603101916031019190019
14060a1414060a14140014
1a1100111a1100111a3018
1b15050f1b15050f1b3019
120d020b120d020b123011
0805000508050005083007
0402000204020002043002
0403000304030003043004
0602040606020406060006
050b1711050b1711171014
063e5a34063e5a345a1050
1db0eb841db0eb84eb10dc
2efffffa2efffffaff1191
1dffffff1dffffffff11f9
02ffffff02ffffffff11cd
0cd5ffe70cd5ffe7ff113a
0a69b0770a69b077b0109e
0c2144310c21443144103b
200b101d200b101d20301f
6646063a6646063a66305a
d4820a90d4820a90d430c2
ff7165ffff7165ffff311a
ff2adbffff2adbffff015a
ff0cffffff0cffffff017c
ff13ffffff13ffffff018b
ff13ffffff13ffffff0199
ff0cffffff0cffffff01a2
ff09ffffff09ffffff01a5
ff10ffffff10ffffff01a8
ff12ffffff12ffffff01ac
ff0affffff0affffff01ae
ff05ffffff05ffffff01ab
ff21ffffff21ffffff01a0
ff2cffffff2cffffff018a
f326fffff326ffffff016b
d52bffffd52bffffff0149
b72dfbffb72dfbffff0124
b614d4ffb614d4ffff0104
d71ea9fed71ea9fefe00ff
e93e89fce93e89fcfc0103
ce5846c2ce5846c2ce30d5
b2b96237b2b96237b920c1
acffff5aacffff5aff2148
8fffff908fffff90ff116d
53dff36b53dff36bf310f7
1e5e6e321e5e6e326e106a
051921110519211121101e
040b0c05040b0c050c100c
080f0e03080f0e030f200f
050c0d06050c0d060d100d
00080c0800080c080c100b
02080a0602080a060a100a
0608060006080600082008
0806000608060006083008
0105090701050907091008
1d281f021d281f02282028
7f9b690d7f9b690d9b209b
ffffed27ffffed27ff2165
ffffff38ffffff38ff21cf
ffffda2cffffda2cff2150
6f7f4f136f7f4f137f2080
0909050309090503092009
3a3a1e103a3a1e103a203c
c5ca6b3ac5ca6b3aca20d2
ffffdd6bffffdd6bff219d
fffff575fffff575ff21c6
ffff974effff974eff2122
6663302166633021663068
0d06030a0d06030a0d300b
0a100e020a100e02102010
0001020100010201021001
13160d0413160d04162016
1313090713130907132014
0b0e0b020b0e0b020e200e
6768371c6768371c68206b
ffff8b59ffff8b59ff2121
ffffd589ffffd589ff21b5
ffffbf75ffffbf75ff2183
b7be6732b7be6732be20c4
2c3728012c372801372037
060b1613060b1613161015
1000101610001016160016
10030c1310030c13130013
0d010b0f0d010b0f0f000f
0d03090f0d03090f0f000f
0d020b100d020b10100010
0c000c100c000c10100010
0c010a0f0c010a0f0f000f
0c04060c0c04060c0c000c
0903050909030509090009
0904030809040308093008
0904030809040308093008
0801060908010609090009
0901070b0901070b0b000b
0900090c0900090c0c000c
0900090c0900090c0c000c
0107090501070905091008
0308090403080904091008
0308090403080904091008
0308090403080904091008
03090b0503090b050b100a
02090c0702090c070c100b
030c0f08030c0f080f100e
010a0d08010a0d080d100c
0400040604000406060006
0606020206060202062006
0505030105050301052005
0301010303010103030003
0402020404020204040004
0402020404020204040004
0301010303010103030003
0201000102010001023001
0000000000000000000000
0102010001020100022002
0000000000000000000000
0102010001020100022002
0304030003040300042004
0304030003040300042004
0201000102010001023001
0403000304030003043004
0604000406040004063005
0502010405020104053004
0604000406040004063005
0706010407060104073007
0402020404020204040004
0202040402020404040004
0003040300030403041004
0305050103050501051005
0304030003040300042004
0303010103030101032003
0403000304030003043004
0202040402020404040004
0105070501050705071007
0104070601040706071007
0301050503010505050005
0300030403000304040004
0300030403000304040004
0203060502030605061005
0105090701050907091008
0105090701050907091008
0107090501070905091008
0307070303070703071007
0407060104070601072007
0407060104070601072007
0204040202040402041004
0305050103050501051005
0304030003040300042004
0604020206040202063004
1f15050f1f15050f1f3019
6947093b6947093b69305c
f1a30997f1a30997f130de
ffff07ffffff07ffff317b
ffff28ffffff28ffff31e2
ffff51ffffff51ffff31e2
ffcb72ffffcb72ffff3195
ff7a7fffff7a7fffff313a
e6457eebe6457eebeb00f4
af217dc7af217dc7c700c9
911077b0911077b0b000b0
8413649b8413649b9b009c
7c1b50877c1b5087870089
701c4478701c447878007b
6215426d6215426d6d006f
540b4465540b4465650065
4b0249624b024962620062
4b004b644b004b64640064
4d05556b4d05556b6b006b
46247e8046247e80800084
2c76dcae2c76dcaedc10d2
0fffffee0fffffeeff1163
4bffffff4bffffffff11e6
49ffffff49ffffffff11d5
1aefffcf1aefffcfff113c
056bad73056bad73ad109d
0c2346330c23463346103d
0e0618180e061818180018
16080a1416080a14163015
341b0825341b082534302d
622d164f622d164f62305a
7b2241807b224180800084
7b076d9d7b076d9d9d009d
7f027ba67f027ba6a600a6
88077cad88077cadad00ad
8f0881b68f0881b6b600b6
930887bc930887bcbc00bc
94078abf94078abfbf00bf
9b0c89c29b0c89c2c200c2
9f0d8bc79f0d8bc7c700c7
9f0893cc9f0893cccc00cc
980098cc980098cccc00cc
840e9ac0840e9ac0c000c0
71118da971118da9a900a9
630a7590630a7590900090
4f0c65784f0c6578780078
3c0e54603c0e5460600061
38023c4c38023c4c4c004c
4820143e4820143e483045
5c5d361f5c5d361f5d2062
69c7c13569c7c135c720cd
76ffffab76ffffabff1174
6effffeb6effffebff11bd
46ffffc346ffffc3ff115a
1c91c0691c91c069c010b3
063146270631462746103e
0209100b0209100b10100e
0305050103050501051005
0d0f09030d0f09030f200f
0d0f09030d0f09030f200f
0808040208080402082008
0602040606020406060006
0a010c0f0a010c0f0f000f
1201101712011017170017
1004161a1004161a1a001a
08222c1808222c182c1029
5e8a74105e8a74108a208a
f9fff900f9fff900ff214a
ffffff0fffffff0fff21c5
fffff911fffff911ff215f
718e610a718e610a8e208e
0e120c020e120c02122012
2422100c2422100c243024
96954a2f96954a2f96309c
ffffb767ffffb767ff2169
fffff286fffff286ff21d5
ffffad6affffad6aff2160
948b3e37948b3e37943095
231701152317011523301f
020a0c06020a0c060c100b
0103050301030503051004
120f0409120f0409123011
1710011017100110173016
07040d0e07040d0e0e000e
383f2807383f28073f203f
c7cc6d3ac7cc6d3acc20d4
ffffc974ffffc974ff218d
ffffdf7cffffdf7cff21b2
fbff8d48fbff8d48ff210f
535a3510535a35105a205b
0912130809121308131013
09010b0d09010b0d0d000d
0e06060e0e06060e0e000f
0c04060c0c04060c0c000c
0a02060a0a02060a0a000a
0901070b0901070b0b000b
0900090c0900090c0c000c
0a03060b0a03060b0b000b
0c06040a0c06040a0c300b
0a04040a0a04040a0a000a
0b04050a0b04050a0b300a
0a03060b0a03060b0b000b
0900090c0900090c0c000c
0901070b0901070b0b000b
0801060908010609090009
0600060806000608080008
0206080402060804081007
0308090403080904091008
0308090403080904091008
0308090403080904091008
040a0a04040a0a040a100a
040b0c05040b0c050c100c
050c0d06050c0d060d100d
0308090403080904091008
0303010103030101032003
0608060006080600082008
0304030003040300042004
0000000000000000000000
0201000102010001023001
0301010303010103030003
0402020404020204040004
0403000304030003043004
0201000102010001023001
0201000102010001023001
0100010201000102020002
0001020100010201021001
0304030003040300042004
0304030003040300042004
0000000000000000000000
0201000102010001023001
0404020204040202042004
0303010103030101032003
0304030003040300042004
0505030105050301052005
0301010303010103030003
0101030301010303030003
0001020100010201021001
0303010103030101032003
0404020204040202042004
0402000204020002043002
0301010303010103030003
0101030301010303030003
0304030003040300042004
0403000304030003043004
0300030403000304040004
0301010303010103030003
0201000102010001023001
0304030003040300042004
0406040004060400062006
0304030003040300042004
0505030105050301052005
0604000406040004063005
0904030809040308093008
0d06050c0d06050c0d300d
0d04070e0d04070e0e000e
0e04080e0e04080e0e000e
0d04070e0d04070e0e000e
0c04060c0c04060c0c000c
100a000a100a000a10300e
281c0614281c0614283022
6c47063f6c47063f6c305e
e690069ae690069ae630d2
ffda2dffffda2dffff3161
fff571fffff571ffff31cf
ffd5beffffd5beffff31fb
ff9ef3ffff9ef3ffff01f5
ff67ffffff67ffffff01d8
ff37ffffff37ffffff01bc
ff25ffffff25ffffff01a6
ff2cffffff2cffffff018e
ff31f1ffff31f1ffff0174
ff2ce3ffff2ce3ffff015c
ff1fe2ffff1fe2ffff014c
ff0fe9ffff0fe9ffff0145
f502f1fff502f1ffff0144
f203f6fff203f6ffff0145
ee11ffffee11ffffff014d
da43ffffda43ffffff0169
a9a1ffffa9a1ffffff119f
4bffffff4bffffffff11de
18ffffff18ffffffff11e2
37ffffd537ffffd5ff116a
1a94c66e1a94c66ec610b8
032d4b31032d4b314b1042
0c0718170c071817181018
0c03080d0c03080d0d000d
0d05050b0d05050b0d300c
1307071113070711133012
1f0c0b1c1f0c0b1c1f301e
2308152623081526260026
1f001f2a1f001f2a2a002a
2000202a2000202a2a002a
21021d2a21021d2a2a002a
23041d2a23041d2a2a002a
24051c2b24051c2b2b002b
26051e2d26051e2d2d002d
2a081e302a081e30300030
2d091f332d091f33330033
2c0622342c062234340034
2803243328032433330033
2100232e2100232e2e002e
1c011c251c011c25250025
1905131d1905131d1d001d
13030f1713030f17170017
0d020b100d020b10100010
0d0c05060d0c05060d300d
1b3a3f141b3a3f143f103d
39a2bd5439a2bd54bd10b6
61ffffae61ffffaeff115e
80ffffe280ffffe2ff11c7
72ffffc172ffffc1ff118b
42c2e46a42c2e46ae410dd
1f454d1b1f454d1b4d104a
170f0111170f0111173016
1805202518052025250025
2104293221042932320032
340c223a340c223a3a003b
391419383914193839303b
2f0b1d312f0b1d31310032
22082e3422082e34340034
2611424526114245450047
3808465638084656560056
4203465b4203465b5b005b
2c215e5b2c215e5b5e1060
1f8ab3621f8ab362b310a9
a5ffff69a5ffff69ff2151
ffffff5bffffff5bff21ba
ccffff36ccffff36ff2150
5187751551877515872088
0816180a0816180a181018
1b13030f1b13030f1b3018
70672c2970672c2970306e
ffff8a61ffff8a61ff3129
ffffe190ffffe190ff21cd
ffffc483ffffc483ff219a
ccc0564cccc0564ccc30ce
3e310c1f3e310c1f3e3039
08010a0b08010a0b0b000b
02050a0702050a070a1008
0e05060d0e05060d0e300d
170c0514170c0514173017
10030c1310030c13130013
1926230819262308262026
8497641384976413972098
ffffd23bffffd23bff2154
ffffff4fffffff4fff21b8
ffffc239ffffc239ff2144
6e7f4e136e7f4e137f2080
131b1503131b15031b201b
0502070805020708080008
0b0503090b0503090b300a
0b05050b0b05050b0b000c
0a03060b0a03060b0b000b
0801060908010609090009
0600060806000608080008
0904030809040308093008
0b0601080b0601080b300a
0904030809040308093008
0904030809040308093008
0802040808020408080008
0600060806000608080008
0703030707030307070007
0603020506030205063005
0300030403000304040004
00070a0700070a070a1009
00080c0800080c080c100b
00080c0800080c080c100b
00070a0700070a070a1009
0308090403080904091008
070c0b02070c0b020c200c
080c0a02080c0a020c200c
0305050103050501051005
0304030003040300042004
0607040106070401072007
0404020204040202042004
0201000102010001023001
0001020100010201021001
0100010201000102020002
0402000204020002043002
0404020204040202042004
0303010103030101032003
0000000000000000000000
0000000000000000000000
0001020100010201021001
0204040202040402041004
0103030101030301031003
0000000000000000000000
0000000000000000000000
0304030003040300042004
0304030003040300042004
0304030003040300042004
0304030003040300042004
0000000000000000000000
0000000000000000000000
0000000000000000000000
0201000102010001023001
0404020204040202042004
0303010103030101032003
0000000000000000000000
0001020100010201021001
0300030403000304040004
0601040706010407070007
0601040706010407070007
0603020506030205063005
0403000304030003043004
0504010205040102053004
0605020306050203063005
0604000406040004063005
0602040606020406060006
0700070a0700070a0a000a
0b000b0e0b000b0e0e000e
0f020b120f020b12120012
12050a1312050a13130013
1105091111050911110011
0f05070f0f05070f0f000f
0f08030c0f08030c0f300e
0f0c03080f0c03080f300e
1310050813100508133011
271a0316271a0316273022
6039043f6039043f603054
be671a8dbe671a8dbe30ae
ff8a4ff8ff8a4ff8ff311b
ff919bffff919bffff317f
ff83e4ffff83e4ffff01c6
ff63ffffff63ffffff01eb
ff3affffff3affffff01f9
ff2effffff2effffff0200
ff39ffffff39ffffff0204
ff3dffffff3dffffff0206
ff36ffffff36ffffff0206
ff23ffffff23ffffff0206
ff0effffff0effffff0208
ff02ffffff02ffffff020a
ff05ffffff05ffffff020b
ff1affffff1affffff020e
ff4effffff4effffff0211
ff9affffff9affffff020b
99dfffff99dfffffff11e3
31eaffff31eaffffff117e
03a7fda103a7fda1fd10e7
054a6d40054a6d406d1061
061120170611201720101c
0a02080c0a02080c0c000c
0c0702090c0702090c300b
0904030809040308093008
0802040808020408080008
0b0503090b0503090b300a
0a03060b0a03060b0b000b
0901070b0901070b0b000b
0801060908010609090009
0703030707030307070007
0804020608040206083007
0704010607040106073007
0804020608040206083007
0905010709050107093008
0c0800080c0800080c300b
0a0700070a0700070a3009
0804020608040206083007
0704010607040106073007
0907010509070105093008
0908030409080304093008
0706010407060104073007
0707030307070303072007
0e1816040e181604182018
2f615f1d2f615f1d612065
71ece74e71ece74eec20f8
b5ffff73b5ffff73ff2177
d3ffff55d3ffff55ff2176
c1ffc102c1ffc102ff2100
94721c5494721c5494308d
74174e8374174e83830085
6f087b9c6f087b9c9c009c
73199bb373199bb3b300b4
8719afcf8719afcfcf00d0
ab089fe0ab089fe0e000e0
bc2680d4bc2680d4d400d7
a2187cbca2187cbcbc00bd
7d18a3bc7d18a3bcbc00bd
7e31cadb7e31cadbdb00e0
a719cdfba719cdfbfb00fc
c200c2ffc200c2ffff0104
aa20d8ffaa20d8ffff0101
5594ffff5594ffffff1129
2dfffffd2dfffffdff1192
82ffffcc82ffffccff11ad
69ffff7569ffff75ff111f
2464702e2464702e70106e
02111a1102111a111a1018
140c020e140c020e143012
4d43191f4d43191f4d3049
ddd8694cddd8694cdd30e4
ffffd57effffd57eff21a9
ffffe383ffffe383ff21c0
fefd7c55fefd7c55fe310a
5b501d265b501d265b3058
1404101614041016160016
0b0d211d0b0d211d21101f
1a0522291a052229290029
2a0a1a2e2a0a1a2e2e002f
27061f2e27061f2e2e002e
0b274b370b274b374b1043
398ea54a398ea54aa510a0
b1ffff4eb1ffff4eff213d
ffffff36ffffff36ff21a3
ddffff18ddffff18ff2148
5f8e6f0a5f8e6f0a8e208e
111f1b07111f1b071f201f
0301050503010505050005
0603020506030205063005
0803020708030207083007
0904030809040308093008
0702050807020508080008
0601040706010407070007
0805000508050005083007
0707030307070303072007
0504010205040102053004
0404020204040202042004
0303010103030101032003
0001020100010201021001
0204040202040402041004
0104050201040502051004
0101030301010303030003
0107090501070905091008
0308090403080904091008
0308090403080904091008
0206080402060804081007
0206080402060804081007
060b0a03060b0a030b200b
070a0700070a07000a200a
0403000304030003043004
0003040300030403041004
0304030003040300042004
0404020204040202042004
0302010203020102033002
0003040300030403041004
0301010303010103030003
0303010103030101032003
0304030003040300042004
0304030003040300042004
0000000000000000000000
0000000000000000000000
0103030101030301031003
0204040202040402041004
0001020100010201021001
0001020100010201021001
0101030301010303030003
0003040300030403041004
0103030101030301031003
0304030003040300042004
0304030003040300042004
0000000000000000000000
0001020100010201021001
0101030301010303030003
0301010303010103030003
0505030105050301052005
0304030003040300042004
0000000000000000000000
0103030101030301031003
0003040300030403041004
0300030403000304040004
0403000304030003043004
0504010205040102053004
0404020204040202042004
0504010205040102053004
0403000304030003043004
0603020506030205063005
0502070805020708080008
06030a0b06030a0b0b000b
08030c0d08030c0d0d000d
0a000a0e0a000a0e0e000e
0f08030c0f08030c0f300e
0c0702090c0702090c300b
0a0602080a0602080a300a
0d0b03070d0b03070d300d
0f0f07050f0f07050f200f
0e0d06050e0d06050e300d
100b0209100b020910300e
211301152113011521301c
432309314323093143303c
74341e6074341e6074306d
a93f439da93f439da930a9
db456fdddb456fdddd00e7
fc3d9efffc3d9effff0119
ff26ccffff26ccffff013a
ff21e4ffff21e4ffff0152
ff2cedffff2cedffff016a
ff2ffeffff2ffeffff0183
ff29ffffff29ffffff019d
ff19ffffff19ffffff01b1
ff08ffffff08ffffff01be
ff01ffffff01ffffff01c3
ff06ffffff06ffffff01c4
ff17ffffff17ffffff01bf
ff39ffffff39ffffff01ac
ca63ffffca63ffffff0181
7878ffff7878ffffff1136
3568dbb43568dbb4db10cf
11417b5911417b597b106e
071a3324071a332433102c
09030f0f09030f0f0f000f
0b0503090b0503090b300a
0c0800080c0800080c300b
0904030809040308093008
0703030707030307070007
0805000508050005083007
0502010405020104053004
0402020404020204040004
0403000304030003043004
0504010205040102053004
0404020204040202042004
0505030105050301052005
0304030003040300042004
0304030003040300042004
0608060006080600082008
0608060006080600082008
0304030003040300042004
0304030003040300042004
0608060006080600082008
0607040106070401072007
0605020306050203063005
0908030409080304093008
181e1204181e12041e201e
5770490857704908702070
ccf7981fccf7981ff720f8
ffff9e5fffff9e5fff214c
ffff39c4ffff39c4ff314f
ffa856ffffa856ffff314f
ff42cdffff42cdffff015e
ff02ffffff02ffffff016e
ff18ffffff18ffffff017a
ff32ffffff32ffffff018f
ff35ffffff35ffffff01a8
ff06ffffff06ffffff01b2
ff41ffffff41ffffff01a9
ff2bffffff2bffffff0191
ff29ffffff29ffffff018f
fd54fffffd54ffffff01aa
ff2cffffff2cffffff01ba
ff02ffffff02ffffff01c0
ff18ffffff18ffffff01ba
d685ffffd685ffffff01b5
48ffffff48ffffffff11b3
18ffffed18ffffedff1168
1fa3d7751fa3d775d710c8
07354b2907354b294b1043
05060f0c05060f0c0f100d
0d0901070d0901070d300b
2f2a11122f2a11122f302d
a3a25134a3a25134a330aa
ffffc465ffffc465ff2176
fffff37dfffff37dff21ce
ffff9269ffff9269ff3140
8965095189650951893081
3b0d555d3b0d555d5d005d
402c8886402c888688108d
6b148ba86b148ba8a800a9
8d126faa8d126faaaa00aa
820a709e820a709e9e009e
5346bdb05346bdb0bd10bd
20b8ffe620b8ffe6ff1126
24ffffff24ffffffff118b
6affffd26affffd2ff1199
6bffff736bffff73ff1122
3274782a3274782a78107b
08171a0b08171a0b1a1019
0401020304010203043003
0302010203020102033002
0303010103030101032003
0303010103030101032003
0302010203020102033002
0304030003040300042004
0307070303070703071007
0307070303070703071007
0104050201040502051004
0204040202040402041004
0103030101030301031003
0103030101030301031003
0205060302050603061005
0005080500050805081007
0304090803040908091008
0206080402060804081007
0308090403080904091008
0308090403080904091008
0107090501070905091008
0006080600060806081008
0308090403080904091008
0506050005060500062006
0301010303010103030003
0101030301010303030003
0001020100010201021001
0303010103030101032003
0301010303010103030003
0003040300030403041004
0303010103030101032003
0304030003040300042004
0303010103030101032003
0404020204040202042004
0200020202000202020002
0101030301010303030003
0003040300030403041004
0103030101030301031003
0001020100010201021001
0003040300030403041004
0202040402020404040004
0102050401020504051004
0102050401020504051004
0003040300030403041004
0104050201040502051004
0101030301010303030003
0202040402020404040004
0202040402020404040004
0403000304030003043004
0607040106070401072007
0304030003040300042004
0000000000000000000000
0304030003040300042004
0304030003040300042004
0001020100010201021001
0204040202040402041004
0104050201040502051004
0204040202040402041004
0103030101030301031003
0201000102010001023001
0300030403000304040004
0104070601040706071007
0203060502030605061005
0004060400040604061005
0300030403000304040004
0a0a04040a0a04040a200a
0908030409080304093008
0806020408060204083007
0c0c06040c0c06040c200c
0f0f07050f0f07050f200f
0d0b03070d0b03070d300d
0c0800080c0800080c300b
0e0900090e0900090e300c
150c010e150c010e153012
2110071a2110071a21301e
3213122d3213122d323030
49191f4549191f45493049
5b1a315e5b1a315e5e0061
6211467162114671710072
6c11507d6c11507d7d007e
7b18558a7b18558a8a008c
8817649d8817649d9d009e
941178b3941178b3b300b3
9b098bc59b098bc5c500c5
9c019acf9c019acfcf00cf
9d019fd39d019fd3d300d3
9a05a2d39a05a2d3d300d3
8f0ea5ce8f0ea5cece00ce
771ca3be771ca3bebe00c0
522a969c522a969c9c00a1
2e2b766d2e2b766d761075
171e4b40171e4b404b1046
0b1027200b102720271023
0806121008061210121011
0a03060b0a03060b0b000b
0c0702090c0702090c300b
0c0800080c0800080c300b
0905010709050107093008
0804020608040206083007
0806000608060006083008
0604000406040004063005
0402000204020002043002
0404020204040202042004
0504010205040102053004
0404020204040202042004
0607040106070401072007
0304030003040300042004
0304030003040300042004
0608060006080600082008
0608060006080600082008
0305050103050501051005
0204040202040402041004
0406040004060400062006
0605020306050203063005
0604000406040004063005
0907010509070105093008
1c18080c1c18080c1c301a
61541b2a61541b2a61305d
dfaf2577dfaf2577df30d3
ffce19f0ffce19f0ff313c
ffa193ffffa193ffff318d
ff65ffffff65ffffff01ca
ff29ffffff29ffffff01e6
ff04ffffff04ffffff01ee
ff1affffff1affffff01ea
ff37ffffff37ffffff01e2
ff3bffffff3bffffff01d4
ff07ffffff07ffffff01c9
ff49ffffff49ffffff01d2
ff31ffffff31ffffff01d7
ff29ffffff29ffffff01d2
ff56ffffff56ffffff01c6
ff2fffffff2fffffff01af
ff00ffffff00ffffff01aa
ff0dffffff0dffffff01a7
df52ffffdf52ffffff018a
6795ffff6795ffffff1148
148deea9148deea9ee10dc
0249724502497245721064
021220140212201420101a
0602040606020406060006
0907010509070105093008
1e1b0c0b1e1b0c0b1e301d
77763b2477763b2477307b
ffff9b5bffff9b5bff213a
ffffc997ffffc997ff21bf
ffff5cb9ffff5cb9ff316b
e15961d3e15961d3e130e5
9540f7ff9540f7ffff010d
aa65ffffaa65ffffff0158
f629fffff629ffffff0177
ff27f7ffff27f7ffff0175
ff1bf0ffff1bf0ffff015a
bb65ffffbb65ffffff0163
68e3ffff68e3ffffff11aa
37ffffff37ffffffff11b4
06f1fffb06f1fffbff115b
169fdc7f169fdc7fdc10cb
0f4053280f40532853104b
020a0e06020a0e060e100b
0103030101030301031003
0003040300030403041004
0004060400040604061005
0102050401020504051004
0203060502030605061005
00070a0700070a070a1009
00070a0700070a070a1009
0005080500050805081007
0004060400040604061005
0003040300030403041004
0002040200020402041002
0205060302050603061005
0107090501070905091008
00080c0800080c080c100b
03080f0c03080f0c0f100e
0006080600060806081008
0107090501070905091008
0308090403080904091008
0308090403080904091008
0206080402060804081007
0205060302050603061005
0103030101030301031003
0000000000000000000000
0000000000000000000000
0000000000000000000000
0201000102010001023001
0100010201000102020002
0001020100010201021001
0304030003040300042004
0304030003040300042004
0201000102010001023001
0403000304030003043004
0300030403000304040004
0202040402020404040004
0101030301010303030003
0001020100010201021001
0103030101030301031003
0204040202040402041004
0002040200020402041002
0003040300030403041004
0202040402020404040004
0101030301010303030003
0104050201040502051004
0003040300030403041004
0101030301010303030003
0001020100010201021001
0304030003040300042004
0608060006080600082008
0304030003040300042004
0000000000000000000000
0303010103030101032003
0403000304030003043004
0202040402020404040004
0003040300030403041004
0104050201040502051004
0204040202040402041004
0001020100010201021001
0000000000000000000000
0103030101030301031003
0204040202040402041004
0001020100010201021001
0303010103030101032003
0100010201000102020002
0608060006080600082008
0708050207080502082008
0608060006080600082008
080c0a02080c0a020c200c
090c0900090c09000c200c
0909050309090503092009
0908030409080304093008
0907010509070105093008
0a0700070a0700070a3009
0d06030a0d06030a0d300b
0f06050e0f06050e0f300f
1609081316090813163015
1b0a0b1a1b0a0b1a1b301b
1e09101f1e09101f1f0020
210b1121210b1121210022
260d1225260d1225263027
2809182b2809182b2b002b
2804203028042030300030
2700273427002734340034
27042d3827042d38380038
2a04303c2a04303c3c003c
2b04313e2b04313e3e003e
2708333c2708333c3c003c
1e0b30351e0b3035350036
140d2a29140d2a292a102b
0b0d211d0b0d211d21101f
0a0716150a071615161016
0a020e100a020e10100010
0900090c0900090c0c000c
0b0503090b0503090b300a
0c0800080c0800080c300b
0c0800080c0800080c300b
0a0602080a0602080a300a
0904030809040308093008
0b0601080b0601080b300a
0a0700070a0700070a3009
0604000406040004063005
0505030105050301052005
0304030003040300042004
0304030003040300042004
0607040106070401072007
0404020204040202042004
0505030105050301052005
0608060006080600082008
0608060006080600082008
0407060104070601072007
0204040202040402041004
0202020002020200021002
0403000304030003043004
0603020506030205063005
0905010709050107093008
150e010c150e010c153012
3e2802243e2802243e3035
8c500c628c500c628c307e
d45a44bcd45a44bcd430d0
ff4692ffff4692ffff0118
ff33cdffff33cdffff014c
ff19f7ffff19f7ffff0165
ff01ffffff01ffffff0169
fb0dfffffb0dffffff015d
d91effffd91effffff0143
be21f0ffbe21f0ffff011e
d10ac1ffd10ac1ffff0108
f934abfff934abffff011a
fc23c8fffc23c8ffff0133
d015f0ffd015f0ffff012f
a232eeffa232eeffff010e
981ec6e6981ec6e6e600e7
a302a5daa302a5dada00da
9c05a4d79c05a4d7d700d7
741fa8c1741fa8c1c100c3
3b35938b3b35938b931094
112e5f48112e5f485f1055
031425180314251825101f
0202060402020604061004
0304030003040300042004
0505030105050301052005
1212080612120806122012
544f221d544f221d543054
eeda5660eeda5660ee30ee
ffff5ecdffff5ecdff3188
ffff26ffffff26ffff3194
ff2ef9ffff2ef9ffff017e
eb72ffffeb72ffffff01b5
e98affffe98affffff01cf
ff33ffffff33ffffff01bf
ff35ffffff35ffffff01be
ff2effffff2effffff01b6
f15bfffff15bffffff01a4
77c9ffff77c9ffffff1197
3abcffff3abcffffff1145
1a7ad8a01a7ad8a0d810c9
043f6a45043f6a456a105d
031521110315211121101b
0101010101010101010001
0004060400040604061005
0004060400040604061005
0004060400040604061005
0203060502030605061005
0104070601040706071007
0107090501070905091008
0205060302050603061005
0104050201040502051004
0204040202040402041004
0001020100010201021001
0103030101030301031003
0308090403080904091008
020a0e08020a0e080e100c
000c120c000c120c121010
030b130f030b130f131012
0206080402060804081007
0205060302050603061005
0408080204080802081008
0508070205080702082008
0206060202060602061006
0204040202040402041004
0001020100010201021001
0000000000000000000000
0000000000000000000000
0000000000000000000000
0000000000000000000000
0000000000000000000000
0001020100010201021001
0204040202040402041004
0103030101030301031003
0000000000000000000000
0201000102010001023001
0100010201000102020002
0002040200020402041002
0101030301010303030003
0301010303010103030003
0102010001020100022002
0404020204040202042004
0304030003040300042004
0204040202040402041004
0001020100010201021001
0000000000000000000000
0304030003040300042004
0304030003040300042004
0000000000000000000000
0000000000000000000000
0304030003040300042004
0607040106070401072007
0404020204040202042004
0201000102010001023001
0201000102010001023001
0301010303010103030003
0102050401020504051004
0102050401020504051004
0003040300030403041004
0103030101030301031003
0000000000000000000000
0000000000000000000000
0303010103030101032003
0404020204040202042004
0201000102010001023001
0201000102010001023001
0101030301010303030003
0206080402060804081007
0308090403080904091008
040b0c05040b0c050c100c
050c0d06050c0d060d100d
0308090403080904091008
0407060104070601072007
0607040106070401072007
0605020306050203063005
0805000508050005083007
0703030707030307070007
0904030809040308093008
0b0503090b0503090b300a
0c05040b0c05040b0c300c
0f08030c0f08030c0f300e
1109030d1109030d11300f
1208061012080610123011
1106091211060912120012
0f030b110f030b11110011
0b030f110b030f11110011
0907131309071313130014
0b0715150b071515150016
0d0413160d041316160016
0c0412140c041214140014
09040f1009040f10100010
06050e0d06050e0d0e100d
03080f0c03080f0c0f100e
06040c0c06040c0c0c000c
0900090c0900090c0c000c
0a03060b0a03060b0b000b
0c0702090c0702090c300b
0c0800080c0800080c300b
0c0800080c0800080c300b
0b0503090b0503090b300a
0a04040a0a04040a0a000a
0c0702090c0702090c300b
0c0902070c0902070c300b
0908030409080304093008
0606020206060202062006
0403000304030003043004
0604000406040004063005
0806020408060204083007
0605020306050203063005
0607040106070401072007
0608060006080600082008
0608060006080600082008
0607040106070401072007
0403000304030003043004
0300030403000304040004
0501030505010305050005
0601040706010407070007
0904030809040308093008
0e0900090e0900090e300c
190d0311190d0311193015
32160c2832160c2832302d
4c1920494c1920494c304d
5f153b675f153b67670069
6e144e7e6e144e7e7e007f
730f5b8b730f5b8b8b008b
6c05648b6c05648b8b008b
6201628362016283830083
53035b7553035b75750075
45034d6145034d61610061
4b0e37544b0e3754540055
5b1b2f5b5b1b2f5b5b005e
5d123f6a5d123f6a6a006b
4b02516a4b02516a6a006a
350e4f58350e4f58580059
2c0b3e452c0b3e45450045
2d012f3d2d012f3d3d003d
2b012d3b2b012d3b3b003b
21062b3421062b34340034
1307212313072123230023
0706131007061310131011
0200040402000404040004
0203020102030201032003
0104050201040502051004
0204040202040402041004
0a0a06020a0a06020a200a
352c0f16352c0f16353031
a37c1b54a37c1b54a33095
ffca00caffca00caff311d
ff9f7bffff9f7bffff316f
ff07ffffff07ffffff0191
d66cffffd66cffffff0196
ae6fffffae6fffffff0164
c626feffc626feffff012a
ff2ac1ffff2ac1ffff012a
ff2bccffff2bccffff013f
b730ffffb730ffffff0131
5271ffe35271ffe3ff10fd
1e5bac831e5bac83ac109f
0c29503b0c29503b501047
040d1c13040d1c131c1017
0003060300030603061004
0102010001020100022002
0304030003040300042004
0304030003040300042004
0304030003040300042004
0305050103050501051005
0204040202040402041004
0305050103050501051005
0304030003040300042004
0304030003040300042004
0304030003040300042004
0001020100010201021001
0206080402060804081007
030c0f08030c0f080f100e
010e130c010e130c131012
000e140e000e140e141013
020b120d020b120d121011
0407060104070601072007
0205060302050603061005
0307070303070703071007
0407060104070601072007
0506050005060500062006
0304030003040300042004
0000000000000000000000
0000000000000000000000
0000000000000000000000
0000000000000000000000
0000000000000000000000
0000000000000000000000
0103030101030301031003
0204040202040402041004
0001020100010201021001
0000000000000000000000
0001020100010201021001
0101030301010303030003
0202040402020404040004
0202040402020404040004
0402020404020204040004
0201020302010203030003
0103030101030301031003
0406040004060400062006
0304030003040300042004
0000000000000000000000
0000000000000000000000
0303010103030101032003
0404020204040202042004
0201000102010001023001
0000000000000000000000
0303010103030101032003
0605020306050203063005
0604000406040004063005
0403000304030003043004
0201000102010001023001
0000000000000000000000
0103030101030301031003
0003040300030403041004
0101030301010303030003
0001020100010201021001
0000000000000000000000
0000000000000000000000
0201000102010001023001
0403000304030003043004
0402020404020204040004
0300030403000304040004
0203060502030605061005
00070a0700070a070a1009
00080c0800080c080c100b
030b0d07030b0d070d100d
040b0c05040b0c050c100c
0206080402060804081007
0205060302050603061005
0304030003040300042004
0403000304030003043004
0604000406040004063005
0502010405020104053004
0603020506030205063005
0703030707030307070007
0904030809040308093008
0c0702090c0702090c300b
0d07030b0d07030b0d300d
0e05060d0e05060d0e300d
0f05070f0f05070f0f000f
0f0409100f040910100010
09040f1009040f10100010
0607100f0607100f101010
05070f0d05070f0d0f100e
06040c0c06040c0c0c000c
0701090b0701090b0b000b
06020a0a06020a0a0a000a
04040a0a04040a0a0a000a
02070c0902070c090c100b
0304090803040908091008
0600060806000608080008
0903050909030509090009
0d07030b0d07030b0d300d
0f08030c0f08030c0f300e
0f08030c0f08030c0f300e
0c05040b0c05040b0c300c
0b0503090b0503090b300a
0c0800080c0800080c300b
0d0a01080d0a01080d300c
0d0a01080d0a01080d300c
0b0601080b0601080b300a
0802040808020408080008
0903050909030509090009
0b06030a0b06030a0b300b
0c0702090c0702090c300b
0c0902070c0902070c300b
0b0903050b0903050b300a
0908030409080304093008
0805000508050005083007
0601040706010407070007
0600060806000608080008
0600060806000608080008
0601040706010407070007
0804020608040206083007
0a0700070a0700070a3009
0b0503090b0503090b300a
0d04050c0d04050c0d300c
1106071011060710113011
14060a1414060a14140014
19080b1819080b18193019
1c0b0c1b1c0b0c1b1c301d
1a090e1b1a090e1b1b001c
18070e1918070e19190019
16080a1616080a16160017
150a0712150a0712153014
1810001018100010183016
1a1100111a1100111a3018
160c0412160c0412163015
1105091111050911110011
0a010c0f0a010c0f0f000f
07020b0c07020b0c0c000c
0800080a0800080a0a000a
0700070a0700070a0a000a
0702050807020508080008
0706010407060104073007
0303010103030101032003
0303010103030101032003
0404020204040202042004
0504010205040102053004
0404020204040202042004
0706030207060302073006
1914070a1914070a193016
4e33042d4e33042d4e3044
9e5416769e5416769e3090
c8425cc8c8425cc8c800d2
a805aeeba805aeebeb00eb
6b39c5cd6b39c5cdcd00d4
47349b9447349b949b109c
4810626e4810626e6e006f
6514456e6514456e6e006f
72174e8372174e83830085
540d6a83540d6a83830083
2723635d2723635d631063
0e18382c0e18382c381032
0606120e0606120e12100f
0402020404020204040004
0201000102010001023001
0201000102010001023001
0403000304030003043004
0604000406040004063005
0605020306050203063005
0607040106070401072007
0304030003040300042004
0304030003040300042004
0304030003040300042004
0304030003040300042004
0305050103050501051005
0005080500050805081007
000b100b000b100b10100f
000f160f000f160f161015
000f160f000f160f161015
000c120c000c120c121010
00080c0800080c080c100b
0608060006080600082008
0407060104070601072007
0405040104050401052005
0405040104050401052005
0607040106070401072007
0305050103050501051005
0101030301010303030003
0300030403000304040004
0301010303010103030003
0201000102010001023001
0000000000000000000000
0000000000000000000000
0304030003040300042004
0304030003040300042004
0000000000000000000000
0000000000000000000000
0103030101030301031003
0003040300030403041004
0101030301010303030003
0001020100010201021001
0201000102010001023001
0301010303010103030003
0101030301010303030003
0304030003040300042004
0404020204040202042004
0201000102010001023001
0001020100010201021001
0301010303010103030003
0604000406040004063005
0402020404020204040004
0301010303010103030003
0000000000000000000000
0403000304030003043004
0604000406040004063005
0604000406040004063005
0403000304030003043004
0200020202000202020002
0204040202040402041004
0104050201040502051004
0101030301010303030003
0300030403000304040004
0300030403000304040004
0300030403000304040004
0300030403000304040004
0501030505010305050005
0601040706010407070007
0600060806000608080008
0304090803040908091008
00080c0800080c080c100b
00080c0800080c080c100b
02080a0602080a060a100a
0408080204080802081008
0406040004060400062006
0304030003040300042004
0202020002020200021002
0201000102010001023001
0403000304030003043004
0402020404020204040004
0501030505010305050005
0601040706010407070007
0903050909030509090009
0c05040b0c05040b0c300c
0e05060d0e05060d0e300d
0d04070e0d04070e0e000e
0e04080e0e04080e0e000e
0d03090f0d03090f0f000f
09030d0f09030d0f0f000f
06040c0c06040c0c0c000c
03050b0903050b090b100a
0304090803040908091008
0601080906010809090009
06040c0c06040c0c0c000c
07050f0f07050f0f0f000f
07050f0f07050f0f0f000f
08030c0d08030c0d0d000d
09010b0d09010b0d0d000d
0c010a0f0c010a0f0f000f
1106071011060710113011
1208061012080610123011
1208061012080610123011
1007060f1007060f103010
0f07050d0f07050d0f300e
0f08030c0f08030c0f300e
1109030d1109030d11300f
1209040f1209040f123011
1007060f1007060f103010
0c03080d0c03080d0d000d
0b02070c0b02070c0c000c
0e05060d0e05060d0e300d
1007060f1007060f103010
130a0510130a0510133012
130b030f130b030f133012
1108050e1108050e113010
0d04070e0d04070e0e000e
0b01090d0b01090d0d000d
0901070b0901070b0b000b
0802040808020408080008
0603020506030205063005
0604000406040004063005
0805000508050005083007
0704010607040106073007
0603020506030205063005
0604000406040004063005
0605020306050203063005
0607040106070401072007
0809060108090601092009
0909050309090503092009
0908030409080304093008
0a0b06030a0b06030b200b
0b0c07020b0c07020c200c
0d0f09030d0f09030f200f
0f1009040f100904102010
0c0c06040c0c06040c200c
0707030307070303072007
0201000102010001023001
0000000000000000000000
0000000000000000000000
0000000000000000000000
0304030003040300042004
0607040106070401072007
0404020204040202042004
0402000204020002043002
0403000304030003043004
0604000406040004063005
0604000406040004063005
0706010407060104073007
0d0a03060d0a03060d300b
1b1001101b1001101b3016
32170a2732170a2732302d
3f1221423f122142420044
3501374b3501374b4b004b
1f0f393b1f0f393b3b003c
100e2824100e2824281026
0f0315170f031517170017
18060e1818060e18180018
1e0810201e081020200020
1801182118011821210021
0f0215180f021518180018
0b03090d0b03090d0d000d
0803040708030407083007
0704010607040106073007
0603020506030205063005
0301010303010103030003
0402000204020002043002
0404020204040202042004
0607040106070401072007
0607040106070401072007
0404020204040202042004
0505030105050301052005
0305050103050501051005
0206080402060804081007
00080c0800080c080c100b
020a100c020a100c10100f
000e140e000e140e141013
010e130c010e130c131012
030c0f08030c0f080f100e
0308090403080904091008
0303010103030101032003
0608060006080600082008
0608060006080600082008
0304030003040300042004
0304030003040300042004
0608060006080600082008
0407060104070601072007
0003040300030403041004
0300030403000304040004
0402020404020204040004
0403000304030003043004
0201000102010001023001
0000000000000000000000
0304030003040300042004
0304030003040300042004
0000000000000000000000
0000000000000000000000
0304030003040300042004
0304030003040300042004
0000000000000000000000
0000000000000000000000
0000000000000000000000
0000000000000000000000
0000000000000000000000
0201000102010001023001
0403000304030003043004
0402020404020204040004
0202040402020404040004
0300030403000304040004
0603020506030205063005
0602020606020206060006
0603020506030205063005
0402020404020204040004
0101030301010303030003
0103030101030301031003
0303010103030101032003
0403000304030003043004
0300030403000304040004
0004060400040604061005
0004060400040604061005
0203060502030605061005
0401060704010607070007
0600060806000608080008
0601040706010407070007
0501030505010305050005
0300030403000304040004
0301010303010103030003
0200020202000202020002
0204040202040402041004
0407060104070601072007
0608060006080600082008
0505030105050301052005
0605020306050203063005
0805000508050005083007
0703030707030307070007
0702050807020508080008
0600060806000608080008
0801060908010609090009
0901070b0901070b0b000b
0900090c0900090c0c000c
0900090c0900090c0c000c
0b01090d0b01090d0d000d
0d03090f0d03090f0f000f
0f0409100f040910100010
0f05070f0f05070f0f000f
0e04080e0e04080e0e000e
0c010a0f0c010a0f0f000f
0a000a0e0a000a0e0e000e
08010a0b08010a0b0b000b
04040a0a04040a0a0a000a
05040b0a05040b0a0b100a
06050e0d06050e0d0e100d
0708131207081312131013
0b0613140b061314140014
0c0310130c031013130013
0c0210120c021012120012
0c020e120c020e12120012
0e010c110e010c11110011
1006081010060810100011
1208061012080610123011
1208061012080610123011
1208061012080610123011
1208061012080610123011
1208061012080610123011
1208061012080610123011
1208061012080610123011
1208061012080610123011
0f05070f0f05070f0f000f
0c04060c0c04060c0c000c
0b04050a0b04050a0b300a
0c05040b0c05040b0c300c
1109030d1109030d11300f
130b030f130b030f133012
1208061012080610123011
0f05070f0f05070f0f000f
0c04060c0c04060c0c000c
0904030809040308093008
0706010407060104073007
0504010205040102053004
0404020204040202042004
0504010205040102053004
0404020204040202042004
0505030105050301052005
0304030003040300042004
0406040004060400062006
0608060006080600082008
0608060006080600082008
0608060006080600082008
0608060006080600082008
090c0900090c09000c200c
090c0900090c09000c200c
0b0d09010b0d09010d200d
0d100b020d100b02102010
0b0c07020b0c07020c200c
0708050207080502082008
0303010103030101032003
0000000000000000000000
0000000000000000000000
0001020100010201021001
0204040202040402041004
0304030003040300042004
0403000304030003043004
0403000304030003043004
0402000204020002043002
0404020204040202042004
0505030105050301052005
0505030105050301052005
0707030307070303072007
0908030409080304093008
0a0600060a0600060a3008
0b04030a0b04030a0b300a
0a03060b0a03060b0b000b
0500070805000708080008
0102050401020504051004
0201000102010001023001
0202020002020200021002
0303010103030101032003
0404020204040202042004
0504010205040102053004
0707030307070303072007
0605020306050203063005
0504010205040102053004
0404020204040202042004
0304030003040300042004
0003040300030403041004
0004060400040604061005
0308090403080904091008
0205060302050603061005
0104050201040502051004
0308090403080904091008
00090e0900090e090e100c
030a110e030a110e111011
050b1511050b1511151014
040c1612040c1612161015
030c1510030c1510151014
01090f0b01090f0b0f100e
0107090501070905091008
0303010103030101032003
0303070703030707070007
0307070303070703071007
0407060104070601072007
0305050103050501051005
0205060302050603061005
0308090403080904091008
0307070303070703071007
0103030101030301031003
0000000000000000000000
0201000102010001023001
0404020204040202042004
0303010103030101032003
0000000000000000000000
0304030003040300042004
0304030003040300042004
0001020100010201021001
0100010201000102020002
0504010205040102053004
0403000304030003043004
0300030403000304040004
0300030403000304040004
0300030403000304040004
0300030403000304040004
0300030403000304040004
0300030403000304040004
0501030505010305050005
0601040706010407070007
0401060704010607070007
0500050605000506060006
0602020606020206060006
0603020506030205063005
0603020506030205063005
0602020606020206060006
0501030505010305050005
0101030301010303030003
0001020100010201021001
0201000102010001023001
0101030301010303030003
0005080500050805081007
0105090701050907091008
0304090803040908091008
0502070805020708080008
0601040706010407070007
0604000406040004063005
0304030003040300042004
0101030301010303030003
0203060502030605061005
0400040604000406060006
0804020608040206083007
0905010709050107093008
0c0702090c0702090c300b
0a04040a0a04040a0a000a
0b04050a0b04050a0b300a
0a03060b0a03060b0b000b
0b02070c0b02070c0c000c
0b02070c0b02070c0c000c
09010b0d09010b0d0d000d
0a010c0f0a010c0f0f000f
0c000c100c000c10100010
0c010e110c010e11110011
0d000d120d000d12120012
0e010c110e010c11110011
0e020a100e020a10100010
0f05070f0f05070f0f000f
0f07050d0f07050d0f300e
0c05040b0c05040b0c300c
0801060908010609090009
0703030707030307070007
0501030505010305050005
0004060400040604061005
00060a0600060a060a1008
000a0e0a000a0e0a0e100e
020a100c020a100c10100f
04050c0b04050c0b0c100c
0601080906010809090009
0502070805020708080008
0401060704010607070007
0603020506030205063005
0806020408060204083007
0908030409080304093008
0907010509070105093008
0a0802060a0802060a300a
0b0903050b0903050b300a
0909050309090503092009
0809060108090601092009
0608060006080600082008
0608060006080600082008
0407060104070601072007
0307070303070703071007
0004060400040604061005
0004060400040604061005
0308090403080904091008
0509090305090903091009
0408080204080802081008
0308090403080904091008
00080c0800080c080c100b
03070d0b03070d0b0d100d
03080f0c03080f0c0f100e
06050e0d06050e0d0e100d
07040d0e07040d0e0e000e
08040e0e08040e0e0e000e
07040d0e07040d0e0e000e
07060f0e07060f0e0f100f
07040d0e07040d0e0e000e
06050e0d06050e0d0e100d
03080f0c03080f0c0f100e
03080f0c03080f0c0f100e
03080f0c03080f0c0f100e
03080f0c03080f0c0f100e
000b100b000b100b10100f
010c110a010c110a11100f
020c100a020c100a10100f
040f1209040f1209121011
030c0f08030c0f080f100e
00080c0800080c080c100b
0304090803040908091008
0601080906010809090009
0701090b0701090b0b000b
08020a0c08020a0c0c000c
06040c0c06040c0c0c000c
07020b0c07020b0c0c000c
0701090b0701090b0b000b
05040b0a05040b0a0b100a
06030a0b06030a0b0b000b
06040c0c06040c0c0c000c
05070f0d05070f0d0f100e
07050f0f07050f0f0f000f
07050f0f07050f0f0f000f
05070f0d05070f0d0f100e
06050e0d06050e0d0e100d
09040f1009040f10100010
0a0512130a051213130013
0d0211140d021114140014
0f000f140f000f14140014
0e0312150e031215150015
0f0415180f041518180018
1102151a1102151a1a001a
1104171a1104171a1a001a
1004161a1004161a1a001a
0f0517190f051719190019
0e0616180e061618180018
0f0415180f041518180018
0f0517190f051719190019
0f07191b0f07191b1b001b
12051a1d12051a1d1d001d
1304191e1304191e1e001e
11071b1d11071b1d1d001d
12051a1d12051a1d1d001d
13051b1f13051b1f1f001f
110b2121110b2121210022
110e2524110e2524251026
130d2727130d2727270029
150c2728150c2728280029
150b2527150b2527270028
1509232515092325250026
16051e2316051e23230023
16021a2016021a20200020
1602141c1602141c1c001c
1806101a1806101a1a001a
0106090601060906091008
0005080500050805081007
0107090501070905091008
0006080600060806081008
0107090501070905091008
0205060302050603061005
0001020100010201021001
0000000000000000000000
0000000000000000000000
0304030003040300042004
0305050103050501051005
0101030301010303030003
0003040300030403041004
0104050201040502051004
0003040300030403041004
0301010303010103030003
0504010205040102053004
0301010303010103030003
0300030403000304040004
0300030403000304040004
0300030403000304040004
0300030403000304040004
0300030403000304040004
0300030403000304040004
0300030403000304040004
0300030403000304040004
0301010303010103030003
0201000102010001023001
0103030101030301031003
0204040202040402041004
0001020100010201021001
0102010001020100022002
0102010001020100022002
0000000000000000000000
0001020100010201021001
0102050401020504051004
0304090803040908091008
03070d0b03070d0b0d100d
05070f0d05070f0d0f100e
07040d0e07040d0e0e000e
0900090c0900090c0c000c
0904030809040308093008
0907010509070105093008
0706010407060104073007
0403000304030003043004
0504010205040102053004
0100010201000102020002
0103030101030301031003
0303010103030101032003
0605020306050203063005
0605020306050203063005
0504010205040102053004
0302010203020102033002
0303010103030101032003
0102010001020100022002
0103030101030301031003
0003040300030403041004
0300030403000304040004
0202040402020404040004
0300030403000304040004
0403000304030003043004
0304030003040300042004
0307070303070703071007
0308090403080904091008
0107090501070905091008
0304090803040908091008
04050c0b04050c0b0c100c
08030c0d08030c0d0d000d
0d04070e0d04070e0e000e
1009040d1009040d10300f
120b020d120b020d123011
1209040f1209040f123011
0f0409100f040910100010
0c010e110c010e11110011
0f000f140f000f14140014
1001121710011217170017
0f0415180f041518180018
0e0616180e061618180018
0c0818180c081818180019
0d0617180d061718180018
0c0818180c081818180019
0b0b1b190b0b1b191b101b
0c0c1e1c0c0c1e1c1e101e
0f0b1f1f0f0b1f1f1f0020
1209202112092021210022
1309212313092123230024
1508212415082124240024
1508212415082124240024
1805202518052025250025
1905212719052127270027
1808242818082428280028
1808242818082428280028
1808242818082428280028
170a2528170a2528280029
170b2729170b272929002a
1909272b1909272b2b002b
1b08272c1b08272c2c002c
1d07272d1d07272d2d002d
1f04252e1f04252e2e002e
2004262e2004262e2e002e
1f05272f1f05272f2f002f
1f0629301f062930300030
2104273021042730300030
2104273021042730300030
1e082a301e082a30300030
1e082a301e082a30300030
1e082a301e082a30300030
1e07282f1e07282f2f002f
1b08272c1b08272c2c002c
170b2729170b272929002a
150c2728150c2728280029
130d2727130d2727270029
140b2425140b2425250026
1508212415082124240024
1805202518052025250025
1b031f271b031f27270027
1d0321291d032129290029
1d02212a1d02212a2a002a
1d04232a1d04232a2a002a
1e03222b1e03222b2b002b
2101232d2101232d2d002d
1f05272f1f05272f2f002f
2105293121052931310031
22052a3322052a33330033
21082d3421082d34340034
23062b3423062b34340034
24042a3424042a34340034
22062c3422062c34340034
23072d3523072d35350035
24072e3724072e37370037
2607303926073039390039
2a04303c2a04303c3c003c
2e0232402e023240400040
2e0536432e053643430043
2f0739452f073945450045
3304394833043948480048
34043a4a34043a4a4a004a
3503394935033949490049
3304394833043948480048
31063b4831063b48480048
33053b4933053b49490049
33073d4b33073d4b4b004b
33083f4c33083f4c4c004c
35073f4d35073f4d4d004d
37053f4f37053f4f4f004f
37053f4f37053f4f4f004f
37063f4e37063f4e4e004e
3608425036084250500050
340c4652340c4652520052
320f4851320f4851510052
320f4851320f4851510052
340c4652340c4652520052
3609445136094451510051
3607404f3607404f4f004f
38043e4e38043e4e4e004e
3a023e503a023e50500050
40023e5440023e54540054
45043f5845043f58580058
00080c0800080c080c100b
04050c0b04050c0b0c100c
03080f0c03080f0c0f100e
04050c0b04050c0b0c100c
0304090803040908091008
0203060502030605061005
0300030403000304040004
0301010303010103030003
0201000102010001023001
0303010103030101032003
0506030205060302062006
0303010103030101032003
0201000102010001023001
0403000304030003043004
0603020506030205063005
0302050603020506060006
0204080602040806081007
0401060704010607070007
0600060806000608080008
0600060806000608080008
0600060806000608080008
0600060806000608080008
0601080906010809090009
0701090b0701090b0b000b
0900090c0900090c0c000c
0900090c0900090c0c000c
08030c0d08030c0d0d000d
09040f1009040f10100010
0a0410120a041012120012
0b0411120b041112120012
0d010f130d010f13130013
0d010f130d010f13130013
0c010e110c010e11110011
0c000c100c000c10100010
0b030f110b030f11110011
0b0613140b061314140014
0c0716170c071617170018
0c0716170c071617170018
0b0715150b071515150016
0c0412140c041214140014
10020e1410020e14140014
13060b1413060b14140014
1508091415080914153015
14050c1514050c15150015
13030f1713030f17170017
15040f1815040f18180018
1201101712011017170017
0f0111150f011115150015
0d0211140d021114140014
0c0412140c041214140014
0b0613140b061314140014
0c0514150c051415150015
0f0415180f041518180018
1004161a1004161a1a001a
1201141912011419190019
15040f1815040f18180018
15040f1815040f18180018
1200121812001218180018
1401121914011219190019
1301151b1301151b1b001b
12051a1d12051a1d1d001d
12061a1e12061a1e1e001e
11071b1d11071b1d1d001d
0f07191b0f07191b1b001b
0e0718190e071819190019
0e0718190e071819190019
0f07191b0f07191b1b001b
1204181c1204181c1c001c
1803141d1803141d1d001d
1e0812201e081220200020
2109132321091323230024
2107172521071725250025
1f021d281f021d28280028
1e03222b1e03222b2b002b
2003242d2003242d2d002d
2103252f2103252f2f002f
2104273021042730300030
1f05272f1f05272f2f002f
1d07272d1d07272d2d002d
1d07272d1d07272d2d002d
1c092a2f1c092a2f2f002f
1b0c2d301b0c2d30300031
1a0e2e301a0e2e30300032
1b0d2f311b0d2f31310032
1e0c30341e0c3034340035
210b3137210b3137370038
2409323924093239390039
2509333b2509333b3b003b
2907333d2907333d3d003d
2a0836402a083640400040
2b0939432b093943430043
2d0839442d083944440044
2d0839442d083944440044
2b0939432b093943430043
290c3b42290c3b42420043
2a0b3a432a0b3a43430043
2d0737432d073743430043
2c0736412c073641410041
2d0535412d053541410041
2e0536432e053643430043
2f0739452f073945450045
30073a4730073a47470047
33053b4933053b49490049
34053c4b34053c4b4b004b
33073d4b33073d4b4b004b
32083e4a32083e4a4a004a
31093f4b31093f4b4b004b
34053c4b34053c4b4b004b
33053b4933053b49490049
2e093c472e093c47470047
2c0b3c452c0b3c45450045
2a0b3a432a0b3a43430043
2a0938412a093841410041
2a0836402a083640400040
2c0736412c073641410041
2e0536432e053643430043
3004364430043644440044
3203364532033645450045
3104374631043746460046
3204384632043846460046
3304394833043948480048
33073d4b33073d4b4b004b
35073f4d35073f4d4d004d
3608425036084250500050
3708435237084352520052
3905415139054151510051
3905415139054151510051
3907435339074353530053
3908455439084554540054
3908455439084554540054
3908455439084554540054
3b0745553b074555550055
3e0646583e064658580058
3f07495b3f07495b5b005b
3f084b5c3f084b5c5c005c
41074b5d41074b5d5d005d
4304495e4304495e5e005e
4502495e4502495e5e005e
4304495e4304495e5e005e
43064b5e43064b5e5e005e
42074c5f42074c5f5f005f
42084e6042084e60600060
42084e6042084e60600060
42084e6042084e60600060
44074e6144074e61610061
46054e6346054e63630063
46054e6346054e63630063
43094f6143094f61610061
3f0c51603f0c5160600060
3d0d515f3d0d515f5f005f
3b0e4f5c3b0e4f5c5c005d
3b0b4b593b0b4b59590059
3c0848583c084858580058
3d0647583d064758580058
3f0547593f054759590059
4106495c4106495c5c005c
4702496047024960600060
4b004b644b004b64640064
040b0c05040b0c050c100c
00070a0700070a070a1009
00080c0800080c080c100b
03050b0903050b090b100a
0502090a0502090a0a000a
0601080906010809090009
0601040706010407070007
0603020506030205063005
0402020404020204040004
0501030505010305050005
0904030809040308093008
0a02080c0a02080c0c000c
0a010c0f0a010c0f0f000f
0e000e120e000e12120012
1000101610001016160016
1001121710011217170017
0e0414160e041416160016
0f0313170f031317170017
1201141912011419190019
1301151b1301151b1b001b
1501171d1501171d1d001d
1601181f1601181f1f001f
1702192017021920200020
17031b2117031b21210021
19011b2319011b23230023
1b001b241b001b24240024
18041e2418041e24240024
17061f2417061f24240024
18031c2318031c23230023
17031b2117031b21210021
17031b2117031b21210021
19011b2319011b23230023
1b001b241b001b24240024
1b001b241b001b24240024
18031c2318031c23230023
14071e2114071e21210021
12081e2012081e20200020
13051b1f13051b1f1f001f
1204181c1204181c1c001c
1104171a1104171a1a001a
1501131b1501131b1b001b
1a05121d1a05121d1d001d
1c0614201c061420200020
1c0318231c031823230023
1d011b251d011b25250025
1f0419261f041926260026
1e031a251e031a25250025
1b001b241b001b24240024
1a021c241a021c24240024
18031c2318031c23230023
15051d2115051d21210021
14071e2114071e21210021
15061d2215061d22220022
17031b2117031b21210021
1800182018001820200020
1b0415201b041520200020
1b0415201b041520200020
1800182018001820200020
1800182018001820200020
17031b2117031b21210021
15061d2215061d22220022
15051d2115051d21210021
13051b1f13051b1f1f001f
1204181c1204181c1c001c
0f0415180f041518180018
0b0613140b061314140014
0807121108071211121012
09040f1009040f10100010
0e010c110e010c11110011
12040c1412040c14140014
16060e1816060e18180018
1803141d1803141d1d001d
18021a2218021a22220022
18041e2418041e24240024
18041e2418041e24240024
18031c2318031c23230023
17031b2117031b21210021
15041b2015041b20200020
13061d2013061d20200020
12081e2012081e20200020
110b2121110b2121210022
100d2423100d2423241025
100d2423100d2423241025
100e2422100e2422241024
0f0f25230f0f2523251026
120d2625120d2625261027
150b2527150b2527270028
170b2729170b272929002a
190a292c190a292c2c002d
1b0b2b2f1b0b2b2f2f0030
1d0b2d311d0b2d31310032
1f092d331f092d33330033
21082d3421082d34340034
21082d3421082d34340034
1e0b2e331e0b2e33330034
1d0b2d311d0b2d31310032
1f05272f1f05272f2f002f
1e06282e1e06282e2e002e
1e082a301e082a30300030
2106293221062932320032
20082c3220082c32320032
1f092d331f092d33330033
23072d3523072d35350035
24072e3724072e37370037
25052d3725052d37370037
23072d3523072d35350035
200a2e34200a2e34340034
24052c3524052c35350035
25052d3725052d37370037
2408303824083038380038
22082e3622082e36360036
20082c3220082c32320032
1e082a301e082a30300030
1e082a301e082a30300030
1e082a301e082a30300030
20072a3120072a31310031
22052a3322052a33330033
24052c3524052c35350035
25042b3625042b36360036
26042c3626042c36360036
24072e3724072e37370037
2408303824083038380038
2408303824083038380038
230b3339230b333939003a
2509333b2509333b3b003b
2a04303c2a04303c3c003c
2907333d2907333d3d003d
2809363f2809363f3f003f
2a07343f2a07343f3f003f
2907333d2907333d3d003d
2708333c2708333c3c003c
2708333c2708333c3c003c
2708333c2708333c3c003c
2707313b2707313b3b003b
2607303926073039390039
2408303824083038380038
27042d3827042d38380038
29032d3929032d39390039
2805303b2805303b3b003b
2806323c2806323c3c003c
2707313b2707313b3b003b
2607303926073039390039
2408303824083038380038
2408303824083038380038
2408303824083038380038
26062e3826062e38380038
27042d3827042d38380038
23072f3723072f37370037
200b3035200b3035350036
1e0b2e331e0b2e33330034
1c0a2c301c0a2c30300031
1b09292d1b09292d2d002d
1b08272c1b08272c2c002c
1d07272d1d07272d2d002d
1e07282f1e07282f2f002f
1e07282f1e07282f2f002f
2004262e2004262e2e002e
2103252f2103252f2f002f
0d0b03070d0b03070d300d
0c0800080c0800080c300b
0c0800080c0800080c300b
0a0700070a0700070a3009
0603020506030205063005
0301010303010103030003
0101010101010101010001
0302010203020102033002
0400040604000406060006
0601080906010809090009
0900090c0900090c0c000c
0b030f110b030f11110011
0d0515170d051517170017
1203161b1203161b1b001b
1403181d1403181d1d001d
1601181f1601181f1f001f
1503191f1503191f1f001f
14041a1e14041a1e1e001e
1503191f1503191f1f001f
1702192017021920200020
17031b2117031b21210021
18031c2318031c23230023
19021d2419021d24240024
18041e2418041e24240024
1a021c241a021c24240024
1b011d251b011d25250025
19041f2619041f26260026
18041e2418041e24240024
1800182018001820200020
1500151c1500151c1c001c
1104171a1104171a1a001a
1203161b1203161b1b001b
1500151c1500151c1c001c
1500151c1500151c1c001c
1301151b1301151b1b001b
0f0415180f041518180018
0b0715150b071515150016
0c0412140c041214140014
0d010f130d010f13130013
0b030f110b030f11110011
0c000c100c000c10100010
0f030b110f030b11110011
11010f1511010f15150015
1300131a1300131a1a001a
1501131b1501131b1b001b
17050f1917050f19190019
15050d1715050d17170017
11010f1511010f15150015
0d0211140d021114140014
0d0211140d021114140014
0c0310130c031013130013
0806101008061010100011
06050e0d06050e0d0e100d
07020b0c07020b0c0c000c
0900090c0900090c0c000c
0c04060c0c04060c0c000c
0c04060c0c04060c0c000c
0900090c0900090c0c000c
0900090c0900090c0c000c
06030a0b06030a0b0b000b
03050b0903050b090b100a
0304090803040908091008
0303070703030707070007
0301050503010505050005
0101030301010303030003
0202020002020200021002
0605020306050203063005
0604000406040004063005
0300030403000304040004
0101030301010303030003
0202020002020200021002
0202040402020404040004
0104070601040706071007
0204080602040806081007
0104070601040706071007
0301050503010505050005
0101030301010303030003
0104050201040502051004
0307070303070703071007
0308090403080904091008
060c0c04060c0c040c100c
070e0d04070e0d040e200e
060c0c04060c0c040c100c
080e0e04080e0e040e100e
09100f0409100f04102010
070e0d04070e0d040e200e
060c0c04060c0c040c100c
060d0e05060d0e050e100d
040e1008040e1008101010
020c100a020c100a10100f
010c110a010c110a11100f
000b100b000b100b10100f
03080f0c03080f0c0f100e
03080f0c03080f0c0f100e
01090f0b01090f0b0f100e
00090e0900090e090e100c
0304090803040908091008
02060a0802060a080a100a
010a0d08010a0d080d100c
01060b0801060b080b100a
00080c0800080c080c100b
010b0f09010b0f090f100e
01090f0b01090f0b0f100e
03070d0b03070d0b0d100d
05040b0a05040b0a0b100a
02060c0a02060c0a0c100b
00090e0900090e090e100c
02070c0902070c090c100b
03070d0b03070d0b0d100d
03070d0b03070d0b0d100d
03050b0903050b090b100a
01060b0801060b080b100a
00080c0800080c080c100b
00080c0800080c080c100b
00080c0800080c080c100b
00080c0800080c080c100b
02070c0902070c090c100b
03060b0a03060b0a0b100b
05040b0a05040b0a0b100a
04060e0c04060e0c0e100d
0408100e0408100e101010
05070f0d05070f0d0f100e
03080f0c03080f0c0f100e
000b100b000b100b10100f
010a0f0a010a0f0a0f100e
04050c0b04050c0b0c100c
0309110d0309110d11100f
030b130f030b130f131012
07050f0f07050f0f0f000f
06050e0d06050e0d0e100d
03070d0b03070d0b0d100d
02070c0902070c090c100b
00080c0800080c080c100b
01060b0801060b080b100a
0105090701050907091008
0107090501070905091008
0005080500050805081007
0104070601040706071007
0106090601060906091008
00070a0700070a070a1009
01060b0801060b080b100a
0105090701050907091008
0107090501070905091008
0308090403080904091008
0308090403080904091008
0205060302050603061005
0104050201040502051004
0307070303070703071007
0509090305090903091009
0609080106090801092009
0608060006080600082008
0608060006080600082008
0608060006080600082008
0608060006080600082008
0608060006080600082008
0506050005060500062006
0304030003040300042004
0303010103030101032003
0f08030c0f08030c0f300e
1007060f1007060f103010
1208061012080610123011
1208061012080610123011
0f0409100f040910100010
0d03090f0d03090f0f000f
0a04040a0a04040a0a000a
0504010205040102053004
0003040300030403041004
0203060502030605061005
0304090803040908091008
03070d0b03070d0b0d100d
040a120e040a120e121011
0805101108051011110011
0b0411120b041112120012
0c0310130c031013130013
0d010f130d010f13130013
0b030f110b030f11110011
09040f1009040f10100010
0a020e100a020e10100010
09030d0f09030d0f0f000f
08040e0e08040e0e0e000e
09030d0f09030d0f0f000f
09040f1009040f10100010
0a020e100a020e10100010
0b020d100b020d10100010
09030d0f09030d0f0f000f
0900090c0900090c0c000c
0903050909030509090009
0702050807020508080008
0303070703030707070007
0204080602040806081007
0401060704010607070007
0600060806000608080008
0600060806000608080008
0401060704010607070007
0004060400040604061005
0103030101030301031003
0000000000000000000000
0201000102010001023001
0100010201000102020002
0000000000000000000000
0003040300030403041004
0202040402020404040004
0403000304030003043004
0607040106070401072007
0407060104070601072007
0003040300030403041004
0402020404020204040004
0403000304030003043004
0402000204020002043002
0502010405020104053004
0704010607040106073007
0603020506030205063005
0301050503010505050005
0104070601040706071007
0203060502030605061005
0301050503010505050005
0400040604000406060006
0702030607020306073006
0704010607040106073007
0804020608040206083007
0601040706010407070007
0600060806000608080008
0600060806000608080008
0601040706010407070007
0804020608040206083007
0703030707030307070007
0600060806000608080008
0600060806000608080008
0601040706010407070007
0804020608040206083007
0703030707030307070007
0904030809040308093008
0904030809040308093008
0600060806000608080008
0600060806000608080008
0904030809040308093008
0c0800080c0800080c300b
0c0800080c0800080c300b
0f0b01090f0b01090f300e
120d020b120d020b123011
120d020b120d020b123011
120f0409120f0409123011
120f0409120f0409123011
120d020b120d020b123011
120d020b120d020b123011
120f0409120f0409123011
120f0409120f0409123011
100c020a100c020a10300f
110d0309110d030911300f
0f0c03080f0c03080f300e
0c0800080c0800080c300b
0c0702090c0702090c300b
0d07030b0d07030b0d300d
0f08030c0f08030c0f300e
0c05040b0c05040b0c300c
0d06030a0d06030a0d300b
0f09010b0f09010b0f300e
0d07030b0d07030b0d300d
0e08020a0e08020a0e300c
100b000b100b000b10300f
100a020c100a020c10300f
0e06040c0e06040c0e300d
0c04060c0c04060c0c000c
0d05070d0d05070d0d000d
1007060f1007060f103010
1209040f1209040f123011
1109030d1109030d11300f
0e06040c0e06040c0e300d
0c04060c0c04060c0c000c
0d06050c0d06050c0d300d
0f08030c0f08030c0f300e
0f08030c0f08030c0f300e
0f08030c0f08030c0f300e
0f08030c0f08030c0f300e
0f08030c0f08030c0f300e
0e06040c0e06040c0e300d
0c05040b0c05040b0c300c
0d0901090d0901090d300c
0c0800080c0800080c300b
0b0601080b0601080b300a
0c0800080c0800080c300b
0e0900090e0900090e300c
0f09010b0f09010b0f300e
0d07030b0d07030b0d300d
0f0a010a0f0a010a0f300e
100b000b100b000b10300f
0c04060c0c04060c0c000c
0c04060c0c04060c0c000c
0e05060d0e05060d0e300d
0f05070f0f05070f0f000f
1208061012080610123011
1007060f1007060f103010
0e05060d0e05060d0e300d
0e05060d0e05060d0e300d
0e06060e0e06060e0e000f
0e04080e0e04080e0e000e
0f05070f0f05070f0f000f
1208061012080610123011
1007060f1007060f103010
0e04080e0e04080e0e000e
0f05070f0f05070f0f000f
1208061012080610123011
1208061012080610123011
0f0409100f040910100010
0f0409100f040910100010
1208061012080610123011
1208061012080610123011
1208061012080610123011
1208061012080610123011
1208061012080610123011
1208061012080610123011
1208061012080610123011
1208061012080610123011
1007060f1007060f103010
0e04080e0e04080e0e000e
0c010a0f0c010a0f0f000f
