2b5c5d202b5c5d205d1061
63b7ad2f63b7ad2fb720bc
65d8dd5065d8dd50dd10e6
1d9bcb751d9bcb75cb10c2
40348e8c40348e8c8e1095
842d4287842d428787008e
a5780968a5780968a5309e
aaa64a40aaa64a40aa30b1
8da1631b8da1631ba120a3
525f3e09525f3e095f205f
1d0a0d1a1d0a0d1a1d301b
11495d3711495d375d105b
4fa8ab3e4fa8ab3eab10b3
79dbcd3779dbcd37db20e1
4b9c9d364b9c9d369d10a5
30032c3d30032c3d3d003d
a4953a47a4953a47a430a5
b4952e57b4952e57b430ac
7c20467e7c20467e7e0082
8e0794c18e0794c1c100c1
fa5a72fafa5a72fafa0109
ffd50defffd50defff3140
ffff599dffff599dff313e
dde17143dde17143e120ea
5b663b125b663b12662067
13150b0513150b05152015
0003040300030403041004
0103030101030301031003
0201000102010001023001
0404020204040202042004
0607040106070401072007
0407060104070601072007
0005080500050805081007
03131b0f03131b0f1b1018
1239442112394421441041
1a586a361a586a366a1067
0a4f6c430a4f6c436c1067
0b2f513f0b2f513f51104e
1a0a282c1a0a282c2c002d
30260a1830260a1830302c
3c42260e3c42260e422043
221c0810221c0810223020
1e4142191e414219421045
5e8d74135e8d74138d208e
6c7d4e136c7d4e137d207e
5a40043e5a40043e5a3059
8062104c8062104c80307c
d3c75351d3c75351d330d6
cc9e1e72cc9e1e72cc30c2
2f5cb79e2f5cb79eb710b6
7dffffa27dffffa2ff116c
a0ffff71a0ffff71ff215b
57ada93357ada933ad20b4
162e2e0e162e2e0e2e1030
0504010205040102053004
0f140f000f140f00142014
0f1511010f151101152015
0e1512030e151203152015
0d1715050d171505172017
0a181a0a0a181a0a1a101a
071b2313071b2313231021
011d2d1d011d2d1d2d1029
071f3729071f3729371033
1221443912214439441041
0b3f694d0b3f694d691063
107aa664107aa664a6109d
0e8ac0780e8ac078c010b6
2d4797832d479783971095
7d224b867d224b8686008a
af671583af671583af30a6
b171077bb171077bb130a7
9052146e9052146e903089
64262a5e64262a5e643065
4b152b4f4b152b4f4f0051
4923153f4923153f493048
3f29012b3f29012b3f303b
221600162216001622301f
0700070807000708080008
0308090403080904091008
060c0c04060c0c040c100c
080c0a02080c0a020c200c
0708050207080502082008
0706010407060104073007
0402020404020204040004
0004060400040604061005
070e0d04070e0d040e200e
0d1613040d161304162016
0e1614040e161404162016
0b1211040b121104122012
070f0f05070f0f050f100f
050c0d06050c0d060d100d
040c0e06040c0e060e100d
030b0d07030b0d070d100d
030c0f08030c0f080f100e
0812140808121408141013
0914150809141508151015
0a1616080a161608161017
0610120806101208121011
0402080804020808080008
0a0602080a0602080a300a
0c0800080c0800080c300b
0b0601080b0601080b300a
0906010609060106093008
0607040106070401072007
0004060400040604061005
0401060704010607070007
0303070703030707070007
0004060400040604061005
0001020100010201021001
0103030101030301031003
0307070303070703071007
050a0b04050a0b040b100a
050a0b04050a0b040b100a
040a0a04040a0a040a100a
040a0a04040a0a040a100a
0308090403080904091008
060d0e05060d0e050e100d
050e1108050e1108111010
01090f0b01090f0b0f100e
06050e0d06050e0d0e100d
0d03090f0d03090f0f000f
1105091111050911110011
10040a1210040a12120012
1208061012080610123011
140d000d140d000d143012
1510030c1510030c153014
1510030c1510030c153014
1510030c1510030c153014
1511050b1511050b153014
1411060914110609143013
1210060812100608123011
100e0408100e0408103010
0f0c03080f0c03080f300e
0e0a02080e0a02080e300c
0d0b03070d0b03070d300d
0f0f07050f0f07050f200f
11120b0411120b04122012
1519110315191103192019
1922190019221900222022
1a251e031a251e03252025
17221d0417221d04222022
131f1b05131f1b051f201f
0e1918070e191807192019
0914150809141508151015
040e1008040e1008101010
0304090803040908091008
0904030809040308093008
0c0702090c0702090c300b
0700070a0700070a0a000a
02080e0a02080e0a0e100c
020c100a020c100a10100f
02080e0a02080e0a0e100c
0701090b0701090b0b000b
0901070b0901070b0b000b
0c0902070c0902070c300b
1217100112171001172017
1720190217201902202020
16201a0216201a02202020
0a52805c0a52805c80107b
52bfc64b52bfc64bc610cd
79f1eb4b79f1eb4bf120fc
43b3c55743b3c557c510c7
1b3e77621b3e7762771073
7436286874362868743075
b6860c70b6860c70b630ae
dfb4277cdfb4277cdf30da
e3b5277fe3b5277fe330dd
a661167ba661167ba6309c
58187c8a58187c8a8a008c
3160c1a63160c1a6c110bf
0997e9a50997e9a5e910df
2cc4f4842cc4f484f410ec
1f91b5631f91b563b510af
43013d5343013d53530053
a98c2b54a98c2b54a930a3
aa8b2a57aa8b2a57aa30a3
49033d5749033d57570057
253d7967253d7967791077
8d3f2b7f8d3f2b7f8d308d
ffff6d75ffff6d75ff311e
ffffd345ffffd345ff216d
e1ffb719e1ffb719ff2116
5d7551075d755107752075
14160e0414160e04162016
0102050401020504051004
0102050401020504051004
0300030403000304040004
0004060400040604061005
03090b0503090b050b100a
020a0e08020a0e080e100c
020b120d020b120d121011
061f2615061f2615261025
1e4a4e201e4a4e204e1050
2c69702d2c69702d701072
18566a3818566a386a1066
0d2241360d22413641103f
250f0f23250f0f23253026
34361c0e34361c0e362037
38432c0738432c07432043
1814060c1814060c183017
2947411129474111472049
57785f0857785f08782078
4e4f2e154e4f2e154f2051
4220103842201038423040
7f5701557f5701557f3079
daaa2278daaa2278da30d0
ce6536adce6536adce30c8
4279f6d74279f6d7f610f6
44ffffc644ffffc6ff115a
5dfaff7e5dfaff7eff1117
2e7482342e74823482107f
091a1f0c091a1f0c1f101c
0607040106070401072007
0f140f000f140f00142014
1017120110171201172017
0f1815040f181504182018
0e1b1c090e1b1c091c101c
0c2228120c222812281026
062b3c23062b3c233c1037
0830523c0830523c52104c
1a3266561a326656661063
2a34786c2a34786c781077
21529b7e21529b7e9b1096
018acd8a018acd8acd10c3
0291d48d0291d48dd410ca
33489d8a33489d8a9d109b
80214e8980214e8989008c
b66b1689b66b1689b630ad
be7c0482be7c0482be30b3
a0630c73a0630c73a03097
723622627236226272306f
582226545822265458305a
5b340d465b340d465b3057
55400b3255400b32553051
3529071d3529071d353032
12040e1412040e14140014
080b1a17080b1a171a1019
0a0c1c1a0a0c1c1a1c101c
0c0614160c061416160016
0a010a0d0a010a0d0d000d
0202040402020404040004
0100010201000102020002
0004060400040604061005
080e0e04080e0e040e100e
0e1614040e161404162016
0d1613040d161304162016
0a1210040a121004122012
09100f0409100f04102010
060d0e05060d0e050e100d
050c0d06050c0d060d100d
040c0e06040c0e060e100d
050d0f07050d0f070f100e
0713150907131509151015
0815180b0815180b181017
08161a0c08161a0c1a1019
0311170d0311170d171015
09040f1009040f10100010
12050a1312050a13130013
1508091415080914153015
1309051113090511133013
110c010a110c010a11300f
0c0c06040c0c06040c200c
0609080106090801092009
0104070601040706071007
0401060704010607070007
0300030403000304040004
0202020002020200021002
0205060302050603061005
0308090403080904091008
040a0a04040a0a040a100a
040b0c05040b0c050c100c
040a0c06040a0c060c100b
03090b0503090b050b100a
0308090403080904091008
070f0f05070f0f050f100f
0713150907131509151015
010d150f010d150f151013
0908151409081514151015
1200121812001218180018
1603121b1603121b1b001b
1805101b1805101b1b001b
1b0c09181b0c09181b301a
1b0f05151b0f05151b3019
1b1003141b1003141b3019
1b1101131b1101131b3019
1a1202101a1202101a3018
1814060c1814060c183017
1513070915130709153015
1210060812100608123011
110d0309110d030911300f
100c020a100c020a10300f
0f0c03080f0c03080f300e
0e0d06050e0d06050e300d
0f1009040f100904102010
10130c0310130c03132013
151b1301151b13011b201b
1b241b001b241b00242024
1c271e011c271e01272027
18241e0418241e04242024
14201c0614201c06202020
0e1b1a070e1b1a071b201b
0a1516090a151609161016
030e130a030e130a131011
04050c0b04050c0b0c100c
0c04060c0c04060c0c000c
0e05060d0e05060d0e300d
0a000a0e0a000a0e0e000e
05070f0d05070f0d0f100e
000b100b000b100b10100f
02080e0a02080e0a0e100c
06030a0b06030a0b0b000b
0a03060b0a03060b0b000b
100d0209100d020910300f
191b0f07191b0f071b201b
1d2115051d211505212021
1b2015041b201504202020
5e2fa4ad5e2fa4adad00b3
19a2d77e19a2d77ed710cd
68e4e85468e4e854e810f2
57aca53457aca534ac20b3
113b431f113b431f431042
3c2902233c2902233c3035
8264104a8264104a82307c
cc900884cc900884cc30c3
ffa709b3ffa709b3ff30f4
db585bcedb585bcedb30e0
8539dbe98539dbe9e900ef
6875ffff6875ffffff111c
5e75fff75e75fff7ff1111
2788efba2788efbaef10e6
0f60996e0f60996e991092
3f1719373f1719373f303b
838e551e838e551e8e2091
7a96680e7a96680e962096
050b0905050b09050b200c
4351390943513909512051
232d1d05232d1d052d202d
d9ffbd13d9ffbd13ff2113
ffffff1cffffff1cff2181
f2ffc81ef2ffc81eff2127
7180531471805314802081
1b1b0f071b1b0f071b201b
0102030201020302031002
0004060400040604061005
0401060704010607070007
03060d0a03060d0a0d100b
010f1911010f1911191016
0712231c0712231c231021
0e1026240e102624261027
021f2e21021f2e212e102d
254945152549451549204b
476e5b0c476e5b0c6e206e
3b5d4f0d3b5d4f0d5d205d
0b1b1f0f0b1b1f0f1f101e
1e2212081e221208222022
3041300130413001412041
2f4031022f403102402040
0c0e0a020c0e0a020e200e
3347370333473703472047
526e5602526e56026e206e
2e4038062e403806402040
0911170b0911170b171014
3342370433423704422042
7684561476845614842085
523202385232023852304b
2d8da7552d8da755a710a4
81f4f75281f4f752f71101
6bbab7326bbab732ba20c0
2c4a4a122c4a4a124a104c
080d0e03080d0e030e100d
0608060006080600082008
0f140f000f140f00142014
1219140112191401192019
121d1a05121d1a051d201d
1025280f1025280f281027
0e323e200e323e203e103b
08445e3808445e385e1058
064e7a56064e7a567a1074
1e4a8c721e4a8c728c1087
3046988630469886981097
275db191275db191b110ac
0489d08f0489d08fd010c6
0484c07e0484c07ec010b6
233c7b68233c7b687b1078
60222c5c60222c5c603062
946b0c5b946b0c5b94308c
a5841f5aa5841f5aa5309f
927116539271165392308c
6944034869440348693063
502d0c3d502d0c3d50304b
56410a3356410a33563052
5a511c295a511c295a305a
403208244032082440303d
1e03242b1e03242b2b002b
1a163c3a1a163c3a3c103e
270c3942270c3942420043
3006263a3006263a3a003a
290f1127290f1127293029
180b0613180b0613183015
0a0600060a0600060a3008
0506050005060500062006
090f0d03090f0d030f200f
0d1613040d161304162016
0e1614040e161404162016
0b1211040b121104122012
09100f0409100f04102010
070f0f05070f0f050f100f
050c0d06050c0d060d100d
040c0e06040c0e060e100d
060f1007060f1007101010
0914150809141508151015
0a1718090a171809181018
09181b0c09181b0c1b101a
03151d1103151d111d101b
0a0918170a091817181018
1603121b1603121b1b001b
1b090d1b1b090d1b1b001c
1c1004161c1004161c301b
1a14040e1a14040e1a3018
1211080712110807123012
0c0f0a010c0f0a010f200f
0307070303070703071007
0300030403000304040004
0403000304030003043004
0406040004060400062006
0307070303070703071007
0308090403080904091008
0509090305090903091009
070c0b02070c0b020c200c
060c0c04060c0c040c100c
02090c0702090c070c100b
00080c0800080c080c100b
0610120806101208121011
0a181a0a0a181a0a1a101a
03141b1003141b101b1019
070d1b17070d1b171b101a
1204181c1204181c1c001c
1802141e1802141e1e001e
1b07111d1b07111d1d001d
1f0e0b1c1f0e0b1c1f301f
2111071b2111071b21301f
201106192011061920301e
1f1303171f1303171f301d
1f1703131f1703131f301d
1d18070e1d18070e1d301b
1815080b1815080b183017
1411060914110609143013
0f0c03080f0c03080f300e
0f0d05070f0d05070f300e
0f1009040f100904102010
0c0e08020c0e08020e200e
0d0f09030d0f09030f200f
12150e0312150e03152015
171d1501171d15011d201d
1b241b001b241b00242024
1e2920011e292001292029
1b2821041b282104282028
14201c0614201c06202020
101c1a06101c1a061c201c
0c1716070c171607172018
040f1209040f1209121011
03080f0c03080f0c0f100e
0d03090f0d03090f0f000f
0f0409100f040910100010
0c010e110c010e11110011
0806121208061212120012
0608121006081210121011
05060d0c05060d0c0d100d
0503090905030909090009
0904030809040308093008
110d0309110d030911300f
1c1b0c0b1c1b0c0b1c301d
2223120b2223120b232024
2021120920211209212022
9607a4d39607a4d3d300d3
286fd0a7286fd0a7d010c8
34afd06934afd069d010cc
3f786f203f786f2078207c
261e041c261e041c263029
0b1123250b112325250028
2525130b2525130b252026
7850025078500250783071
c57c0b8cc57c0b8cc530bb
b63d5ab7b63d5ab7b700c0
6054dad26054dad2da10e2
467dfedb467dfedbfe10fc
5849c6c35849c6c3c610d0
36378c8336378c838c108e
16173e3516173e353e1039
2c3b28012c3b28013b203b
609b8619609b86199b209d
5fa89b285fa89b28a820ac
14112a2d14112a2d2d0030
6165391b6165391b652068
1216100212161002162016
d8ffa81fd8ffa81fff2100
ffffed39ffffed39ff2175
ffffb93dffffb93dff2135
8f9753278f97532797209b
2b270f112b270f112b302a
0601080906010809090009
02070c0902070c090c100b
06050e0d06050e0d0e100d
060f1e17060f1e171e101b
071f3729071f3729371033
1421463d1421463d461045
2612404626124046460048
200d3239200d323939003a
0f2f35190f2f3519351035
4a5e40084a5e40085e205e
565d3419565d34195d2060
291e0518291e0518293026
0e2528110e252811281028
28423a0c28423a0c422043
273b3107273b31073b203b
050e1106050e110611100f
393d1f11393d1f113d203f
626c3c1c626c3c1c6c206f
4752331047523310522053
112b3517112b3517351030
0d557d4b0d557d4b7d1071
1288c67a1288c67ac610b6
4e2894984e28949898009d
e69b009de69b009de630dc
ffff6481ffff6481ff311d
d3c25d4ed3c25d4ed330d1
5a5026205a5026205a3056
140f0409140f0409143011
0307070303070703071007
0d1411020d141102142014
121c1804121c18041c201c
1324230a1324230a242025
1634381616343816381038
1648562a1648562a561053
155f7943155f7943791074
0a69925b0a69925b92108a
0c5d966d0c5d966d96108f
1d5297781d529778971091
1460a47c1460a47ca4109c
077aaf72077aaf72af10a6
0c668c560c668c568c1085
0f2343350f23433543103f
392a0720392a0720393034
64693a1b64693a1b69206c
7982492079824920822085
72743a2672743a2674207a
544d1e25544d1e25543055
3f36111e3f36111e3f303d
4846201a4846201a48304a
5450222054502220543056
412709314127093141303e
251749492517494949004c
2928656029286560651068
450c576a450c576a6a006a
5919335f5919335f5f0062
532c0f42532c0f4253304f
3523012135230121353030
1611040b1611040b163014
090b0701090b07010b200b
0b110f030b110f03112011
0e1614040e161404162016
0d1613040d161304162016
0a1312050a131205132013
0811120708111207121012
060f1007060f1007101010
040c0e06040c0e060e100d
050d0f07050d0f070f100e
0611140906111409141013
0815180b0815180b181017
09191d0d09191d0d1d101c
091c2110091c2110211020
041a2214041a2214221020
080f1e19080f1e191e101d
1600161e1600161e1e001e
1f0c0d1e1f0c0d1e1f3020
2418001824180018243021
211c0910211c0910213020
18180c0818180c08182019
11140d0211140d02142014
0608060006080600082008
0001020100010201021001
0204040202040402041004
0407060104070601072007
0608060006080600082008
0608060006080600082008
0609080106090801092009
080d0c03080d0c030d200d
070e0d04070e0d040e200e
040b0c05040b0c050c100c
02090c0702090c070c100b
0610120806101208121011
0d1b1b090d1b1b091b101c
0a1b1e0d0a1b1e0d1e101d
00141e1400141e141e101c
0d091b1b0d091b1b1b001c
1702151e1702151e1e001e
1d090f1d1d090f1d1d001e
200e0a1c200e0a1c20301f
2212081c2212081c223021
2213061b2213061b223021
2316011823160118233020
241c0614241c0614243022
211b0711211b071121301f
1c17060f1c17060f1c301b
1813040d1813040d183017
120d020b120d020b123011
1210060812100608123011
12130a0512130a05132013
0e0e08040e0e08040e200e
0e0e08040e0e08040e200e
13160d0413160d04162016
191f1503191f15031f201f
1d251b011d251b01252025
1f2b21011f2b21012b202b
1e2b22031e2b22032b202b
15211d0515211d05212021
111c1906111c19061c201c
0d1817060d181706182018
0811120708111207121012
010b0f09010b0f090f100e
09010b0d09010b0d0d000d
0e020c120e020c12120012
0e0312150e031215150015
0c0614160c061416160016
0c0412140c041214140014
0a010c0f0a010c0f0f000f
0800080a0800080a0a000a
0904030809040308093008
0f0c03080f0c03080f300e
1a190c091a190c091a301a
2224140a2224140a242025
2123130921231309232024
860f72a7860f72a7a700a7
3740998e3740998e99109b
10668a5410668a548a1084
1c2722031c272203272027
210b2d3b210b2d3b3b003c
340e1e3c340e1e3c3c003d
1e1b080d1e1b080d1e301d
301906253019062530302c
774f034d774f034d77306e
681f386d681f386d6d0071
145690721456907290108e
0a6484520a648452841081
0718292007182920291028
0805080d0805080d0d000d
110f1b21110f1b21210024
1b423f181b423f18422046
6c9974056c997405992099
84a8720c84a8720ca820a8
1a070e1b1a070e1b1b001b
3a7266203a726620722076
22150a1122150a1122301b
bef7be03bef7be03f720f7
ffffff03ffffff03ff215f
e6ffd60ce6ffd60cff212e
87a5691587a56915a520a6
322f1215322f1215323033
0f010d130f010d13130013
0807121108071211121012
070c1914070c1914191017
022032220220322232102e
0238563a0238563a561050
1535655315356553651062
37104f5c37104f5c5c005d
42102a4a42102a4a4a004b
1606202416062024240024
313d2b05313d2b053d203d
5352272053522720533058
3625002536250025363034
001e2e1e001e2e1e2e102a
1d3c3d161d3c3d163d103f
1c34320e1c34320e342035
03161f1003161f101f101b
3821082938210829383034
7958074e7958074e793075
8a62045e8a62045e8a3087
73621d3e73621d3e733073
6ba187116ba18711a120a1
46cef27446cef274f210ec
5356d7ca5356d7cad710db
ff9844f6ff9844f6ff3121
ffff42e0ffff42e0ff317c
ffff5f90ffff5f90ff3133
9483303d9483303d943090
261d0613261d0613263022
03050b0903050b090b100a
0914150809141508151015
101f1e09101f1e091f2020
162c2c0e162c2c0e2c102e
1f4345191f434519451047
265e662a265e662a661066
2a76863e2a76863e861085
217b974f217b974f971092
0b68915a0b68915a911089
0657885f0657885f881080
005c885c005c885c881082
13627f4a13627f4a7f107a
1242522a1242522a52104e
03050b0903050b090b100a
213b3911213b39113b203d
3b6b671f3b6b671f6b206f
46786e1c46786e1c78207b
4469580d4469580d692069
374d3b01374d3b014d204d
2d3b2b012d3b2b013b203b
35422d0435422d04422042
3e3b18173e3b18173e303f
3007283b3007283b3b003b
20346e6020346e606e106d
2e3a84782e3a8478841085
560b667f560b667f7f007f
783030727830307278307b
7a5200527a5200527a3073
5544112c5544112c553050
27220d1027220d10273025
10120c0210120c02122012
0c1310030c131003132013
0d1613040d161304162016
0e1614040e161404162016
0c1412040c141204142014
0a1210040a121004122012
080e0e04080e0e040e100e
060e1006060e100610100f
0510130a0510130a131012
0413180d0413180d181017
06181e1006181e101e101c
061c2414061c2414241022
06202a1806202a182a1028
021d2a1b021d2a1b2a1027
0812221c0812221c221021
1402161c1402161c1c001c
1f10071a1f10071a1f301e
271f0715271f0715273025
25230f0f25230f0f253026
1e1e0e0a1e1e0e0a1e201f
16160a0816160a08162017
0c0902070c0902070c300b
0402060604020606060006
0104070601040706071007
0004060400040604061005
0407060104070601072007
0609080106090801092009
060b0a03060b0a030b200b
070e0d04070e0d040e200e
080e0e04080e0e040e100e
060c0c04060c0c040c100c
040b0c05040b0c050c100c
0811120708111207121012
0f1d1d090f1d1d091d101e
0f20210c0f20210c211022
071a1f10071a1f101f101e
050f1b15050f1b151b1019
1300131a1300131a1a001a
1c0b0c1b1c0b0c1b1c301d
1e0f08191e0f08191e301d
201106192011061920301e
2215021922150219223020
241b0415241b0415243022
241f0a11241f0a11243023
211c0910211c0910213020
1e1806101e1806101e301c
1b15050f1b15050f1b3019
1510030c1510030c153014
1513070915130709153015
1514090815140908153015
100f0607100f0607103010
0f1009040f100904102010
13160f0213160f02162016
191f1503191f15031f201f
1f271b031f271b03272027
232d2101232d21012d202d
212c2100212c21002c202c
19231b0119231b01232023
141d1803141d18031d201d
0f1917050f191705192019
0913130709131307131014
030d1109030d110911100f
05060d0c05060d0c0d100d
0b020d100b020d10100010
0a0410120a041012120012
09040f1009040f10100010
09010b0d09010b0d0d000d
0a03060b0a03060b0b000b
0903050909030509090009
0904030809040308093008
0f0d05070f0d05070f300e
17190f0517190f05192019
1e2418041e241804242024
1e2316051e231605232023
45181f4445181f44453048
0d1d39310d1d3931391038
1a2a2c0c1a2a2c0c2c102b
081116170811161717001c
0617201d0617201d201025
2832220428322204322032
1e423e181e423e18422046
1f0315231f031523230023
4b34052c4b34052c4b3044
330c1f3a330c1f3a3a003b
0e333a250e333a253a103f
2f17132b2f17132b2f3030
402a8488402a848888008e
6d1a93b26d1a93b2b200b3
7a0e62967a0e6296960096
33144d5433144d54540056
456b530b456b530b6b206b
867b2a3f867b2a3f86308a
44064e6a44064e6a6a006a
014a674a014a674a671068
3957511139575111572058
90ffff5f90ffff5fff2126
aaffff65aaffff65ff2154
9cffe42f9cffe42fff2107
6e9068086e906808902090
382f101d382f101d383037
19070d1919070d19190019
0b0411120b041112120012
01131d1301131d131d101a
0e323c1e0e323c1e3c103a
17505f3017505f305f105d
0448664204486642661061
2b10454c2b10454c4c004d
4f2817464f2817464f3050
39200b2e39200b2e393038
09191d0d09191d0d1d101c
393f250f393f250f3f2040
3024041e3024041e30302e
051b2f23051b2f232f102c
103540211035402140103e
0d2b33190d2b3319331031
03202b1803202b182b1028
2205282f2205282f2f002f
662d225b662d225b663065
9e5620829e5620829e309b
c5880188c5880188c530c0
f6ea5c68f6ea5c68f63100
f5ffa933f5ffa933ff2121
6997730769977307972097
847c3438847c3438843088
ffffc44bffffc44bff215b
ffffc93bffffc93bff2156
98b0662098b06620b020b2
2b2a11102b2a11102b302c
06040c0c06040c0c0c000c
0613160b0613160b161015
1020200a1020200a201021
1c34320e1c34320e342035
2a504e182a504e18502053
376f6f25376f6f256f1075
3f878b333f878b338b1090
3686923e3686923e921093
1f6e85441f6e8544851081
0e5570430e55704370106c
124e6236124e623662105e
1f45491d1f45491d49104a
1921190119211901212021
0517271d0517271d271025
1554693815546938691064
2077944f2077944f94108e
166f9255166f925592108b
0b5473460b54734673106d
0a4054300a405430541050
0f3945230f394523451042
183638181836381838103b
16160a0616160a06162016
0a2846360a284636461043
075485600754856085107f
22488e7622488e768e108a
540b667d540b667d7d007d
8942297889422978893088
a0761062a0761062a03099
7f6a213e7f6a213e7f307a
423b181b423b181b423040
1b1d11051b1d11051d201d
0e1512030e151203152015
0e1614040e161404162016
0d1715050d171505172017
0b1413060b141306142014
0911110509111105111011
070f0f05070f0f050f100f
0712130807121308131013
0614180c0614180c181017
05161d1005161d101d101b
061c2414061c2414241022
061f2817061f2817281026
07232d1907232d192d102b
03202d1c03202d1c2d102a
0811221d0811221d221021
1400141a1400141a1a001a
1f1303171f1303171f301d
2a230a152a230a152a3028
2b270f132b270f132b302b
26220e1026220e10263025
1c17080d1c17080d1c301a
100b000b100b000b10300f
0600060806000608080008
0204080602040806081007
0202060602020606060006
0005080500050805081007
040a0a04040a0a040a100a
060c0c04060c0c040c100c
080e0e04080e0e040e100e
070e0d04070e0d040e200e
060c0c04060c0c040c100c
060d0e05060d0e050e100d
0913130709131307131014
101e1c08101e1c081e201f
1323210913232109232024
0e1d1e0b0e1d1e0b1e101f
0413180d0413180d181017
09040f1009040f10100010
160a0814160a0814163016
1c0f06171c0f06171c301b
1e1006181e1006181e301c
2217001722170017223020
271f0715271f0715273025
27210b1327210b13273026
231d0911231d0911233021
1e19080f1e19080f1e301d
1b17070d1b17070d1b301a
1613060b1613060b163015
1715090917150909173016
1514090815140908153015
1210060812100608123011
1313090713130907132014
15170d0515170d05172017
1a1d12051a1d12051d201d
2227180722271807272027
282f1e07282f1e072f202f
262d1e05262d1e052d202d
1e251a031e251a03252025
1820180018201800202020
121c1804121c18041c201c
0b1515070b151507151016
040e1008040e1008101010
00080c0800080c080c100b
03050b0903050b090b100a
04040a0a04040a0a0a000a
0601080906010809090009
0601040706010407070007
0804020608040206083007
0704010607040106073007
0805000508050005083007
0d0f09030d0f09030f200f
151b1301151b13011b201b
1b241b001b241b00242024
1a2118011a211801212021
0b2731190b27311931102e
26051c2d26051c2d2d002d
381a0a30381a0a30383036
0b03070f0b03070f0f000f
120d2829120d282929002b
004a6a4c004a6a4c6a106a
063c5a42063c5a425a1059
2a1408202a1408202a3025
302e180c302e180c30302f
0a0804080a0804080a300b
130c251e130c251e251020
1d5da7811d5da781a7109f
4e85fff34e85fff3ff1115
bf24f9ffbf24f9ffff0130
ff499bffff499bffff0122
c83b70d1c83b70d1d100d9
46105e7046105e70700071
131f1b03131f1b031f201f
141a3e42141a3e42420046
19021d2a19021d2a2a002a
69b5992569b59925b520b8
aaffff4eaaffff4eff2139
acffe82bacffe82bff2112
a2bf8219a2bf8219bf20c0
8976314089763140893086
593b0539593b0539593052
2c1708212c1708212c3028
10020c1210020c12120012
05161b0e05161b0e1b101a
203c3810203c38103c203e
355b5113355b51135b205c
2c524e162c524e16522054
051a2d20051a2d202d1029
3f29052f3f29052f3f303e
4936053049360530493048
1906111c1906111c1c001c
1c271e011c271e01272027
201600162016001620301f
0220322402203224321030
083040260830402640103d
0221301f0221301f30102d
06222c1806222c182c1029
02202e1e02202e1e2e102b
2e0326372e032637370037
6c3718596c3718596c3068
ba810479ba810479ba30b0
ffe92ea1ffe92ea1ff311b
ffff2ed7ffff2ed7ff3165
ffab40fdffab40fdff3131
7254f2f27254f2f2f20100
55ffffb655ffffb6ff115e
96ffff6496ffff64ff2145
5aa290205aa29020a220a5
1b2519031b251903252025
05050d0d05050d0d0d000d
0310150c0310150c151014
1020200a1020200a201021
223c380e223c380e3c203d
335c5718335c57185c205f
427a7422427a74227a207e
4d9089284d908928902095
488b882b488b882b8b2091
336e712a336e712a711075
204b5021204b5021501051
2038340e2038340e382039
2727130d2727130d272029
22051a2922051a29290029
0e2f54410e2f5441541050
106f9659106f965996108e
148aba70148aba70ba10b1
096cab7a096cab7aab10a2
243d806f243d806f80107e
2329615723296157611060
102d5241102d524152104f
0721372b0721372b371036
1515090915150909152016
28585a2228585a225a105e
22748c4822748c488c1088
06588c6206588c628c1083
4714677447146774740075
91452b7f91452b7f913090
c3911577c3911577c330bb
af932d57af932d57af30aa
6a5d222f6a5d222f6a3068
322f1611322f1611323031
161a1202161a12021a201a
0f1713030f171303172017
0f1815040f181504182018
0c1514050c151405152015
0811120708111207121012
0610120806101208121011
0915170909151709171016
09181b0c09181b0c1b101a
071a1f10071a1f101f101e
0920271409202714271025
08222c1808222c182c1029
08242e1a08242e1a2e102c
05222d1a05222d1a2d102a
07101f1a07101f1a1f101e
1503111915031119190019
211403182114031821301f
2d2409182d2409182d302b
30280c1830280c1830302e
2c260c162c260c162c302b
211b0711211b071121301f
140d000d140d000d143012
0a04040a0a04040a0a000a
0402060604020606060006
0203060502030605061005
0105090701050907091008
020a0e08020a0e080e100c
030c0f08030c0f080f100e
040e1008040e1008101010
050d0f07050d0f070f100e
040b0c05040b0c050c100c
070f0f05070f0f050f100f
0b1515070b151507151016
111c1906111c19061c201c
17221b0217221b02222022
161f1801161f18011f201f
0e1614040e161404162016
00080c0800080c080c100b
0e05060d0e05060d0e300d
160b0613160b0613163015
1c0f06171c0f06171c301b
2418001824180018243021
2a2108172a2108172a3028
2a230a152a230a152a3028
251f0913251f0913253024
211c0910211c0910213020
1d19090d1d19090d1d301c
1815080b1815080b183017
1816080a1816080a183018
1614080a1614080a163016
1411060914110609143013
1513070915130709153015
1917090b1917090b193019
1e1c0c0c1e1c0c0c1e301e
2625120d2625120d263027
2e2f180f2e2f180f2f2031
2e301a0e2e301a0e302032
262a1a08262a1a082a202a
1d251b011d251b01252025
151f1903151f19031f201f
0d1715050d171505172017
070e0f06070e0f060f100f
01080b0601080b060b100a
0006080600060806081008
0203060502030605061005
0300030403000304040004
0403000304030003043004
0504010205040102053004
0404020204040202042004
0608060006080600082008
0b110f030b110f03112011
121c1804121c18041c201c
18231c0318231c03232023
16201a0216201a02202020
0744613e0744613e61105c
37063f5237063f52520052
5436023e5436023e543052
2e3f2e012e3f2e013f203f
0542593e0542593e59105a
0245664b0245664b661065
0f0c1f200f0c1f20200022
1f41431b1f41431b431046
023b5c41023b5c415c1057
320f4851320f4851510052
2446866c2446866c861080
0ec7ffad0ec7ffadff1107
19ddfffd19ddfffdff114f
b636ffffb636ffffff0130
ff7c77ffff7c77ffff3139
ff8d41e3ff8d41e3ff310b
a64c3c96a64c3c96a630a8
6134215461342154613062
4830063048300630483043
0527332705273327331037
85c38b0b85c38b0bc320c3
eafd8443eafd8443fd2105
ffc6249cffc6249cff30fc
ff9e10c2ff9e10c2ff30fa
e88e0aa4e88e0aa4e830d8
9e6700679e6700679e3091
523402365234023652304a
2110071a2110071a21301e
0310130a0310130a131012
2b3929012b392901392039
4956370c4956370c562056
4b5331134b533113532055
272c1b0a272c1b0a2c202d
1914050e1914050e193018
3f3a171e3f3a171e3f3041
261e0616261e0616263025
0b0e0b000b0e0b000e200e
12040a1412040a14140014
0626321e0626321e321030
0b2e3b200b2e3b203b1038
021b2c1f021b2c1f2c1029
021c281a021c281a281026
0c2428120c242812281028
0310171003101710171016
2c1e041a2c1e041a2c3027
725d1a37725d1a3772306c
d9a0177cd9a0177cd930ca
ffbf24edffbf24edff3130
ff77a6ffff77a6ffff016c
ea34ffffea34ffffff017b
4ac7ffff4ac7ffffff116a
11c7ffad11c7ffadff1107
145e7a3e145e7a3e7a1070
040e1206040e120612100f
01080d0a01080d0a0d100c
020e140c020e140c141012
0f22250e0f22250e251024
2443401324434013432045
3866601a3866601a662069
4980772049807720802083
548e801e548e801e8e2091
5488761654887616882089
4468580e4468580e682068
2c3d30032c3d30033d203d
25210d0f25210d0f253024
260b1427260b1427270028
21123b3e21123b3e3e0040
0b426d500b426d506d1067
1a82a65e1a82a65ea610a0
2398bf682398bf68bf10b8
016da36d016da36da3109a
2b2d71692b2d7169711072
3513535b3513535b5b005c
221846462218464646004a
1c06262c1c06262c2c002c
35381d1035381d1038203a
537c650c537c650c7c207c
4f9189274f918927912096
226e8240226e824082107f
24275e5724275e575e105f
7a3b22697a3b22697a3078
c69d226fc69d226fc630c0
cdb53f61cdb53f61cd30cd
9383314193833141933092
4f491f1f4f491f1f4f304f
2426160824261608262026
131a1502131a15021a201a
0f1815040f181504182018
0d1613040d161304162016
0a1312050a131205132013
0812140808121408141013
09181b0c09181b0c1b101a
091c2110091c2110211020
081e2614081e2614261024
09242d1809242d182d102b
07252f1b07252f1b2f102d
06232e1b06232e1b2e102c
06202a1806202a182a1028
05101d1605101d161d101b
13030f1713030f17170017
211305192113051921301f
2e23061b2e23061b2e302c
3327071d3327071d333030
3427061f3427061f343031
2e20021e2e20021e2e302b
201106192011061920301e
1508091415080914153015
0d03090f0d03090f0f000f
0702090a0702090a0a000a
02070c0902070c090c100b
000b100b000b100b10100f
000c120c000c120c121010
020d120b020d120b121011
010b0f09010b0f090f100e
02090c0702090c070c100b
0710110607101106111011
0c1716070c171607172018
0e1918070e191807192019
141d1803141d18031d201d
1720190017201900202020
121b1603121b16031b201b
030c0f08030c0f080f100e
0900090c0900090c0c000c
1106071011060710113011
180d0413180d0413183017
211701152117011521301f
2921071729210717293028
2d2409182d2409182d302b
2a2108172a2108172a3028
271f0715271f0715273025
221c0812221c0812223021
1d18070e1d18070e1d301b
1a16080c1a16080c1a3019
1814060c1814060c183017
1612040c1612040c163015
1712050c1712050c173015
1a16080c1a16080c1a3019
1e1b0a0d1e1b0a0d1e301d
25230f0f25230f0f253026
2f2d15112f2d15112f3030
3232181232321812322035
2f31190f2f31190f312033
272c1b08272c1b082c202c
1c2218021c221802222022
1219140112191401192019
090f0d03090f0d030f200f
0308090403080904091008
0205060302050603061005
0001020100010201021001
0000000000000000000000
0304030003040300042004
0305050103050501051005
0205060302050603061005
040b0c05040b0c050c100c
0913130709131307131014
0f1c1b080f1c1b081c201d
1422200814222008222022
12201e0812201e08202020
366c6c26366c6c266c1072
230b353f230b353f3f003f
675c1f32675c1f32673068
6378491063784910782079
425c4204425c42045c205c
2929150b2929150b29202a
09304d3809304d384d1049
0776a96e0776a96ea910a1
3052aa943052aa94aa10a9
6912819e6912819e9e009f
3459b4993459b499b410b1
3ffaff9e3ffaff9eff1127
43ffffaf43ffffafff113f
5a3db2b55a3db2b5b500bf
f0aa109af0aa109af030e5
e9d65760e9d65760e930ea
8678263886782638863084
5d331f4f5d331f4f5d305e
7225427f7225427f7f0084
4b01476d4b01476d6d006d
47542f0c47542f0c542054
db8019aadb8019aadb30d4
ff8b53ffff8b53ffff312b
ffb834ffffb834ffff313e
ffd309c3ffd309c3ff311f
d9a3177fd9a3177fd930ce
7e5a084e7e5a084e7e3077
4029022b4029022b40303b
0e010c110e010c11110011
222a1c04222a1c042a202a
464622184646221846204a
554e1f26554e1f26553056
463d1423463d1423463046
1006081010060810100011
2532250225322502322032
222c1e04222c1e042c202c
02060a0802060a080a100a
0808141408081414140015
0c2932190c293219321030
0f30391c0f30391c391037
031a291e031a291e291027
04121e1804121e181e101e
0a1718090a171809181018
0d0b03070d0b03070d300d
08161a0e08161a0e1a101a
2f3929012f392901392039
664c1234664c123466305c
a649308da649308da6309e
c9258be9c9258be9e900eb
a722dbffa722dbffff010c
545ce6d6545ce6d6e610e8
1a4f9a751a4f9a759a108d
0b1835260b18352635102c
0808020208080202082008
030b0d07030b0d070d100d
040f1209040f1209121011
1327270d1327270d271029
294a4714294a47144a204c
3e6d661b3e6d661b6d2070
4b82771e4b82771e822085
5285761952857619852087
547d680d547d680d7d207d
465f4801465f48015f205f
2c3220082c322008322032
1b1001121b1001121b3018
11091d1f11091d1f1f0020
08223a2c08223a2c3a1037
124c5e34124c5e345e105c
3d8487323d84873287108d
5199932b5199932b99209e
3471762b3471762b761078
032e4b34032e4b344b1045
210b353b210b353b3b003c
22042a3422042a34340034
27130b2127130b21273026
454d2d0f454d2d0f4d204e
6c8f68036c8f68038f208f
74a37e0774a37e07a320a3
517f6b11517f6b117f2080
14383e1c14383e1c3e103e
412b012b412b012b41303c
9c933e3f9c933e3f9c309f
c5c1594bc5c1594bc530cf
a7a24940a7a24940a730ae
696731256967312569306d
3438200c3438200c382039
1720190217201902202020
0e1816060e181606182018
0c1514050c151405152015
0c1412040c141204142014
0b1615060b161506162016
0e1c1c0a0e1c1c0a1c101d
0d20230e0d20230e231022
0c2328130c232813281027
0c272e170c272e172e102d
0b262f180b262f182f102c
08222c1808222c182c1029
051c2516051c2516251023
040f1a13040f1a131a1018
0f000f140f000f14140014
1e0f08191e0f08191e301d
2e1f001f2e1f001f2e302b
3625022336250223363032
3825002538250025383034
3522032635220326353032
2b160b242b160b242b302a
210d0d1f210d0d1f213021
1a090c191a090c191a301a
10020e1410020e14140014
0807121108071211121012
030b130f030b130f131012
020c140e020c140e141012
010b110d010b110d111011
02080e0a02080e0a0e100c
00080c0800080c080c100b
0610120806101208121011
0c1818080c181808181019
0c1716070c171607172018
0f1917050f191705192019
15201b0415201b04202020
131f1b05131f1b051f201f
0611140906111409141013
07040d0e07040d0e0e000e
0f030b110f030b11110011
160b0613160b0613163015
201500152015001520301d
291e0518291e0518293026
2e23061b2e23061b2e302c
2e22041c2e22041c2e302c
2d21051b2d21051b2d302a
2a2006182a2006182a3028
241c0614241c0614243022
1e1806101e1806101e301c
1a14040e1a14040e1a3018
1812040e1812040e183016
1814060c1814060c183017
18170a0918170a09183018
1a190c091a190c091a301a
21200f0c21200f0c213022
2b2b150f2b2b150f2b202d
3231181132311811323033
34341a1234341a12342037
31331b0f31331b0f332035
2427160924271609272028
181b1005181b10051b201b
0f1009040f100904102010
0908030409080304093008
0604000406040004063005
0300030403000304040004
0300030403000304040004
0003040300030403041004
0206060202060602061006
0308090403080904091008
050e1108050e1108111010
0815180b0815180b181017
0c1c1e0c0c1c1e0c1e101e
1022220c1022220c221024
0f1f1f0b0f1f1f0b1f1020
758e5b12758e5b128e208f
11150f0111150f01152015
556d4b07556d4b076d206d
6c885e086c885e08882088
4f5531134f553113552057
280d1227280d1227283029
1159713f1159713f71106d
31a0bb5c31a0bb5cbb10b8
0968a5760968a576a5109d
51106d8051106d80800080
1d50997a1d50997a991091
6bf9ff6b6bf9ff6bff110f
84ffff5984ffff59ff2119
10325c4810325c485c1057
bdd07532bdd07532d020d5
d2ffba10d2ffba10ff210c
63764f0463764f04762076
1f1d473f1f1d473f471045
5b18839c5b18839c9c009d
9f3957b19f3957b1b100b9
6b42195a6b42195a6b306f
1608021616080216160017
8872244888722448883086
d2d96845d2d96845d920e3
e3f77f41e3f77f41f720ff
bcbb5049bcbb5049bc30c8
8874204888742048883088
5b450b355b450b355b3057
2719011b2719011b273024
0d1411020d141102142014
35341b1235341b12353037
4b461f1e4b461f1e4b304c
4b471f1f4b471f1f4b304d
221a0414221a0414223020
1827240718272407272027
22322a0422322a04322032
0614180c0614180c181017
040f1a15040f1a151a1019
0d2b33190d2b3319331031
12353e1d12353e1d3e103c
031a2b20031a2b202b1029
0e0414180e041418180018
0202040402020404040004
0805101108051011110011
0218261c0218261c261024
0b232b170b232b172b1029
1517110115171101172017
20021c2820021c28280028
2e11424d2e11424d4d004e
2d1a555a2d1a555a5a005d
1b1c4b461b1c4b464b104b
1009242110092421241022
0d0c01060d0c01060d300d
0a110e030a110e03112011
060c0c04060c0c040c100c
0912130609121306131012
1a2e2c0c1a2e2c0c2e202f
2e524c142e524c14522054
4272681a4272681a722074
4d81751b4d81751b812083
4d7e71184d7e71187e2080
4972631249726312722073
3956490a3956490a562056
1e2d26051e2d26052d202d
0509090305090903091009
0d120d000d120d00122012
1c2a22041c2a22042a202a
374c3b04374c3b044c204c
5f7855065f785506782078
7a8f5c157a8f5c158f2090
6a7748196a774819772079
37412b0937412b09412041
08161a0e08161a0e1a101a
13040f1813040f18180018
2721071527210715273027
4c522c144c522c14522054
7e8e541c7e8e541c8e2090
96a5602596a56025a520a9
8184452881844528842089
4c4116254c4116254c304a
0117211701172117211020
5d7755055d775505772077
9eb570219eb57021b520b7
a1b16729a1b16729b120b5
74804a1c74804a1c802083
3f492d0b3f492d0b492049
1e271c011e271c01272027
1118130211181302182018
0d1411020d141102142014
0e1512030e151203152015
0f1917050f191705192019
12201e0812201e08202020
1224240c1224240c241025
1227280f1227280f281029
12282a1012282a102a102b
1026281010262810281029
0d2225100d222510251025
081a2010081a201020101e
010f1911010f1911191016
0c0412140c041214140014
1a0a0a181a0a0a181a301a
2919031d2919031d293026
3222002232220022323030
3623022536230225363032
3621042736210427363033
30190a2730190a2730302e
28120e2428120e24283028
220e0e20220e0e20223022
1a05121d1a05121d1d001d
1004161a1004161a1a001a
0b0817160b081716171017
060b1613060b1613161015
0608121006081210121011
06050e0d06050e0d0e100d
03080f0c03080f0c0f100e
030f130b030f130b131012
0a1718090a171809181018
0b1515070b151507151016
0d1715050d171505172017
15201b0415201b04202020
15211d0515211d05212021
0a1616080a161608161017
03080f0c03080f0c0f100e
0c000c100c000c10100010
1509071315090713153015
1e1302151e1302151e301c
251b0317251b0317253023
2c2106192c2106192c3029
2d21051b2d21051b2d302a
2e23061b2e23061b2e302c
2d2307192d2307192d302b
281f0617281f0617283026
241c0614241c0614243022
1d1503111d1503111d301b
1913030f1913030f193018
1b17070d1b17070d1b301a
1b18090c1b18090c1b301a
1b18090c1b18090c1b301a
201d0c0d201d0c0d20301f
2a2812102a2812102a302b
312f1513312f1513313032
36351a1336351a13363038
36371c1136371c11372039
2b2b150f2b2b150f2b202d
201e0e0c201e0e0c203020
1412080814120808143013
0b0801060b0801060b300a
0703030707030307070007
0601040706010407070007
0500050605000506060006
0202060602020606060006
0005080500050805081007
040b0c05040b0c050c100c
0712130807121308131013
09181b0c09181b0c1b101a
0b1d210f0b1d210f211020
0e21240f0e21240f241024
0c1c1e0c0c1c1e0c1e101e
9c8b2c4d9c8b2c4d9c309e
561d2e5b561d2e5b5b005f
0e6588510e658851881081
2e7f90412e7f904190108e
0e4860360e48603660105a
2300253023002530300030
6e672a2d6e672a2d6e3070
a3b1632ba3b1632bb120b6
737941237379412379207d
2221140b2221140b223022
385b5817385b58175b205d
9bf0d1289bf0d128f020f3
a4f6ce1ca4f6ce1cf620f7
1226280c1226280c281027
abd7930fabd7930fd720d7
e4ffc418e4ffc418ff211f
6970431869704318702072
21666d2c21666d2c6d106f
0271aa710271aa71aa109f
a72b75c3a72b75c3c300c7
ff7c5deeff7c5deeff310c
d027a0f5d027a0f5f500f8
6465f8eb6465f8ebf810ff
02bdffbf02bdffbfff110c
3ec0da683ec0da68da10da
5c917a0f5c917a0f912091
686e3a22686e3a226e2073
5d56212a5d56212a5d305f
38300e1c38300e1c383037
07010b0b07010b0b0b000b
1e2a22021e2a22022a202a
3244360232443602442044
354e4108354e41084e204e
1026281010262810281029
2820081628200816283026
38391e1338391e1339203c
1f2317051f231705232023
0c191c0b0c191c0b1c101b
1530351615303516351034
163b421d163b421d421041
041a2a20041a2a202a1029
1a0d06171a0d06171a301a
1218120012181200182018
0117211701172117211020
041b2c21041b2c212c102a
0418281e0418281e281026
0e0010140e001014140014
1c1c0c0a1c1c0c0a1c201d
1c2216041c221604222022
1418100214181002182018
0a0804040a0804040a3008
020a0a06020a0a060a100b
0a1210040a121004122012
0c110e010c110e01112011
090d0b01090d0b010d200d
0d1715050d171505172017
1f36310c1f36310c362037
355951133559511359205b
47766b1847766b18762078
4d81751b4d81751b812083
487b701b487b701b7b207d
3f6c63183f6c63186c206e
2d504b142d504b14502052
132a2b10132a2b102b102c
05070f0d05070f0d0f100e
1814060c1814060c183017
2a2b160d2a2b160d2b202c
4246261242462612462048
656633206566332066206a
847d3635847d3635843087
89792b4189792b41893089
6a5818386a5818386a3068
3b2d09213b2d09213b3037
0e0700090e0700090e300b
1b1b0b0b1b1b0b0b1b201d
4b4419204b4419204b304b
86792e3b86792e3b863086
af983354af983354af30ad
a8821a60a8821a60a830a1
7c4a0c5c7c4a0c5c7c3076
3701354937013549490049
20545e2a20545e2a5e105d
6c9c7e0a6c9c7e0a9c209c
88b07e0888b07e08b020b0
6f8b5f0b6f8b5f0b8b208b
4352370843523708522052
242b1c05242b1c052b202b
1519110315191103192019
11150f0111150f01152015
1017120110171201172017
121c1804121c18041c201c
15231f0715231f07232023
1626220816262208262026
1828240818282408282028
1828240818282408282028
1725210717252107252025
15221f0615221f06222022
0f1c1b080f1c1b081c201d
0413180d0413180d181017
0709151307091513151015
16070c1716070c17170018
2314051a2314051a233020
2d1d011f2d1d011f2d302a
3321012333210123333030
331f0525331f0525333030
2f1a09262f1a09262f302e
2c150c252c150c252c302a
27100f2427100f24273027
1f0813221f081322220022
1701151d1701151d1d001d
0f0415180f041518180018
0908151409081514151015
0905111109051111110011
09040f1009040f10100010
0608121006081210121011
010d150f010d150f151013
0613160b0613160b161015
0812120608121206121012
0e1512030e151203152015
16201a0216201a02202020
18231c0318231c03232023
0f1917050f191705192019
030d1109030d110911100f
07040d0e07040d0e0e000e
1208061012080610123011
1a1100111a1100111a3018
211803142118031421301f
281e0418281e0418283026
2b1f031b2b1f031b2b3029
3024061c3024061c30302d
3024061c3024061c30302d
2d21051b2d21051b2d302a
2a1f04192a1f04192a3027
2218021622180216223020
1f1603121f1603121f301c
1e1806101e1806101e301c
1e1806101e1806101e301c
1e1806101e1806101e301c
211c0910211c0910213020
29250f1129250f11293028
302d1413302d1413303030
3736191437361914373039
393719153937191539303a
312d1315312d1315313031
27230d1127230d11273026
1916070c1916070c193019
0e0900090e0900090e300c
0802040808020408080008
0702050807020508080008
0600060806000608080008
0502070805020708080008
03050b0903050b090b100a
020d120b020d120b121011
0614180c0614180c181017
0a1b1e0d0a1b1e0d1e101d
0c1f220f0c1f220f221022
0c1f220f0c1f220f221022
09191d0d09191d0d1d101c
8f580d6a8f580d6a8f3089
7b1361997b13619999009a
354fab97354fab97ab10aa
106cb07e106cb07eb010a5
2441846f2441846f841080
5300536e5300536e6e006e
a25f1679a25f1679a23099
e5a7138de5a7138de530da
cf7d179bcf7d179bcf30c7
963c4494963c449496309f
b57c037ab57c037ab530ad
fff76d63fff76d63ff310a
f7e7675ff7e7675ff730f9
62222e6262222e62620067
55c0cb5255c0cb52cb10d0
a0ffee31a0ffee31ff210f
397a7d28397a7d287d1080
7b71293b7b71293b7b307f
a2b96a2da2b96a2db920be
052c3720052c3720371036
9440368894403688943096
a403a8e1a403a8e1e100e1
755fffff755fffffff1119
4d76ffe84d76ffe8ff1104
265bb893265bb893b810ac
07496b3f07496b3f6b1060
3351470b3351470b512051
4655380b4655380b552055
363a1e10363a1e103a203c
1007060f1007060f103010
132b2f11132b2f112f102e
2651561f2651561f561056
205b6a33205b6a336a1068
0d2e53400d2e534053104e
491c1f46491c1f4649304b
634301436343014363305e
4f3805324f3805324f304b
352d0f19352d0f19353033
313d2b03313d2b033d203d
2b42390a2b42390a422042
0a1a1e0e0a1a1e0e1e101d
191c0f08191c0f081c201d
1d312b091d312b09312031
0a29341d0a29341d341032
061e3428061e3428341032
10112a2710112a272a102a
2009122120091221210022
2f20011e2f20011e2f302b
312201203122012031302e
2b1807222b1807222b3029
1e0a0e1e1e0a0e1e1e001f
0c0412140c041214140014
010b0f09010b0f090f100e
080d0a01080d0a010d200d
0b0f0b010b0f0b010f200f
141d1803141d18031d201d
273d3509273d35093d203d
3c6054103c605410602061
4b7b6d174b7b6d177b207d
4e83761b4e83761b832085
47786d1a47786d1a78207a
3d665b143d665b14662067
2e4b420d2e4b420d4b204c
1726230817262308262026
0005080500050805081007
12140c0412140c04142014
23291b0523291b05292029
373c230c373c230c3c203d
534f231f534f231f533054
76621c3c76621c3c763072
906d1057906d105790308b
906302619063026190308a
724708537247085372306d
42230e3542230e3542303f
0e0312150e031215150015
2627140b2627140b272028
6453163364531633643061
9f79135f9f79135f9f3099
b478027cb478027cb430ac
9d551f7f9d551f7f9d3098
651b3d6d651b3d6d6d0070
163262501632625062105e
3a7f84313a7f8431841088
669f8615669f86159f20a0
6184630061846300842084
4452360a4452360a522052
2a2d1a0b2a2d1a0b2d202e
1b1c0f081b1c0f081c201d
15170d0515170d05172017
1519110315191103192019
1820180018201800202020
1a251e031a251e03252025
1a251e031a251e03252025
1c271e011c271e01272027
1e281e001e281e00282028
1b241b001b241b00242024
19231b0119231b01232023
15201b0415201b04202020
0c1818080c181808181019
010e130c010e130c131012
0f030b110f030b11110011
1c1004161c1004161c301b
2619001926190019263023
2b1e011c2b1e011c2b3029
2d1c03202d1c03202d302a
2d1907232d1907232d302b
2b1709232b1709232b3029
26110c2126110c21263025
1f0b0f1f1f0b0f1f1f0020
1906111c1906111c1c001c
1201101712011017170017
0b0411120b041112120012
09040f1009040f10100010
09040f1009040f10100010
0608121006081210121011
030b130f030b130f131012
020d120b020d120b121011
060d0e05060d0e050e100d
0d130f010d130f01132013
1820180018201800202020
1b241b001b241b00242024
131b1501131b15011b201b
0a1210040a121004122012
00080c0800080c080c100b
0d06050c0d06050c0d300d
160f000f160f000f163015
1d1401121d1401121d301a
2419021724190217243021
2a1d021b2a1d021b2a3027
3023041d3023041d30302d
3123031f3123031f31302e
3123031f3123031f31302e
2f21031d2f21031d2f302b
281b001b281b001b283026
251a0118251a0118253023
2319031523190315233020
211905132119051321301f
201a0810201a081020301e
201c0a0e201c0a0e20301f
25230f0f25230f0f253026
2d2b13112d2b13112d302e
3634181436341814363037
3935171739351717393039
342f1217342f1217343034
2d280f142d280f142d302c
201906112019061120301e
130b030f130b030f133012
0c04060c0c04060c0c000c
0a02060a0a02060a0a000a
0700070a0700070a0a000a
06020a0a06020a0a0a000a
03070d0b03070d0b0d100d
010f150d010f150d151013
05151b0f05151b0f1b1019
091b1f0f091b1f0f1f101e
0d1f210d0d1f210d211021
0e1e200c0e1e200c201020
09181b0c09181b0c1b101a
2a120c262a120c262a302a
3907435739074357570057
173c7560173c7560751071
05567f5005567f507f1075
063a5e42063a5e425e1057
2e0638422e063842420042
764b0451764b045176306e
bb932565bb932565bb30b2
af6d0d7baf6d0d7baf30a4
9731559d9731559d9d00a4
e97a3bc4e97a3bc4e930e6
fff50edffff50edfff314b
ffe109ebffe109ebff3145
cb1f9ff1cb1f9ff1f100f2
2ea7ffeb2ea7ffebff1120
12e0ffc812e0ffc8ff112c
2a78d6a42a78d6a4d610cb
c35443acc35443acc330bf
ffc010d0ffc010d0ff311b
e5655fdde5655fdde530f2
901d6caf901d6cafaf00b1
80641c4480641c44803078
57908d2c57908d2c902096
04588c6004588c608c1082
281e5e5a281e5e5a5e105e
1b1947411b194741471045
0a3446280a344628461041
2646421226464212462048
25352b0325352b03352035
0706010407060104073007
1d36350e1d36350e362037
346a6a24346a6a246a106f
2671843f2671843f841081
123a6a54123a6a546a1066
5816386058163860600062
7f4717657f4717657f307b
7d4c0d5e7d4c0d5e7d3078
6c4800486c4800486c3065
6151192f6151192f61305d
504d241d504d241d503052
251e0912251e0912253022
0e21220d0e21220d221023
22403c1022403c10402041
163b421d163b421d421041
03273f2d03273f2d3f103b
1b0e31341b0e3134340035
300e1c32300e1c32320033
3c1e10323c1e10323c303a
3f1b17393f1b17393f303f
3f171d3f3f171d3f3f0043
3a151a393a151a393a303c
280d1227280d1227283029
12040a1212040a12120012
0104050201040502051004
0e0f08050e0f08050f200f
1c2216041c221604222022
3143330131433301432043
4869560948695609692069
55816d1155816d11812082
5483701354837013832084
4b73610f4b73610f732073
415d4b07415d4b075d205d
3443300334433003432043
2022120a2022120a222023
0c05040b0c05040b0c300c
0713150907131509151015
1826200618262006262026
2630220226302202302030
3936191439361914393039
56400a3256400a32563051
7c4f06577c4f06577c3075
975b1173975b1173973092
99571b7999571b79993095
7d3b296f7d3b296f7d307d
5517355d5517355d5d005f
2c0534412c053441410041
0b2025140b202514251025
4f42112a4f42112a4f304e
8859086388590863883085
9b5421809b5421809b3099
802f3c7f802f3c7f803087
40135c6940135c6969006a
105b7645105b7645761072
487c701a487c701a7c207e
586c480c586c480c6c206c
4f4a1f224f4a1f224f3051
403008264030082640303d
322100213221002132302e
291b011b291b011b293026
261e0814261e0814263024
2626140c2626140c262027
232a1d04232a1d042a202a
1c261e021c261e02262026
1a251e031a251e03252025
1c271e011c271e01272027
1b241b001b241b00242024
1b241b001b241b00242024
19231b0119231b01232023
121b1603121b16031b201b
0911110509111105111011
0503090905030909090009
130c010e130c010e133012
1e1704111e1704111e301c
2319031523190315233020
2518011a2518011a253023
2718031c2718031c273024
2718031c2718031c273024
2213061b2213061b223021
1d0c0b1a1d0c0b1a1d301c
19090b1919090b1919001a
15060d1615060d16160016
0d010f130d010f13130013
0b030f110b030f11110011
09040f1009040f10100010
0608121006081210121011
0408100e0408100e101010
02070c0902070c090c100b
03090b0503090b050b100a
0b1211040b121104122012
151f1903151f19031f201f
19231b0119231b01232023
151c1500151c15001c201c
0f140f000f140f00142014
070b0901070b09010b200b
0501030505010305050005
100b000b100b000b10300f
1810001018100010183016
1e1400141e1400141e301c
251b0317251b0317253023
2c20041a2c20041a2c3029
2e20021e2e20021e2e302b
3323012133230121333030
3222002232220022323030
2f1d03212f1d03212f302b
2d1e011e2d1e011e2d302a
291d0319291d0319293026
241d0813241d0813243022
211f0d0d211f0d0d213021
1d1c0d0a1d1c0d0a1d301d
21200f0c21200f0c213022
2a2812102a2812102a302b
3330151433301514333034
3734171637341716373038
3531151535311515353035
2e2a10142e2a10142e302e
221b0613221b0613223021
170d0311170d0311173015
1008040e1008040e103010
0b04050a0b04050a0b300a
0601080906010809090009
06030a0b06030a0b0b000b
03070d0b03070d0b0d100d
040f1209040f1209121011
0a1718090a171809181018
0d1a1b0a0d1a1b0a1b101b
0f1d1d090f1d1d091d101e
101e1c08101e1c081e201f
0c1818080c181808181019
87205d9687205d96960099
7421447b7421447b7b007f
7f4511617f4511617f3077
7c5912457c5912457c3070
553f0f2f553f0f2f55304e
2512091e2512091e253022
203e4014203e4014401041
5b8d7b155b8d7b158d208e
3b56490e3b56490e562057
15071f1f15071f1f1f001f
7d3d256d7d3d256d7d307c
ffd017b4ffd017b4ff3113
ffd305dbffd305dbff3130
c213a6efc213a6efef00ef
40a0fffa40a0fffaff1128
23b1ffe723b1ffe7ff1123
4d56cfba4d56cfbacf10cc
b2375eadb2375eadb230b5
ff7e54e8ff7e54e8ff3108
ff48b0ffff48b0ffff0142
ff60a1ffff60a1ffff0150
ffe902e5ffe902e5ff3146
fff76369fff76369ff310c
6d7947156d79471579207a
0b1d23110b1d2311231021
0a1126210a112621261025
0425362304253623361032
16343a1816343a183a1039
172b290b172b290b2b202c
0101030301010303030003
2d4335052d433505432043
51806d1251806d12802081
4a8982254a89822589208d
0e4d663b0e4d663b661061
4108375041083750500050
773d1d63773d1d63773074
8d52156e8d52156e8d3089
925d0a69925d0a6992308c
8e6508598e6508598e3086
7b5b0d497b5b0d497b3074
4b2a0b3a4b2a0b3a4b3047
0f172f290f172f292f102f
1940451c1940451c451045
1f484b1c1f484b1c4b104d
0a3748290a374829481044
19153b3919153b393b103c
3b0d29433b0d2943430044
4a17284b4a17284b4b004e
4c0f36574c0f3657570058
56133a6156133a61610062
5e222c5e5e222c5e5e0063
5329154753291547533051
3521012335210123353030
100c0406100c040610300d
0d0c05060d0c05060d300d
2124150821241508242024
3a462e083a462e08462046
5771510557715105712071
6588670265886702882088
5e8266065e826606822082
506c5202506c52026c206c
4353390743533907532053
38391e1138391e1139203b
281d0419281d0419283026
19070f1b19070f1b1b001b
061120190611201920101e
0a222a160a222a162a1028
1124250e1124250e251026
1a1f14031a1f14031f201f
2e1e001e2e1e001e2e302a
502912415029124150304c
7b411b657b411b657b3078
9a4d2a839a4d2a839a3097
9b3949999b3949999b30a3
902260a2902260a2a200a5
80195c9580195c95950097
6116416e6116416e6e0070
25051f2f25051f2f2f002f
281f0619281f0619283027
643b0e4f643b0e4f643062
6f3423646f3423646f3070
470b3757470b3757570057
01293d2b01293d2b3d103b
40482a1040482a10482049
6649084166490841663061
713e135a713e135a71306d
6d351d5d6d351d5d6d306b
5f2c1b525f2c1b525f305d
4f2713414f2713414f304b
442906314429063144303f
3f2f07253f2f07253f303b
3a33121b3a33121b3a3039
2f2e17102f2e17102f3030
24281a0624281a06282028
1f271d011f271d01272027
1b241b001b241b00242024
1b241b001b241b00242024
1b241b001b241b00242024
151c1500151c15001c201c
0d130f010d130f01132013
0307070303070703071007
0b0801060b0801060b300a
1614080a1614080a163016
1a15060d1a15060d1a3018
1b1403101b1403101b3019
1f1703131f1703131f301d
211701152117011521301f
1f1303171f1303171f301d
1b0d07171b0d07171b301a
180b0815180b0815183017
1508091415080914153015
0f010d130f010d13130013
0c010e110c010e11110011
09030d0f09030d0f0f000f
05060d0c05060d0c0d100d
03050b0903050b090b100a
0203080702030807081007
01080b0601080b060b100a
0913130709131307131014
111d1b07111d1b071d201d
15201b0415201b04202020
131b1501131b15011b201b
0f140f000f140f00142014
090c0900090c09000c200c
0103030101030301031003
0806020408060204083007
0f0c03080f0c03080f300e
1510030c1510030c153014
1e1704111e1704111e301c
251b0317251b0317253023
2a1d021b2a1d021b2a3027
2f21031d2f21031d2f302b
3021021f3021021f30302d
2e1f001f2e1f001f2e302b
2e22041c2e22041c2e302c
2b2309172b2309172b3029
27230d1127230d11273026
2423100d2423100d243025
1e1d0e0b1e1d0e0b1e301f
1f1d0d0b1f1d0d0b1f301f
2524110e2524110e253026
2f2d15112f2d15112f3030
34341a1234341a12342037
3333191133331911332035
2c2a14102c2a14102c302c
211c0910211c0910213020
160f000f160f000f163015
120b020d120b020d123011
0d06050c0d06050c0d300d
08020a0c08020a0c0c000c
06030a0b06030a0b0b000b
03050b0903050b090b100a
050d0f07050d0f070f100e
0d1715050d171505172017
101b1805101b18051b201b
111c1906111c19061c201c
121d1a05121d1a051d201d
0f1815040f181504182018
ff2addffff2addffff0150
ff35cdffff35cdffff014f
ff747fffff747fffff3138
ff8843e0ff8843e0ff3106
c65942adc65942adc630c2
881d6099881d609999009b
443c9c96443c9c969c10a1
0789cd8f0789cd8fcd10c6
2f3e877a2f3e877a871088
6c4508516c4508516c306a
1813021118130211183019
959c592c959c592c9c20a2
c9c0594cc9c0594cc930ce
4804405a4804405a5a005a
32aace6832aace68ce10c7
2699c46d2699c46dc410bb
1f2e675a1f2e675a671065
5f2527515f2527515f3059
82293c7d82293c7d823083
951865b0951865b0b000b1
e79409a4e79409a4e730dc
ffff986fffff986fff2159
ffffa84bffffa84bff2141
9b983f3e9b983f3e9b30a4
4733032f4733032f473045
2d2207182d2207182d3029
24281a0624281a06282028
232d2301232d23012d202d
1c251e011c251e01252025
0101010101010101010001
3746310437463104462046
6988610669886106882088
7299720172997201992099
3e6458103e645810642065
13112d2b13112d2b2d102e
5227184752271847523051
7a46125e7a46125e7a3075
975f0b6d975f0b6d973090
a66e0472a66e0472a6309e
9e66066e9e66066e9e3096
743c1a60743c1a60743071
3601344736013447470047
0130452c0130452c451041
1f494d1d1f494d1d4d104e
1b454b1f1b454b1f4b104b
07263f2e07263f2e3f103b
3001304130013041410041
450b3551450b3551510051
4802445e4802445e5e005e
570d4367570d4367670067
6c2b2c676c2b2c676c306f
74480a5674480a56743070
5c480e345c480e345c3058
2a230a132a230a132a3027
0205040102050401052005
1d2011081d201108202020
3d43270f3d43270f432044
6473481364734813732074
778d5b13778d5b138d208e
6f8355116f835511832084
5b653d135b653d13652066
4b49231b4b49231b4b304d
3f310b233f310b233f303c
30190a2730190a2730302e
24071a2924071a29290029
13112d2b13112d2b2d102e
0920392c0920392c391036
091b3329091b3329331031
0c0b1e1d0c0b1e1d1e101f
0401020504010205050005
1805101b1805101b1b001b
461d1a3f461d1a3f463045
6d2b2d676d2b2d676d306f
8020508c8020508c8c008f
8d1c63a28d1c63a2a200a4
982a5ca4982a5ca4a400a9
983f3e91983f3e9198309e
7e451a677e451a677e307b
3b23092d3b23092d3b3039
1211080912110809123013
3b2d09253b2d09253b303a
312a0f1a312a0f1a313031
03131f1503131f151f101c
460b3453460b3453530053
7c2544837c254483830088
98354897983548979830a0
9d3d41959d3d41959d30a1
9240328492403284923092
7f3c256c7f3c256c7f307b
6c371a596c371a596c3068
65390f4d65390f4d65305f
603e0242603e024260305a
543c0634543c063454304f
42340c2442340c2442303f
342e1216342e1216343032
2828160c2828160c282029
2226180622261806262026
1e251a031e251a03252025
171d1501171d15011d201d
0f140f000f140f00142014
0608060006080600082008
0505030105050301052005
0f1009040f100904102010
1313090713130907132014
1411060914110609143013
1815080b1815080b183017
1a14040e1a14040e1a3018
1910011219100112193018
190e0514190e0514193018
180b0815180b0815183017
16080a1616080a16160017
12040c1412040c14140014
0e010c110e010c11110011
0a010c0f0a010c0f0f000f
0701090b0701090b0b000b
0403080704030807081007
0304090803040908091008
01080d0a01080d0a0d100c
0713150907131509151015
0f1c1b080f1c1b081c201d
111d1b07111d1b071d201d
0f1815040f181504182018
0d120d000d120d00122012
0a0b06030a0b06030b200b
0605020306050203063005
0102010001020100022002
0908030409080304093008
0f0d05070f0d05070f300e
1612060a1612060a163014
1b15050f1b15050f1b3019
221a0414221a0414223020
281f0617281f0617283026
2a2006182a2006182a3028
2a2006182a2006182a3028
2d250b172d250b172d302b
2d2911132d2911132d302d
2928130e2928130e29302a
2425140b2425140b252026
1e1f10091e1f10091f2020
1b1c0f081b1c0f081c201d
2021120920211209212022
282b180b282b180b2b202c
30331c0d30331c0d332034
31341d0e31341d0e342035
2a2b160d2a2b160d2b202c
1e1c0c0c1e1c0c0c1e301e
1510030c1510030c153014
120b020d120b020d123011
0f06050e0f06050e0f300f
0900090c0900090c0c000c
0601080906010809090009
0304090803040908091008
030c0f08030c0f080f100e
0b1413060b141306142014
111b1703111b17031b201b
141c1602141c16021c201c
131b1501131b15011b201b
1217100112171001172017
ff1bfbffff1bfbffff016f
ff4dd0ffff4dd0ffff0171
ffb85dffffb85dffff3168
ffc728f5ffc728f5ff313b
f26662dcf26662dcf230f2
bb0ab5f6bb0ab5f6f600f6
9635e4ff9635e4ffff010a
6051cccd6051cccdcd00dc
5b075d735b075d73730073
7f6817427f6817427f307b
4f3c01364f3c01364f3050
3f7571233f75712375207a
77a5790177a57901a520a5
080a1a1a080a1a1a1a001b
69ab8f1b69ab8f1bab20ad
5d855f035d855f03852085
1e0916231e091623230024
0d21433b0d21433b431043
2a00323a2a00323a3a003a
22225c4e22225c4e5c1055
3ac4ea7c3ac4ea7cea10e7
9dffff749dffff74ff2158
a8ffd61da8ffd61dff210a
817c313c817c313c813089
6f3d175d6f3d175d6f306f
683a1252683a1252683064
583b0239583b0239583052
45370f2345370f23453041
2f2a11142f2a11142f302e
0b0601080b0601080b300a
313d2905313d29053d203d
6e8254126e825412822083
879e6518879e65189e209f
64784e1064784e10782079
1d2d25051d2d25052d202d
210d0d1f210d0d1f213021
4e2f08394e2f08394e3049
774d0553774d0553773071
9964056a9964056a993091
a4680a76a4680a76a4309d
8d4e19708d4e19708d3088
592029585920295859305d
1c1236361c123636360038
173b3f19173b3f193f1040
2b483f0c2b483f0c482048
1b35330f1b35330f352037
0a12241e0a12241e241022
2004263020042630300030
27042b3827042b38380038
330c1f36330c1f36360037
492d0735492d0735493045
66581a3466581a34663066
68642a2a68642a2a68306c
3d38151a3d38151a3d303d
0d06050c0d06050c0d300d
11150f0111150f01152015
353a210e353a210e3a203b
646e4018646e40186e2070
7f8c531e7f8c531e8c208f
7b8247227b824722822086
645f2a27645f2a27643066
53410f2d53410f2d53304f
462c0432462c0432463042
3917173539171735393039
2d0329392d032939390039
1f153f3f1f153f3f3f0042
19234f4519234f454f104d
231949492319494949004d
35042f4435042f44440044
391c1132391c1132393039
2519011925190119253023
0006080400060804081007
20031a2720031a27270027
3702334837023348480048
500d3e5f500d3e5f5f005f
6f28356e6f28356e6f3075
8f5019728f5019728f308b
996d0763996d0763993093
70560e4270560e4270306c
2717071d2717071d273025
1325250913252509251026
244a4a16244a4a164a104d
084f6e43084f6e436e1067
382e7c7a382e7c7a7c1082
7d0673a27d0673a2a200a2
a83060b2a83060b2b200b8
b84a48acb84a48acb830bb
b4583098b4583098b430af
9f5029849f5029849f309a
8b402d7a8b402d7a8b3089
8741277587412775873085
884c166a884c166a883082
7d4e07587d4e07587d3075
6846024468460244683061
533d0931533d093153304e
3f340f203f340f203f303d
312e1512312e1512313031
2629180926291809292029
1b2015041b201504202020
11150f0111150f01152015
0608060006080600082008
0304030003040300042004
0b0d09010b0d09010d200d
0f110b030f110b03112011
0f1009040f100904102010
12130a0512130a05132013
1211080712110807123012
110d0309110d030911300f
120c000c120c000c123010
1209040f1209040f123011
1207081112070811123012
1106091211060912120012
0f0409100f040910100010
0b01090d0b01090d0d000d
0a02080c0a02080c0c000c
0701090b0701090b0b000b
04060c0a04060c0a0c100b
01090f0b01090f0b0f100e
0512170c0512170c171015
0c1b1c0b0c1b1c0b1c101d
0d1a19080d1a19081a201b
0c1412040c141204142014
0b0e0b000b0e0b000e200e
0909050309090503092009
0706010407060104073007
0201020302010203030003
0304030003040300042004
0a0a04040a0a04040a200a
100f0607100f0607103010
1410040a1410040a143012
1b15050f1b15050f1b3019
241c0614241c0614243022
281e0418281e0418283026
2b20051a2b20051a2b3029
30280c1830280c1830302e
312f1513312f1513313032
2c2d180d2c2d180d2d202e
2428180824281808282028
1d2115051d211505212021
181c1204181c12041c201c
1b1f13051b1f13051f201f
2428180824281808282028
2d301b0c2d301b0c302031
31341d0e31341d0e342035
2c2c160e2c2c160e2c202e
1f1c0b0e1f1c0b0e1f301f
1710010e1710010e173015
120a020e120a020e123011
0f08030c0f08030c0f300e
0903050909030509090009
0600060806000608080008
0304090803040908091008
030b0d07030b0d070d100d
0911110509111105111011
1119150311191503192019
131b1501131b15011b201b
1419120114191201192019
12150e0312150e03152015
d71aabffd71aabffff0105
ff7451e4ff7451e4ff30ff
fffe3faafffe3faaff3131
fff75d75fff75d75ff3111
994f2175994f217599308d
5d35adb15d35adb1b100b8
742fc0db742fc0dbdb00df
841c62a0841c62a0a000a2
6a4d02396a4d02396a305f
6160291e6160291e613064
4d30053e4d30053e4d304e
14474e2f14474e2f4e1055
5c602c225c602c22602065
2a205a622a205a62620067
297d8b49297d8b498b1090
38360e1c38360e1c38303c
333d978b333d978b971097
6c3cccd46c3cccd4d400dc
b412d4ffb412d4ffff0102
a85affffa85affffff0144
5bd7ffff5bd7ffffff1193
1ce0ffff1ce0ffffff115d
0474a86a0474a86aa8109d
3226042832260428323037
6f2f2b6b6f2f2b6b6f3074
8c4d1a718c4d1a718c3088
8557035b8557035b85307d
6a4e0c3e6a4e0c3e6a3063
49390d2749390d27493045
1f1303171f1303171f301d
1d2d27071d2d27072d202d
5e724c0c5e724c0c722072
85975b1d85975b1d972099
7981472379814723812085
4443201944432019443047
0c0b04050c0b04050c300c
1f1603121f1603121f301c
4731032d4731032d473042
704c024a704c024a70306a
8d5e01608d5e01608d3086
8c580a668c580a668c3086
6d3c15586d3c15586d306a
38121e3a38121e3a3a003c
051e2716051e2716271025
2f3b27072f3b27073b203b
37391d1337391d1339203c
23220f0e23220f0e233024
0f1007040f100704102010
0402080604020806081006
031721150317211521101f
0d2c371e0d2c371e371035
2d514b152d514b15512053
45634b0345634b03632063
323c240a323c240a3c203c
120c020e120c020e123012
010a0f0a010a0f0a0f100e
232d2101232d21012d202d
55633f0f55633f0f632064
77854f1b77854f1b852087
787b4025787b40257b2080
6458202e6458202e643063
543b0435543b043554304f
49270f3b49270f3b493046
3f1323413f132341410043
3304394833043948480048
271c5150271c5150511054
232b6359232b6359631062
321e6062321e6062620066
520a4666520a4666660066
692c2962692c296269306b
622f1c55622f1c55623061
4923153f4923153f493048
311c0926311c092631302f
1c17060f1c17060f1c301b
00090e0900090e090e100c
2916092229160922293028
5e4a0e365e4a0e365e305b
877a2d3e877a2d3e873088
7c712a377c712a377c307d
412e012a412e012a41303e
0221342302213423341030
27636b2b27636b2b6b106b
277f9347277f9347931091
0e5b946d0e5b946d94108d
5912738a5912738a8a008b
912f4993912f499393009a
aa5a248aaa5a248aaa30a4
ac6b0e7bac6b0e7bac30a3
995a1372995a1372993091
8640267286402672863082
8943257589432575893086
965912719659127196308f
926102639261026392308a
7f5a07507f5a07507f3078
694e0b3e694e0b3e693063
55430f2f55430f2f553051
453d171f453d171f453044
3332191033321910333034
2125170721251707252025
1418100214181002182018
0608060006080600082008
0304030003040300042004
090c0900090c09000c200c
0c100c000c100c00102010
0c100c000c100c00102010
0e110c010e110c01112011
0d0f09030d0f09030f200f
0c0b04050c0b04050c300c
0c0902070c0902070c300b
0c0702090c0702090c300b
0c05040b0c05040b0c300c
0e06040c0e06040c0e300d
0d06050c0d06050c0d300d
0a03060b0a03060b0b000b
0a02060a0a02060a0a000a
0700070a0700070a0a000a
03050b0903050b090b100a
010b0f09010b0f090f100e
0613160b0613160b161015
0b191b0b0b191b0b1b101b
0b1617080b161708171017
09100f0409100f04102010
070b0901070b09010b200b
0608060006080600082008
0505030105050301052005
0302010203020102033002
0001020100010201021001
0707050107070501072007
0c0b04050c0b04050c300c
100b000b100b000b10300f
1810001018100010183016
211803142118031421301f
261b0417261b0417263023
2a2108172a2108172a3028
302b1015302b101530302f
34341a1234341a12342037
30331c0d30331c0d332034
272b1909272b19092b202b
1f2315071f231507232023
1a1c10061a1c10061c201c
1b1c0f081b1c0f081c201d
2424120c2424120c242025
2d2d170f2d2d170f2d202f
3333191133331911332035
2e2c14122e2c14122e302f
231d0911231d0911233021
1811020f1811020f183016
120c000c120c000c123010
0f0c03080f0c03080f300e
0806020408060204083007
0200020202000202020002
0205060302050603061005
0509090305090903091009
0a100e020a100e02102010
1118130211181302182018
1219140112191401192019
1218120012181200182018
0f140f000f140f00142014
8332398083323980833089
bca84054bca84054bc30bb
ffffd41dffffd41dff213c
caffe010caffe010ff211c
1b3f4d251b3f4d254d1049
5c6e3c185c6e3c186e2070
2d3f33072d3f33073f203f
465a2c14465a2c145a205c
6371351963713519712073
552c1744552c1744553050
5e0d4c7b5e0d4c7b7b007b
4301456543014565650065
0c0d04010c0d04010d200d
0139554501395545551059
0c2732210c273221321033
084a6e50084a6e506e106c
1c9fffc31c9fffc3ff10fb
7876ffff7876ffffff112e
cc49ffffcc49ffffff0160
be88ffffbe88ffffff019e
8db3ffff8db3ffffff119d
8653ffff8653ffffff0119
7f3539797f3539797f3084
3045340930453409452045
440d3253440d3253530054
8a5310698a5310698a3085
9a6e08629a6e08629a3093
8768134e8768134e873082
644d1037644d103764305e
3522012435220124353031
061b2213061b2213221021
475b4103475b41035b205b
77844f1c77844f1c842086
7e7f402b7e7f402b7f2086
5a5220285a5220285a305b
2a2006182a2006182a3028
0301050503010505050005
1e18080e1e18080e1e301b
41330d2341330d2341303d
634d1137634d113763305e
725710437257104372306d
694e0b40694e0b40693064
4530012e4530012e453042
0f040b120f040b12120012
22200e0e22200e0e223022
3e3008263e3008263e303d
3f2b012b3f2b012b3f303c
2f1a05222f1a05222f302a
12081a1c12081a1c1c001d
012a3d26012a3d263d1038
0037563b0037563b561050
0645664306456643661060
154b5d31154b5d315d1059
0f2a2f140f2a2f142f102e
0305030103050301052005
00070c0900070c090c100b
16221e0616221e06222022
44553c0544553c05552055
6977491569774915772078
6e6e36266e6e36266e2074
614e1334614e133461305d
5533093f5533093f553051
4e211c474e211c474e304e
440d304d440d304d4d004e
360c4854360c4854540054
2a235e5b2a235e5b5e1061
23336f6123336f616f106d
3229706b3229706b701072
5c025a7a5c025a7a7a007a
84303c8284303c8284308a
8b3f2d7b8b3f2d7b8b308a
7a372a6d7a372a6d7a307a
6a2c2a626a2c2a626a306b
5e2824585e2824585e3060
4d211d474d211d474d304e
25051d2d25051d2d2d002d
1a312e0d1a312e0d312032
5c693c155c693c1569206b
726c2a32726c2a32723077
5433083f5433083f543051
191b3f3b191b3f3b3f1040
2669743326697433741074
479697344796973497109e
2776874027768740871086
21204f4c21204f4c4f1052
5f33134d5f33134d5f305c
81681b4481681b4481307c
85772f3985772f39853083
6d5e21326d5e21326d306a
533b0533533b053353304d
593c013c593c013c593054
765b1045765b1045763072
846e2044846e2044843081
7b6a233a7b6a233a7b3078
67591d3167591d31673065
594d192b594d192b593058
514c1f22514c1f22513053
3f3f1f153f3f1f153f2042
292c190a292c190a2c202d
181c1204181c12041c201c
0809060108090601092009
0304030003040300042004
090c0900090c09000c200c
0c100c000c100c00102010
0c100c000c100c00102010
0c100c000c100c00102010
0b0d09010b0d09010d200d
0908030409080304093008
0a0700070a0700070a3009
0b0601080b0601080b300a
0904030809040308093008
0a0602080a0602080a300a
0b0503090b0503090b300a
0a03060b0a03060b0b000b
0a02080c0a02080c0c000c
0900090c0900090c0c000c
06040c0c06040c0c0c000c
000b100b000b100b10100f
0713150907131509151015
0c1716070c171607172018
0a1312050a131205132013
080d0c03080d0c030d200d
0609080106090801092009
0608060006080600082008
0304030003040300042004
0103030101030301031003
0101030301010303030003
0706010407060104073007
0a0600060a0600060a3008
0c06020a0c06020a0c300b
140d000d140d000d143012
1b1403101b1403101b3019
201a0612201a061220301f
27230d1127230d11273026
2d2c15102d2c15102d302e
34371e0f34371e0f372039
3338210c3338210c382039
292d1b09292d1b092d202d
2124150821241508242024
1b1b0d091b1b0d091b201c
1b190b0b1b190b0b1b301b
23210f0d23210f0d233023
2b2b150f2b2b150f2b202d
3231181132311811323033
2e2c14122e2c14122e302f
24200c1024200c10243023
1815080b1815080b183017
1110070611100706113011
0d0f09030d0f09030f200f
070a0700070a07000a200a
0101030301010303030003
0706010407060104073007
0909050309090503092009
0e110c010e110c01112011
1218120012181200182018
1218120012181200182018
1218120012181200182018
0f130d010f130d01132013
5350252253502522533056
a1e1b109a1e1b109e120e1
e7ffff39e7ffff39ff216d
a6ffff50a6ffff50ff213c
1257946912579469941088
b65f329db65f329db630b7
bd583db2bd583db2bd30c6
3a23666f3a23666f6f0074
202f1e05202f1e052f202f
35266f6e35266f6e6f1074
6b24a5ba6b24a5baba00bd
b53277d0b53277d0d000d5
c76639aac76639aac730c6
a14d2d83a14d2d83a13097
5d19778b5d19778b8b008d
1299e6a91299e6a9e610e3
0cccffb20cccffb2ff110e
1ba3ffb91ba3ffb9ff10f6
448affe4448affe4ff110a
4b9dffff4b9dffffff1135
5a73fff35a73fff3ff110c
921a76ae921a76aeae00af
c1a22568c1a22568c130c0
8e9b54278e9b54279b209f
0d2329150d232915291028
5e44043e5e44043e5e305c
8f741d4e8f741d4e8f308b
927c2848927c284892308f
726220367262203672306f
40320a2440320a2440303d
0707111107071111110012
36412c0736412c07412041
696d3b1f696d3b1f6d2071
7b77372f7b77372f7b307f
685b2031685b2031683067
413209264132092641303e
1d1005161d1005161d301b
00090e0900090e090e100c
1c2218021c221802222022
393e250e393e250e3e203f
4e512c174e512c17512054
51542b1a51542b1a542057
3f4121153f412115412044
1a1d10071a1d10071d201d
0f04070e0f04070e0f300e
311e0324311e032431302e
4332092a4332092a433041
3532191435321914353035
0108110e0108110e111010
3935131d3935131d39303c
4553370b4553370b532053
31504b1431504b14502052
183b4621183b4621461043
0116271a0116271a271022
0f0609100f060910100011
0f0b01090f0b01090f300e
1c1e12061c1e12061e201e
404a300a404a300a4a204a
5e653a175e653a17652067
645c262a645c262a643065
5d41053b5d41053b5d3057
5429164754291647543051
4f1b274f4f1b274f4f0053
45073b5545073b55550055
3613525b3613525b5b005c
2a2866602a286660661068
2138756421387564751072
2a3374692a337469741074
4e09586f4e09586f6f006f
79322d7079322d7079307a
874b1769874b1769873081
7a3c22667a3c22667a3076
70273a7170273a71710077
7b2647827b264782820087
852d4589852d4589890090
7322417a7322417a7a007e
39053d5139053d51510051
1834321218343212342037
5244122e5244122e523052
592d174f592d174f59305a
2e0838462e083846460046
20545a2620545a265a105c
6190730a6190730a902090
5d7d5d015d7d5d017d207d
1d261d001d261d00262026
2935250329352503352035
5471540154715401712071
5b856d0b5b856d0b852085
3b68631c3b68631c68206b
1137432311374323431041
102c3218102c3218321032
364f4005364f40054f204f
57704f0657704f06702070
596f4b09596f4b096f206f
4c58360e4c58360e582059
484c2816484c28164c204f
50522a1a50522a1a522056
474a2716474a27164a204d
32341c0e32341c0e342035
1e2012081e201208202020
0c0c06040c0c06040c200c
0102010001020100022002
0a0b06030a0b06030b200b
0f110b030f110b03112011
0e110c010e110c01112011
0c100c000c100c00102010
090c0900090c09000c200c
0505030105050301052005
0605020306050203063005
0706010407060104073007
0604000406040004063005
0805000508050005083007
0703030707030307070007
0801060908010609090009
0901070b0901070b0b000b
0900090c0900090c0c000c
06040c0c06040c0c0c000c
01090f0b01090f0b0f100e
0610120806101208121011
0c1412040c141204142014
0c110e010c110e01112011
090c0900090c09000c200c
0608060006080600082008
0607040106070401072007
0404020204040202042004
0505030105050301052005
0103030101030301031003
0604000406040004063005
0703030707030307070007
0904030809040308093008
0f0b01090f0b01090f300e
1511050b1511050b153014
1d19090d1d19090d1d301c
25230f0f25230f0f253026
2d2d170f2d2d170f2d202f
3539210d3539210d39203a
343b240b343b240b3b203c
2a2f1c092a2f1c092f202f
2124150821241508242024
1a190c091a190c091a301a
1917090b1917090b193019
21200f0c21200f0c213022
2929150d2929150d29202b
2e2f180f2e2f180f2f2031
2d2c15102d2c15102d302e
25230f0f25230f0f253026
1c1b0c0b1c1b0c0b1c301d
14140a0614140a06142014
0f110b030f110b03112011
0b0d09010b0d09010d200d
0103030101030301031003
0605020306050203063005
0a0b06030a0b06030b200b
0f130d010f130d01132013
1218120012181200182018
1218120012181200182018
1218120012181200182018
0e110c010e110c01112011
346a6a20346a6a206a106e
9cffff499cffff49ff2124
d5ffff70d5ffff70ff2195
8cffff658cffff65ff2132
097097540970975497108c
76184c8076184c80800082
bc5d34adbc5d34adbc30c4
8c4d227b8c4d227b8c3091
3c4c30043c4c30044c204c
1382af6a1382af6aaf10a7
4067dabd4067dabdda10d7
d1239ff9d1239ff9f900fb
ff826cffff826cffff312f
ff5e83ffff5e83ffff311c
a41ccaf6a41ccaf6f600f7
3181ebc33181ebc3eb10e9
1c91b6671c91b667b610b1
53998d1b53998d1b99209b
77c4ad2077c4ad20c420c6
56b7c04d56b7c04dc010c6
044f825b044f825b821078
6f4017566f4017566f306b
ceba425eceba425ece30d0
d3c6515cd3c6515cd330da
6b5b1d356b5b1d356b3069
141d1601141d16011d201d
666936236669362369206e
828848288288482888208d
6c73401d6c73401d732076
3c4024103c402410402041
090c0702090c07020c200c
2c2a14102c2a14102c302c
5d5929235d5929235d305f
766d2e31766d2e31763077
6e5f20356e5f20356e306c
523f0c2f523f0c2f52304e
311d0725311d072531302f
1501171d1501171d1d001d
021a2618021a2618261023
1a3638141a363814381039
2d4b430f2d4b430f4b204c
364f4007364f40074f204f
31412d0331412d03412041
2025140920251409252026
0c0e08040c0e08040e200e
100b000b100b000b10300f
343a2210343a22103a203c
3a5e540e3a5e540e5e205f
09375f4709375f475f1059
702936737029367373007a
a76f0375a76f0375a730a1
96761c5296761c5296308f
5b4f21255b4f21255b3057
1b1d15031b1d15031d201d
0d0409100d040910100010
1a0f04151a0f04151a3019
26200a1226200a12263024
4143231341432313432045
5654281e5654281e563059
5a4812305a4812305a3056
5634084056340840563052
50211e4950211e49503050
4b142d504b142d50500052
4200425842004258580058
34195a5f34195a5f5f0062
2a2b6a632a2b6a636a106b
2039746320397463741072
2130675c2130675c671067
3900354a3900354a4a004a
583f0a33583f0a33583051
5b5321255b5321255b305a
462f022d462f022d463041
4007384f4007384f4f004f
61055d7f61055d7f7f007f
902162a5902162a5a500a8
a63952a9a63952a9a900b2
853537818535378185308b
3d181b3a3d181b3a3d303e
0f0c050a0f0c050a0f300f
3825022938250229383037
241a0418241a0418243023
2e280e162e280e162e302d
8774274287742742873085
9a781a589a781a589a3094
6331175363311753633060
1327493d1327493d491048
306f742b306f742b741077
4c96942e4c96942e96209c
2c7e92442c7e924492108f
123e725a123e725a72106d
2d1e5d5e2d1e5d5e5e0062
0f3b674f0f3b674f671062
1e6374391e637439741072
2f6465242f64652465106a
2b4a43102b4a43104a204b
31402f0231402f02402040
444d2e0f444d2e0f4d204e
484d2a15484d2a154d204f
3a3b1e133a3b1e133b203d
2625120d2625120d263027
1211080712110807123012
0302010203020102033002
0809060108090601092009
0e120c020e120c02122012
0f130d010f130d01132013
0c100c000c100c00102010
090b0701090b07010b200b
0404020204040202042004
0505030105050301052005
0505030105050301052005
0404020204040202042004
0504010205040102053004
0301010303010103030003
0301050503010505050005
0401060704010607070007
0601080906010809090009
04040a0a04040a0a0a000a
02070c0902070c090c100b
050c0d06050c0d060d100d
0a100e020a100e02102010
0c0f0a010c0f0a010f200f
0a0b06030a0b06030b200b
0908030409080304093008
0806020408060204083007
0606040206060402062006
0507050105070501072007
0104050201040502051004
0300030403000304040004
0601040706010407070007
0904030809040308093008
0e0900090e0900090e300c
130f030b130f030b133012
1b18090c1b18090c1b301a
2322110c2322110c233024
2b2f1b0b2b2f1b0b2f2030
333b2509333b25093b203b
333c2708333c27083c203c
2a301e082a301e08302030
2124150821241508242024
18190e0718190e07192019
16160c0616160c06162016
1c1f12071c1f12071f201f
2427160924271609272028
2a2c180c2a2c180c2c202d
2b2c170e2b2c170e2c202e
2625120d2625120d263027
1f1f0f0b1f1f0f0b1f2020
18180c0818180c08182019
12140c0412140c04142014
0c0f0a010c0f0a010f200f
0304030003040300042004
0304030003040300042004
090b0701090b07010b200b
10130c0310130c03132013
1519110315191103192019
1419120114191201192019
1218120012181200182018
0c100c000c100c00102010
0271a0670271a067a01098
9affff649affff64ff2149
dfffff58dfffff58ff218b
92ebce2992ebce29eb20ee
4b6449084b644908642064
1823180518231805232023
474115254741152547304a
848c4034848c40348c2095
84af7a0984af7a09af20af
70d5cc3f70d5cc3fd520de
1da6d77e1da6d77ed710d0
7d057fa97d057fa9a900a9
eb7d2bbdeb7d2bbdeb30e2
dd722fb4dd722fb4dd30d5
7207689372076893930093
13366b5813366b586b1067
2329250123292501292029
836d2547836d2547833082
e8f1804be8f1804bf120fc
c4e5941dc4e5941de520e6
3b584b0c3b584b0c582058
452e012c452e012c45303f
b3982f58b3982f58b330af
ebc93f79ebc93f79eb30ea
b68f1e69b68f1e69b630b1
3c1818363c1818363c303b
3252480c3252480c522052
6988610669886106882088
617b5509617b55097b207b
3a4932053a493205492049
1019160310191603192019
1e1602121e1602121e301c
504618265046182650304f
7163233571632335713070
73601d3a73601d3a733070
5e460a385e460a385e3059
42230e3542230e3542303f
2802263428022634340034
15193b3515193b353b103a
01324b3401324b344b1048
1042522c1042522c52104f
1b3f411b1b3f411b411044
2027160520271605272027
2a11162d2a11162d2d0030
3b141f403b141f40400043
2f0d19312f0d1931310032
103a441e103a441e441041
428e9030428e9030901095
0b75a1650b75a165a1109a
760b6495760b6495950095
d57c1da4d57c1da4d530cd
e0a00c90e0a00c90e030d7
a8801662a8801662a830a1
5643102d5643102d563050
1311090513110905133011
110d010d110d010d113012
2624100e2624100e263026
3a3c20103a3c20103c203e
48441e1c48441e1c483049
4a35062d4a35062d4a3045
4a27103d4a27103d4a3048
491b2147491b214749304b
440c324e440c324e4e004e
3a0846563a084656560056
2f1e5b5c2f1e5b5c5c0060
252b655d252b655d651066
1b3265561b326556651063
1c1e48441c1e484448104a
3220022432200224323030
455c4502455c45025c205c
345a5418345a54185a205d
09181d1009181d101d101c
0d2a31160d2a311631102f
153463501534635063105f
6003668760036687870087
a342439ea342439ea330ab
b2671c8bb2671c8bb230ad
87570b6187570b61873082
431d1d3d431d1d3d433043
0c2646340c264634461040
0a3e64480a3e644864105f
4e08586e4e08586e6e006e
ab503396ab503396ab30aa
d37325a9d37325a9d330cc
aa4e3296aa4e3296aa30a9
5003486550034865650065
155a6f38155a6f386f106a
56a29c2c56a29c2ca220a7
449ca640449ca640a610a8
06578a6106578a618a1082
3f2173793f21737979007d
392775773927757777007d
1146795c1146795c791073
0b4961390b49613961105c
11343d1c11343d1c3d103b
1e2e26061e2e26062e202e
383f260d383f260d3f2040
494a2718494a27184a204d
4241201742412017423044
2d2c15102d2c15102d302e
18170a0918170a09183018
0805000508050005083007
0308090403080904091008
0b110f030b110f03112011
0d130f010d130f01132013
0c0f0a010c0f0a010f200f
0909050309090503092009
0605020306050203063005
0607040106070401072007
0304030003040300042004
0303010103030101032003
0403000304030003043004
0300030403000304040004
0202040402020404040004
0203060502030605061005
0304090803040908091008
04050c0b04050c0b0c100c
04050c0b04050c0b0c100c
00080c0800080c080c100b
060c0c04060c0c040c100c
090c0900090c09000c200c
0909050309090503092009
0908030409080304093008
0707030307070303072007
070a0700070a07000a200a
0509090305090903091009
0004060400040604061005
0202040402020404040004
0300030403000304040004
0603020506030205063005
0a0700070a0700070a3009
110d0309110d030911300f
1917090b1917090b193019
2222100c2222100c222024
2d301b0c2d301b0c302031
363d260b363d260b3d203d
353d2709353d27093d203d
2a3120072a312007312031
2025180520251805252025
161b1203161b12031b201b
1217100112171001172017
171c1302171c13021c201c
1f2417061f241706242024
2629180926291809292029
282c1a0a282c1a0a2c202d
2428180824281808282028
1d2115051d211505212021
161b1203161b12031b201b
12160e0212160e02162016
0d100b020d100b02102010
0506050005060500062006
0403000304030003043004
0b0a05040b0a05040b300a
11120b0411120b04122012
161b1203161b12031b201b
151b1301151b13011b201b
1218120012181200182018
0c100c000c100c00102010
604ac8ca604ac8caca00d7
69ffff6d69ffff6dff1117
e8ffda0ce8ffda0cff2136
caa42a70caa42a70ca30c6
af4b399faf4b399faf30af
a54b2f93a54b2f93a530a5
4003365140033651510051
4c7258024c725802722072
add3871fadd3871fd320d5
cfffaf13cfffaf13ff2105
93c1870793c18707c120c1
1311010b1311010b133014
50877e1d50877e1d87208a
3f8f973b3f8f973b97109a
25295f5925295f595f1061
5c0b426b5c0b426b6b006b
55044b6c55044b6c6c006c
945b0263945b0263943086
ffff8e53ffff8e53ff211b
f4ffa833f4ffa833ff2119
64774e0d64774e0d772077
1a0b08151a0b08151a3017
7d6319417d6319417d3076
d2ad2e71d2ad2e71d230ce
daac2280daac2280da30d6
814b1363814b136381307c
082f4c37082f4c374c1048
4773611147736111732074
5a714c0b5a714c0b712071
484a2618484a26184a204d
292611122926111229302a
0104090601040906091007
3c2a00283c2a00283c303a
6f530b456f530b456f306b
835d0753835d075383307c
76470c5776470c57763070
5d2329595d2329595d305f
4501435b4501435b5b005b
3218545a3218545a5a005d
1e2a5c521e2a5c525c105c
0c3052400c305240521050
001d281d001d281d281029
0910231c0910231c231020
2b23615f2b23615f611065
690b5b89690b5b89890089
802d3e81802d3e81810088
2f2a6d642f2a6d646d106c
35acc96035acc960c910c4
1f9fc9731f9fc973c910c4
5c055c7d5c055c7d7d007d
be861074be861074be30b1
d6b83c66d6b83c66d630d2
b8a53857b8a53857b830ba
7c6c203e7c6c203e7c307c
3a2f0a1f3a2f0a1f3a3038
06030a0906030a090a1009
1a241a001a241a00242024
2c3422062c342206342034
35361d1035361d10362038
3225061d3225061d32302f
3317112d3317112d333032
3910233e3910233e3e0040
3a03364b3a03364b4b004b
330e4752330e4752520053
271f5553271f5553551058
1e27584f1e27584f581058
17244d4417244d444d104c
1f04252e1f04252e2e002e
3e4426103e442610442045
527a620c527a620c7a207a
35625d1c35625d1c622065
0d07191b0d07191b1b001b
4053380740533807532053
366a641e366a641e6a206e
142f5849142f5849581056
7536276a7536276a753076
b0770479b0770479b030a9
ad6d0f7dad6d0f7dad30a5
7d2843807d284380800086
432c8384432c838484008b
2c53a68b2c53a68ba610a1
582a949c582a949c9c00a1
ad3063b6ad3063b6b600bc
e57339c3e57339c3e530e2
d87b20a9d87b20a9d830d1
84441e6c84441e6c84307f
02324c3002324c304c1045
67a48d1667a48d16a420a5
70baa62270baa622ba20bd
2a7b8e432a7b8e438e108c
21336d6121336d616d106d
381a6068381a606868006b
22255c5522255c555c105c
0a2848360a284836481043
011c291a011c291a291026
1117110111171101172017
302a0e18302a0e18303030
4f4517274f4517274f304f
52491c2552491c25523051
3d3717193d3717193d303c
221e0c0e221e0c0e223021
0c0800080c0800080c300b
01080b0601080b060b100a
080f0e05080f0e050f200f
0a100e020a100e02102010
0b0d09010b0d09010d200d
0708050207080502082008
0607040106070401072007
0608060006080600082008
0304030003040300042004
0201000102010001023001
0300030403000304040004
0401060704010607070007
0401060704010607070007
0204080602040806081007
00070a0700070a070a1009
02070c0902070c090c100b
04040a0a04040a0a0a000a
0304090803040908091008
0308090403080904091008
0609080106090801092009
0608060006080600082008
0608060006080600082008
0609080106090801092009
080c0a02080c0a020c200c
050a0902050a09020a200a
0204040202040402041004
0002040200020402041002
0101030301010303030003
0502010405020104053004
0805000508050005083007
0d0b03070d0b03070d300d
1715090917150909173016
2121110b2121110b212022
2d301b0c2d301b0c302031
373f270b373f270b3f203f
36402a0836402a08402040
2a3322052a332205332033
1f271b031f271b03272027
171d1501171d15011d201d
1218120012181200182018
1419120114191201192019
1b2015041b201504202020
2227180722271807272027
272c1b08272c1b082c202c
252c1d06252c1d062c202c
1d2419021d241902242024
151c1500151c15001c201c
11150f0111150f01152015
0d100b020d100b02102010
070a0700070a07000a200a
0301010303010103030003
0a0b06030a0b06030b200b
0f130d010f130d01132013
151c1500151c15001c201c
151c1500151c15001c201c
1218120012181200182018
0c100c000c100c00102010
c506bdffc506bdffff010c
0e64a27c0e64a27ca2109f
a0984246a0984246a030a7
d3594bcbd3594bcbd330dd
e55067e2e55067e2e530ef
e6841eb0e6841eb0e630dc
8a60025c8a60025c8a3084
1a241e001a241e00242024
bbbb5945bbbb5945bb20c7
fffc6372fffc6372ff3114
f3aa079ef3aa079ef330e8
900394c5900394c5c500c5
339affda339affdaff110a
33a3ffe333a3ffe3ff1117
8536d3e68536d3e6e600ec
ae168cd6ae168cd6d600d7
9328559e9328559e9e00a2
a77f1b57a77f1b57a73099
ffffaf33ffffaf33ff2123
feffc429feffc429ff2131
80955e1780955e17952096
0c1310030c131003132013
45340b2445340b2445303f
9c7b1c559c7b1c559c3095
d5a11783d5a11783d530cf
b36b178bb36b178bb330af
4d0445644d044564640064
12404a2412404a244a1049
484e2a16484e2a164e2051
55420d3455420d34553054
4d3c0f2c4d3c0f2c4d304a
262c1e06262c1e062c202c
1f011d291f011d29290029
65390f4f65390f4f653061
89530d6589530d65893082
8543216f8543216f853081
6f203f746f203f74740078
5800587658005876760076
4713657347136573730074
381e666a381e666a6a006e
2e154e552e154e55550057
2e160e2a2e160e2a2e302f
2f5651162f565116562058
08658e5b08658e5b8e1087
5b0e718c5b0e718c8c008c
9f40459a9f40459a9f30a6
5a1b88955a1b8895950097
1ab3f2911ab3f291f210e6
139acd80139acd80cd10c8
541e1e4e541e1e4e543053
91aa731091aa7310aa20aa
89bf950d89bf950dbf20bf
769e7202769e72029e209e
6573411b6573411b732076
4741172147411721473048
190c0716190c0716193019
0e1b1a070e1b1a071b201b
242d2003242d20032d202d
292d1b09292d1b092d202d
201a0810201a081020301e
1b06111c1b06111c1c001c
2103252f2103252f2f002f
2908354029083540400040
2811424728114247470049
1f1b47451f1b474547104a
171e433c171e433c431043
1315332f1315332f331033
24110e2124110e21243025
51582f1651582f1658205a
7187571171875711872088
58653e1158653e11652066
0f020b120f020b12120012
3a6154113a615411612062
51836f1351836f13832084
204d501f204d501f501053
3f1a17383f1a17383f303d
8c61045b8c61045b8c3085
a25c1a7ea25c1a7ea2309c
851e5996851e5996960098
532b939b532b939b9b00a0
3251a8913251a891a810a6
42358e8942358e898e1092
811a5990811a5990900092
c6711e9bc6711e9bc630bf
e1a5138de1a5138de130d9
a9841960a9841960a930a3
2004282e2004282e2e002e
659b8311659b83119b209b
8ccfa8118ccfa811cf20cf
57998b2357998b2399209c
0c455a350c455a355a1057
1b153b3b1b153b3b3b003e
1a0f32331a0f3233330035
0e0f26230e0f2623261026
07050f0f07050f0f0f000f
0503090905030909090009
27110d2327110d23273026
543c0636543c0636543050
6654183666541836663063
53491b2553491b25533051
2e280e142e280e142e302c
120c000c120c000c123010
02060a0802060a080a100a
060d0e05060d0e050e100d
080d0c03080d0c030d200d
070b0901070b09010b200b
0608060006080600082008
0608060006080600082008
0608060006080600082008
0304030003040300042004
0000000000000000000000
0103030101030301031003
0003040300030403041004
0301050503010505050005
0105090701050907091008
00080c0800080c080c100b
00070a0700070a070a1009
0203060502030605061005
0102050401020504051004
0205060302050603061005
0407060104070601072007
0608060006080600082008
0609080106090801092009
060b0a03060b0a030b200b
060b0a03060b0a030b200b
0609080106090801092009
0304030003040300042004
0102010001020100022002
0102010001020100022002
0101010101010101010001
0402020404020204040004
0c0902070c0902070c300b
1513070915130709153015
1f20110a1f20110a202021
2c3220082c322008322032
35402b0635402b06402040
35422d0635422d06422042
2c3524052c352405352035
21291d0321291d03292029
181f1601181f16011f201f
1218120012181200182018
1218120012181200182018
171d1501171d15011d201d
1e251a031e251a03252025
242c1e04242c1e042c202c
252e1f04252e1f042e202e
1f271b031f271b03272027
171d1501171d15011d201d
0f140f000f140f00142014
0c100c000c100c00102010
090c0900090c09000c200c
0001020100010201021001
0a0b06030a0b06030b200b
12150e0312150e03152015
171d1501171d15011d201d
151c1500151c15001c201c
1218120012181200182018
0c110e010c110e01112011
d04b6ad9d04b6ad9d900e5
823d3a83823d3a83830090
0403140904031409141009
4b29033d4b29033d4b3049
7a7432327a7432327a307e
90bd820790bd8207bd20bd
5b9e851c5b9e851c9e20a0
2018383a2018383a3a003e
b5902b5cb5902b5cb530aa
ffd03886ffd03886ff30f7
e57337bde57337bde530dd
9320c3ea9320c3eaea00ec
4194ffec4194ffecff1116
2e96ffd02e96ffd0ff1100
692eadb8692eadb8b800bd
9d364da09d364da0a000a8
a472026ea472026ea4309e
b0b75c33b0b75c33b720bd
f0ffc21bf0ffc21bff2124
faffce20faffce20ff2131
93aa6b1c93aa6b1caa20ac
272a170a272a170a2a202b
1a13040d1a13040d1a3017
5d440b345d440b345d3055
a572056ca572056ca5309d
b86c1a92b86c1a92b830b5
873b3381873b338187308d
370b273f370b273f3f003f
1514070c1514070c153017
4b2f073b4b2f073b4b304b
6955133d6955133d693068
575b2f1b575b2f1b5b205e
1427240d1427240d272029
3720052837200528373033
5e470e375e470e375e3059
5e430a395e430a395e3057
4125052f4125052f41303b
2000202820002028280028
10193a3110193a313a1037
16204c4216204c424c1049
2e053c492e053c49490049
5742073857420738573056
77905b1277905b12902091
5f977d155f977d15972098
072f4d37072f4d374d1048
652e255c652e255c653066
3f25797d3f25797d7d0082
20ade28520ade285e210da
0b6b95610b6b9561951090
606f4413606f44136f2070
82eadc4082eadc40ea20f2
4bc4dd684bc4dd68dd10dd
1c7696541c769654961090
2050562220505622561056
293b2d01293b2d013b203b
15190f0515190f05192019
0f0f09050f0f09050f200f
2729170b2729170b29202a
292a170c292a170c2a202b
1a16080c1a16080c1a3019
0906111009061110111011
0516251c0516251c251023
10142e2a10142e2a2e102e
1614343216143432341035
1415343114153431341035
10122c2810122c282c102b
0f0a1f1e0f0a1f1e1f101f
2616061c2616061c263023
5b5421265b5421265b305c
877d3139877d3139873089
7c5c0c4c7c5c0c4c7c3077
3f0439523f043952520052
0c5674460c56744674106e
367a7e30367a7e307e1083
224f501d224f501d501054
1c03141d1c03141d1d001d
573b0337573b0337573050
70381c5e70381c5e70306d
640b547d640b547d7d007d
46257e8546257e8585008a
293d8575293d8575851083
292b695f292b695f691068
5010365850103658580059
966806609668066096308d
d1b73d65d1b73d65d130d1
c0aa3a5ac0aa3a5ac030c0
481f1c43481f1c43483049
458a892c458a892c8a2090
85d2b31e85d2b31ed220d4
66a38c1966a38c19a320a4
264c4a18264c4a184c204f
031421180314211821101f
0b0513150b051315150015
0900090c0900090c0c000c
080e0c02080e0c020e200e
041920130419201320101f
19051f2519051f25250025
4a3100334a3100334a3046
6c5e20346c5e20346c306b
625e2a26625e2a26623065
3935171539351715393039
1510030c1510030c153014
0402080804020808080008
040b0c05040b0c050c100c
060b0a03060b0a030b200b
060a0a02060a0a020a100a
0508070205080702082008
0407060104070601072007
0607040106070401072007
0404020204040202042004
0200020202000202020002
0204040202040402041004
0103030101030301031003
0103030101030301031003
0307070303070703071007
0308090403080904091008
0205060302050603061005
0001020100010201021001
0103030101030301031003
0205060302050603061005
0205060302050603061005
0408080204080802081008
060b0a03060b0a030b200b
060b0a03060b0a030b200b
0609080106090801092009
0608060006080600082008
0304030003040300042004
0201000102010001023001
0301010303010103030003
0202000202020002020002
0002020200020202020002
0907010509070105093008
1211080712110807123012
1e2012081e201208202020
2c3522072c352207352035
35412d0535412d05412041
35422f0435422f04422042
2b3727032b372703372037
212b1f01212b1f012b202b
1820180018201800202020
1218120012181200182018
1218120012181200182018
151c1500151c15001c201c
1b241b001b241b00242024
212b1f01212b1f012b202b
242d2003242d20032d202d
21281b0421281b04282028
191f1503191f15031f201f
1116110011161100162016
0b110f030b110f03112011
060c0c04060c0c040c100c
0202040402020404040004
0b0a05040b0a05040b300a
13170f0313170f03172017
181f1601181f16011f201f
151d1701151d17011d201d
1119150311191503192019
0a1312050a131205132013
6a4e00466a4e00466a3068
95680f6e95680f6e953097
87285f9887285f9898009d
6833bac36833bac3c300c9
3b8fffdd3b8fffddff1107
0ebeffce0ebeffceff1118
108edc9c108edc9cdc10d2
4517636d4517636d6d006f
a6801c5aa6801c5aa6309c
cfaf3b61cfaf3b61cf30c8
924524799245247992308b
4331878b4331878b8b0093
0375b17b0375b17bb110a9
15759d5715759d579d1091
17234f4317234f434f104b
614a093c614a093c61305f
95994733959947339920a1
bccf742fbccf742fcf20d4
feffb631feffb631ff2125
ffffc82cffffc82cff2135
a3b9731fa3b9731fb920bb
383718153837181538303a
0700090c0700090c0c000c
1e16040e1e16040e1e301a
5937053f5937053f593053
8d540f6c8d540f6c8d3088
975e0d72975e0d72973093
715307497153074971306e
2a311e072a311e07312031
2b0529392b052939390039
81530d6381530d63813081
a57d1365a57d1365a530a0
704b0447704b0447703067
1908212619082126260026
1d4145171d414517451044
245d6e2d245d6e2d6e1067
0d4c87640d4c876487107d
5c0b728f5c0b728f8f008f
8a343c888a343c888a3091
794b0153794b015379306f
2e200a142e200a142e3025
3e4e320c3e4e320c4e204e
88a8700e88a8700ea820a8
85a1671385a16713a120a2
3d401b1a3d401b1a402045
05080d0805080d080d100b
203e3a16203e3a163e2041
669a7e14669a7e149a209b
3631161536311615363035
4fb4b5464fb4b546b510c1
81ffff6981ffff69ff112d
3ecbf0793ecbf079f010ec
1251906f1251906f901089
1f21554d1f21554d551053
06253e2b06253e2b3e1038
021b281b021b281b281026
1a0c06161a0c06161a3019
2e2d180f2e2d180f2e302f
282e1e06282e1e062e202e
12160e0212160e02162016
060d0e05060d0e050e100d
1023240d1023240d241025
061f2817061f2817281026
0417261d0417261d261025
0910211c0910211c211020
0a0a1a180a0a1a181a101a
0c0616160c061616160016
200f0a1b200f0a1b20301e
523e0a2e523e0a2e52304d
825e0a50825e0a5082307b
88471e7188471e71883085
6106597e6106597e7e007e
2440847224408472841082
06597e5106597e517e1078
0735472907354729471043
11010d1111010d11110011
2a1d04172a1d04172a3025
3514153235141532353035
31083b4a31083b4a4a004a
2320535023205350531056
1528534615285346531050
151a3d36151a3d363d103b
2e0f182d2e0f182d2e302f
6b5a1b346b5a1b346b3067
b6ac4a48b6ac4a48b630ba
c3ac3b5cc3ac3b5cc330c3
692e2762692e276269306c
197495541974955495108f
63c0bb3a63c0bb3ac020c8
57998d2357998d2399209c
254745152547451547204a
02131a0f02131a0f1a1018
08010a0d08010a0d0d000d
0d0b03070d0b03070d300d
121d1a05121d1a051d201d
112729111127291129102a
07111f1907111f191f101e
3628062036280620363033
63622f2463622f24633068
686e3c1e686e3c1e6e2072
3f4223123f422312422044
1714070a1714070a173016
0600060806000608080008
02090c0702090c070c100b
03090b0503090b050b100a
040a0a04040a0a040a100a
0308090403080904091008
0205060302050603061005
0304030003040300042004
0404020204040202042004
0201000102010001023001
0304030003040300042004
0202020002020200021002
0304030003040300042004
0608060006080600082008
0609080106090801092009
0205060302050603061005
0300030403000304040004
0004060400040604061005
0106070401060704071007
0004060400040604061005
0308090403080904091008
060b0a03060b0a030b200b
0609080106090801092009
0608060006080600082008
0608060006080600082008
0304030003040300042004
0000000000000000000000
0000000000000000000000
0303010103030101032003
0404020204040202042004
0304030003040300042004
0d100b020d100b02102010
1a2016021a201602202020
2a3526032a352603352035
3443300334433003432043
3343310133433101432043
2a382a002a382a00382038
212b1f01212b1f012b202b
1920170219201702202020
1419120114191201192019
1218120012181200182018
151c1500151c15001c201c
1b241b001b241b00242024
20291e0120291e01292029
222b1e03222b1e032b202b
2127190521271905272027
1c2014061c201406202020
161b1203161b12031b201b
0e1410020e141002142014
060c0c04060c0c040c100c
0101030301010303030003
090c0900090c09000c200c
1118130211181302182018
16201a0216201a02202020
15201b0415201b04202020
0f1b19070f1b19071b201b
0913130709131307131014
370e4b5e370e4b5e5e005f
1908131a1908131a1a001b
5433a4ab5433a4abab00b2
7965ffff7965ffffff111f
6d87ffff6d87ffffff113b
4a82ffe84a82ffe8ff1109
3c4ab09a3c4ab09ab010aa
53074f6753074f67670067
a37c1160a37c1160a3309c
c7a22b6ac7a22b6ac730c1
7c4114637c4114637c3076
1e17363b1e17363b3b003f
2f3d25072f3d25073d203d
6655183b6655183b663067
503100395031003950304b
172f2309172f23092f202f
827f3435827f3435823089
d6c5545dd6c5545dd630d9
ffffaa55ffffaa55ff213c
ffffcf33ffffcf33ff214c
aac17421aac17421c120c3
4230022a4230022a42303f
28071e3328071e33330033
2313051d2313051d233022
0d0209100d020910100010
503806345038063450304c
7c6c263c7c6c263c7c307b
7d8447267d844726842089
4c705a084c705a08702070
0b3f694b0b3f694b691061
862158978621589797009a
eb8429c0eb8429c0eb30e8
d8732eafd8732eafd830d1
78145e8c78145e8c8c008d
3042948030429480941090
118ee19c118ee19ce110d2
3995ffdf3995ffdfff110c
b12ff9ffb12ff9ffff0124
ff539fffff539fffff0138
ffa135edffa135edff311e
be6d1889be6d1889be30af
0f3b67490f3b674967105d
56a4a03456a4a034a420ac
52816c1552816c15812082
2e25041f2e25041f2e3030
2d0133432d013343430043
6f3f19576f3f19576f306b
b2700e7eb2700e7eb230a8
810675aa810675aaaa00aa
0bbcffac0bbcffacff10fe
63ffff8563ffff85ff112d
44c0d65e44c0d65ed610d5
09426d4e09426d4e6d1066
2d083d482d083d48480048
200f383b200f383b3b003c
140f2a29140f2a292a102b
2318031623180316233020
2f3d2d012f3d2d013d203d
1f37330f1f37330f372039
02141c1202141c121c101a
1814060c1814060c183017
242c1e04242c1e042c202c
1b2923051b292305292029
0c1b1e0d0c1b1e0d1e101d
010e1710010e1710171015
0607100f0607100f101010
07060f0e07060f0e0f100f
13040d1413040d14140014
391f0b2b391f0b2b393035
6435145164351451643060
772c3574772c357477307c
64045e8464045e84840084
3c2776793c27767979007f
1d2d61551d2d6155611060
160e2c2a160e2c2a2c102c
160f000d160f000d163013
1310070613100706133011
0a020a0e0a020a0e0e000e
03131f1703131f171f101d
041d2819041d2819281026
061c2414061c2414241022
020f160d020f160d161013
140e000c140e000c143012
494823184948231849304b
928d4035928d4035923096
af8f255daf8f255daf30aa
76283c7a76283c7a7a0080
115d9d77115d9d779d1097
349db657349db657b610b3
387f8431387f8431841088
183b4019183b4019401040
00121c1200121c121c1019
0d0313150d031315150015
1c1202161c1202161c301c
2a2c180c2a2c180c2c202d
2531250125312501312031
0b1413060b141306142014
2123150721231507232023
4f5f3f0b4f5f3f0b5f205f
60734a0f60734a0f732073
414a2d0e414a2d0e4a204b
1a17080b1a17080b1a3019
0700070a0700070a0a000a
02070c0902070c090c100b
00070a0700070a070a1009
0308090403080904091008
0408080204080802081008
0205060302050603061005
0102050401020504051004
0003040300030403041004
0102030201020302031002
0403000304030003043004
0403000304030003043004
0505030105050301052005
0609080106090801092009
060b0a03060b0a030b200b
0107090501070905091008
0401060704010607070007
0303070703030707070007
0005080500050805081007
0004060400040604061005
0307070303070703071007
0609080106090801092009
0608060006080600082008
0608060006080600082008
0607040106070401072007
0403000304030003043004
0301010303010103030003
0201000102010001023001
0201000102010001023001
0404020204040202042004
0001020100010201021001
0c100c000c100c00102010
1820180018201800202020
2734270027342700342034
3344330033443300442044
3344330033443300442044
2a382a002a382a00382038
20291e0120291e01292029
1920170219201702202020
151b1301151b13011b201b
1218120012181200182018
151c1500151c15001c201c
1b241b001b241b00242024
1e271c011e271c01272027
21281b0421281b04282028
2126190621261906262026
1d2115051d211505212021
191e1304191e13041e201e
13170f0313170f03172017
0b0d09010b0d09010d200d
0000000000000000000000
0a0f0c010a0f0c010f200f
1119150311191503192019
15201b0415201b04202020
16221c0416221c04222022
121c1804121c18041c201c
0b110f030b110f03112011
b5405bbeb5405bbebe00c8
a1882158a1882158a130a1
69ad8f2169ad8f21ad20b0
2291b2652291b265b210b0
0971a56b0971a56ba5109b
014a7b52014a7b527b106e
131d493b131d493b491041
360c283c360c283c3c003d
8c6710538c6710538c3084
be9f3461be9f3461be30ba
7f661b467f661b467f307b
2232260022322600322032
331b5b5f331b5b5f5f0062
9a2e58aa9a2e58aaaa00b0
bc5e30a6bc5e30a6bc30be
5b281f525b281f525b305b
323d3009323d30093d203d
acc58223acc58223c520c8
fffff308fffff308ff2154
f9ffed02f9ffed02ff214e
96a3522d96a3522da320a9
520c4466520c4466660066
610b4f7d610b4f7d7d007d
7a480a5a7a480a5a7a3073
40320e1e40320e1e40303a
1d2419061d241906242024
5e7858065e785806782078
6fa487106fa48710a420a4
50978c2950978c2997209c
1e788c461e788c468c108a
432473784324737878007d
cc6c2eaccc6c2eaccc30cb
f17c45ccf17c45ccf130ee
b509b7f1b509b7f1f100f1
8e52ffff8e52ffffff0123
63a0ffff63a0ffffff1147
4ebbffff4ebbffffff114c
9b53ffff9b53ffffff0126
ff6687ffff6687ffff0131
fffc08f2fffc08f2ff315d
ffc410a4ffc410a4ff30ff
3f2479763f24797679107b
2799bf692799bf69bf10b9
0749674507496745671064
171f1903171f19031f201f
1825524918255249521051
751a4d80751a4d80800082
b43b56b3b43b56b3b430bc
8f0895ca8f0895caca00ca
128adea4128adea4de10d6
57cddd5757cddd57dd10de
619f911b619f911b9f20a1
2945410d2945410d452046
080e201c080e201c20101f
1506212615062126260026
1704111c1704111c1c001c
2730210427302104302030
2f534d152f534d15532055
16414c2516414c254c104a
110f2727110f2727270029
2e1f021d2e1f021d2e302a
35351b1135351b11352037
2b3321072b332107332033
18231c0318231c03232023
0511150b0511150b151014
05060f0e05060f0e0f100f
06040c0c06040c0c0c000c
08050e0d08050e0d0e100d
1901151d1901151d1d001d
380e223c380e223c3c003d
5010385c5010385c5c005d
4f014d6b4f014d6b6b006b
3c0d505f3c0d505f5f005f
2c0536412c053641410041
28130e2328130e23283027
231f0b0f231f0b0f233022
11120b0411120b04122012
0505010305050103052005
14160c0614160c06162016
1a1c10061a1c10061c201c
17160b0817160b08173017
100c020a100c020a10300f
02090c0702090c070c100b
2d331f072d331f07332033
6a642c286a642c286a306b
8a620a568a620a568a3082
681548796815487979007a
2349917b2349917b91108f
12729a5c12729a5c9a1092
1d5969311d596931691065
102d3415102d3415341031
03161f1203161f121f101c
0c0d201d0c0d201d20101f
281110272811102728302a
45370b2745370b27453043
433a1320433a1320433042
2516031a2516031a253022
07222b1807222b182b1029
345850143458501458205a
496b5709496b57096b206b
3648340236483402482048
16160a0816160a08162017
0700070a0700070a0a000a
0304090803040908091008
0005080500050805081007
0205060302050603061005
0407060104070601072007
0407060104070601072007
0004060400040604061005
0202060602020606060006
0301050503010505050005
0502010405020104053004
0605020306050203063005
0607040106070401072007
070b0901070b09010b200b
080c0a02080c0a020c200c
0408080204080802081008
0003040300030403041004
0101030301010303030003
0103030101030301031003
0304030003040300042004
0506050005060500062006
0608060006080600082008
0607040106070401072007
0707030307070303072007
0805000508050005083007
0601040706010407070007
0703030707030307070007
0603020506030205063005
0301010303010103030003
0504010205040102053004
0101030301010303030003
09100f0409100f04102010
15201b0415201b04202020
24342a0424342a04342034
3044360430443604442044
3043340330433403432043
28372a0128372a01372037
1e281e001e281e00282028
1820180018201800202020
151c1500151c15001c201c
1219140112191401192019
141d1803141d18031d201d
18221a0218221a02222022
1c241a021c241a02242024
20261a0420261a04262026
1f2619041f261904262026
1c2216041c221604222022
1a1e14041a1e14041e201e
15180f0415180f04182018
0d0f09030d0f09030f200f
0201000102010001023001
0c100c000c100c00102010
131b1501131b15011b201b
1720190217201902202020
18211a0118211a01212021
151b1301151b13011b201b
0d0f09030d0f09030f200f
aa6d0c7daa6d0c7daa30a5
e8dc5262e8dc5262e830f0
e2dc5658e2dc5658e230ec
b88e1270b88e1270b830b4
ac671283ac671283ac30a6
904f126f904f126f903088
5833043d5833043d58304f
180e020e180e020e183013
4659460346594603592059
7ab296107ab29610b220b2
46969838469698389810a0
07739d6307739d639d1097
266cbe96266cbe96be10b8
960092ca960092caca00ca
fb843dd6fb843dd6fb30fb
da7a32b2da7a32b2da30d7
5f1485925f148592920093
2fd8ff962fd8ff96ff1106
95ffff8b95ffff8bff116c
97ffdf3597ffdf35ff2106
663f0e51663f0e51663066
6034b0bc6034b0bcbc00c3
ae1392ddae1392dddd00dd
ed8f17b1ed8f17b1ed30e3
a6760e62a6760e62a63099
1c0c2a2a1c0c2a2a2a002b
4983771d4983771d832086
6cb1961f6cb1961fb120b3
6194771061947710942094
627f5809627f58097f207f
3c4c300c3c4c300c4c204c
413c1918413c1918413040
7c3c28687c3c28687c3078
6655ece16655ece1ec10f0
8982ffff8982ffffff1160
9677ffff9677ffffff015d
5a83fff35a83fff3ff1114
5147b3a75147b3a7b310b5
bd71138bbd71138bbd30b3
ffff7483ffff7483ff3142
ffe74483ffe74483ff3109
4e176e814e176e81810083
0f7da3650f7da365a310a0
1b0b2b2f1b0b2b2f2f0030
3f624b0a3f624b0a622062
13505b3213505b325b105e
3406344634063446460046
5525154955251549553051
2f120f2e2f120f2e2f3031
3d3d1f133d3d1f133d203f
a786275aa786275aa730a1
c28d1877c28d1877c230b8
92630a5d92630a5d923087
49350d2749350d27493041
11130f0311130f03132013
1414080a1414080a142016
31493b0731493b07492049
3968631c3968631c68206b
194c592c194c592c591057
1b0a2b301b0a2b30300031
3e2e06263e2e06263e303b
4342211643422116433045
353d2709353d27093d203d
212d2301212d23012d202d
0b191b0b0b191b0b1b101b
0708131207081312131013
0d000d120d000d12120012
07060f0e07060f0e0f100f
0210181002101810181016
0e0f221f0e0f221f221022
21082b3421082b34340034
2d002d3e2d002d3e3e003e
2d0921352d092135350035
2a150c232a150c232a3028
2b260d142b260d142b302a
272c1b08272c1b082c202c
121e1c06121e1c061e201e
0b0411140b041114140014
2415041b2415041b243022
2a1e041a2a1e041a2a3027
221702152217021522301f
170d0311170d0311173015
07030b0d07030b0d0d000d
181e1600181e16001e201e
443c181c443c181c443042
5a3804405a3804405a3055
44033e5944033e59590059
16386a5816386a586a1068
0a4b683f0a4b683f681061
113643201136432043103e
0e22260e0e22260e261024
0b1f230f0b1f230f231022
001b281b001b281b281026
24071a2924071a29290029
4e3304374e3304374e304b
5b3b05415b3b05415b3057
441a1e42441a1e42443046
171d413b171d413b411041
164b582d164b582d581057
2f5853182f58531858205b
293b2f03293b2f033b203b
1312090813120908133013
0801060908010609090009
0401060704010607070007
0203060502030605061005
0003040300030403041004
0305050103050501051005
0609080106090801092009
0307070303070703071007
0202040402020404040004
0300030403000304040004
0403000304030003043004
0606020206060202062006
0708050207080502082008
0b0d09010b0d09010d200d
090c0900090c09000c200c
0608060006080600082008
0304030003040300042004
0000000000000000000000
0201000102010001023001
0404020204040202042004
0607040106070401072007
0608060006080600082008
0505030105050301052005
0604000406040004063005
0703030707030307070007
0600060806000608080008
0904030809040308093008
0904030809040308093008
0703030707030307070007
0804020608040206083007
0303070703030707070007
0610120806101208121011
1221200912212009212022
2035300b2035300b352036
2a433a0b2a433a0b432043
2a4036082a403608402040
24352c0524352c05352035
1b271f031b271f03272027
161f1801161f18011f201f
151d1701151d17011d201d
121b1603121b16031b201b
131e1904131e19041e201e
161f1a03161f1a031f201f
18211a0118211a01212021
1c251a011c251a01252025
1e251a031e251a03252025
1d2217041d221704222022
191f1503191f15031f201f
1419120114191201192019
0c100c000c100c00102010
0102010001020100022002
0c100c000c100c00102010
151c1500151c15001c201c
1820180018201800202020
181f1601181f16011f201f
15180f0415180f04182018
0f0d05070f0d05070f300e
206b7a3f206b7a3f7a107c
8ac5920b8ac5920bc520c5
b29d3255b29d3255b230b2
c34d53bdc34d53bdc330cc
f55779fbf55779fbfb0109
ff7b59f3ff7b59f3ff3110
e07534b7e07534b7e030d9
8931418189314181893089
1467ae7d1467ae7dae10a1
2bd7ff9d2bd7ff9dff110a
04aeffb204aeffb2ff10f8
2481e0ad2481e0ade010d7
1987dda31987dda3dd10d3
6b15839f6b15839f9f00a0
e38d0d9fe38d0d9fe330d4
e7891dabe7891dabe730db
7c169cbe7c169cbebe00bf
15d4ffb815d4ffb8ff1118
73ffff8473ffff84ff1133
538889265388892689108d
0e43684f0e43684f681067
2185e9b72185e9b7e910e2
b40da8edb40da8eded00ed
ffca14e4ffca14e4ff3130
ffc412aaffc412aaff3103
6a2332656a2332656a306a
2c7278322c72783278107c
6d9873066d987306982098
716a2d2e716a2d2e713073
8d5e01608d5e01608d3086
944d227d944d227d943092
4509556d4509556d6d006d
352a0324352a0324353037
63d8d74c63d8d74cd820e4
19cdffb319cdffb3ff1110
5841c0c75841c0c7c700d1
49146b7849146b78780079
0f0e271c0f0e271c27101f
55673b0955673b09672067
edf36f4fedf36f4ff320ff
ffb909b1ffb909b1ff3100
91087dc291087dc2c200c2
382462663824626666006c
323a2802323a28023a203a
4075682140756821752079
2e432c012e432c01432043
1a0f38371a0f3837381039
1e41826b1e41826b82107d
4644a89e4644a89ea810ac
9c069ed29c069ed2d200d2
fe5a74fafe5a74fafe3109
ff9a46fcff9a46fcff3127
ffa614c6ffa614c6ff3102
b6851669b6851669b630a9
473e1b18473e1b18473042
14170c0914170c09172018
485f4801485f48015f205f
4f7e6f164f7e6f167e207f
25585f2825585f285f1060
1c07262d1c07262d2d002d
493c1126493c1126493047
4f522b184f522b18522055
3e4930093e493009492049
27382d0427382d04382038
0f23250f0f23250f251026
070d1b17070d1b171b101a
1403101914031019190019
0f010d130f010d13130013
0311150b0311150b151014
0c1b1a090c1b1a091b201c
0514170c0514170c171017
0a010c0f0a010c0f0f000f
1814040e1814040e183018
1f2213081f221308222022
2431260124312601312031
213b390f213b390f3b203c
0b3547270b354727471041
1e1642421e164242420045
48142a4e48142a4e4e0050
532b0f43532b0f4353304f
4028002a4028002a40303a
221602142216021422301d
0904030809040308093008
0d100d000d100d00102010
25210f0d25210f0d253023
2d1b03212d1b03212d302a
1d07272f1d07272f2f002f
002a402c002a402c40103c
10313c1d10313c1d3c1038
0f23270f0f23270f271026
0f1d1d090f1d1d091d101e
1425220914252209252026
1124230c1124230c242025
0c0614140c061414140014
3520052635200526353031
4e2d0c3d4e2d0c3d4e304b
491b2149491b214949004d
250e3940250e3940400041
093241260932412641103e
283d3407283d34073d203d
2b2c190e2b2c190e2c202e
1b1303111b1303111b3019
0d06030a0d06030a0d300b
0501030505010305050005
0101030301010303030003
0002040200020402041002
0204040202040402041004
0509070105090701092009
0608060006080600082008
0202020002020200021002
0000000000000000000000
0303010103030101032003
0605020306050203063005
0909050309090503092009
0c0e08020c0e08020e200e
0a0c08020a0c08020c200c
0809060108090601092009
0304030003040300042004
0000000000000000000000
0000000000000000000000
0304030003040300042004
0608060006080600082008
0607040106070401072007
0403000304030003043004
0501030505010305050005
0601040706010407070007
0601040706010407070007
0804020608040206083007
0704010607040106073007
0804020608040206083007
0703030707030307070007
03050b0903050b090b100a
0512170c0512170c171015
0f2427100f242710271027
1b3737131b37371337103a
23403d1223403d12402042
223c380e223c380e3c203d
1e322c0a1e322c0a322032
1624200616242006242024
141e1a04141e1a041e201e
131e1904131e19041e201e
121c1804121c18041c201c
141e1a04141e1a041e201e
131e1904131e19041e201e
15201b0415201b04202020
19231d0319231d03232023
19231b0119231b01232023
1922190019221900222022
18211a0118211a01212021
121c1804121c18041c201c
0810100608101006101011
0301050503010505050005
0f1009040f100904102010
181d1403181d14031d201d
1a2118011a211801212021
171d1501171d15011d201d
12140c0412140c04142014
0d0b03070d0b03070d300d
143b6859143b685968106a
5061420750614207612061
7f3425747f3425747f307f
980b76b7980b76b7b700b7
d23878dad23878dada00e1
ff845bf8ff845bf8ff3118
ff9d51ffff9d51ffff312e
f14c81f6f14c81f6f60101
5f70ffe85f70ffe8ff1101
02dfffd902dfffd9ff1137
1996f3b41996f3b4f310ea
1b5ea37e1b5ea37ea3109d
176e8b4c176e8b4c8b1085
1a0420261a042026260026
7c976a0b7c976a0b972097
6580650265806502802080
1916010c1916010c193019
a5b77323a5b77323b720ba
def7a62bdef7a62bf720fa
63654b0f63654b0f652066
567e5208567e52087e207e
84c89e0e84c89e0ec820c8
1c23564b1c23564b561052
f0c4288af0c4288af030ef
fff13e9dfff13e9dff311f
9f5c1b7c9f5c1b7c9f309a
0149754d0149754d75106a
3a6f74273a6f7427741075
2d3627022d362702362036
4827123b4827123b483046
7334296e7334296e733079
661f386f661f386f6f0073
8b7117498b7117498b3086
efffab2defffab2dff2120
cdffa51ccdffa51cff2101
342708173427081734302d
01465f3c01465f3c5f105c
33205b6833205b6868006c
102642421026424242004c
8262104a8262104a82307a
dc5e4ad4dc5e4ad4dc30e7
d24f5ad7d24f5ad7d700e5
966f0c59966f0c5996308e
5580651855806518802082
2c524c1c2c524c1c522056
1e07282f1e07282f2f002f
2652a0862652a086a0109d
3e73e8c73e73e8c7e810e5
6264f2e66264f2e6f210fa
9d1dc1e99d1dc1e9e900ea
e84e6ee4e84e6ee4e830f0
ffb01cd8ffb01cd8ff3116
ffee2eb0ffee2eb0ff3128
f3e45b66f3e45b66f330f9
72804c1672804c16802081
150909191509091919001a
6875461968754619752077
7398710073987100982098
3d665d163d665d16662068
10061a1e10061a1e1e001e
484722194847221948304b
525f3c0f525f3c0f5f2060
43553b0543553b05552055
2e4234042e423404422042
182d2c0d182d2c0d2d202e
011521170115211721101f
1704111c1704111c1c001c
190c0716190c0716193019
02070c0902070c090c100b
13170f0313170f03172017
1614080a1614080a163016
0a04040a0a04040a0a000a
0a1414060a141406141014
1928230619282306282028
223e3c10223e3c103e2040
2156632a2156632a63105f
075c8554075c855485107c
3634847e3634847e841088
78125e9278125e92920093
95462d8495462d84953095
804e0a5c804e0a5c803078
4c3002324c3002324c3045
200e0a1a200e0a1a20301d
060b1613060b1613161015
05151b0f05151b0f1b1019
040a0c06040a0c060c100b
090e0d04090e0d040e200e
1624220816242208242024
1928250819282508282028
111f1f09111f1f091f1020
0e1916070e191607192019
181c0e06181c0e061c201c
261d0219261d0219263026
200e0c20200e0c20200022
07050d0f07050d0f0f000f
1811001118110011183018
2a140e282a140e282a302c
1d0419261d041926260026
04141c1004141c101c1019
2124170821241708242024
29250f1329250f13293029
1f1905111f1905111f301e
110c010c110c010c113010
0904030809040308093008
0502010405020104053004
0100010001000100011000
0403000304030003043004
0a0702050a0702050a3008
0a0802060a0802060a300a
0603020506030205063005
0301010303010103030003
0000000000000000000000
0404020204040202042004
090a0502090a05020a200a
0c0d08030c0d08030d200d
0c0d08030c0d08030d200d
090b0701090b07010b200b
0304030003040300042004
0000000000000000000000
0000000000000000000000
0304030003040300042004
0607040106070401072007
0605020306050203063005
0501030505010305050005
0401060704010607070007
0600060806000608080008
0703030707030307070007
0804020608040206083007
0703030707030307070007
0904030809040308093008
0801060908010609090009
03080f0c03080f0c0f100e
04171e1104171e111e101c
0e282e160e282e162e102d
18373a1718373a173a103b
1e3c3c141e3c3c143c103f
1e3836101e38361038203a
1a2d2a0b1a2d2a0b2d202e
13211f0713211f07212021
121f1c07121f1c071f201f
111d1b07111d1b071d201d
101c1a06101c1a061c201c
121f1c07121f1c071f201f
111d1b07111d1b071d201d
131f1b05131f1b051f201f
16231e0516231e05232023
16221e0616221e06222022
15211d0515211d05212021
16231e0516231e05232023
12201e0812201e08202020
0511150b0511150b151014
0900090c0900090c0c000c
1511050b1511050b153014
1e2012081e201208202020
1e2316051e231605232023
181b1005181b10051b201b
1210060812100608123011
0f09010b0f09010b0f300e
68066a8868066a88880088
9c0488c69c0488c6c600c6
b00e8adcb00e8adcdc00dc
9e2558a59e2558a5a500a9
8533316d8533316d853078
a54f2f89a54f2f89a5309e
f57e3dd2f57e3dd2f530f4
f25a6cf0f25a6cf0f23100
614ccdcc614ccdcccd10d9
1ca9dc811ca9dc81dc10d4
1b525f2c1b525f2c5f105d
301e0222301e022230302d
7541115d7541115d753071
4f0e5d764f0e5d76760076
19a4d57a19a4d57ad510cc
0293d88d0293d88dd810cb
81007dac81007dacac00ac
ffb30bafffb30bafff30fa
ffff8a78ffff8a78ff3141
93b77d0f93b77d0fb720b7
7b4715637b4715637b3079
ffcf1ea9ffcf1ea9ff310b
b86f1693b86f1693b830b8
2b696d2b2b696d2b6d1071
bfd2713cbfd2713cd220da
9b690b6f9b690b6f9b3098
3144a38c3144a38ca3109b
2969cda72969cda7cd10c5
6a0a789e6a0a789e9e009e
632c1d58632c1d58633062
0b030d070b030d070d1007
31402f0831402f08402040
6686600866866008862086
d3ed832fd3ed832fed20f1
ffe1408fffe1408fff310a
a22862b2a22862b2b200b6
3d60c3a63d60c3a6c310bf
542d9aa1542d9aa1a100a7
742a4684742a468484008a
3d2d0d313d2d0d313d3042
221a0e18221a0e18223023
7598651075986510982098
80deb82a80deb82ade20e1
419a9942419a99429a20a7
0314211a0314211a211020
215a612c215a612c611064
1e96be6c1e96be6cbe10b8
049ae096049ae096e010d6
2962bb9c2962bb9cbb10b8
5c035e7d5c035e7d7d007d
8c6612508c6612508c3081
b9c7732db9c7732dc720cc
dfffb11ddfffb11dff2110
d8ffba16d8ffba16ff2114
83b3810383b38103b320b3
0611201b0611201b20101f
7b7d3b2d7b7d3b2d7d2084
9eae64289eae6428ae20b2
6b7849166b78491678207a
0f0d07050f0d07050f300d
384a3404384a34044a204a
4f6649044f664904662066
455b4301455b43015b205b
34493a0334493a03492049
2138330c2138330c382039
061e2616061e2616261025
16050e1916050e19190019
1f1703131f1703131f301d
0a0700070a0700070a3009
0d0c05060d0c05060d300d
160f000f160f000f163015
11050b1311050b13130013
01121d1401121d141d101a
102e3618102e3618361033
1f535f291f535f295f105c
247e984c247e984c981093
0d8abf780d8abf78bf10b6
3655b49d3655b49db410b2
8b097fb38b097fb3b300b3
c85a46b6c85a46b6c830cb
ce7328a5ce7328a5ce30c9
a24e328ca24e328ca230a0
6f184d7c6f184d7c7c007e
52075c7552075c75750075
490b576b490b576b6b006b
49073b5949073b59590059
4a2016404a2016404a3047
43320d2443320d2443303d
3134210a3134210a342034
18221a0418221a04222022
0c030e0d0c030e0d0e100d
2212464422124644461046
5708698457086984840084
801068a0801068a0a000a0
7f2347877f23478787008b
56211e4d56211e4d563053
1c0b04131c0b04131c3015
08020c1008020c10100010
0c0416180c041618180018
0313190f0313190f191018
131b1101131b11011b201b
1a1106151a1106151a301b
20041e2a20041e2a2a002a
2906213429062134340034
2b100f282b100f282b302b
1910030e1910030e193015
0105090701050907091008
0e040a100e040a10100010
1307091313070913130014
1207061112070611123012
0d0903070d0903070d300b
03080b0603080b060b100a
0b03070d0b03070d0d000d
130c010c130c010c133010
110f0707110f0707113010
0e100a020e100a02102010
090b0701090b07010b200b
0403000304030003043004
0301010303010103030003
0201000102010001023001
0304030003040300042004
0505030105050301052005
0403000304030003043004
0301050503010505050005
0303070703030707070007
0600060806000608080008
0903050909030509090009
0a04040a0a04040a0a000a
0a02060a0a02060a0a000a
0a03060b0a03060b0b000b
09010b0d09010b0d0d000d
030c1510030c1510151014
061c2414061c2414241022
0f2b31170f2b3117311030
1735391717353917391039
1b3839141b38391439103b
1b33310f1b33310f332035
1629280b1629280b29202a
1121210b1121210b211022
0f1f1f0b0f1f1f0b1f1020
0d1c1d0a0d1c1d0a1d101d
0e1c1c0a0e1c1c0a1c101d
101f1e09101f1e091f2020
0f1c1b080f1c1b081c201d
111d1b07111d1b071d201d
16231e0516231e05232023
16231e0516231e05232023
1422200814222008222022
1425240b1425240b252026
1023240d1023240d241025
0313190f0313190f191018
0c010a0f0c010a0f0f000f
1814060c1814060c183017
2122110a2122110a222023
2222100c2222100c222024
1e1806101e1806101e301c
180e0212180e0212183016
1408081214080812143013
bf27f3ffbf27f3ffff0123
c612daffc612daffff011a
d94179e7d94179e7e700ef
c8890487c8890487c830c0
7159153571591535713067
3c2004223c2004223c302e
6b4d17396b4d17396b305f
79621b4479621b44793077
09091b1d09091b1d1d001e
6455222f6455222f643061
63133b6d63133b6d6d006e
63187f9463187f94940095
9a1a72b69a1a72b6b600b7
840286b8840286b8b800b8
0889ce8d0889ce8dce10c4
1e98ba641e98ba64ba10b5
3901314b3901314b4b004b
bdd98923bdd98923d920db
ffffff0effffff0eff216c
92fff03c92fff03cff2112
54176c7d54176c7d7d007f
ff9e18c6ff9e18c6ff30fd
ffaa18d2ffaa18d2ff310e
6b1651806b165180800081
4d705b064d705b06702070
6b2d2b656b2d2b656b306e
2f79e3b92f79e3b9e310dd
4e7dffe74e7dffe7ff1106
b92879d2b92879d2d200d5
cb8e0584cb8e0584cb30c1
57340f3c57340f3c57304f
1d6175351d61753575106e
3a828a423a828a428a1091
646f4809646f48096f206f
bd7f0589bd7f0589bd30ba
ad4443acad4443acad30b8
353783733537837383107f
1e448c661e448c668c107a
861976ab861976abab00ac
e04a84f2e04a84f2f200fd
c00ad2ffc00ad2ffff010e
49a2ffff49a2ffffff112e
05d0ffc205d0ffc2ff111c
0765976707659767971090
362b081b362b081b363032
5b8c71105b8c71108c208c
6dbba7276dbba727bb20bf
5aaca6345aaca634ac20b3
1c515e2f1c515e2f5e105d
292e1b0c292e1b0c2e202f
5399912b5399912b99209e
6bdddd516bdddd51dd10eb
8bfbe7438bfbe743fb2103
acf6be0aacf6be0af620f6
9dbf811b9dbf811bbf20c0
303a2c04303a2c043a203a
6862262e6862262e68306c
b8ac4450b8ac4450b830bd
a2872655a2872655a2309f
4b25113f4b25113f4b3049
1038401e1038401e40103f
41624f0841624f08622062
435c4702435c47025c205c
3750410637504106502050
27433d0f27433d0f432044
0b242b160b242b162b102a
16070c1716070c17170018
251f0913251f0913253024
1614080a1614080a163016
0103070501030705071005
1203101712031017170017
1a0524291a052429290029
161c443c161c443c441042
0e3d6c510e3d6c516c1065
026da069026da069a01097
159fd581159fd581d510cc
0da5e5910da5e591e510db
2869c29b2869c29bc210bb
7a0a8aac7a0a8aacac00ac
ce4c62cace4c62cace30d7
ff6e64eeff6e64eeff3106
ff4f8fffff4f8fffff0116
e419c0ffe419c0ffff011a
d101cfffd101cfffff0117
ca0bb8ffca0bb8ffff0103
c52887dec52887dede00e1
b94b45abb94b45abb930ba
9d62056c9d62056c9d3091
6b5b212f6b5b212f6b3066
2f260b122f260b122f302a
04385c3804385c385c104f
1d7bdda51d7bdda5dd10cd
8c59ffff8c59ffffff012c
ff09f9ffff09f9ffff015b
ff5da7ffff5da7ffff014e
ff7b4ce7ff7b4ce7ff3105
a4600a72a4600a72a43095
362e1610362e1610363030
0b0a1b1e0b0a1b1e1e001f
1306051413060514140014
09122d2209122d222d1026
34206c6c34206c6c6c0070
651d93a9651d93a9a900ab
920a80bc920a80bcbc00bc
9f3c3f989f3c3f989f30a3
76430a5376430a5376306a
3021061930210619303029
0305050303050503051005
0c06020a0c06020a0c300b
0e1412000e141200142014
0626382006263820381031
1a2150491a215049501050
44043c5a44043c5a5a005a
4f2313434f2313434f304b
3525091b3525091b35302d
1618100216181002182018
0509090305090903091009
0001020100010201021001
0102010001020100022002
0103030101030301031003
0204040202040402041004
0103030101030301031003
0200020202000202020002
0104070601040706071007
03050b0903050b090b100a
0701090b0701090b0b000b
0b02070c0b02070c0c000c
0c04060c0c04060c0c000c
0a02080c0a02080c0c000c
0b000b0e0b000b0e0e000e
0a0410120a041012120012
050f1b15050f1b151b1019
061f2817061f2817281026
0f2d35190f2d3519351033
14343a1a14343a1a3a103a
1533371715333717371037
152d2f11152d2f112f1030
1327270d1327270d271029
1022220c1022220c221024
0e1d1e0b0e1d1e0b1e101f
0d1c1d0a0d1c1d0a1d101d
0e1c1c0a0e1c1c0a1c101d
0f1d1d090f1d1d091d101e
0f1c1b080f1c1b081c201d
0f1c1b080f1c1b081c201d
14211e0714211e07212021
1624200616242006242024
1627240916272409272028
14292a0f14292a0f2a102b
0e252a130e252a132a1029
00131c1300131c131c101a
0f0409100f040910100010
1b17070d1b17070d1b301a
23200d0e23200d0e233022
241d0813241d0813243022
211501172115011721301f
1c0f06171c0f06171c301b
1709091517090915173016
8622bad68622bad6d600d8
91078bbf91078bbfbf00bf
cf7a23a0cf7a23a0cf30c9
f6c92a87f6c92a87f630f2
b087166bb087166bb030ac
5642162e5642162e563050
3b6263203b626320631067
1d7393511d73935193108c
382c7670382c7670761078
821d5091821d5091910093
760f588f760f588f8f008f
481b686f481b686f6f0072
52034a6752034a67670067
551b2d5f551b2d5f5f0062
163e4622163e4622461046
6e6324356e6324356e3070
3e297a7b3e297a7b7b0081
45feffa245feffa2ff112d
9fffff969fffff96ff1189
74ffff6a74ffff6aff1122
1646785a1646785a781072
a86f046fa86f046fa8309c
e8c33a79e8c33a79e830e5
8f7315558f7315558f308f
03070f0903070f090f100b
1b264b481b264b484b1051
23a6c97423a6c974c910ca
0770996607709966991097
7065243170652431703070
99ca890699ca8906ca20ca
3140230631402306402040
498885284988852888208d
36818e4136818e418e1090
0a01121b0a01121b1b001b
3b2103333b2103333b303c
7c75323d7c75323d7c3083
0f0f03010f0f03010f200f
53816f0353816f03812081
106db281106db281b210a8
c10cd3ffc10cd3ffff0116
ee14ffffee14ffffff015a
9760ffff9760ffffff013e
445ed4ba445ed4bad410d0
30053e4330053e43430043
4557390345573903572057
6a9776096a977609972097
8dbd8b018dbd8b01bd20bd
88aa740e88aa740eaa20aa
46411c1b46411c1b463046
1955612f1955612f611061
59c1c14759c1c147c110cd
70ded84a70ded84ade20ea
7dc1a51f7dc1a51fc120c3
a2af6a29a2af6a29af20b3
c2bf604bc2bf604bc230cd
747438287474382874207a
322f1813322f1813323032
9c8930479c8930479c309a
aa851a67aa851a67aa30a8
7950015479500154793074
110e2520110e2520251022
4057460140574601572057
49614b0149614b01612061
3b58490a3b58490a582058
2b4b45112b4b45114b204c
0e2930170e29301730102f
1906111c1906111c1c001c
2f24071c2f24071c2f302d
2726150e2726150e273028
0c1e24100c1e2410241022
14193c3514193c353c103a
2a1f5a592a1f5a595a105e
34327c7634327c767c1080
2d4f9f892d4f9f899f109e
1278c08e1278c08ec010b9
149bcc7d149bcc7dcc10c7
2995af592995af59af10ad
1b6273381b627338731070
151c3b32151c3b323b1039
5921255159212551593057
953b3b8b953b3b8b953097
b22d6ec3b22d6ec3c300c8
b2109ae0b2109ae0e000e0
b00c9ee0b00c9ee0e000e0
b52979cbb52979cbcb00cf
ba5046aaba5046aaba30bb
bb7d0783bb7d0783bb30b5
b19f3553b19f3553b130b3
818d4d21818d4d218d2090
292b1707292b17072b202b
3c7f7a233c7f7a237f2083
56f9ff7b56f9ff7bff1115
1dc2ffe81dc2ffe8ff112e
d013f0ffd013f0ffff0131
ff8d80ffff8d80ffff3155
ffe410f8ffe410f8ff3150
ffda378affda378aff3102
7a7d3c237a7d3c237d2081
0c120a060c120a06122012
154459261544592659104d
127dd699127dd699d610c5
6e83ffff6e83ffffff1139
d84cffffd84cffffff0179
ff21f9ffff21f9ffff0178
ff936dffff936dffff314e
ffa60db8ffa60db8ff30f7
8a5a00568a5a00568a307c
311511293115112931302e
140f2e29140f2e292e102b
0e3a6c4e0e3a6c4e6c1061
2166bf942166bf94bf10b3
6350dbda6350dbdadb10e8
b91497e8b91497e8e800e8
ce682caace682caace30c7
8c64104e8c64104e8c307e
352f1511352f1511353031
070a0902070a09020a200a
0301050503010505050005
02040a0802040a080a1008
04050c0b04050c0b0c100c
06030a0b06030a0b0b000b
0600060806000608080008
0604000406040004063005
0608060006080600082008
03090b0503090b050b100a
04040a0a04040a0a0a000a
0a02080c0a02080c0c000c
0c03080d0c03080d0d000d
0c000c100c000c10100010
0c0310130c031013130013
0b0715150b071515150016
04111e1704111e171e101c
06212c1906212c192c1029
0f2f371b0f2f371b371036
12333a1b12333a1b3a1039
112e3518112e3518351033
0f282d140f282d142d102c
0f2427100f242710271027
0f20210c0f20210c211022
0d1b1b090d1b1b091b101c
0f1b19070f1b19071b201b
101c1a06101c1a061c201c
111d1b07111d1b071d201d
0f1c1b080f1c1b081c201d
0f1c1b080f1c1b081c201d
1221200912212009212022
1425240b1425240b252026
162b2a0d162b2a0d2b202c
162e2e10162e2e102e1030
0f272b130f272b132b102b
01111b1301111b131b1019
1207081112070811123012
1e1704111e1704111e301c
241c0614241c0614243022
2419021724190217243021
211403182114031821301f
1e0f08191e0f08191e301d
1a0b0a191a0b0a191a301b
2e154e532e154e53530055
4b18294c4b18294c4c004f
a0801e54a0801e54a03099
e4c13e6fe4c13e6fe430de
cda32777cda32777cd30c9
9d973d439d973d439d30a5
75ac830e75ac830eac20ac
3a8b923f3a8b923f921098
0c416a4d0c416a4d6a1064
4511294d4511294d4d004e
4b3b0b2f4b3b0b2f4b304b
080f0c07080f0c070f2010
1903212919032129290029
083d6643083d664366105a
4f186f7e4f186f7e7e0080
a9216dbfa9216dbfbf00c1
7240c2d27240c2d2d200db
2aeaffae2aeaffaeff1123
95ffff6d95ffff6dff1145
84e5dc3784e5dc37e520eb
1e4850201e48502050104e
5e5c2c205e5c2c205e3061
afc16f2bafc16f2bc120c5
8e954c2f8e954c2f95209c
3938151a3938151a39303d
3f5237003f523700522052
7f965f107f965f10962096
613a0748613a074861305c
1587ab6b1587ab6bab10ac
4db2b34a4db2b34ab310c0
060802060608020608200a
53aead4253aead42ae20ba
237d914b237d914b911091
5041122d5041122d50304f
161a1000161a10001a201a
749d7209749d72099d209d
254641182546411846204a
94c0841494c08414c020c1
88fce43c88fce43cfc2103
2073c29d2073c29dc210c2
7c179cc37c179cc3c300c4
6608789866087898980098
3f1529433f152943430046
32442e0232442e02442044
3a69621d3a69621d69206c
588974155889741589208a
80a3720980a37209a320a3
8e95502b8e95502b95209b
5638003c5638003c563052
1956613219566132611063
79bc9b1679bc9b16bc20bd
9dc68d0a9dc68d0ac620c6
8e8b4a2d8e8b4a2d8e3092
99802f4a99802f4a993093
cecc644acecc644ace30d9
9da351319da35131a320aa
080a1c18080a1c181c101a
4e5a3c084e5a3c085a205a
70713a2b70713a2b712078
74834e1f74834e1f832086
111f190d111f190d1f2021
565d3a15565d3a155d205f
5671540156715401712071
3c5f520f3c5f520f5f2060
2d514d152d514d15512053
0f30391c0f30391c391037
1b001b241b001b24240024
3928032639280326393037
3e4122153e412215412044
28443c0e28443c0e442045
063d5233063d523352104f
10385e4c10385e4c5e105e
12355a4b12355a4b5a105b
0b414d2d0b414d2d4d104f
4457360744573607572057
84630c4f84630c4f84307e
b85a329eb85a329eb830b5
d13d77ddd13d77dddd00e5
ce1aaafece1aaafefe00ff
ba02bcfcba02bcfcfc00fc
9f07afdf9f07afdfdf00df
880796bd880796bdbd00bd
7c0686aa7c0686aaaa00aa
70158ea970158ea9a900aa
5939a9ad5939a9adad00b6
3c5cbea83c5cbea8be10bf
1084cc941084cc94cc10c6
20a8ce7420a8ce74ce10cc
2a95a8532a95a853a810aa
14284c3e14284c3e4c1049
9d9435429d9435429d30a2
ffff885dffff885dff212f
fef35a71fef35a71fe310b
7038226470382264703072
31868f3e31868f3e8f1093
a5ffcd19a5ffcd19ff2106
bdffc504bdffc504ff2112
76a26c0676a26c06a220a2
1605242116052421241021
25aad97225aad972d910cc
0ffffff80ffffff8ff1170
61f6ffff61f6ffffff11c2
f66ffffff66fffffff01c8
ff52fbffff52fbffff01af
ffff2dffffff2dffff31a7
ffff4ac4ffff4ac4ff3164
c2a73855c2a73855c230bb
3a210c293a210c293a3034
0b3969470b39694769105b
0b93f1a50b93f1a5f110dc
39c7ffff39c7ffffff1158
a87bffffa87bffffff0173
ff3fc7ffff3fc7ffff0156
ffce24feffce24feff3147
ffbe159affbe159aff30f4
834f115d834f115d83307a
420d304d420d304d4d004e
3b0c25423b0c2542420043
311807263118072631302c
18140c0618140c06183014
0207100d0207100d10100e
0e020c120e020c12120012
1208061012080610123011
120d020b120d020b123011
0f0f07050f0f07050f200f
0609080106090801092009
0402080804020808080008
0a010c0f0a010c0f0f000f
0c0412140c041214140014
0d0515170d051517170017
0c0a1c1a0c0a1c1a1c101b
0714251e0714251e251024
012231200122312031102e
0c2f3a1f0c2f3a1f3a1038
0f30391c0f30391c391037
0d2a31180d2a3118311030
0c242a140c242a142a1029
0c2024100c202410241023
0c1c1e0c0c1c1e0c1e101e
0c1818080c181808181019
0f1917050f191705192019
121e1c06121e1c061e201e
11201f0a11201f0a202021
0c1d200d0c1d200d20101f
0b1d210f0b1d210f211020
0d2327110d232711271026
0f272b130f272b132b102b
122c3014122c3014301030
152f3113152f3113311032
1026281010262810281029
010f150d010f150d151013
0f08030c0f08030c0f300e
1a14040e1a14040e1a3018
1f1805121f1805121f301e
211701152117011521301f
1f1205181f1205181f301e
1e0d0a1b1e0d0a1b1e301d
1e0c0c1c1e0c0c1c1e301e
060c1814060c1814181017
211a0710211a071021301e
6771471567714715712072
9ab886129ab88612b820b8
8cc6a6108cc6a610c620c6
73cbb53373cbb533cb20d1
69b8952269b89522b820bb
606e3020606e30206e2072
602732656027326565006c
501c7a8a501c7a8a8a008c
33509d8c33509d8c9d10a1
4d22717e4d22717e7e0082
560e667a560e667a7a007a
2568c1962568c196c110b6
5259d4c75259d4c7d410d9
ab1485d4ab1485d4d400d4
6b0265906b026590900090
52948a2052948a20942097
dbffad27dbffad27ff2103
c9e08f28c9e08f28e020e3
4b50330e4b50330e502051
404d3009404d30094d204d
9aa65c289aa65c28a620aa
9b8b33499b8b33499b309d
764f0051764f0051763071
805a084c805a084c803075
9c6804629c6804629c308e
6c0f4e836c0f4e83830083
01658f6901658f698f1091
3648300236483002482048
154f8773154f877387108b
19acdd8c19acdd8cdd10dd
094b6f4f094b6f4f6f106c
6179590361795903792079
0f4a63380f4a633863105c
b69b2a61b69b2a61b630b6
935d0d6d935d0d6d93308f
4ecede604ecede60de10e3
9dffff519dffff51ff2139
379aa54a379aa54aa510aa
2609323d2609323d3d003d
3b35111d3b35111d3b303c
3755450b3755450b552055
2f6567272f65672767106c
2e6a702e2e6a702e701073
3f6f671d3f6f671d6f2072
627a5608627a56087a207a
7a773a2d7a773a2d7a307f
533d0b35533d0b35533050
162d2c11162d2c112d2030
8890502888905028902095
baae4e4cbaae4e4cba30bd
9b7e274e9b7e274e9b3094
8f7b29438f7b29438f308c
cdd8733ccdd8733cd820e0
b1b86534b1b86534b820bf
250e0920250e0920253022
2530210225302102302030
595627245956272459305d
94a0542e94a0542ea020a6
463a1022463a1022463043
35685d1a35685d1a68206b
477d6f1b477d6f1b7d207f
3464621e3464621e642068
27575b2327575b235b105d
0a3544270a354427441041
1c06242a1c06242a2a002a
3f28052e3f28052e3f303c
5d5015305d5015305d305d
6257183162571831623063
5d4705395d4705395d305b
5e32184e5e32184e5e305c
6818427068184270700072
8811689f8811689f9f009f
ba198cd9ba198cd9d900da
ea1db4ffea1db4ffff0116
ff1ddcffff1ddcffff014a
ff14ffffff14ffffff0170
ff0bffffff0bffffff0187
ff0dffffff0dffffff018d
ff13ffffff13ffffff0185
ff10ffffff10ffffff0176
ff03ffffff03ffffff0169
fa13fffffa13ffffff015f
d72dffffd72dffffff0150
af40ffffaf40ffffff0130
7457f8f57457f8f5f81103
2e6dd4ad2e6dd4add410cc
0161935f0161935f931087
16193e3116193e313e1037
8b63074f8b63074f8b307e
ffc804beffc804beff3113
ffb862ffffb862ffff316f
ff46dfffff46dfffff017e
c538ffffc538ffffff0146
159cefb0159cefb0ef10eb
7ebd92077ebd9207bd20bd
a7790f6da7790f6da730a2
5e2282985e22829898009b
26e4ff9e26e4ff9eff1115
7fffffa17fffffa1ff1182
5dffffa65dffffa6ff1158
2376d1a42376d1a4d110ca
c67f1091c67f1091c630c0
ffffb966ffffb966ff2174
ffffff2bffffff2bff2191
a2e1a405a2e1a405e120e1
0d160f080d160f08162017
3b95a9413b95a941a910a2
40ffffd340ffffd3ff116a
19ffffff19ffffffff11d7
c88affffc88affffff01b2
ff81b5ffff81b5ffff018c
ffff0bffffff0bffff31a7
ffff14ddffff14ddff3154
da5366d1da5366d1da30e0
aa01aee9aa01aee9e900e9
c4258ee7c4258ee7e700e9
c25046b2c25046b2c230c3
874913658749136587307c
3d2401263d2401263d3034
0c0804040c0804040c3008
0a06040a0a06040a0a000b
150f010f150f010f153015
1912011019120110193018
140f020d140f020d143013
0c0c06040c0c06040c200c
020a0e08020a0e080e100c
050a1512050a1512151014
0c091a190c091a191a101a
0c0f221f0c0f221f221022
09182d2409182d242d102b
0222362602223626361032
062c3c24062c3c243c1038
092b371f092b371f371035
09242d1809242d182d102b
0a1f24110a1f2411241023
0c1c1e0c0c1c1e0c1e101e
0c191a090c191a091a101a
0b1617080b161708171017
0c191a090c191a091a101a
1022220c1022220c221024
0f23250f0f23250f251026
0a2026120a202612261024
08212a1708212a172a1028
08242e1a08242e1a2e102c
0a2730190a27301930102e
0f2b31170f2b3117311030
122c3014122c3014301030
0e2226100e222610261025
000c120c000c120c121010
0e0900090e0900090e300c
1411060914110609143013
1814060c1814060c183017
1b1301111b1301111b3019
1b0d07171b0d07171b301a
1c0c0a1a1c0c0a1a1c301c
1d0c0b1a1d0c0b1a1d301c
0005080500050805081007
151a1102151a11021a201a
5170570251705702702070
86dfc82586dfc825df20e2
77ffff6f77ffff6fff1121
36ceff9436ceff94ff10fd
1258724812587248721071
30104a5430104a54540055
8131cde58131cde5e500ea
b529f1ffb529f1ffff0127
a717c1f7a717c1f7f700f8
88195c9188195c91910093
3f10595c3f10595c5c005d
1d9ccf761d9ccf76cf10c3
1583d9a31583d9a3d910d1
97354b9f97354b9f9f00a7
8976234a8976234a89308b
381e0c34381e0c3438303c
ffe5517fffe5517fff3105
ffff7471ffff7471ff3120
897d3735897d3735893087
2028180620281806282028
86772c3b86772c3b863084
9c6a026a9c6a026a9c3095
9a551c7d9a551c7d9a3097
a3610f75a3610f75a33097
944d1c73944d1c7394308a
590c4570590c4570700070
1708233017082330300030
074a7354074a735473106f
1491e8b71491e8b7e810e9
2266b69a2266b69ab610b8
3928071e3928071e393032
59c3cb5359c3cb53cb10d3
157fd197157fd197d110c5
ee655ad9ee655ad9ee30ef
ff4f8dffff4f8dffff011c
42a2ffff42a2ffffff112e
34f6ffaa34f6ffaaff112b
14779a5514779a559a1092
2a120e242a120e242a3028
46583e0646583e06582058
4975671549756715752076
3a7474283a74742874107a
2d6367292d63672967106b
2e514c152e514c15512053
4754390a4754390a542054
6161332161613321612066
4e4e261e4e4e261e4e2053
0007060300070603072007
6b612b2d6b612b2d6b306a
aaa7523faaa7523faa30b2
918f4333918f4333913097
7f762b327f762b327f3080
cbc7594fcbc7594fcb30d6
d3cc6154d3cc6154d330dc
4c45221d4c45221d4c304a
19011d2919011d29290029
6b341f5a6b341f5a6b3067
ca8c0286ca8c0286ca30c1
a14b2f95a14b2f95a130a6
203e7262203e7262721073
2c6666202c66662066106a
456b5d0d456b5d0d6b206b
3964611c3964611c642067
0e3746270e374627461043
19051f2519051f25250025
3822042638220426383032
5c4206385c4206385c3056
75440f5875440f5875306f
812d3b7d812d3b7d813084
8815649f8815649f9f00a0
870081b2870081b2b200b2
850685b2850685b2b200b2
830177a7830177a7a700a7
7c0966977c096697970097
730f5585730f5585850085
630c4b74630c4b74740074
560c4064560c4064640064
51162d5451162d54540056
4d211b454d211b454d304c
401f1237401f123740303f
2a0f14292a0f14292a302b
0e0516190e051619190019
0d1413040d141304142014
281c0616281c0616283023
48260a3648260a36483042
6d2f1f5d6d2f1f5d6d3068
852c3b82852c3b82853089
7814568e7814568e8e008f
34175a6534175a65650067
363f3001363f30013f203f
9046227c9046227c90308e
b3424db8b3424db8b800c3
834e0b6c834e0b6c833085
1c376e5b1c376e5b6e106a
ec18c0ffec18c0ffff012a
ff51d2ffff51d2ffff018b
ff23bdffff23bdffff013c
1673a67f1673a67fa610ab
f0ff7e53f0ff7e53ff210e
ffff21e0ffff21e0ff3157
ff7666ffff7666ffff3121
5d73fde95d73fde9fd1103
80ffffa780ffffa7ff1181
d9ffff5cd9ffff5cff2194
86e0c42686e0c426e020e3
0509050305090503092009
87fce73a87fce73afc2102
caffff9fcaffff9fff21d2
71fffff771fffff7ff11d5
6685ffff6685ffffff112f
ffc027f2ffc027f2ff3134
ffff7ac5ffff7ac5ff31a5
ffff26c4ffff26c4ff3148
d31eadffd31eadffff0101
d229ffffd229ffffff0149
ff38dbffff38dbffff0164
ff9978ffff9978ffff315c
ff9e39e8ff9e39e8ff3118
bb612995bb612995bb30b1
6427285b6427285b643063
340a243a340a243a3a003a
1902192219021922220022
06060a0a06060a0a0a000b
0c0a020a0c0a020a0c300e
1812001218120012183019
19190d0919190d0919201a
0c181a0a0c181a0a1a101a
0512211a0512211a21101f
0a1326210a132621261026
071a2d22071a2d222d102a
0023342300233423341031
0528372205283722371034
0625321d0625321d32102f
051d2717051d2717271025
061920110619201120101e
09191d0d09191d0d1d101c
09181b0c09181b0c1b101a
07171b0d07171b0d1b101a
091c2110091c2110211020
0e252a130e252a132a1029
0c242a140c242a142a1029
0a232a150a232a152a1028
0a252c170a252c172c102b
09242d1809242d182d102b
0b252d170b252d172d102b
0f282d140f282d142d102c
12292c1112292c112c102c
0c1f220f0c1f220f221022
03080f0c03080f0c0f100e
0f0b01090f0b01090f300e
1210060812100608123011
1410040a1410040a143012
150d010f150d010f153013
1509071315090713153015
180b0815180b0815183017
190b0917190b0917193019
190a0514190a0514193016
09110d0309110d03112011
586b420f586b420f6b206c
c7fda519c7fda519fd20fe
f3ffd912f3ffd912ff213e
a1c3830fa1c3830fc320c3
29071d2d29071d2d2d002d
09809760098097609710a0
1583c5911583c591c510c3
5631a0ab5631a0abab00b1
8b4531858b4531858b3095
7e6e183a7e6e183a7e307c
0921432b0921432b431036
5ed4de5a5ed4de5ade10e6
169ed480169ed480d410cb
9a4b30899a4b30899a309c
e3d24b6ce3d24b6ce330ec
50552a1b50552a1b552059
adb15541adb15541b120bc
ffff9066ffff9066ff2137
bdbc5746bdbc5746bd30c8
1413080714130807143014
58410a3558410a35583053
7c4512617c4512617c3077
945318759453187594308f
a66e0472a66e0472a6309e
884a1a6a884a1a6a883081
591d2f5f591d2f5f5f0063
5c59222d5c59222d5c3063
71c2a52871c2a528c220c6
43a4ab5043a4ab50ab10b6
0d0111190d011119190019
3da5ad4f3da5ad4fad10b6
4efeff964efeff96ff1126
11a2fdb011a2fdb0fd10ef
bf1b91dbbf1b91dbdb00dc
e727abffe727abffff0117
7861ffff7861ffffff111d
1f8cf7b81f8cf7b8f710e7
233577612335776177106e
492e0734492e0734493045
69703d1e69703d1e702073
708e6408708e64088e208e
5a81680b5a81680b812081
3b5b4f0f3b5b4f0f5b205c
2a3628002a362800362036
3b36151a3b36151a3b303b
5f5219305f5219305f305f
6957153969571539693068
3f250b333f250b333f303f
19444d2219444d224d104c
69a78f1769a78f17a720a8
63a08d1c63a08d1ca020a2
3f5e53143f5e53145e2060
828c4c22828c4c228c2090
cbc64b5ecbc64b5ecb30db
9c841a5c9c841a5c9c30a0
4c35022f4c35022f4c3046
0a0700010a0700010a3007
6949014569490145693064
8558056c8558056c85308b
3c2b04293c2b04293c303b
4227083d4227083d423048
9c8028549c8028549c3099
8a8948298a8948298a308f
383d2409383d24093d203d
04060e0c04060e0c0e100d
0a2028160a202816281026
182c2e10182c2e102e102e
2129210121292101292029
1d1a110a1d1a110a1d301b
0f1113010f111301131011
0a1028200a102820281023
2819504f2819504f501052
492581874925818787008b
6d2cafbe6d2cafbebe00c3
902ed4ee902ed4eeee00f2
b425eaffb425eaffff0117
ce21feffce21feffff0134
da29ffffda29ffffff014d
e22dffffe22dffffff015d
ed26ffffed26ffffff0162
f917fffff917ffffff0161
ff06ffffff06ffffff0164
ff08ffffff08ffffff0166
ff0effffff0effffff0166
ff10ffffff10ffffff016a
ff14ffffff14ffffff0174
ff19ffffff19ffffff017d
ff1fffffff1fffffff017a
ff24eaffff24eaffff015d
f128bbfff128bbffff0122
b21992d5b21992d5d500d6
5c3fb8af5c3fb8afb810b9
1cd1ffe31cd1ffe3ff1134
58fdffff58fdffffff11b5
ff62ffffff62ffffff01e0
ff81e3ffff81e3ffff01d8
ffeb1bffffeb1bffff316c
6d8a530e6d8a530e8a208a
d84658d8d84658d8d800e3
ffd138ffffd138ffff3178
ffad3cffffad3cffff313f
65167f9865167f98980099
a8f1c413a8f1c413f120f1
ffffa861ffffa861ff2143
ffcc3894ffcc3894ff30fc
6608447466084474740074
91ffcf2991ffcf29ff2102
ffffff27ffffff27ff21ca
ffffd86affffd86aff219f
c2780e8ec2780e8ec230b9
2fc6e9822fc6e982e910ec
ccffff31ccffff31ff214e
b8a32a5fb8a32a5fb830bc
7645deeb7645deebeb00f4
a754ffffa754ffffff013d
ff44b3ffff44b3ffff013f
ffc946ffffc946ffff3161
ffdb27ffffdb27ffff3156
ff9447eaff9447eaff3114
cf4373d5cf4373d5d500df
a8188acca8188acccc00cd
9b1977bb9b1977bbbb00bc
8728458a8728458a8a008f
522216445222164452304c
11020f1011020f10113010
172e2f0c172e2f0c2f102f
0a364a2c0a364a2c4a1045
1c1b42431c1b4243430048
28072c3928072c39390039
1110252211102522251025
08222a1608222a162a1028
0e262c140e262c142c102a
0b2229140b222914291027
051921130519211321101f
03151d1103151d111d101b
06181e1006181e101e101c
06181e1006181e101e101c
061920110619201120101e
0920271409202714271025
0c272e170c272e172e102d
09242d1809242d182d102b
09232b1709232b172b1029
0c242a140c242a142a1029
0d2429120d242912291028
0e2428120e242812281028
0f2529110f252911291028
1227280f1227280f281029
0c1c1e0c0c1c1e0c1e101e
03050b0903050b090b100a
0f0c03080f0c03080f300e
1210060812100608123011
110d0309110d030911300f
0f09010b0f09010b0f300e
0f07050d0f07050d0f300e
1208061012080610123011
1508091415080914153015
7835206578352065783072
301608243016082430302a
4441181b4441181b443046
e8cb406de8cb406de830e6
ffff31cfffff31cfff3159
ffb23effffb23effff3141
b91093e8b91093e8e800e8
214673642146736473107a
566836225668362268206d
6240024862400248623060
1950491e1950491e502055
6570312065703120702074
0855866108558661861080
53f4ff8653f4ff86ff1116
11a0d98211a0d982d910ce
973c3f8a973c3f8a973096
ffd91cafffd91cafff3116
ed9a13b4ed9a13b4ed30ec
115693701156937093108d
a7fecb12a7fecb12fe20fe
abd68b1cabd68b1cd620d7
3b4b31093b4b31094b204b
26100c2426100c24263027
522d0c41522d0c4152304f
734e034a734e034a73306b
8f71194f8f71194f8f3089
764a0854764a085476306f
5b2723555b2723555b305d
9b8521519b8521519b309b
e9e0575ce9e0575ce930f2
c5800b8ac5800b8ac530bc
5a4bc2c15a4bc2c1c210cf
02d7ffd502d7ffd5ff112e
2bf5ffb72bf5ffb7ff1131
0396d7880396d788d710ca
58136e7f58136e7f7f0080
72036a9772036a97970097
443394954433949595009d
213b816b213b816b81107a
2d0941452d094145450045
5538053c5538053c553052
887a2c3e887a2c3e883088
a0a04e38a0a04e38a020a9
8c9352278c935227932098
5a603a145a603a14602062
2c230a132c230a132c3027
31111b3131111b31310033
6a2c30666a2c30666a306f
9e3e489c9e3e489c9e30a7
a42c62b4a42c62b4b400b9
5d258f9f5d258f9f9f00a3
1092c4761092c476c410bb
2ea6c8622ea6c862c810c0
0953896509538965891082
07364b3a07364b3a4b104f
7669203d7669203d763079
cb7b1da5cb7b1da5cb30cd
c94b5fc5c94b5fc5c930d2
9b2861b09b2861b0b000b4
5c1a32625c1a3262620065
1642421016424210421043
4b92851e4b92851e922095
2e2a6e702e2a6e70700077
d5960394d5960394d530d2
e4b7267be4b7267be430dc
803d2a6d803d2a6d80307c
49207d8449207d84840087
542f9ea3542f9ea3a300a9
6729a7b56729a7b5b500b9
7327b1c17327b1c1c100c4
832dc9db832dc9dbdb00df
9e37f0ff9e37f0ffff010e
c13fffffc13fffffff0145
de49ffffde49ffffff0176
f551fffff551ffffff019b
ff52ffffff52ffffff01b5
ff4affffff4affffff01c6
ff38ffffff38ffffff01cb
ff2fffffff2fffffff01cd
ff33ffffff33ffffff01cd
ff2effffff2effffff01c8
ff1fffffff1fffffff01bc
ff12ffffff12ffffff01ae
ff01ffffff01ffffff01a1
ff10ffffff10ffffff0192
ff12ffffff12ffffff0186
ff0affffff0affffff0184
ff07ffffff07ffffff018d
ff10ffffff10ffffff019a
ff23ffffff23ffffff01a4
ff3cffffff3cffffff01a8
ff56f7ffff56f7ffff01a2
ff49f2ffff49f2ffff018d
f030fffff030ffffff0171
4df5ffff4df5ffffff119f
04ffffff04ffffffff11b3
766bffff766bffffff1118
fff33ba9fff33ba9ff3127
ffffff1affffff1aff21b8
9fffff689fffff68ff2158
690f6795690f6795950095
ffff9b4fffff9b4fff2116
b5ffff4fb5ffff4fff2146
5d7bfffb5d7bfffbff1117
ff74c9ffff74c9ffff0194
ffeaabffffeaabffff320e
ffef9affffef9affff3207
ff9373ffff9373ffff315f
0848604808486048601065
ffff37ccffff37ccff315d
ffff60ffffff60ffff3200
ff64ffffff64ffffff020f
ff6cffffff6cffffff01d8
5a82fffa5a82fffaff1119
223738192237381938103c
0eb2ffd40eb2ffd4ff1114
7b4ce5f27b4ce5f2f200fd
e47034b8e47034b8e430d7
ffe03e8affe03e8aff3107
ffd62c94ffd62c94ff3104
f2813cc9f2813cc9f230ee
e129afffe129afffff010e
ef00f7ffef00f7ffff0146
ff27eaffff27eaffff0163
ff7194ffff7194ffff014e
ff8141d9ff8141d9ff30fc
8933377989333779893083
1b41795b1b41795b79106f
1165a97d1165a97da910a0
551c7f96551c7f96960098
742c2c6e742c2c6e743076
391c0726391c072639302f
11170f0511170f05172017
272b1b09272b1b092b202b
1e271e011e271e01272027
0e1b1c090e1b1c091c101c
07161b0e07161b0e1b101a
06181e1006181e101e101c
061920110619201120101e
061c2414061c2414241022
0922291609222916291028
0d272d150d272d152d102c
0c242a140c242a142a1029
0b2127130b212713271026
0c2126110c212611261025
0f23250f0f23250f251026
1023240d1023240d241025
1224240c1224240c241025
1424220a1424220a242025
0d1817060d181706182018
0004060400040604061005
0c0c06040c0c06040c200c
0f1009040f100904102010
0c0c06040c0c06040c200c
0907010509070105093008
0904030809040308093008
0c04060c0c04060c0c000c
0f0409100f040910100010
ff9547f9ff9547f9ff3122
ba71087fba71087fba30a9
1c14060e1c14060e1c3018
945f0261945f0261943087
ffa91dd7ffa91dd7ff3111
ff985cffff985cffff3145
ff7e4ff0ff7e4ff0ff310f
89781f4889781f4889308b
3b0d47653b0d4765650065
ac66108eac66108eac30ae
3223081f3223081f32302e
5e0c4c7a5e0c4c7a7a007a
3380e9c83380e9c8e910ed
1bd8ffb21bd8ffb2ff1117
017fbd79017fbd79bd10af
701c4470701c4470700073
f49614aef49614aef430e5
ff9246f4ff9246f4ff311c
a401aeeba401aeebeb00eb
0897dc8d0897dc8ddc10ce
59aea72c59aea72cae20b3
3d64530a3d64530a642064
05111b1705111b171b101c
3524012435240124353032
564b1a27564b1a27563054
71692d2d71692d2d713072
5b460f345b460f345b3057
4822163c4822163c483044
996901619969016199308e
fd9a1bb8fd9a1bb8fd30ef
f734a9fff734a9ffff0120
a860ffffa860ffffff0153
53abffff53abffffff114a
13a6ffbe13a6ffbeff10fc
0a619c690a619c699c108e
2319474323194743471047
270b353f270b353f3f003f
141c3e38141c3e383e103e
0c1730270c17302730102d
1a05101b1a05101b1b001b
3d33131b3d33131b3d3039
72753e2372753e2375207a
99a55d2999a55d29a520aa
93a7652193a76521a720aa
60734a0d60734a0d732073
1912010c1912010c193015
0d2a4f3a0d2a4f3a4f1047
5120818c5120818c8c008f
a602a2dea602a2dede00de
dc27a4ffdc27a4ffff0109
b9129deab9129deaea00ea
3c489e923c489e929e10a2
2b858f3b2b858f3b8f1091
2858581c2858581c58105c
02040c1202040c12120012
2009162320091623230024
804014688040146880307a
9b40398e9b40398e9b309b
9a4538919a4538919a30a0
9b7609669b7609669b309b
1400181a1400181a1a001a
8ab070188ab07018b020b1
506b460b506b460b6b206b
78772e3178772e31783080
ce9b0285ce9b0285ce30cc
a704b3e8a704b3e8e800e8
aa5affffaa5affffff0150
e153ffffe153ffffff018b
ff39ffffff39ffffff01a8
ff36ffffff36ffffff01bb
ff47ffffff47ffffff01cc
ff55ffffff55ffffff01d8
ff57ffffff57ffffff01d9
ff54ffffff54ffffff01cb
ff52ffffff52ffffff01b3
f34efffff34effffff0195
e53fffffe53fffffff0172
db2dffffdb2dffffff0152
ce28ffffce28ffffff013c
bf2affffbf2affffff012c
ba22eeffba22eeffff011c
bb11d5ffbb11d5ffff010b
ba04c0fcba04c0fcfc00fc
bb0da9edbb0da9eded00ed
be1c96e2be1c96e2e200e3
b71697deb71697dede00df
ad05a5e1ad05a5e1e100e1
ac04b0e8ac04b0e8e800e8
b906aff0b906aff0f000f0
d019aafbd019aafbfb00fc
f032a6fff032a6ffff0112
ff4da9ffff4da9ffff0134
ff46c4ffff46c4ffff0151
e114ffffe114ffffff014a
3daaffff3daaffffff1134
46dfff7d46dfff7dff10ff
1319130513191305192019
b5ffff5bb5ffff5bff215d
ffffff81ffffff81ff221e
b6ffff74b6ffff74ff2178
3b1a1d3c3b1a1d3c3c0041
feffff1efeffff1eff2183
ecffff9aecffff9aff21f8
12ffffff12ffffffff1190
ff04ffffff04ffffff01aa
ffa8ffffffa8ffffff022a
ffffc1ffffffc1ffff3270
ffff36ffffff36ffff322f
ffe82ea8ffe82ea8ff311e
6b0163916b016391910091
ff70c5ffff70c5ffff0195
ff46ffffff46ffffff01fa
ff1fffffff1fffffff01c4
ff934bf5ff934bf5ff311d
e2ffee13e2ffee13ff213d
4bffffc14bffffc1ff1151
8224c2de8224c2dede00e0
ffbb0ea5ffbb0ea5ff30f9
ffff885bffff885bff311b
cac87432cac87432ca30ce
733f094d733f094d733063
5a28929e5a28929e9e00a2
8640e4f48640e4f4f400fc
ec10d8ffec10d8ffff0130
ff9d7dffff9d7dffff3165
ffe02effffe02effff3166
f9803dccf9803dccf930f0
4d3b9f974d3b9f979f10a2
0d8bd5950d8bd595d510cb
6018849e6018849e9e009f
ab760178ab760178ab30a8
6e6b30276e6b30276e3071
0908191c0908191c1c001d
4632023046320230463045
4437102344371023443041
2a29160d2a29160d2a302b
151e1904151e19041e201e
0b1a1d0c0b1a1d0c1d101c
091c2110091c2110211020
091f2513091f2513251024
0b2127130b212713271026
0f2427100f242710271027
1023240d1023240d241025
0f21230d0f21230d231023
0e21240f0e21240f241024
0e20220e0e20220e221022
101f1e09101f1e091f2020
16221c0416221c04222022
1820180018201800202020
12150e0312150e03152015
0605020306050203063005
070a0700070a07000a200a
0d0f09030d0f09030f200f
0c0c06040c0c06040c200c
0806020408060204083007
0502010405020104053004
0500050605000506060006
0700070a0700070a0a000a
ffff3affffff3affff31b3
fffc1ed4fffc1ed4ff3149
9f8529499f8529499f3097
1403121b1403121b1b001b
8752035e8752035e87307c
c0860c7ec0860c7ec030b7
e6d54e69e6d54e69e630ed
daff8e31daff8e31ff2105
435d3505435d35055d205d
5e9984115e998411992099
2fb1c7632fb1c763c710ca
4c5cc6c04c5cc6c0c610d4
3f77edd13f77edd1ed10f0
048dda93048dda93da10cb
044d7a4f044d7a4f7a106e
37052d3d37052d3d3d003d
874519678745196787307b
c1583bacc1583bacc130c1
a92577c9a92577c9c900cc
49319b9b49319b9b9b00a2
1164894c1164894c89107d
2c5754172c575417572059
0d1a17060d1a17061a201a
1d1e0f081d1e0f081e201f
3f4323133f432313432045
5e63381b5e63381b632066
4950351049503510502051
1f1f15011f1f15011f201f
3d2503233d2503233d3032
8127438381274383830088
911ebbe4911ebbe4e400e5
7a5bffff7a5bffffff0116
5b5ff1e15b5ff1e1f110f4
3746a5923746a592a510a1
1f24574a1f24574a571052
150d2927150d2927291029
0e0a1e1e0e0a1e1e1e001f
050f1d17050f1d171d101b
03070d0b03070d0b0d100d
0913150709131507151014
193b431d193b431d431041
3974792c3974792c79107c
58a29c2e58a29c2ea220a8
61ad9f2961ad9f29ad20b1
40766a1e40766a1e762079
0a0c0a020a0c0a020c200c
296b712f296b712f711074
0269966702699667961093
4b3a9d9a4b3a9d9a9d10a4
9b147fc09b147fc0c000c1
b8543caeb8543caeb830c1
5b3c01405b3c01405b3057
4e25184d4e25184d4e3055
a55f1187a55f1187a530a5
5c24164e5c24164e5c3055
0509090f0509090f0f0011
082e5442082e5442541050
1034604a1034604a60105a
043c5038043c5038501052
4b7955074b795507792079
212b1117212b11172b2030
6d7033226d703322702075
926a0070926a007092309a
1e0d2e431e0d2e43430044
4d0d6d7b4d0d6d7b7b007b
8a8cffff8a8cffffff116c
dea7ffffdea7ffffff01ee
ff78ffffff78ffffff0211
ff4fffffff4fffffff0222
ff3dffffff3dffffff022a
ff3cffffff3cffffff0217
ff3bffffff3bffffff01e8
ff33ffffff33ffffff01aa
ee2affffee2affffff0168
c224f6ffc224f6ffff0128
9718b7e09718b7e0e000e1
6d0873946d087394940094
3f0b4d593f0b4d59590059
1b204f441b204f444f104b
1628584a1628584a581054
261c5452261c5452541056
3608445236084452520052
3e09324b3e09324b4b004b
4416244444162444440047
491f1b43491f1b43493049
4415244544152445450048
3602324636023246460046
2f0739452f073945450045
3501334535013345450045
430d2f4b430d2f4b4b004c
5a1a325c5a1a325c5c005f
7d283f7c7d283f7c7d3082
96245ea496245ea4a400a7
800488b6800488b6b600b6
29479d8b29479d8b9d109c
2b5865262b58652665105f
073f4d37073f4d374d1053
d2ffff4bd2ffff4bff216a
ffffff22ffffff22ff21fb
fbffff00fbffff00ff214c
232601122326011226202a
fffff04afffff04aff219e
ffffff69ffffff69ff2230
fffffc38fffffc38ff218a
3788953e3788953e951095
c03e66c6c03e66c6c600cf
ffff10ffffff10ffff3194
ffff92ffffff92ffff323f
ffffe3acffffe3acff2203
a8f5b40da8f5b40df520f5
5e268aa25e268aa2a200a6
c72789e7c72789e7e700ea
f78539d3f78539d3f730f9
ffffb26cffffb26cff2172
ffffff1effffff1eff2200
abffff89abffff89ff1183
7126b3c47126b3c4c400c7
ffe307d7ffe307d7ff3138
ffff8aaaffff8aaaff3183
ffff9444ffff9444ff2110
2c2d24052c2d24052d202d
4b6c4d004b6c4d006c206c
3b7a75283b7a75287a2080
2c1c52522c1c5252520056
c6850285c6850285c630bc
fff42fb2fff42fb2ff312e
ffaf0dbbffaf0dbbff3100
622098a6622098a6a600a9
038cd38e038cd38ed310c7
54116c7f54116c7f7f0080
caa42670caa42670ca30c6
b9b75547b9b75547b930c4
3845340138453401452045
3c20143a3c20143a3c3042
6746034a6746034a673065
5b440b365b440b365b3056
3a3316173a3316173a3037
1d251d011d251d01252025
1021220d1021220d221023
0c2024100c202410241023
0c1f220f0c1f220f221022
0f20210c0f20210c211022
1222220a1222220a221023
1223220b1223220b232024
1022220c1022220c221024
0e1d1e0b0e1d1e0b1e101f
0e1a1a080e1a1a081a101b
141d1803141d18031d201d
161b1203161b12031b201b
1313090713130907132014
0a0802060a0802060a300a
0304030003040300042004
0d0b03070d0b03070d300d
100c020a100c020a10300f
0c0800080c0800080c300b
0603020506030205063005
0202040402020404040004
0203060502030605061005
ffff5bd4ffff5bd4ff318b
ffffa099ffffa099ff3195
e0e97245e0e97245e920f3
363c200c363c200c3c203d
2d2f1b0d2d2f1b0d2f2030
6f7f4d176f7f4d177f2081
c5e08328c5e08328e020e3
fff96d5dfff96d5dff3109
ac454aa9ac454aa9ac30b6
14b4ffd014b4ffd0ff1113
09d9ffc109d9ffc1ff1122
296dc19d296dc19dc110bf
1b4a8b701b4a8b708b1086
0b4b6d3f0b4b6d3f6d1061
0a2a3a1e0a2a3a1e3a1033
0f0415160f041516160016
2f150b252f150b252f302a
512317455123174551304d
5e212e615e212e61610066
44014a6144014a61610061
102c5846102c5846581052
0f343f200f343f203f103d
060c0a00060c0a000c200c
0d1717090d171709171018
2932230429322304322032
51694f0751694f07692069
4580812445808124811084
14396e5f14396e5f6e106e
5118315e5118315e5e0061
423e161c423e161c423044
2a62682c2a62682c68106b
0f6791590f679159911088
1a3876641a387664761072
30043c4a30043c4a4a004a
220c1220220c1220223022
0601080706010807081007
050a0b04050a0b040b100a
04090a0504090a050a100a
0207080302070803081007
0e282c140e282c142c102c
1c515a291c515a295a105a
33828f3e33828f3e8f1090
44a3b24b44a3b24bb210b3
479ca140479ca140a110a8
2c5450182c545018542057
172c250e172c250e2c202e
4e8066124e806612802081
567e6004567e60047e207e
3c5f520b3c5f520b5f205f
150d292b150d292b2b002c
7b86492c7b86492c86208d
73c7ad2373c7ad23c720ca
33458f8b33458f8b8f109b
cc7d0c9dcc7d0c9dcc30c8
a0a14c3ba0a14c3ba120ab
0f5667440f56674467106d
3140898231408982891090
45308b8845308b888b1090
3b0f51693b0f516969006a
0c0b04010c0b04010c300b
4d11356b4d11356b6b006c
31062b4831062b48480048
2c240c262c240c262c3034
577a5b12577a5b127a207b
3cf9ffa33cf9ffa3ff1129
21ffffff21ffffffff11b1
89bbffff89bbffffff1198
a87dffffa87dffffff1167
b16dffffb16dffffff016b
df43ffffdf43ffffff017a
f919fffff919ffffff016b
ea02f2ffea02f2ffff013e
ca0ac0ffca0ac0ffff0106
a61190cfa61190cfcf00cf
821f5491821f5491910094
5c40063c5c40063c5c3057
2056642e2056642e641061
3e2576813e257681810086
8b3633868b3633868b3090
7d540b4a7d540b4a7d306f
3731171137311711373033
0408080404080804081008
0f110b030f110b03112011
131b1703131b17031b201b
13201f0813201f08202020
0815180b0815180b181017
08020a0c08020a0c0c000c
0e06040c0e06040c0e300d
0902050a0902050a0a000a
0003040300030403041004
0d05050b0d05050b0d300c
1f0811201f081120200020
2e0720352e072035350035
2c022e3e2c022e3e3e003e
1411323114113231321033
0209181102091811181013
485b3803485b38035b205b
ffffac37ffffac37ff212c
ffffdf90ffffdf90ff21cb
ffff95a4ffff95a4ff3180
5f430d3d5f430d3d5f305a
ffff7a73ffff7a73ff312f
ffffc0ffffffc0ffff3236
ffff88ffffff88ffff321c
ffff1cd4ffff1cd4ff314c
77303d7677303d7677307f
80cfc02980cfc029cf20d3
ffffff09ffffff09ff21fd
ffffff15ffffff15ff2247
ffffff02ffffff02ff2164
356b6321356b63216b206f
36190e2f36190e2f363035
9eb7761f9eb7761fb720b9
ffffff0effffff0eff21c4
ffffff36ffffff36ff2252
f4ffff44f4ffff44ff2199
114a7556114a7556751071
f7d64f74f7d64f74f730f3
ffffe070ffffe070ff21a9
ffffcd3fffffcd3fff2166
413f0b1d413f0b1d413045
5191912b5191912b911097
4091983f4091983f98109e
122b483b122b483b481049
7f5f1d3d7f5f1d3d7f3070
e4cc565ee4cc565ee430e0
dfa51987dfa51987df30d5
6215849b6215849b9b009c
1282dc9e1282dc9edc10cc
6b1593a76b1593a7a700a8
ffa809b6ffa809b6ff30f7
ffef3fa3ffef3fa3ff3121
b8a03a56b8a03a56b830b5
1622220c1622220c221024
5c37104d5c37104d5c305e
825b0259825b025982307f
6e57143d6e57143d6e306a
4341211543412115433044
1f2c25061f2c25062c202c
0e21240f0e21240f241024
0b1e23100b1e2310231022
0b1e23100b1e2310231022
0d2225100d222510251025
0f2427100f242710271027
0e21240f0e21240f241024
0a1a1c0c0a1a1c0c1c101c
0a1718090a171809181018
0e1816060e181606182018
0f1511010f151101152015
0f110b030f110b03112011
0a0c08020a0c08020c200c
0003040300030403041004
0b0601080b0601080b300a
100c020a100c020a10300f
0f0b01090f0b01090f300e
0905010709050107093008
0301050503010505050005
0004060400040604061005
9dffff659dffff65ff214c
fcffff2dfcffff2dff218d
b4ffbe05b4ffbe05ff2101
3d4b2d0d3d4b2d0d4b204c
12211e0912211e09212022
5b6c430e5b6c430e6c206c
b6b3563db6b3563db630bd
e7a4158ae7a4158ae730d6
a10197d7a10197d7d700d7
2aa3ffe32aa3ffe3ff1117
0597e99f0597e99fe910db
11335f4711335f475f1057
0b1d230d0b1d230d23101f
2b3223082b322308322032
2125190521251905252025
0509090305090903091009
0b0503090b0503090b300a
160b0411160b0411163014
240f0c1f240f0c1f243022
2402223024022230300030
14183a3614183a363a103b
0c142e280c142e282e102c
150c0510150c0510153014
1418120014181200182018
1d2925051d292505292029
4d86811c4d86811c862088
54d7f06554d7f065f010ed
2f70d7b82f70d7b8d710d7
c1415fc7c1415fc7c700d1
d8890a95d8890a95d830ca
b79a2f5ab79a2f5ab730b2
888f4e27888f4e278f2094
35422f0035422f00422042
15170b0915170b09172018
1a2a22061a2a22062a202a
0807121308071213130014
190d0715190d0715193018
15070b1515070b15150016
070f1b17070f1b171b101b
1231341712313417341036
335c5516335c55165c205e
5792831c5792831c922094
64ada02964ada029ad20b1
4c837c254c837c25832088
1927270719272707271027
2429120324291203292029
6551113965511139653063
9e6b066d9e6b066d9e3098
ac821c64ac821c64ac30a4
563e0c30563e0c3056304e
5c91760b5c91760b912091
b9ffdb15b9ffdb15ff2115
3878762e3878762e782080
92a8622492a86224a820ab
b5ffb704b5ffb704ff2100
518e751c518e751c8e2090
1f4347191f434719471047
1536431c1536431c43103c
1a17021b1a17021b1b0023
346c5c18346c5c186c206e
241e4a54241e4a54540059
765d044f765d044f76307a
2f0f2b332f0f2b33330035
62e7f25962e7f259f210f7
a9ffffada9ffffadff11b8
5dffffbf5dffffbfff116c
016ea36c016ea36ca3109a
2a646e202a646e206e1068
539c972c539c972c9c20a2
0556795405567954791078
4209304f4209304f4f004f
44340e2444340e2444303f
263c360c263c360c3c203d
0740593607405936591053
095b8d63095b8d638d1086
0e94e29e0e94e29ee210d8
2bb3ffe52bb3ffe5ff1122
9644f0ff9644f0ffff0116
ff813addff813addff30ff
dfbb3d67dfbb3d67df30d5
555f390b555f390b5f205f
04060a0c04060a0c0c000d
1722210617222106222022
0a2f42250a2f422542103b
0c2c50400c2c504050104d
271443482714434848004a
3406283e3406283e3e003e
2f0e172e2f0e172e2f3030
200b0e1f200b0e1f203020
1409061114090611143013
0a0b06030a0b06030b200b
000a0e0a000a0e0a0e100e
0a030e110a030e11110011
0c010a0f0c010a0f0f000f
0601080906010809090009
0c0802080c0802080c300b
4c3e10224c3e10224c3046
eab92a79eab92a79ea30dd
ffff3bfaffff3bfaff319c
ffff38ffffff38ffff31e7
ffec13daffec13daff3141
284e4e16284e4e164e1051
ffffcf8dffffcf8dff21a9
ffffedb9ffffedb9ff320e
ffff7d99ffff7d99ff3169
a656308aa656308aa630a2
1fb4f9961fb4f996f910ea
ffffff83ffffff83ff21e5
ffffff44ffffff44ff222a
feffff0afeffff0aff2162
6179570961795709792079
0918190809181908191019
8ddab91a8ddab91ada20db
ffffff45ffffff45ff21fd
ffffff5effffff5eff2263
ebffff44ebffff44ff2182
1e3f360f1e3f360f3f2040
94e0ca2494e0ca24e020e2
ffffff44ffffff44ff21b9
e8ffff2ee8ffff2eff2164
2106252c2106252c2c002c
34daffa034daffa0ff110e
28aaffee28aaffeeff1124
a11bd3fba11bd3fbfb00fc
f66364e5f66364e5f630f9
ffb911d3ffb911d3ff3118
ffa20cc0ffa20cc0ff30fb
7c0660947c066094940094
0376a76a0376a76aa7109e
343a8c7a343a8c7a8c1087
e18229b6e18229b6e130df
ffff31cfffff31cfff3155
fffe479efffe479eff312b
92822e4292822e42923091
0b0211160b021116160016
7052044c7052044c70306f
907418549074185490308f
7769253777692537773076
4345271143452711452047
1c2924071c292407292029
0c2024100c202410241023
0920271409202714271025
0a232c170a232c172c1029
09242d1809242d182d102b
061f2817061f2817281026
021620140216201420101d
03141b1003141b101b1019
0613160b0613160b161015
0710110607101106111011
09100f0409100f04102010
070f0f05070f0f050f100f
00070a0700070a070a1009
0903050909030509090009
100b000b100b000b10300f
120d020b120d020b123011
0c0800080c0800080c300b
0501030505010305050005
0004060400040604061005
44e6ffff44e6ffffff118e
47ffffc047ffffc0ff115d
58b8b63858b8b638b820c0
32351c1532351c15352039
080f1e1d080f1e1d1e1020
38422a0838422a08422042
89772b3f89772b3f893086
9f6009729f6009729f3095
4f237f8d4f237f8d8d0091
037cb97e037cb97eb910b0
00446c4800446c486c1063
1310010a1310010a133012
1303171f1303171f1f001f
4333092943330929433041
3c34121c3c34121c3c303b
1813060b1813060b183015
0200020202000202020002
0506050005060500062006
0605040106050401063005
010909050109090509100a
0b191b0b0b191b0b1b101b
030a1510030a1510151012
1d1803121d1803121d301e
211f0b0f211f0b0f213022
2735290127352901352035
6abaac286abaac28ba20be
90ffff7590ffff75ff114e
0aaeffc20aaeffc2ff1104
df624dd0df624dd0df30e5
ffcd239dffcd239dff3102
e4ca4a64e4ca4a64e430e1
b6b55441b6b55441b630c0
6259202b6259202b623062
06192a1f06192a1f2a1027
11363f1e11363f1e3f103d
101330291013302930102d
2d022f3e2d022f3e3e003e
3a06304a3a06304a4a004a
2d042f3e2d042f3e3e003e
03283f2a03283f2a3f103a
2c5c60222c5c6022601062
589c9226589c92269c20a0
67bdb53367bdb533bd20c3
317c8d40317c8d408d108b
23184d4823184d484d104b
5103556951035569690069
840c6aa4840c6aa4a400a4
d66832b8d66832b8d630d3
f5c02f86f5c02f86f530ea
8d8841328d8841328d3090
5e67361d5e67361d67206b
ffff8d54ffff8d54ff211e
ac7b0c6dac7b0c6dac30a4
35abc36335abc363c310c5
8feecb2c8feecb2cee20f2
636a3722636a37226a206f
5f3a094c5f3a094c5f305f
6952113c6952113c693065
0909111109091111110013
6e7c3c206e7c3c207c2080
472a0d40472a0d4047304c
21493d1b21493d1b49204d
122250461222504650104d
73ffff8873ffff88ff113c
dcffff76dcffff76ff21b0
98ecca2498ecca24ec20ee
3301294133012941410041
8e4528818e4528818e3092
f1bf2389f1bf2389f130eb
ab543790ab543790ab30a6
6141c9c56141c9c5c910cf
7472ffff7472ffffff1126
a962ffffa962ffffff0152
c454ffffc454ffffff015e
ad6dffffad6dffffff015e
72a9ffff72a9ffffff1163
46c4ffff46c4ffffff1155
8e2ac8e68e2ac8e6e600e9
ffe02c9effe02c9eff3112
ffff984cffff984cff212d
788d5811788d58118d208e
0402040204020402041002
1d49511f1d49511f51104f
0865945d0865945d941089
334faf9b334faf9baf10ad
75108fb275108fb2b200b2
8f23579b8f23579b9b009e
782f2c6d782f2c6d783076
502612405026124050304a
2f1d011f2f1d011f2f302a
1c18080c1c18080c1c301a
10120a0410120a04122012
0506050005060500062006
0304010203040102042004
0303010103030101032003
0602020406020204063004
2712091c2712091c273021
884220688842206888307b
ffb52df1ffb52df1ff312d
ffff08ffffff08ffff31f0
ffff1fffffff1fffff31ff
ef8627baef8627baef30e5
b8ffe20fb8ffe20fff2117
ffffff2dffffff2dff2200
ffffff05ffffff05ff217d
34565e2234565e225e105c
a6ba6428a6ba6428ba20be
fffffe44fffffe44ff21a3
ffffff7effffff7eff21f2
ffff9d95ffff9d95ff3174
cc9c2c6ccc9c2c6ccc30bd
2e0024322e002432320032
97edc51b97edc51bed20ee
ffffff2dffffff2dff2224
ffffff4bffffff4bff226d
cfffff50cfffff50ff2163
1403202714032027270027
bdfffd2abdfffd2aff212a
ffffff76ffffff76ff21e6
93ffff7d93ffff7dff1147
6d6c25326d6c25326d3077
c6ffff3fc6ffff3fff2152
38f3ffad38f3ffadff112a
9236f0ff9236f0ffff0109
ff5ab1ffff5ab1ffff014a
ffb77fffffb77fffff3188
ffcb5bffffcb5bffff3180
f86b56e5f86b56e5f830fc
342b685f342b685f681068
1861702b1861702b70106a
71253d7371253d73730078
fff31ad3fff31ad3ff3141
ffff48e2ffff48e2ff3184
ffe5389dffe5389dff3115
7156113e7156113e71306a
23220f1023220f10233025
7c6f263d7c6f263d7c307e
9185314391853143913094
6c6930296c6930296c3070
37402b0637402b06402040
14282a1014282a102a102b
09242d1809242d182d102b
07252f1b07252f1b2f102d
06232e1b06232e1b2e102c
031d2919031d2919291026
031421180314211821101f
04101c1604101c161c101b
030d1711030d1711171015
000c120c000c120c121010
040f1209040f1209121011
060f1007060f1007101010
01080b0601080b060b100a
0600060806000608080008
0f09010b0f09010b0f300e
130f030b130f030b133012
0f0b01090f0b01090f300e
0703030707030307070007
0204080602040806081007
5585ffff5585ffffff1124
0393e7990393e799e710d4
1e4958211e495821581050
250e0f28250e0f2828002a
2605203326052033330033
000f1811000f1811181016
4940172249401722493048
613c094a613c094a61305f
2222545222225452541058
15566b3a15566b3a6b1067
041120170411201720101c
243b3209243b32093b203b
051d3125051d312531102f
4b3605324b3605324b3049
544a1c26544a1c26543053
28240e1028240e10283027
0704010407040104073005
03090b0503090b050b100a
030a130e030a130e131011
1705111b1705111b1b001b
2c1d02212c1d02212c302b
211703152117031521301f
090c0702090c07020c200c
221d0813221d0813223022
3f4423143f442314442046
a9e8ad00a9e8ad00e820e8
feffff2dfeffff2dff2187
63e2ed6063e2ed60ed10f5
a87c106ca87c106ca830a4
fcff9047fcff9047ff2114
caeb9221caeb9221eb20ed
a1bc751ca1bc751cbc20be
605e2a26605e2a26603065
0e1026240e102624261027
1139451f1139451f451040
04385e3c04385e3c5e1052
352e817c352e817c811084
750373a3750373a3a300a3
83224d8c83224d8c8c0090
430f5561430f5561610062
075b7f4f075b7f4f7f1078
3da0b14e3da0b14eb110b2
57cedd5657cedd56dd10df
1b94c7721b94c772c710ba
4e2f96994e2f96999900a0
6c2ca6b86c2ca6b8b800bd
870e93c0870e93c0c000c0
e08914a5e08914a5e030d6
ffff6673ffff6673ff311b
c3d77935c3d77935d720dd
260c1826260c1826260027
fdcc2d90fdcc2d90fd30f9
e3684bd0e3684bd0e330e8
2b81efc32b81efc3ef10e9
1a92c6741a92c674c610ba
01151f1101151f111f101b
371b1939371b193939003f
835f015b835f015b833083
4c22204e4c22204e4e0055
232d2305232d23052d202d
320b2649320b2649490049
25180b2c25180b2c2c0032
3e8d8a3f3e8d8a3f8d209a
8efff8568efff856ff2119
f3ffe10ef3ffe10eff213c
c68d127fc68d127fc630bd
5e42babc5e42babcbc00c7
c42292e2c42292e2e200e4
ffa954ffffa954ffff3142
ff26dfffff26dfffff0152
cb7bffffcb7bffffff0196
c888ffffc888ffffff019e
d048ffffd048ffffff0157
a524cdf6a524cdf6f600f8
4c3b9e9b4c3b9e9b9e10a5
2170854421708544851083
7385591373855913852086
3802264838022648480048
82e4ba2c82e4ba2ce420e8
e4ffb624e4ffb624ff2124
a9952b59a9952b59a930ad
47044d6247044d62620062
056fa56d056fa56da5109b
07aef99e07aef99ef910eb
4191ffeb4191ffebff1114
bc20f4ffbc20f4ffff0127
ff47a9ffff47a9ffff0131
ff6c66f6ff6c66f6ff310c
cc6038accc6038accc30c4
88441e6c88441e6c88307f
572a1546572a1546573051
3c1914353c1914353c303a
2a0d162b2a0d162b2b002c
1a001a221a001a22220022
1403181d1403181d1d001d
1603121b1603121b1b001b
1209081312090813130015
0710150e0710150e151015
732b2761732b276173306a
fff216d8fff216d8ff3144
ffff71ffffff71ffff3200
ffff4ed3ffff4ed3ff3179
33797f2d33797f2d7f1081
ffffff45ffffff45ff21f3
ffffff2cffffff2cff21d0
499bab43499bab43ab10a8
e57e39bee57e39bee530e3
ffff00ffffff00ffff31c1
ffff0bffffff0bffff3249
ffff07ffffff07ffff322e
ffff05ffffff05ffff318c
b85f1c87b85f1c87b830a5
79ccaf1e79ccaf1ecc20ce
ffffff0cffffff0cff222c
ffffff0affffff0aff2280
ffffff12ffffff12ff2164
291e0524291e052429302e
ffffff0bffffff0bff2171
ffffff26ffffff26ff220d
a7ffff48a7ffff48ff212c
b0951e5fb0951e5fb030b0
ffffca6fffffca6fff2194
ffffbb4fffffbb4fff2152
6398811263988112982099
6b05698f6b05698f8f008f
ff7e64ffff7e64ffff311d
ffd15bffffd15bffff3184
ffd44effffd44effff317a
dc5a5ed2dc5a5ed2dc30e4
284f946f284f946f941088
3947998139479981991093
ff9836e8ff9836e8ff3115
ffff41ffffff41ffff31bc
ffff61cfffff61cfff3189
d6af2e6bd6af2e6bd630cd
2d12192c2d12192c2d302f
3a5346093a534609532053
6a7e4e146a7e4e147e207f
707d4421707d44217d2081
525f3a11525f3a115f2060
263b340b263b340b3b203c
0c2a341c0c2a341c341032
0524311e0524311e31102e
04202c1a04202c1a2c1029
031b2517031b2517251023
02131e1502131e151e101c
040d1813040d1813181017
0609141106091411141013
0409120f0409120f121011
000c120c000c120c121010
030c0f08030c0f080f100e
01080b0601080b060b100a
0303070703030707070007
0c0800080c0800080c300b
1210060812100608123011
0f0c03080f0c03080f300e
0904030809040308093008
0304090803040908091008
4d6961114d69611169206a
30484c1630484c164c104b
0904070209040702093004
0a101e1c0a101e1c1e1020
240f1025240f1025250027
1f1903151f1903151f3020
190e0312190e0312193016
401e123a401e123a403041
1f143d421f143d42420044
073041260730412641103d
0f0a01080f0a01080f300c
344e3e06344e3e064e204e
1633341316333413341036
3b320f203b320f203b303b
595e311c595e311c5e2062
32351c0d32351c0d352036
0907010509070105093008
050d0d05050d0d050d100d
0613140906131409141015
0907111109071111110012
261c0418261c0418263024
2a2b14112a2b14112b202e
060d0c05060d0c050d200d
1f10071a1f10071a1f301e
4f400f2a4f400f2a4f304c
dcef843bdcef843bef20f6
fffffa49fffffa49ff21a3
f0f97e4df0f97e4df92104
29869d4c29869d4c9d109a
a0ffff4da0ffff4dff2130
7de9d9417de9d941e920f1
5f9e891c5f9e891c9e20a0
3d4d35093d4d35094d204d
0706111207061112120012
1e3d3e111e3d3e113e103f
2a7a8c3a2a7a8c3a8c1087
0886d2940886d294d210c7
8d0fa7d78d0fa7d7d700d7
d55853cad55853cad530dc
88244e8c88244e8c8c0090
11436d5311436d536d106a
47928f2e47928f2e922099
85e1cf2b85e1cf2be120e5
56c9da5756c9da57da10db
25529d8825529d889d109e
48277c8748277c8787008c
530a4562530a4562620062
b0972457b0972457b030ae
ffff6478ffff6478ff3120
ffff6983ffff6983ff3125
757137317571373175307b
7c52045c7c52045c7c307b
b74451bab74451baba00c6
4c51c6bb4c51c6bbc610cb
34419c8934419c899c1097
5f3121555f3121555f3062
281e0420281e042028302b
3f3b1b1b3f3b1b1b3f3040
4c3500394c3500394c304d
2a26061c2a26061c2a302f
0b2425180b24251825102b
545824245458242458205f
a3bd671fa3bd671fbd20bf
d3b63d5cd3b63d5cd330cb
ffb60ed4ffb60ed4ff3117
ff4d9bffff4d9bffff0132
b24fffffb24fffffff0142
f808fffff808ffffff014a
ff66d4ffff66d4ffff0193
ff12ffffff12ffffff01a0
ce40ffffce40ffffff014c
6812709068127090900091
0b39492f0b39492f491049
5d44b9be5d44b9bebe00c9
c814dcffc814dcffff011a
ff25e6ffff25e6ffff015e
ff43f7ffff43f7ffff0198
ff0bffffff0bffffff0197
8b6effff8b6effffff1147
0b9ee38a0b9ee38ae310d1
3a5c4a023a5c4a025c205c
1a0d34371a0d3437370038
2c7d90432c7d904390108d
64dcde4e64dcde4ede10e9
43ddff7b43ddff7bff10fc
4d66efd24d66efd2ef10e9
f737b5fff737b5ffff012a
ff9d74ffff9d74ffff315c
ffa74dffffa74dffff3139
f47152d5f47152d5f430f1
b73a67beb73a67bebe00c6
a02270b6a02270b6b600b9
93186fac93186facac00ad
800972a1800972a1a100a1
7401769b7401769b9b009b
7600789e7600789e9e009e
840a78a8840a78a8a800a8
9f246fb49f246fb4b400b7
8c1972af8c1972afaf00b0
1583b7731583b773b710ae
ffffff0affffff0aff2170
ffffff2dffffff2dff2187
0323271503232715271028
ffffc396ffffc396ff31b2
ffffded6ffffded6ff3229
ffff6794ffff6794ff3140
0b1f250f0b1f250f251022
ff9c30d8ff9c30d8ff310a
ffff40ffffff40ffff31f6
ffff22ffffff22ffff3277
ffff25ffffff25ffff3247
ffff27d1ffff27d1ff3151
256367272563672767106a
ffffff50ffffff50ff21fa
ffffff8effffff8eff228b
ffffd47fffffd47fff21a6
3a08243c3a08243c3c003c
ffffff01ffffff01ff2175
ffffff23ffffff23ff2216
ffffb238ffffb238ff212d
4263581942635819632066
ffffaf4fffffaf4fff2148
ffff6fb3ffff6fb3ff3178
fff128b9fff128b9ff312f
9d7a155e9d7a155e9d309a
2106192821061928280028
dc8020aadc8020aadc30d4
ffd625ffffd625ffff3152
ffb93dffffb93dffff3146
940b7eb7940b7eb7b700b7
1964996819649968991090
90431e7390431e73903085
ffffa98fffffa98fff3184
ffffec6affffec6aff21b8
d8eb7e35d8eb7e35eb20f0
351b152f351b152f353036
0e46603c0e46603c60105c
285658242856582458105d
5167450d5167450d672067
6975451d6975451d752078
485a4004485a40045a205a
1a3536151a353615361039
05222f1c05222f1c2f102c
021c281a021c281a281026
011721150117211521101f
00111a1100111a111a1018
030c1510030c1510151014
0609141106091411141013
0708131207081312131013
0608121006081210121011
0309110d0309110d11100f
03080f0c03080f0c0f100e
06030a0b06030a0b0b000b
0e08020a0e08020a0e300c
130f030b130f030b133012
120d020b120d020b123011
0b0503090b0503090b300a
0304090803040908091008
e7a7158be7a7158be730d9
79621f3879621f38793070
0c0204080c0204080c3008
16180c0816180c08182019
050d0f07050d0f070f100e
182a2406182a24062a202a
02161e1402161e141e101d
2205182922051829290029
1a06242c1a06242c2c002c
060d1c17060d1c171c101a
17180b0417180b04182018
3c492e093c492e09492049
373a1d14373a1d143a203d
1227280f1227280f281029
44614a0344614a03612061
2d3a27042d3a27043a203a
0a0602080a0602080a300a
040c0e08040c0e080e100e
0b0e07020b0e07020e200e
0e040c120e040c12120012
021a261a021a261a261024
1131351711313517351036
021d2617021d2617261025
1a0118211a011821210021
492c0734492c0734493044
dec84a5edec84a5ede30dc
ffff8baaffff8baaff318f
ffde0ff4ffde0ff4ff3149
647affff647affffff111f
20ffffd520ffffd5ff1150
1db6ef8c1db6ef8cef10e5
176581451765814581107a
1230361412303614361034
0601040506010405063005
323f2a07323f2a073f203f
76b28c0a76b28c0ab220b2
71dacb3c71dacb3cda20e2
2c357c732c357c737c107e
b574138ab574138ab530b4
9562096e9562096e953093
1d011d271d011d27270027
616b3f1d616b3f1d6b206e
d4f79c2bd4f79c2bf720fa
c5ffb907c5ffb907ff2103
3f604b103f604b10602061
070c1b14070c1b141b1017
0c27423f0c27423f42104a
385e5018385e50185e2061
c0b54e51c0b54e51c030c6
ffff6590ffff6590ff3132
eeea6662eeea6662ee30fd
1a30240c1a30240c302031
52221a5252221a52520058
1926514819265148511051
0d1c3b2a0d1c3b2a3b1032
4d3703334d3703334d304b
5733154d5733154d57305c
250f4147250f4147470048
072b472f072b472f47103f
15464f2815464f284f1050
0936412609364126411042
68500e3468500e3468305f
be890c75be890c75be30b4
db5d43c5db5d43c5db30d9
ff734be9ff734be9ff3103
df466bdedf466bdedf30e8
6646d4cc6646d4ccd410d7
8244f0ee8244f0eef010f7
f726bbfff726bbffff0130
ff685cfeff685cfeff3112
909954299099542999209e
09beffca09beffcaff1115
7eb6ffff7eb6ffffff1185
c880ffffc880ffffff0196
ff38ffffff38ffffff018a
ff00ffffff00ffffff018c
ff21ffffff21ffffff019e
ff22ffffff22ffffff01a5
ff05ffffff05ffffff017d
c714f9ffc714f9ffff012a
960bb2d7960bb2d7d700d7
992567a7992567a7a700ab
d27724a1d27724a1d230c8
ffda1cb4ffda1cb4ff311a
ffff5ca8ffff5ca8ff3146
dce37a47dce37a47e320ed
0d233f3d0d233f3d3f1046
d5aa2f78d5aa2f78d530d0
f2d3466df2d3466df230ed
aa642682aa642682aa30a4
9c08a6d89c08a6d8d800d8
db08ddffdb08ddffff012c
ff1de2ffff1de2ffff014c
ff13e8ffff13e8ffff0147
f205fcfff205fcffff0147
f511fffff511ffffff0159
ff08ffffff08ffffff0172
ff12ffffff12ffffff018a
ff1fffffff1fffffff019c
f331fffff331ffffff0182
19e7ffff19e7ffffff1162
8affff708affff70ff114d
1b656d251b656d256d106b
ffff6179ffff6179ff311f
ffff6affffff6affff3203
ffff15ffffff15ffff31fa
ffc05dffffc05dffff316e
8c2d52978c2d529797009d
8687462d8687462d87208e
ffff82c7ffff82c7ff31a1
ffffe2eaffffe2eaff3248
ffffc996ffffc996ff21c5
27301b0a27301b0a302031
ffff9a99ffff9a99ff318b
ffffcbffffffcbffff327e
ffff5cffffff5cffff3231
ff6f67fdff6f67fdff3114
75ffff7b75ffff7bff1138
ffffff01ffffff01ff21cb
feec5672feec5672fe3106
3d4abfb43d4abfb4bf10c2
3dc1f3853dc1f385f310ea
a4d08e10a4d08e10d020d0
ffd8299effd8299eff310b
ffc701c5ffc701c5ff3118
b3770981b3770981b330af
0401060704010607070007
b3790179b3790179b330ab
ffbf03c9ffbf03c9ff3115
cd8113a3cd8113a3cd30cf
1b0703111b0703111b3012
054f9171054f9171911089
9fffff8d9fffff8dff1178
f2ffff66f2ffff66ff21c1
7fdbbb2b7fdbbb2bdb20df
0114231a0114231a231020
0c4e66440c4e6644661067
081c302a081c302a301032
31321b1431321b14322035
7e82462c7e82462c822089
6f8153116f815311812082
2c463e0e2c463e0e462047
08232c1908232c192c102b
0017221700172217221020
00121c1200121c121c1019
000f160f000f160f161015
020c140e020c140e141012
030c1510030c1510151014
0709151307091513151015
0a0512130a051213130013
0807121108071211121012
0607100f0607100f101010
09010b0d09010b0d0d000d
0f08030c0f08030c0f300e
140e020c140e020c143012
130e010c130e010c133012
0d06050c0d06050c0d300d
06030a0b06030a0b0b000b
fff95385fff95385ff311a
aca54643aca54643ac30b2
2728150a2728150a282029
180a0c1a180a0c1a1a001b
130b2527130b2527270028
0326352203263522351032
021e2818021e2818281026
0d0411140d041114140014
0e030a110e030a11110011
0b0703090b0703090b300b
19190b0719190b07192019
3931111939311119393037
452c0534452c0534453044
151a3d3a151a3d3a3d103f
1d4c53241d4c5324531054
192b2507192b25072b202b
06030c0d06030c0d0d000d
0607101106071011110012
050a0b02050a0b020b100a
09172d2509172d252d102b
1320453e1320453e451045
0f25473b0f25473b471045
1018322a1018322a321030
1708212417082124240024
3616143036161430363034
b1881d5cb1881d5cb130a4
fffe30bcfffe30bcff313c
ff9960ffff9960ffff3148
9f59ffff9f59ffffff0143
30aeffee30aeffeeff1126
2068c0922068c092c010b3
1c2b60511c2b605160105b
13112d2913112d292d102c
16040e1616040e16160016
3d3817183d3817183d303c
a7b5612da7b5612db520ba
e1f38343e1f38343f320fc
6c68322e6c68322e6c3071
43471d1b43471d1b47204b
8777214f8777214f87308e
5b4e15325b4e15325b305c
2e321a122e321a12322035
e1f48340e1f48340f420fc
ffff8658ffff8658ff211f
914829789148297891308b
494ebbae494ebbaebb10be
6f31b9cf6f31b9cfcf00d4
720582a7720582a7a700a7
004c784e004c784e78106c
a9eaaf00a9eaaf00ea20ea
e1ffb323e1ffb323ff211b
6672362066723620722076
03192b1b03192b1b2b1024
25031b2b25031b2b2b002b
36111e3b36111e3b3b003d
0b1b3f330b1b3f333f1039
0518251605182516251020
0905030109050301093005
151e1b02151e1b021e201e
3a3714133a3714133a303a
3c112a453c112a45450047
112f5b57112f5b575b1062
0c2328110c232811281026
3f3b1d273f3b1d273f3046
74a78e0f74a78e0fa720a7
11769f6811769f689f109d
9660066c9660066c963090
8daf81098daf8109af20af
290c3d54290c3d54540054
c5f3992bc5f3992bf320f6
c3ffff6ac3ffff6aff2186
4dffffda4dffffdaff1184
13ccffe613ccffe6ff1133
3d6fe7c13d6fe7c1e710de
5730a3a45730a3a4a400aa
7009809f7009809f9f009f
8b0c79ac8b0c79acac00ac
a41a7ec2a41a7ec2c200c3
b6208ad6b6208ad6d600d8
b81a96e0b81a96e0e000e1
b91a97e0b91a97e0e000e1
cc2e8ae2cc2e8ae2e200e6
ff626ef4ff626ef4ff3106
ffc62effffc62effff314b
ffff44f8ffff44f8ff319c
ffff79afffff79afff3184
a464267aa464267aa4309d
2ed5ff9f2ed5ff9fff1109
1ceaffd61ceaffd6ff113d
6d02699c6d02699c9c009c
669d8c19669d8c199d209e
485ad4cc485ad4ccd410de
dd1eabffdd1eabffff010f
e124a7ffe124a7ffff0102
b11fe5ffb11fe5ffff010a
bb3fffffbb3fffffff0145
f521fffff521ffffff016e
ff14faffff14faffff016c
ff38beffff38beffff0144
ce1d9cf5ce1d9cf5f500f6
1e4a927c1e4a927c921090
919659289196592896209b
a049329da049329da030ad
0a6b9e730a6b9e739e109d
e4e4724ce4e4724ce420f0
fff722fffff722ffff317c
ffdc9dffffdc9dffff31d8
ffa0d8ffffa0d8ffff01d0
ff12ffffff12ffffff016c
04f8fff604f8fff6ff115d
ffffff82ffffff82ff2208
ffffff38ffffff38ff21d9
33989f3e33989f3e9f10a4
ffc20daeffc20daeff3104
ffff32ffffff32ffff321f
ffff20ffffff20ffff3285
ffd4c8ffffd4c8ffff3209
9f91ffff9f91ffffff1186
53ffffba53ffffbaff1160
414f2b11414f2b114f2050
0e9cffbe0e9cffbeff10f5
4c8affff4c8affffff1129
6035c2cb6035c2cbcb00d1
1446562c1446562c561052
b4941872b4941872b430ba
f6ad06b3f6ad06b3f630f8
b0711085b0711085b030ae
1302111813021118180018
977f2353977f2353973097
dacf526bdacf526bda30e9
7dc7a7117dc7a711c720c7
0dd3ffd30dd3ffd3ff112a
29ffffff29ffffffff11b5
61ffffcf61ffffcfff118b
236c7736236c7736771078
1f7191511f71915191108b
1e5aa8901e5aa890a810a9
7232226872322268723073
2517050f2517050f25301b
73844d2073844d20842087
8aa76e138aa76e13a720a8
3f5c4b0a3f5c4b0a5c205c
0c252c170c252c172c102b
03111d1503111d151d101b
020e1610020e1610161015
000d140d000d140d141012
000d140d000d140d141012
000e140e000e140e141013
040a120e040a120e121011
07050f0f07050f0f0f000f
0706111007061110111011
07050f0f07050f0f0f000f
0b01090d0b01090d0d000d
0f09010b0f09010b0f300e
120e020a120e020a123011
120c000c120c000c123010
0f05070f0f05070f0f000f
0a010c0f0a010c0f0f000f
ffff8c5fffff8c5fff212a
d8d7684dd8d7684dd830e4
5d5929235d5929235d305f
0b1413080b141308142015
0910211e0910211e211022
001c2c1e001c2c1e2c1029
01141f1401141f141f101c
0800080a0800080a0a000a
0907010509070105093008
0c0a02060c0a02060c300b
1711030d1711030d173015
2917051d2917051d293025
3614163436141634363037
1e11383d1e11383d3d003f
032b3f29032b3f293f103b
040c0e06040c0e060e100d
00131c1500131c151c101c
1202161c1202161c1c001c
2427140d2427140d272029
1f3d3b131f3d3b133d203f
0231483102314831481045
15193d3915193d393d103e
1c092c2f1c092c2f2f002f
1709252717092527270028
27061d2c27061d2c2c002c
774e014a774e014a77306b
df920390df920390df30cd
df5559d9df5559d9df30e9
7e30c8e07e30c8e0e000e5
3b58c7aa3b58c7aac710bf
352b7b73352b7b737b107a
38023c4e38023c4e4e004e
2e10142c2e10142c2e302e
1c170a0b1c170a0b1c3019
2731250327312503312031
7f8c55187f8c55188c208e
d3d56d49d3d56d49d520e1
a19b4349a19b4349a130ab
0f1a11020f1a11021a201a
775a134c775a134c773075
9a8428509a8428509a309a
1f0d0f1f1f0d0f1f1f0021
adc57b21adc57b21c520c7
f7ea6960f7ea6960f730fc
85185f9885185f98980099
3383f5c73383f5c7f510ee
7c37d0e17c37d0e1e100e7
c33675d4c33675d4d400da
7b096d9d7b096d9d9d009d
3f9aa5463f9aa546a510a9
bce69a1abce69a1ae620e7
8e670e5b8e670e5b8e3089
3f1353653f135365650066
4305334d4305334d4d004d
3d0635463d063546460046
2b2b73692b2b7369731071
5607648556076485850085
6f262f6a6f262f6a6f3070
552617425526174255304c
4a034a594a034a59590059
4d4ac1b64d4ac1b6c110c4
8d20c1f08d20c1f0f000f2
c24858bcc24858bcc230c9
492e857c492e857c851084
48fdff8f48fdff8fff1122
109beab1109beab1ea10eb
dfa91989dfa91989df30d9
f7ffa532f7ffa532ff2124
20362c0c20362c0c362037
f3ffb528f3ffb528ff212c
ffffff46ffffff46ff21bd
ffffa46effffa46eff215b
f1b72b87f1b72b87f130e3
b1640f82b1640f82b130a4
7c3b1a657c3b1a657c3074
4a21123d4a21123d4a3045
1f0f05171f0f05171f301b
0601080906010809090009
240b1225240b1225250026
38111c3938111c3939003b
46191e4346191e43463047
5628164856281648563052
7957114779571147793070
c3d07d32c3d07d32d020d5
ffffff08ffffff08ff217c
ffffff05ffffff05ff217f
5429224754292247543051
5dffffce5dffffceff1181
0fffffff0fffffffff1189
ff7967ffff7967ffff311f
ffffa37effffa37eff2177
98ca860498ca8604ca20ca
3a4840083a484008482048
1a5c7c4c1a5c7c4c7c1077
764b0a61764b0a6176307a
829c6e0e829c6e0e9c209c
0c5076500c507650761071
6538175c6538175c65306b
738e610e738e610e8e208e
1982a9621982a962a910a2
7635becd7635becdcd00d3
f310cffff310cfffff012e
ff19f9ffff19f9ffff016f
f905fffff905ffffff0163
931ed5f6931ed5f6f600f7
02345e4202345e425e1054
a34f2f8da34f2f8da330a1
ff5eb7ffff5eb7ffff0157
ff1fffffff1fffffff01c8
d9a5ffffd9a5ffffff11f8
03ffffff03ffffffff1212
68ffffd568ffffd5ff11a4
1999c3651999c365c310b7
9844267498442674983086
ffeb07f5ffeb07f5ff3153
ffff4affffff4affff320a
ffdde2ffffdde2ffff323b
ff0bffffff0bffffff01f1
af53ffffaf53ffffff014d
af89195daf89195daf30a5
9bffff5d9bffff5dff2139
0eb6ffce0eb6ffceff1112
b409b6f9b409b6f9f900f9
bd4a63cabd4a63caca00d7
2e0330412e033041410041
8467085b8467085b843089
de9610aade9610aade30e2
ae681c8cae681c8cae30ae
0e1e3c300e1e3c303c1038
a2d18e17a2d18e17d120d2
eeffff04eeffff04ff215c
b9ffff6eb9ffff6eff217a
78ffffa178ffffa1ff115a
5ac7dc595ac7dc59dc10d9
0927372b0927372b37103a
2beaffb02beaffb0ff1124
6072ffff6072ffffff111a
ff9531dfff9531dfff310c
b7831169b7831169b730a7
3a685e103a685e10682069
8dbf8f018dbf8f01bf20bf
4a6f5a0d4a6f5a0d6f206f
0d272d150d272d152d102c
050d1915050d1915191018
0609141106091411141013
020b120d020b120d121011
010e130c010e130c131012
020e140c020e140c141012
010a110c010a110c11100f
05070f0d05070f0d0f100e
0607100f0607100f101010
09040f1009040f10100010
0d03090f0d03090f0f000f
120a040e120a040e123011
150d010f150d010f153013
140a0410140a0410143012
0f0409100f040910100010
0c000c100c000c10100010
ffff8e5fffff8e5fff3126
f7f37559f7f37559f73102
8e83323d8e83323d8e3090
3d330d1f3d330d1f3d303b
1e1b0c0b1e1b0c0b1e301d
161b1401161b14011b201b
0a1010040a101004101010
0601080906010809090009
0e030c110e030c11110011
1603121b1603121b1b001b
210b0f21210b0f21210022
250c0f22250c0f22253024
2105172521051725250025
120d2627120d2627270029
070f1f1b070f1f1b1f101e
10130a0310130a03132013
0e21220f0e21220f221024
0f0111150f011115150015
3534151635341516353038
4955311149553111552056
35442f0435442f04442044
0f1d1f0b0f1d1f0b1f101f
0a081a180a081a181a1019
0f0c23220f0c2322231024
1d04232a1d04232a2a002a
4e290e3b4e290e3b4e3047
844d0c5f844d0c5f84307a
812f3981812f3981810089
51106b8051106b80800080
2f276b652f276b656b106c
300e464e300e464e4e004f
3d181b3c3d181b3c3d3040
3d36131e3d36131e3d303d
253d370d253d370d3d203e
0d36452a0d36452a451044
355b5319355b53195b205e
899f611d899f611d9f20a1
a9ab4d43a9ab4d43ab20b7
6b5b113d6b5b113d6b306d
0f3745230f374523451041
5b8d6f0d5b8d6f0d8d208d
16291a0116291a01292029
81a07d0281a07d02a020a0
a3c18711a3c18711c120c1
1515332f1515332f331033
42aabe5442aabe54be10bd
1e417e6b1e417e6b7e107d
8859005f8859005f883082
5b5423285b5423285b305d
4f3b0f2b4f3b0f2b4f3049
ce9a2476ce9a2476ce30c2
ae5b1a8dae5b1a8dae30a7
5e1f285d5e1f285d5e3062
3b3b210d3b3b210d3b203c
0c03181f0c03181f1f001f
495a3310495a33105a205b
070d0b09070d0b090d200f
3558450835584508582058
113b4127113b4127411046
343b1c15343b1c153b203e
58a58e2758a58e27a520a9
1a234c4b1a234c4b4c1052
90923e3890923e3892209c
0106090601060906091008
e0f98839e0f98839f920ff
b8830c77b8830c77b830b0
2dbbcf792dbbcf79cf10de
a0ffce1fa0ffce1fff210c
3d3709333d3709333d304b
abd48908abd48908d420d4
ffff54c0ffff54c0ff316e
fff757fffff757ffff31b7
ffaac6ffffaac6ffff31d2
ff84d9ffff84d9ffff01b8
ff6fbfffff6fbfffff017d
ff5b98ffff5b98ffff0134
dd4079e2dd4079e2e200ea
a02762aba02762abab00af
730e5d88730e5d88880088
560c6a7e560c6a7e7e007e
4e20828a4e20828a8a008d
5135a5a35135a5a3a510ab
4270ecc84270ecc8ec10e5
01f8fff401f8fff4ff115b
67ffffff67ffffffff11dc
5affffcc5affffccff117b
815809588158095881307c
ffffff01ffffff01ff21a3
bdffd30fbdffd30fff2111
81b07d0281b07d02b020b0
ffffff07ffffff07ff21bb
afe39709afe39709e320e3
38b0ce5c38b0ce5cce10c6
0ad2ffe60ad2ffe6ff1137
ff4cbbffff4cbbffff014e
ffff23ffffff23ffff3190
ffb40ac4ffb40ac4ff310a
392e6962392e696269106c
55d9df5555d9df55df10e9
3ae3ff913ae3ff91ff110d
3c8bffdd3c8bffddff1105
a835f8ffa835f8ffff011b
e507f1ffe507f1ffff013b
ff15ecffff15ecffff014d
ff37d4ffff37d4ffff014f
ff4faaffff4faaffff0131
ca5760cdca5760cdcd00de
59500d3659500d36593060
12609e7a12609e7a9e109b
20b5fff320b5fff3ff112f
1dfffff41dfffff4ff1163
3bdaff963bdaff96ff1108
195e7b3a195e7b3a7b106e
2e1012242e1012242e3027
9c65085d9c65085d9c3089
ffa617ceffa617ceff3108
ff9e64ffff9e64ffff315a
ff539fffff539fffff013e
db6c4dc4db6c4dc4db30df
ffff934bffff934bff2132
ffffff04ffffff04ff218c
93ffeb3793ffeb37ff2106
452581854525818585008a
d56945c3d56945c3d530dd
d27c2cb4d27c2cb4d230da
4c2f0e414c2f0e414c3050
693f195d693f195d693070
d8783ac2d8783ac2d830e4
aa3466bcaa3466bcbc00c3
158ebb6e158ebb6ebb10b3
edffff17edffff17ff2163
ffffed33ffffed33ff2186
ffff5a7fffff5a7fff311e
e3742bbce3742bbce330dc
576adfce576adfcedf10e7
38ffffdb38ffffdbff117e
4b8dfff34b8dfff3ff1118
ffed11d9ffed11d9ff3141
fff75083fff75083ff3117
033657360336573657104c
7dc2a3187dc2a318c220c3
4976671449766714762077
0f282d140f282d142d102c
060b1613060b1613161015
0905111109051111110011
0409120f0409120f121011
000c120c000c120c121010
020e120a020e120a121011
000c120c000c120c121010
040a1410040a1410141012
0708131207081312131013
0b030f110b030f11110011
0f0409100f040910100010
1409061114090611143013
160c0412160c0412163015
150b0511150b0511153014
0f05070f0f05070f0f000f
0b000b0e0b000b0e0e000e
ffffab3cffffab3cff2124
e2ff982fe2ff982fff2103
8e8f42338e8f42338f2097
57440d3457440d34573055
3e2d06253e2d06253e303a
2b260f122b260f122b302a
151a1302151a13021a201a
030d1711030d1711171015
130a2124130a2124240025
2005262f2005262f2f002f
2c0e162e2c0e162e2e0030
29140b2229140b22293027
1603121916031219190019
080c1a18080c1a181a101a
0e020c120e020c12120012
2125150721251507252025
1e261a021e261a02262026
0204040002040400041004
2928110e2928110e29302a
544d1c27544d1c27543056
5d4b11355d4b11355d305b
422f042b422f042b42303f
231e0b10231e0b10233022
0e1a1a0a0e1a1a0a1a101b
090c1b18090c1b181b101a
2b140d242b140d242b3029
4a290c394a290c394a3046
4e1d224d4e1d224d4e3052
3a02384e3a02384e4e004e
240d383d240d383d3d003e
22021e2a22021e2a2a002a
3328091c3328091c333030
4556390a4556390a562056
3c665a143c665a14662067
1345552f1345552f551053
0f3341270f334127411040
51562f1451562f14562058
a4790a69a4790a69a430a0
b75143abb75143abb730bd
6d209db86d209db8b800ba
2061ae8b2061ae8bae10a9
34022c4034022c40400040
8bc09b0c8bc09b0cc020c0
6bc3bd3d6bc3bd3dc320cc
5337013b5337013b533050
afd08918afd08918d020d1
3b4b37013b4b37014b204b
507a640a507a640a7a207a
459697364596973697109f
4909516949095169690069
bb7b0181bb7b0181bb30b2
a7821d62a7821d62a730a2
66794c1166794c1179207a
3288964632889646961098
492483884924838888008c
c75a49b8c75a49b8c730cc
a31a79c4a31a79c4c400c5
4250aa9e4250aa9eaa10b1
342f726b342f726b721074
814a1d62814a1d6281307a
dfa30591dfa30591df30da
9b216bb99b216bb9b900bb
1691e6a71691e6a7e610dd
6723959d6723959d9d00a0
ffa12edfffa12edfff3113
ff607bffff607bffff012b
583aa4bc583aa4bcbc00c4
51340b4251340b42513054
a71ad9ffa71ad9ffff0119
8647ffff8647ffffff011f
0252885c0252885c88107b
9a5222849a5222849a309b
ff619cffff619cffff013a
ff74e0ffff74e0ffff01a2
ff7dffffff7dffffff01db
ff80ffffff80ffffff01ee
ff6effffff6effffff01dc
ff4fffffff4fffffff01b8
ff23ffffff23ffffff0198
ff13ffffff13ffffff0193
ff37ffffff37ffffff01a8
ff4fffffff4fffffff01c3
f687fffff687ffffff01dc
91f5ffff91f5ffffff11f1
0effffff0effffffff11dc
0ec6ffd20ec6ffd2ff1120
dfa30781dfa30781df30cf
ffff9ca8ffff9ca8ff31aa
ffe50fffffe50fffff3156
4d9cffff4d9cffffff1134
96ffffac96ffffacff119f
479fa737479fa737a710a8
afffbb0aafffbb0aff2100
b0ffff3cb0ffff3cff2143
6f06799a6f06799a9a009a
ffff16f2ffff16f2ff316d
ffff33e1ffff33e1ff316f
7f4611607f4611607f3076
97b96d2797b96d27b920bd
ffff9551ffff9551ff2120
b9d68b20b9d68b20d620d8
3871782d3871782d781079
2b2c716a2b2c716a711072
6d0271946d027194940094
ac2870bcac2870bcbc00c0
ec5374ebec5374ebec30f9
ff8471ffff8471ffff3131
ffb159ffffb159ffff314f
ffd71ff5ffd71ff5ff3145
ffff3aacffff3aacff3134
fffe7666fffe7666ff3111
b8b06436b8b06436b830b8
5147271b5147271b51304b
0a010a0d0a010a0d0d000d
27322d0427322d04322032
5363530153635301632063
628c8210628c82108c208c
41a2b74c41a2b74cb710b2
34bfde7f34bfde7fde10e5
96ffff5096ffff50ff212a
fffffd1bfffffd1bff2171
ffffb344ffffb344ff2135
6580590a6580590a802080
5b2525575b2525575b305e
d38613a0d38613a0d330d0
d99f0599d99f0599d930dc
5c6838205c68382068206c
6800769a6800769a9a009a
e331afffe331afffff011f
9b31ebff9b31ebffff0113
44d9f87f44d9f87ff810fb
ece65e5eece65e5eec30f8
ff7f82ffff7f82ffff314a
ff5fd4ffff5fd4ffff0196
dc21ffffdc21ffffff0146
28ffffc028ffffc0ff1148
0886bc720886bc72bc10af
ffff8260ffff8260ff2122
ffffa056ffffa056ff213d
2311414323114143430045
64b3a82d64b3a82db320b8
3d70691c3d70691c702073
0d262b140d262b142b102a
0609141106091411141013
09040f1009040f10100010
0608121006081210121011
0409120f0409120f121011
000d140d000d140d141012
010f150d010f150d151013
020e1610020e1610161015
0709151307091513151015
0d0211140d021114140014
12040c1412040c14140014
1509071315090713153015
170d0311170d0311173015
150c0310150c0310153014
1007060f1007060f103010
0b01090d0b01090d0d000d
f0ffea01f0ffea01ff213d
b4f7be0bb4f7be0bf720f7
657a530e657a530e7a207a
4a48221e4a48221e4a304e
4042221440422214422044
2a3524032a352403352035
1528250a1528250a282029
051f2717051f2717271026
0914252009142520251025
14051a1f14051a1f1f001f
2216021822160218223020
231f0911231f0911233023
0e04080e0e04080e0e000e
010b110d010b110d111011
0f0c03080f0c03080f300e
232a1b04232a1b042a202a
1f2417061f241706242024
0a0904050a0904050a300a
1610040a1610040a163012
412e0528412e052841303c
604002446040024460305d
633f0749633f0749633060
543c0436543c0436543050
3a300e1c3a300e1c3a3037
1916090a1916090a193018
0705010307050103073005
1d1201141d1201141d301a
260f1025260f1025263027
250a172a250a172a2a002b
1c08101e1c08101e1e001f
17160b0817160b08173017
213a3910213a39103a203c
366968233669682369206e
387e8230387e8230821086
125b7843125b7843781071
1c2458521c245852581059
1608263016082630300030
3113152f3113152f313032
7517538d7517538d8d008e
6e0f86a96e0f86a9a900a9
47207d8447207d84840087
684a0246684a0246683065
c3ffb10bc3ffb10bff20ff
91dcb51c91dcb51cdc20dd
4f4d21214f4d21214f3053
bdefa50fbdefa50fef20ef
3f5845043f584504582058
6c87580f6c87580f872087
8fb477108fb47710b420b4
2025140920251409252026
5574530255745302742074
76aa7c0076aa7c00aa20aa
74ba961874ba9618ba20bb
60bcb23660bcb236bc20c3
085e9262085e9262921087
93245ba293245ba2a200a5
a32f5db7a32f5db7b700bc
5705537357055373730073
1f0d0b151f0d0b151f3018
2e2814042e2814042e3028
754509557545095575306d
75115d9b75115d9b9b009b
1f56a3821f56a382a3109b
2c20544e2c20544e541054
895d114d895d114d893078
7e5b06597e5b06597e307f
4b7243124b724312722073
15d1ffa115d1ffa1ff1107
81acffff81acffffff1189
ff14ffffff14ffffff01c2
ff4cffffff4cffffff01b2
ff4fc9ffff4fc9ffff0156
ad2a7bc8ad2a7bc8c800cc
23061b2a23061b2a2a002a
6a15547f6a15547f7f0080
f436b4fff436b4ffff0123
ff46ffffff46ffffff01a3
ff3cffffff3cffffff01fb
ff17ffffff17ffffff0231
ff1effffff1effffff024c
ff35ffffff35ffffff0245
ff2effffff2effffff020a
ff44ffffff44ffffff019d
5e86fffe5e86fffeff111f
4aa7b0454aa7b045b010b4
703e0e60703e0e60703072
1598cd8c1598cd8ccd10ce
aaffe227aaffe227ff2109
a5923756a5923756a530a9
0a5e84600a5e8460841086
bfe39b17bfe39b17e320e4
995017889950178899309d
50d3dc6950d3dc69dc10eb
d2ffc613d2ffc613ff2121
58520c4258520c42583069
95bd8d0795bd8d07bd20bd
ffffc24affffc24aff214e
a3db9713a3db9713db20db
8436307e8436307e843089
ffff16eaffff16eaff315c
ffff21ecffff21ecff316e
ffc61ba2ffc61ba2ff30ff
8d6e1d488d6e1d488d3083
292f2103292f21032f202f
2003242d2003242d2d002d
601f2e5d601f2e5d603062
b44e3c9eb44e3c9eb430b0
ff8d4aefff8d4aefff3115
ffd74effffd74effff317d
ffff33ffffff33ffff31c9
ffff07ffffff07ffff31c7
fffc0decfffc0decff3159
c8820280c8820280c830b6
45171d3b45171d3b45303f
01456b3f01456b3f6b105d
0c9dec910c9dec91ec10d5
1ee3ffff1ee3ffffff1163
64fcffff64fcffffff11d0
a7b8ffffa7b8ffffff11cc
7884ffff7884ffffff114d
49c9d95949c9d959d910db
e9ff8f4ce9ff8f4cff2112
d6c84c64d6c84c64d630df
413e1b1a413e1b1a413043
624004466240044662305e
dca91889dca91889dc30d9
f5ec5d74f5ec5d74f53106
76cbb22176cbb221cb20cd
684ee6ea684ee6eaea00f6
dc01ecffdc01ecffff0145
8c11aedd8c11aedddd00dd
0512090605120906122012
7e2bb0d57e2bb0d5d500d9
ff5e8affff5e8affff0134
ed7741d5ed7741d5ed30f3
316f7727316f7727771075
76611e4b76611e4b76307a
84eed63a84eed63aee20f4
d4ffc210d4ffc210ff2116
1c0e363c1c0e363c3c003d
4c9da0394c9da039a010a7
2c5f62232c5f6223621065
081f2613081f2613261024
0508110e0508110e111010
07040d0e07040d0e0e000e
05070f0d05070f0d0f100e
03080f0c03080f0c0f100e
000c120c000c120c121010
0311170d0311170d171015
0211180f0211180f181016
050b1511050b1511151014
0c0310130c031013130013
12040c1412040c14140014
160a0814160a0814163016
190e0514190e0514193018
180d0413180d0413183017
1409061114090611143013
0d03090f0d03090f0f000f
f3ffff1cf3ffff1cff215f
97eccf2897eccf28ec20ef
3463641f3463641f641067
234849182348491849104b
264e4c1a264e4c1a4e2052
173a3d1a173a3d1a3d103f
0f2d33170f2d3317331032
0c262c160c262c162c102b
00121a1200121a121a1019
0904030809040308093008
161b1201161b12011b201b
191e1304191e13041e201e
0803040908030409090009
0003020300030203030004
0b17190b0b17190b191019
132829101328291029102b
0e20220c0e20220c221022
0111190f0111190f191016
1204181c1204181c1c001c
3213122d3213122d323030
522d0c3f522d0c3f52304d
6741074b6741074b673063
704f0449704f044970306b
5f44053c5f44053c5f305a
3c220a2e3c220a2e3c3039
1f0813221f081322220022
0f0111150f011115150015
04030a0904030a090a1009
050d0f05050d0f050f100d
081c2210081c2210221020
0632462a0632462a461041
0957794b0957794b791072
11769f6211769f629f1099
1484b2681484b268b210a8
037dc17d037dc17dc110b0
4b3eadaa4b3eadaaad10b4
9d3255ac9d3255acac00b3
8d60015e8d60015e8d3086
2b2a11082b2a11082b302a
0901090f0901090f0f000f
0404040204040402041004
485a300c485a300c5a205a
e0ff8e37e0ff8e37ff2104
e4dc5e5ee4dc5e5ee430ef
1149795f1149795f791077
77e9dd4377e9dd43e920f2
1d5d692f1d5d692f691068
8673263d8673263d863082
c09f2a65c09f2a65c030bc
7822488478224884840088
1360a57e1360a57ea5109e
309ab458309ab458b410b1
64ae982464ae9824ae20b1
8ab47a0e8ab47a0eb420b4
6f844f1c6f844f1c842086
0d1713050d171305172017
3b3a15203b3a15203b3042
3f5535093f553509552055
1950592c1950592c59105b
200d3643200d3643430044
231e0516231e0516233025
0a0b1c230a0b1c23230024
031217140312171417101a
102654421026544254104c
156cbf96156cbf96bf10b8
3e469e9c3e469e9c9e10aa
168a9e58168a9e589e10a3
b8ffff2db8ffff2dff2144
92ffff6992ffff69ff114a
5d6efff05d6efff0ff1108
ff39eeffff39eeffff0177
ff72ffffff72ffffff01d0
ff78ffffff78ffffff01e5
ff79f5ffff79f5ffff01c3
ff79b2ffff79b2ffff016f
df615dd5df615dd5df30ea
57460d3257460d32573056
2a3e8c7a2a3e8c7a8c1088
9441ffff9441ffffff011a
db3effffdb3effffff0175
ff04ffffff04ffffff0168
ef5e5de6ef5e5de6ef30f8
67774f0f67774f0f772077
7136bdce7136bdcece00d4
ff05ffffff05ffffff017d
ff23ffffff23ffffff01e6
ff69ffffff69ffffff01f6
ce80ffffce80ffffff01ad
c244ffffc244ffffff0149
ff23d5ffff23d5ffff013a
ff5ed5ffff5ed5ffff018d
ff2cffffff2cffffff01bc
d14dffffd14dffffff017e
3880ffcc3880ffccff10f0
142e4e36142e4e364e1046
7481620574816205812081
f5ffdd14f5ffdd14ff2130
e4ffde0be4ffde0bff2131
044a5e3a044a5e3a5e105e
fab6169afab6169afa30ee
ffff21e5ffff21e5ff3168
ffff06f5ffff06f5ff3163
ffc101c1ffc101c1ff3110
ad73036fad73036fad309f
4a33062b4a33062b4a3042
090f0d03090f0d030f200f
3210162e3210162e323030
823e206a823e206a82307a
f68728bdf68728bdf630e8
ffee22ffffee22ffff3171
ffff09ffffff09ffff31df
ffff0effffff0effff31d9
fff40de4fff40de4ff314d
a451267da451267da43094
0679ba730679ba73ba10a6
32ffffe532ffffe5ff117a
09ffffff09ffffffff121a
7bffffff7bffffffff1248
fe95fffffe95ffffff0201
ff1dffffff1dffffff019c
bb1d9dedbb1d9deded00ee
396b5d0f396b5d0f6b206c
d9bf337fd9bf337fd930e5
c494147cc494147cc430c1
3624022236240222363031
7b681f407b681f407b307a
ffff7077ffff7077ff3124
ffffd74dffffd74dff2173
8effee418effee41ff210c
661d94b9661d94b9b900bb
d2861aa6d2861aa6d230d5
bdbb3f49bdbb3f49bd30c8
69772d2369772d2377207c
2d71853b2d71853b85107f
4fecff724fecff72ff1106
8727b1cf8727b1cfcf00d2
f43f94fff43f94ffff011c
3d8bffe53d8bffe5ff110b
30a8c45e30a8c45ec410c0
2a37300d2a37300d372038
4f8f8b2b4f8f8b2b8f2095
214a4f1e214a4f1e4f104f
04161e1004161e101e101b
03080f0c03080f0c0f100e
06030a0b06030a0b0b000b
03050b0903050b090b100a
00080c0800080c080c100b
030d1109030d110911100f
0614180c0614180c181017
0313190f0313190f191018
030c1510030c1510151014
09040f1009040f10100010
0f030b110f030b11110011
1509071315090713153015
1a0e04141a0e04141a3018
190f0313190f0313193018
150b0511150b0511153014
0f05070f0f05070f0f000f
e4ffff3de4ffff3dff2174
7eebe0417eebe041eb20f3
145d7843145d7843781072
034563410345634163105e
0d485d360d485d365d105a
073041260730412641103d
0a28321a0a28321a32102f
0c242a140c242a142a1029
0209100d0209100d10100f
0e100a020e100a02102010
131a1302131a13021a201a
1312070813120708133013
0c0208100c020810100010
0e100a040e100a04102010
12292c1312292c132c102d
0828362008283620361033
0320352403203524351030
0c1d382d0c1d382d381035
1e1136391e11363939003b
3609283f3609283f3f003f
4c2218424c2218424c304a
623a0a48623a0a4862305c
7752034e7752034e773071
744d024f744d024f74306e
582a1a4c582a1a4c583056
4111294741112947470049
37092b4137092b41410041
3001344130013441410041
2719514f2719514f511052
26367a6a26367a6a7a1076
2a4f9e872a4f9e879e109c
236cbf98236cbf98bf10ba
1978c9981978c998c910c1
0e82d0920e82d092d010c3
04aaffa804aaffa8ff10ef
4d76fde04d76fde0fd10fd
ed5275f6ed5275f6f60103
ffbb10c9ffbb10c9ff3112
b44e48a0b44e48a0b430b2
6d1895ac6d1895acac00ad
81027bb281027bb2b200b2
4409486544094865650065
8990433089904330902097
f2a702adf2a702adf230f0
6c2098b86c2098b8b800ba
28a1c06328a1c063c010bd
1a3d3a0f1a3d3a0f3d203e
4658420446584204582058
6b652b296b652b296b306d
4604546a4604546a6a006a
2159af8f2159af8faf10a8
096caf80096caf80af10a7
2062723a2062723a721071
6b65252f6b65252f6b306f
ab6f0f85ab6f0f85ab30ad
9843348f9843348f98309d
39134b5739134b57570059
245a581e245a581e5a205e
4469500744695007692069
0301050303010503051003
29554f1929554f19552058
0a1f302b0a1f302b301035
272d1b0f272d1b0f2d202f
33919b4533919b459b10a0
0ea4de940ea4de94de10dc
560d6e8d560d6e8d8d008d
020d1e1b020d1e1b1e101d
fffe677afffe677aff3119
ffff9eb3ffff9eb3ff31a6
ffff825bffff825bff2116
0c506c440c506c446c1068
b11e85d2b11e85d2d200d4
ff50afffff50afffff0144
ff75d2ffff75d2ffff019a
ff9be4ffff9be4ffff01dc
ffadebffffadebffff01f9
ffb5d4ffffb5d4ffff31e5
ffc988ffffc988ffff31a7
ffca28faffca28faff3141
d0931479d0931479d030be
2b0d272d2b0d272d2d002e
62e7d84562e7d845e720f1
52ffffba52ffffbaff116c
52e0ffff52e0ffffff118e
ee73ffffee73ffffff01c1
ff47ffffff47ffffff01e2
ff3fffffff3fffffff01d5
ff33ffffff33ffffff01ae
ff1affffff1affffff018c
ff04ffffff04ffffff018a
ff1affffff1affffff01a4
ff20ffffff20ffffff01bd
ff13ffffff13ffffff01ab
ff0dffffff0dffffff0169
ec2fb6ffec2fb6ffff0118
ff9733d3ff9733d3ff3103
ffff64adffff64adff315e
ffff849affff849aff316d
c57b1793c57b1793c530bf
03669f7203669f729f1098
7fab77017fab7701ab20ab
f2c2189af2c2189af230f7
ffde0ff0ffde0ff0ff3146
ffc110d7ffc110d7ff3120
c4790a87c4790a87c430b5
633e0140633e0140633059
221a0612221a061222301f
1607081316070813163014
63380b4663380b46633059
e08d0a99e08d0a99e030d0
ffff06ffffff06ffff3171
ffff28ffffff28ffff31e7
ffff3bffffff3bffff31c6
ffae06b2ffae06b2ff30f8
0498d47e0498d47ed410c5
b6ffffbbb6ffffbbff11e2
9affffff9affffffff1243
04ffffff04ffffffff11e3
9f73ffff9f73ffffff1158
ff5ea4ffff5ea4ffff0140
ffc02bfcffc02bfcff313c
9075185790751857903091
7b4223787b4223787b3088
ffb711d5ffb711d5ff3118
e18e0fa2e18e0fa2e130d7
2809343b2809343b3b003b
b7dc911cb7dc911cdc20dd
ffffff46ffffff46ff219f
ffffeb33ffffeb33ff217a
40563c0040563c00562056
95a1493195a14931a120a8
dfb0157edfb0157edf30d8
d829a0fdd829a0fdfd0100
8a96ffff8a96ffffff1177
4ceaffff4ceaffffff118f
a056ffffa056ffffff0121
e923b7ffe923b7ffff011b
9329ddff9329ddffff0106
5d1381935d138193930094
7e84461c7e84461c842086
6090781460907814902091
1e3b3c131e3b3c133c103d
0310150c0310150c151014
02070c0902070c090c100b
0402080804020808080008
0304090803040908091008
00090e0900090e090e100c
0310150c0310150c151014
06181e1006181e101e101c
02151e1302151e131e101c
060b1613060b1613161015
0b030f110b030f11110011
0e020a100e020a10100010
1208061012080610123011
160e0210160e0210163015
1810001018100010183016
150d010f150d010f153013
0f08030c0f08030c0f300e
abffff76abffff76ff2171
63dfe75563dfe755e710ee
0f5c79460f5c7946791073
003d5c3f003d5c3f5c1057
05374f3105374f314f1049
002132210021322132102e
071e2514071e2514251024
0e1e1e0a0e1e1e0a1e101f
0100010201000102020002
0f1915050f191505192019
0d130f030d130f03132013
0900090c0900090c0c000c
0f030b150f030b15150015
2428180824281808282028
243e380e243e380e3e203f
0e323e200e323e203e103b
042d4a33042d4a334a1044
122d5647122d5647561054
2b164b502b164b50500052
430c2f4c430c2f4c4c004c
4f211d474f211d474f304e
5d32134a5d32134a5d3059
764b0653764b065376306f
7c4c0a5a7c4c0a5a7c3075
662c245c662c245c663065
5413385d5413385d5d005e
4f0845624f084562620062
4a156e774a156e77770078
4947bbab4947bbabbb10b9
6167ffef6167ffefff1104
835fffff835fffffff0122
7f52eff87f52eff8f80105
5450c0b65450c0b6c010c6
146fb481146fb481b410aa
37cbf37937cbf379f310ec
0da8e9940da8e994e910df
bd5347afbd5347afbd30c1
ffce07c8ffce07c8ff311f
dd329dfadd329dfafa00fe
b240ffffb240ffffff0138
fb29b9fffb29b9ffff012f
f1852dc5f1852dc5f130ed
2a1d081f2a1d081f2a302a
8354016483540164833082
5f1c39705f1c3970700073
15303b1815303b183b1035
2f0127412f012741410041
0b446d560b446d566d106d
051d3127051d3127311030
1b4a51261b4a5126511053
10739a6110739a619a1096
1245786312457863781078
1506091a1506091a1a001a
37226d6c37226d6c6d1071
c11f93edc11f93eded00ef
ff6a6fffff6a6fffff3120
c84e52bcc84e52bcc830cb
301b5855301b5855581059
2c504c142c504c14502052
0410120c0410120c121014
3b59450b3b59450b592059
170b0b17170b0b17170019
155159331551593359105f
60ad881f60ad881fad20af
7fa9710f7fa9710fa920a9
110c131c110c131c1c001e
0f5457240f54572457105b
ba700e7eba700e7eba30a8
ffff40ffffff40ffff31a8
ffff44ffffff44ffff31cf
ffee2eb0ffee2eb0ff3128
665f2a23665f2a23663065
3107394931073949490049
982c509a982c509a9a00a0
f7576fedf7576fedf730fc
ff7b9cffff7b9cffff3161
ffa4c4ffffa4c4ffff31c4
ffe4cbffffe4cbffff321c
ffffb6ffffffb6ffff3245
fffba0fffffba0ffff320c
ff56b1ffff56b1ffff0158
04b3ee9f04b3ee9fee10ef
d7ffff10d7ffff10ff2154
e6ffcc19e6ffcc19ff212e
7fb6930e7fb6930eb620b6
1e617c411e617c417c1074
183a7a62183a7a627a1071
38297e7938297e797e107f
541c8490541c8490900092
700e88a6700e88a6a600a6
8a008ab88a008ab8b800b8
a4118ac9a4118ac9c900c9
bc208edcbc208edcdc00de
d32f93efd32f93efef00f3
f85186fff85186ffff010b
ffad48ffffad48ffff313c
ffff2dffffff2dffff31a0
ffff3dfeffff3dfeff31a8
ff618fffff618fffff3127
a251ffffa251ffffff0147
9f0ab9f89f0ab9f8f800f8
2710092027100920273023
d77933c1d77933c1d730e3
ffe427ffffe427ffff316c
ffd216f0ffd216f0ff313e
d9890793d9890793d930c8
714b0545714b0545713065
281e0814281e0814283024
13040b1213040b12133012
65360f4a65360f4a65305b
f5a3059ff5a3059ff530e3
ffff47efffff47efff3195
ffff86fbffff86fbff31ed
ffff50b1ffff50b1ff314d
0e6c884c0e6c884c881084
ffffff15ffffff15ff21ef
ffffff1dffffff1dff2235
e2ffff3be2ffff3bff2163
186d9451186d9451941087
8e4b20718e4b20718e3087
ffee4c8cffee4c8cff3114
ffffa94dffffa94dff2134
1a82a45e1a82a45ea410a0
ff7e5dfeff7e5dfeff311b
ffd043ffffd043ffff3169
f05772edf05772edf030fc
088bd693088bd693d610ca
dfffff32dfffff32ff2163
ffffc43fffffc43fff2158
9e611c8b9e611c8b9e30a9
0441605104416051601067
500c4666500c4666660066
825effff825effffff0121
7986ffff7986ffffff114a
3864c6ac3864c6acc610c6
0f1931190f193119311023
0009120300091203121009
04193a3504193a353a103a
565112315651123156305e
95c4870495c48704c420c4
6393770f6393770f932093
1d332f0b1d332f0b332034
050d0f07050d0f070f100e
0005080500050805081007
0203060502030605061005
01060b0801060b080b100a
000c120c000c120c121010
0313190f0313190f191018
071a1f10071a1f101f101e
04161c1004161c101c101b
040a1410040a1410141012
0a020e100a020e10100010
0d03090f0d03090f0f000f
1109030d1109030d11300f
140d000d140d000d143012
160f000f160f000f163015
160f000f160f000f163015
120b020d120b020d123011
8fffff628fffff62ff1134
6ec0b42a6ec0b42ac020c4
325b5a19325b5a195b205e
193a411c193a411c411040
0d2a331a0d2a331a331031
03151d1103151d111d101b
0a1212060a121206121012
1313090713130907132014
07060f1007060f10100011
071a1f10071a1f101f101e
010a0f0a010a0f0a0f100e
0b110d010b110d01112011
0703030907030309090009
2d3b29032d3b29033b203b
334f430b334f430b4f204f
1d454b1d1d454b1d4b104a
0c465c360c465c365c1058
0a3d644b0a3d644b641060
2c144a502c144a50500052
461528494615284949004b
4d221b444d221b444d304c
56271c4b56271c4b563054
714011587140115871306c
7e4c0a5c7e4c0a5c7e3077
66301c5666301c56663062
4c1132534c113253530054
43054b5d43054b5d5d005d
33449b8433449b849b1094
2ba3ffdb2ba3ffdbff1111
63baffff63baffffff1177
c85fffffc85fffffff0180
eb0ad7ffeb0ad7ffff0134
9e2164a99e2164a9a900ac
082e442c082e442c44103f
9cbe781a9cbe781abe20bf
aab76433aab76433b720bd
12231a0f12231a0f232026
9c7304639c7304639c3097
8826c0e48826c0e4e400e7
9150fdff9150fdffff011f
fe6f54e3fe6f54e3fe30fc
fffc4a8efffc4a8eff3121
9b9531459b9531459b30a4
0419281504192815281020
213b2d05213b2d053b203b
0513110f0513110f132018
021b1c15021b1c151c1022
1f281d001f281d00282028
0b1b2b250b1b2b252b102d
277a8340277a8340831089
2b7d853f2b7d853f85108b
01161d1801161d181d1020
2576893e2576893e891085
08afffb508afffb5ff10fb
a731e5ffa731e5ffff0115
ff9757ffff9757ffff313b
ffbc0ecaffbc0ecaff3113
7f313b777f313b777f3080
1432664e1432664e66105c
460f3851460f3851510052
802b467f802b467f803086
6c2caec26c2caec2c200c6
6136abc26136abc2c200c9
0a3756450a375645561058
725c1450725c1450723079
58271c5d58271c5d5d0064
172c1f06172c1f062c202c
0406021204060212120012
e4b01c86e4b01c86e430dd
ffff2fffffff2fffff31c6
ffff2fffffff2fffff31d0
ffe621b8ffe621b8ff3126
8161154381611543813075
0c1310050c131005132013
3a1318353a1318353a3038
762a2e6c762a2e6c763073
ca4f4cb7ca4f4cb7ca30c7
ff9168ffff9168ffff313d
ffe085ffffe085ffff31c8
ffff9fffffff9fffff3227
ffe2a2ffffe2a2ffff31f3
d6417aedd6417aeded00f5
8980254c8980254c893094
ffe740ffffe740ffff3188
ffd688ffffd688ffff31c0
ff95a0ffff95a0ffff3186
ff6b8affff6b8affff3137
ea5b5cd9ea5b5cd9ea30eb
a74d2d8da74d2d8da730a0
65360d4a65360d4a65305b
2b1d07172b1d07172b3025
0207100d0207100d10100e
26081a2a26081a2a2a002a
481526494815264949004b
7c37286d7c37286d7c307a
df960194df960194df30d2
ffff66b5ffff66b5ff316d
ffff71c2ffff71c2ff3189
d03b6ccdd03b6ccdd030d5
5f73ffef5f73ffefff1109
e6645ee8e6645ee8e800fc
f8ff7461f8ff7461ff2112
1c487e701c487e707e1085
ffbb2cffffbb2cffff313c
ffff06ffffff06ffff3184
ffe001deffe001deff313b
d994058cd994058cd930cb
71500b4271500b42713067
2825120d2825120d283027
1601141b1601141b1b001b
7c5910477c5910477c3071
ffff717affff717aff3128
ffffdd97ffffdd97ff21d2
ffffc574ffffc574ff2189
090a0706090a07060a200b
ffffcb8bffffcb8bff21b3
fffff6ebfffff6ebff325e
ffff7ae7ffff7ae7ff31c6
f5990ba9f5990ba9f530e3
3e1358653e135865650066
79c8ad2279c8ad22c820ca
ffffff07ffffff07ff2167
a7ffef25a7ffef25ff211f
771395b1771395b1b100b2
ffa17fffffa17fffff316c
ff87bcffff87bcffff0197
d42cffffd42cffffff014e
10d1ffbf10d1ffbfff111b
839b5d17839b5d179b209c
960f8ad5960f8ad5d500d5
c2436addc2436adddd00e6
c2ca623ac2ca623aca20d2
5eb1a2435eb1a243b120bd
0f1a150e0f1a150e1a201d
3253a2933253a293a210a8
9936dbff9936dbffff010b
f05076f8f05076f8f80104
c161319bc161319bc130b6
0456805404568054801078
70ccbc3470ccbc34cc20d2
4d86791c4d86791c862088
172a270a172a270a2a202b
050b0b03050b0b030b100b
0204040202040402041004
0105070301050703071005
030b0d07030b0d070d100d
0310150c0310150c151014
05151b0f05151b0f1b1019
08181c0e08181c0e1c101b
0714170a0714170a171016
010a0d08010a0d080d100c
0502070805020708080008
0903050909030509090009
0e0a000a0e0a000a0e300e
110c010a110c010a11300f
120d020b120d020b123011
150f010d150f010d153013
130b030f130b030f133012
d4d77047d4d77047d720e2
d2a82e74d2a82e74d230cc
a2700c66a2700c66a23097
6f53153b6f53153b6f3065
3d3215183d3215183d3037
1712070a1712070a173014
100a000a100a000a10300e
1308051013080510133011
0808141408081414140015
03141b1003141b101b1019
0502070805020708080008
15190f0315190f03192019
0102030201020302031002
2f4233022f423302422042
3e5b4a073e5b4a075b205b
325b5617325b56175b205d
265f682d265f682d681069
0a47603b0a47603b60105c
210e353a210e353a3a003b
3d1f0d313d1f0d313d3039
3c200c2e3c200c2e3c3038
3c14203c3c14203c3c003f
5f3019525f3019525f305f
7d5203587d5203587d3078
673f0749673f0749673060
3d1619383d1619383d303c
1e153c391e153c393c103c
1580a95e1580a95ea9109e
43ffffb343ffffb3ff1148
04ffffff04ffffffff1190
aa5affffaa5affffff0154
ff8167ffff8167ffff312a
eebf2a83eebf2a83ee30e7
2b4741132b474113472049
bc74148cbc74148cbc30b5
ffa120d3ffa120d3ff3109
a43a4eb0a43a4eb0b000b9
3d350f1d3d350f1d3d303c
1e86a66a1e86a66aa610aa
312e7778312e7778780080
b9c16335b9c16335c120c8
eaffd607eaffd607ff212d
86ae800686ae8006ae20ae
02060c0202060c020c1006
37200b2c37200b2c373036
4a05425f4a05425f5f005f
6c085c866c085c86860086
820e689e820e689e9e009e
5a22869a5a22869a9a009d
0b5f916b0b5f916b91108f
1e494a1d1e494a1d4a104e
042c4432042c4432441042
3dc6df6e3dc6df6edf10e2
48f5ff8d48f5ff8dff111a
37479b8d37479b8d9b109d
e4b8267ee4b8267ee430df
fffd6d67fffd6d67ff3111
806b223f806b223f80307c
05202d1c05202d1c2d102a
161a3e30161a3e303e1036
3f34938a3f34938a931093
536df7e7536df7e7f710ff
aa0ba0e7aa0ba0e7e700e7
a76c1780a76c1780a730a7
130c090a130c090a13300f
4967451149674511672068
024b6643024b6643661064
722f3885722f388585008d
2220022422200224240030
ffba08b2ffba08b2ff3101
ffff2cffffff2cffff31ea
ffff30ffffff30ffff31ca
ffd21cacffd21cacff310f
78520a4478520a4478306a
1c13020f1c13020f1c3018
0902030809020308093008
2c1408202c1408202c3025
6d3613526d3613526d3062
db6d2faddb6d2faddb30cc
ffb851ffffb851ffff315a
ffff55ffffff55ffff31cd
ffff0cffffff0cffff31b2
bcc65c46bcc65c46c620d2
ac0f98e7ac0f98e7e700e7
ffa9b2ffffa9b2ffff31c0
ffb8d1ffffb8d1ffff31ed
ff9ae1ffff9ae1ffff01d5
ff94cfffff94cfffff01b9
ff92a8ffff92a8ffff318a
ff7c80ffff7c80ffff313f
e65b5ad5e65b5ad5e630e7
963a3888963a3888963093
54211c4954211c49543050
220e0a1c220e0a1c22301f
1413080714130807143014
7469283174692831743073
ffff8166ffff8166ff3126
ffffab7fffffab7fff316f
865d164f865d164f86307a
3d6d53053d6d53056d206d
4f7f6d154f7f6d157f2080
f1ffff1bf1ffff1bff2173
5ac2a8365ac2a836c220c9
ae852a57ae852a57ae309e
ffff5e80ffff5e80ff3123
fff229b0fff229b0ff312b
ffc704bdffc704bdff3112
d8910293d8910293d830ce
8456025684560256843079
3c1d12313c1d12313c3038
153d4b25153d4b254b1047
a1e7bd15a1e7bd15e720e7
ffffff08ffffff08ff21a6
ffffff13ffffff13ff21a3
3b8581253b85812585208a
fff933b3fff933b3ff3132
ffff5bffffff5bffff3240
ffff15ffffff15ffff324e
ffd897ffffd897ffff31d4
ff3dceffff3dceffff015a
6263ece36263ece3ec10f7
88ffff5488ffff54ff2120
e2ffda14e2ffda14ff2134
62ac921062ac9210ac20ac
850287b6850287b6b600b6
ff5aafffff5aafffff0157
ff23eaffff23eaffff0160
8e28d8f48e28d8f4f400f7
593d1549593d154959305f
196b774b196b774b771082
b38d1773b38d1773b330b5
ffffbc43ffffbc43ff2159
b2af4839b2af4839b230b8
1c6fba8f1c6fba8fba10b5
1bc2ffe61bc2ffe6ff112c
8438cce48438cce4e400ea
f1941db0f1941db0f130e5
d79c018ed79c018ed730d2
2c36867a2c36867a861085
3ea7bc553ea7bc55bc10bb
2c666c282c666c286c106d
0b1c1f0c0b1c1f0c1f101e
0408080204080802081008
0304030003040300042004
0407060104070601072007
090f0d03090f0d030f200f
0a1312050a131205132013
0c1716070c171607172018
0b1515070b151507151016
09100f0409100f04102010
0609080106090801092009
0203040102030401041003
0301010303010103030003
0b0903050b0903050b300a
0d0c05060d0c05060d300d
0e0c04060e0c04060e300d
0f0c03080f0c03080f300e
0f08030c0f08030c0f300e
ff804be4ff804be4ff3105
ff9763ffff9763ffff3144
ffa24cffffa24cffff3139
ff9a18beff9a18beff30f4
9f6703659f6703659f3090
4228002842280028423038
170d010f170d010f173013
0b04050a0b04050a0b300a
01080d0a01080d0a0d100c
050b0b05050b0b050b100c
02080a0602080a060a100a
0c191a0b0c191a0b1a101b
0a0306090a0306090a3009
373f270b373f270b3f203f
5163430b5163430b632063
5271580352715803712071
46756a1946756a19752077
1e4b52251e4b5225521053
1501111b1501111b1b001b
2932250229322502322032
111f1f0d111f1f0d1f1021
0308090203080902091008
28150a2328150a23283028
6454183664541836643063
60541c2e60541c2e60305f
3024041c3024041c30302d
04212e1904212e192e1029
5db5b1355db5b135b520bc
bbffff6fbbffff6fff217d
8bffffaa8bffffaaff118a
4d57cfc14d57cfc1cf10d3
ffcf18abffcf18abff310c
ffff996bffff996bff214c
95c78f0595c78f05c720c7
5909476d5909476d6d006d
e07b24b7e07b24b7e030dc
e19509a5e19509a5e130de
c8ca5848c8ca5848ca20d6
94c8940894c89408c820c8
040a1c18040a1c181c101a
b7f9b901b7f9b901f920f9
deffff22deffff22ff2145
5dbac5445dbac544c510c6
322e7870322e7870781079
6c117e9f6c117e9f9f009f
7c1796b97c1796b9b900ba
8b048bba8b048bbaba00ba
8e0f74ad8e0f74adad00ad
6704618a6704618a8a008a
240a343e240a343e3e003e
0c172e290c172e292e102f
0764977207649772971097
41c2d56a41c2d56ad510dd
7dcdad1f7dcdad1fcd20cf
36331a1d36331a1d36303a
6f9c6f066f9c6f069c209c
d4f59435d4f59435f520fa
97a5632b97a5632ba520aa
0112231e0112231e231022
514b1933514b193351305a
69aa8f1a69aa8f1aaa20ab
31a9c96f31a9c96fc910ca
84333e8384333e8384308c
ddb52379ddb52379dd30d9
7c43246f7c43246f7c3081
0b698b550b698b558b1087
269bb453269bb453b410af
6604668c6604668c8c008c
d0a51293d0a51293d030dc
152f2905152f29052f202f
fff30ee3fff30ee3ff314c
ffff33ffffff33ffff320b
ffff2effffff2effff31b8
ffb81798ffb81798ff30ee
6341053963410539633056
1b0e03121b0e03121b3016
0401060704010607070007
0f0b05050f0b05050f300c
381c0626381c062638302f
904a186c904a186c903082
ffc008ceffc008ceff3119
ffff59ffffff59ffff31ca
ffffb8bdffffb8bdff31dd
a9d57d15a9d57d15d520d6
9060146090601460903087
f0bf3877f0bf3877f030e1
d5851393d5851393d530c6
f87064e8f87064e8f83101
ff889bffff889bffff3163
ff96b8ffff96b8ffff019c
ff94b4ffff94b4ffff3199
ff8396ffff8396ffff3162
ff666ffaff666ffaff310e
b84648aab84648aab830b7
66202e6266202e62663067
0b2b311b0b2b311b311032
c0cc6e36c0cc6e36cc20d3
ffffb869ffffb869ff2164
b0db9a1fb0db9a1fdb20dd
520e7490520e7490900090
457efff0457efff0ff110f
65ffffac65ffffacff1162
4981671349816713812082
38a6d07038a6d070d010c8
48cdf28148cdf281f210f2
5986670c5986670c862086
c28e028cc28e028cc230c7
ffa52cdbffa52cdbff3112
ff7e4bdcff7e4bdcff30fd
ba2684d0ba2684d0d000d3
6f43d5d96f43d5d9d900e3
03cfffd703cfffd7ff112a
96ffffa396ffffa3ff118f
d9ffff50d9ffff50ff2186
5fb5a1235fb5a123b520b8
9e6c16529e6c16529e3087
ffff47d7ffff47d7ff3176
ffff26ffffff26ffff31e7
ffe2adffffe2adffff31fe
ff98ceffff98ceffff01c9
ff33bdffff33bdffff0135
0e72c2880e72c288c210b1
a9e3b103a9e3b103e320e3
cbec8538cbec8538ec20f2
668f5211668f52118f2090
3405324534053245450045
7a2358917a235891910095
8f207bb48f207bb4b400b6
f49234c2f49234c2f430f2
ff9735d5ff9735d5ff3105
3189f7cd3189f7cdf710f6
85ffff8985ffff89ff115e
2e6f7c2f2e6f7c2f7c1078
82b77e0382b77e03b720b7
9cc07e0e9cc07e0ec020c0
36071e3f36071e3f3f003f
418c7d34418c7d348c2095
646b3027646b30276b2071
1f346f6a1f346f6a6f1076
1472965814729658961090
0e3c4c260e3c4c264c1047
020d1209020d120912100f
0305050103050501051005
0305050103050501051005
0508070205080702082008
0a0f0c010a0f0c010f200f
0f140f000f140f00142014
1218120012181200182018
0f130d010f130d01132013
0c0c06040c0c06040c200c
0a0904050a0904050a300a
0606020206060202062006
0000000000000000000000
0607040106070401072007
0a0b06030a0b06030b200b
0c0b04050c0b04050c300c
0c0902070c0902070c300b
0b0601080b0601080b300a
890b7daf890b7dafaf00af
ff5e93ffff5e93ffff0130
ffc661ffffc661ffff3180
fff915fffff915ffff3174
ffc60fb0ffc60fb0ff3108
8d630b538d630b538d3081
33260b1833260b1833302c
0909070109090701092009
0b0801060b0801060b300a
0a000a0c0a000a0c0c000c
021420180214201820101f
04192a1f04192a1f2a1027
1b0219221b021922220022
48370a2948370a29483044
6d672d2d6d672d2d6d3070
7d864b227d864b2286208a
7288581072885810882088
404b3009404b30094b204b
011721150117211521101f
17505f3017505f305f105d
1528534815285348531052
4a1e224a4a1e224a4a004f
2e0c1e342e0c1e34340035
1f413d131f413d13412043
4055380740553807552055
2b270b152b270b152b302c
092e3d22092e3d223d1039
77d8c93677d8c936d820de
f8ffff4af8ffff4aff219e
deffff51deffff51ff2183
0458825204588252821078
e8db5c5de8db5c5de830ed
ffffc861ffffc861ff2177
ffffac3cffffac3cff2128
374a2f00374a2f004a204a
636d4917636d49176d206f
99c9910399c99103c920c9
b4feba08b4feba08fe20fe
9dd493089dd49308d420d4
0c0012160c001216160016
b3ffd918b3ffd918ff210b
e6ffff27e6ffff27ff2165
6de4e14e6de4e14ee420f0
1857947518579475941091
4624788246247882820086
4b0d5d714b0d5d71710071
4a0e36544a0e3654540055
4520193e4520193e453045
3a2f08253a2f08253a303b
284f4a13284f4a134f2051
0d749b620d749b629b1097
0877b6890877b689b610b5
1c708c521c708c528c108a
5f63391f5f63391f632067
5721255f5721255f5f0064
164a6036164a603660105b
9bbe85189bbe8518be20bf
b4db8c23b4db8c23db20dd
345e5016345e50165e2060
6a5f22396a5f22396a306e
d1fb9d21d1fb9d21fb20fd
9acc92029acc9202cc20cc
322f1211322f1211323031
a0913443a0913443a0309f
7e2f3c857e2f3c8585008d
2f347d7e2f347d7e7e0088
2e8e9e3e2e8e9e3e9e109a
08517e4d08517e4d7e106f
de9a08a6de9a08a6de30e2
ffdf3999ffdf3999ff310e
2509152325091523253024
ffff25ffffff25ffff318d
ffff3dffffff3dffff3216
ffff2fffffff2fffff3198
dc9a1280dc9a1280dc30c8
4b2f012d4b2f012d4b3041
1308050e1308050e133010
0401060704010607070007
0000020200000202020002
1c0c04121c0c04121c3015
88691c4588691c4588307d
ffff968bffff968bff316c
ffffffadffffffadff2221
ffff6e9effff6e9eff3163
3b64d9ae3b64d9aed910c8
02effff902effff9ff1159
7e60ffff7e60ffffff012f
9b05a3db9b05a3dbdb00db
2b0537432b053743430043
6f31316d6f31316d6f3077
fe6186fffe6186ffff0118
ff86b6ffff86b6ffff0183
ff93c0ffff93c0ffff01a5
ff8ca7ffff8ca7ffff3182
ff727cffff727cffff312e
ab325bb0ab325bb0b000b6
1c5f6c371c5f6c376c106d
f5ffbb31f5ffbb31ff212b
ffffee27ffffee27ff215f
46c6d46446c6d464d410dd
1f87e7c51f87e7c5e710ee
24a8e48424a8e484e410d5
02190c0b02190c0b19201b
5effff815effff81ff1123
0cafffb10cafffb1ff10f8
5014446e5014446e6e006f
1b1739391b17393939003d
dc4e72e6dc4e72e6e600f2
ff66b6ffff66b6ffff0162
ff15ffffff15ffffff0189
fa51fffffa51ffffff01a6
a5a6ffffa5a6ffffff11a7
1afbffff1afbffffff117d
59ffff8759ffff87ff1125
537a5900537a59007a207a
10598c5710598c578c107c
65d0ed6665d0ed66ed10e7
84b3941184b39411b320b3
b9901774b9901774b930b8
ffbf04b9ffbf04b9ff3109
e7a30ba1e7a30ba1e730e5
440f7677440f7677770077
3ea1c25d3ea1c25dc210b9
77b0851477b08514b020b1
956d0b71956d0b7195309d
9e3954b59e3954b5b500bd
7f4c055e7f4c055e7f3078
0133554101335541551052
d45550c3d45550c3d430d4
ff7071ffff7071ffff3129
8248e8ff8248e8ffff010b
2bc0f5822bc0f582f510e7
0840662a0840662a66104c
a47d0467a47d0467a430a1
f27d38d3f27d38d3f230f5
af1187dbaf1187dbdb00db
3b1a5f6a3b1a5f6a6a006d
1009122110091221210022
133d675b133d675b67106d
033c5f40033c5f405f1057
0017261700172617261020
0202060402020604061004
0304030003040300042004
0407060104070601072007
0509090305090903091009
080e0e04080e0e040e100e
0c1310030c131003132013
1016100010161000162016
0f1009040f100904102010
0c0a04060c0a04060c300b
0c0b04050c0b04050c300c
0908030409080304093008
0301010303010103030003
0305050103050501051005
0809060108090601092009
0909050309090503092009
0908030409080304093008
0706010407060104073007
4376651243766512762077
5d1379915d137991910092
ffa83bf8ffa83bf8ff312b
ffff0bffffff0bffff319a
ffff10faffff10faff3175
ffb106b9ffb106b9ff3100
9d6303699d6303699d3090
4128032641280326413037
0703030107030301073003
030f1b13030f1b131b1018
0022342400223424341031
0d1b352d0d1b352d351034
24021e2c24021e2c2c002c
4733092947330929473041
6c6932276c6932276c3070
878f4b27878f4b278f2094
888c462c888c462c8c2092
5b470f335b470f335b3057
1024443810244438441042
1a64783e1a64783e781075
0f38614a0f38614a61105c
572027565720275657305b
562d1049562d1049563055
070a1112070a1112120014
43280d3843280d38433044
5b0f476f5b0f476f6f0070
393583813935838183108b
47cee16a47cee16ae110e7
f3ffff35f3ffff35ff2184
ffffff07ffffff07ff216b
4868580648685806682068
aab8662eaab8662eb820bd
ffffd451ffffd451ff2170
ffffc64bffffc64bff2159
7d6b21377d6b21377d3078
2e8da84d2e8da84da810a0
5ce7ff775ce7ff77ff1103
5dd3dd5f5dd3dd5fdd10e7
6586570a6586570a862086
2b2a77742b2a777477107b
58ffff9758ffff97ff112d
a2ffff72a2ffff72ff2164
74dec63474dec634de20e4
3658460836584608582058
1f1e110a1f1e110a1f301f
0d040b100d040b10100010
051c1f12051c1f121f1021
1023220d1023220d232025
26423a0a26423a0a422042
4b8c83224b8c83228c2090
4cafb64b4cafb64bb610be
16657e4d16657e4d7e107f
02090e0b02090e0b0e100e
3902375039023750500050
6b154d816b154d81810082
4c0e6a7a4c0e6a7a7a007a
288bac59288bac59ac10a5
79dec93479dec934de20e4
407c6e1c407c6e1c7c207f
595b2f1b595b2f1b5b205e
e3ffa12be3ffa12bff210a
c5cd6d3dc5cd6d3dcd20d5
1414323414143234340037
393c230a393c230a3c203c
3315556133155561610063
4c054a734c054a73730073
0a3948250a394825481043
5890760058907600902090
601a3c66601a3c66660069
fff91cd9fff91cd9ff314a
fdcf25a3fdcf25a3fd3107
624b0c3b624b0c3b62305f
ffff39ffffff39ffff31ba
ffff3fffffff3fffff320e
ffff26eaffff26eaff316f
b97e0d6cb97e0d6cb930a5
3923012139230121393030
0b0403080b0403080b3008
0603020506030205063005
0605000506050005063007
36361e0c36361e0c362037
faff9441faff9441ff2110
ffffff84ffffff84ff21f9
ffff86a2ffff86a2ff3171
2788dfa82788dfa8df10d8
48ffffdb48ffffdbff118b
7a8effff7a8effffff115a
ff33ffffff33ffffff0184
ff6dd2ffff6dd2ffff0188
ff6398ffff6398ffff0133
8c3c408c8c3c408c8c0098
2303212f2303212f2f002f
cf4c6fdacf4c6fdada00e6
ff869bffff869bffff3164
ffa1a3ffffa1a3ffff3192
ff8c97ffff8c97ffff316c
c5219befc5219befef00f1
38bbdc6b38bbdc6bdc10d7
fbffff09fbffff09ff2171
d9ffbf11d9ffbf11ff2123
75742b2875742b2875307a
7849025978490259783073
1436444614364446460058
bbffab14bbffab14ff2104
adb35741adb35741b320be
0551613705516137611061
249aa650249aa650a610ad
623daeb1623daeb1b100bb
e402e8ffe402e8ffff0136
ff1cffffff1cffffff019a
ff46ffffff46ffffff01af
cc4dffffcc4dffffff0167
5463ecd55463ecd5ec10ea
2776974627769746971089
3406223634062236360036
03caffc403caffc4ff1119
32ffffff32ffffffff11ab
ca61ffffca61ffffff0194
dc05e6ffdc05e6ffff0131
2d6bbb972d6bbb97bb10b9
4e805c084e805c08802080
243d8873243d8873881082
09aaffc409aaffc4ff1103
3b318d973b318d9797009e
23463d1623463d16462049
7c224e9c7c224e9c9c009f
f1d9417df1d9417df130fa
8fb063128fb06312b020b0
361c0822361c082236302c
605d361d605d361d603061
101224181012241824101e
8737277b8737277b873086
a3581b94a3581b94a330ac
2a2406182a2406182a302b
6731196967311969690073
8560035e8560035e853086
4868420248684202682068
0b4d5b3d0b4d5b3d5b1062
072b4735072b4735471044
011423160114231623101d
0003060300030603061004
0003040300030403041004
0604000406040004063005
0909050309090503092009
090c0900090c09000c200c
090f0d03090f0d030f200f
0b110f030b110f03112011
0e120e000e120e00122012
0c0d08030c0d08030d200d
0a0a04040a0a04040a200a
0c0b04050c0b04050c300c
0a0802060a0802060a300a
0603020506030205063005
0003040300030403041004
0407060104070601072007
0608060006080600082008
0608060006080600082008
0505030105050301052005
83bc870483bc8704bc20bc
337f7f2f337f7f2f7f1087
a64f2e8da64f2e8da630a1
ffff09f1ffff09f1ff3160
ffff16ffffff16ffff31a3
ffee32ffffee32ffff3186
ffc21ceaffc21ceaff312f
bd730d83bd730d83bd30ae
4c2a0a364c2a0a364c3044
2729190927291909292029
1b3535131b353513351038
0018221a0018221a221023
15140d0615140d06153014
2241421722414217421044
366966233669662369206e
517e6912517e69127e207f
62774e0f62774e0f772077
49421b2249421b2249304a
001d281b001d281b281027
3f5e4b083f5e4b085e205e
2e3c28062e3c28063c203c
0e222a100e222a102a1025
1c5e76361c5e763676106c
2b54ad8e2b54ad8ead10a4
942cd6f6942cd6f6f600f9
d711ebffd711ebffff0133
c815deffc815deffff0121
3973dbbd3973dbbddb10dd
a8fffc33a8fffc33ff2121
ffffd42dffffd42dff2144
8981333d8981333d89308e
548b841f548b841f8b208e
fcffff04fcffff04ff2156
ffffff03ffffff03ff2161
566c4a06566c4a066c206c
71bda51f71bda51fbd20bf
94fffa4894fffa48ff2113
49949f4449949f449f10a2
1b03151b1b03151b1b001b
0791dfa10791dfa1df10d8
23feffde23feffdeff1151
45eeff9845eeff98ff111a
4b7159054b715905712071
6623367166233671710076
8220509282205092920095
6712477467124774740075
3305354533053545450045
0f0a191a0f0a191a1a001b
2b3825062b382506382038
82a46e1082a46e10a420a4
9cc990079cc99007c920c9
46492e0b46492e0b492049
09485d3609485d365d105a
1e4b8e751e4b8e758e108a
760582a7760582a7a700a7
890999c3890999c3c300c3
3b67d3bb3b67d3bbd310d5
1a9fd27d1a9fd27dd210ca
1755672f1755672f671061
50512a1350512a13512053
cfe28332cfe28332e220e7
c9ba4d58c9ba4d58c930cd
450b3555450b3555550055
2618042026180420263028
2b6c77342b6c7734771077
511b2f63511b2f63630066
443a1228443a1228443046
75894d2d75894d2d892090
51846d0451846d04842084
d37e1faad37e1faad330d3
ffff16ffffff16ffff3188
e3ab0d9fe3ab0d9fe330e9
9d811d5b9d811d5b9d309d
ffff39ffffff39ffff31d9
ffff37ffffff37ffff31fe
ffff22d2ffff22d2ff314b
98680c5698680c56983086
2717011727170117273020
0904010609040106093007
0805000508050005083007
1b1e13021b1e13021e201e
b7be6530b7be6530be20c3
ffffcf86ffffcf86ff21af
ffff93a8ffff93a8ff3180
114565511145655165106a
f9fff912f9fff912ff215c
a7fbc90da7fbc90dfb20fb
492c9194492c919494009a
ff4f9affff4f9affff0123
ff88adffff88adffff0180
ffa0a9ffffa0a9ffff3196
ff8b91ffff8b91ffff315b
c04768c9c04768c9c900d5
170b292b170b292b2b002c
8e5320778e5320778e3091
ff7d62f5ff7d62f5ff3113
ff5ba3ffff5ba3ffff0138
7d4afdff7d4afdffff010e
5effff915effff91ff1131
a0dca000a0dca000dc20dc
7618588c7618588c8c008e
b1306bd0b1306bd0d000d5
875d0369875d036987308c
9458167c9458167c943098
ff9853ffff9853ffff313c
ac14c6feac14c6fefe00fe
1783cd911783cd91cd10c3
0a80a65c0a80a65ca6109d
1a75be8d1a75be8dbe10b7
5b57d9d75b57d9d7d910e7
860c92c8860c92c8c800c8
6b490b436b490b436b3063
1a30605c1a30605c601067
a13147a5a13147a5a500ac
6828889c6828889c9c00a1
54ffffac54ffffacff1166
51ffffff51ffffffff11d3
ad74ffffad74ffffff017c
ff78a1ffff78a1ffff016c
c35d35adc35d35adc330c4
00324e3e00324e3e4e104f
28a9ffe128a9ffe1ff1119
41bbffff41bbffffff1147
cd328be8cd328be8e800ed
ffd416a4ffd416a4ff310c
5a1344675a134467670068
8bffe93e8bffe93eff210b
81c99f1781c99f17c920ca
1138412011384120411040
1d7993531d799353931092
2449887124498871881086
600e6e8a600e6e8a8a008a
be7f0e8fbe7f0e8fbe30bf
b9a01d68b9a01d68b930be
2e043c402e043c40400040
3d94953c3d94953c95109f
3f92913a3f92913a92209d
1b454d211b454d214d104c
0810140608101406141011
0803020708030207083007
0602080a0602080a0a000a
0503090905030909090009
0904030809040308093008
0d0c05060d0c05060d300d
0e100a020e100a02102010
0c100c000c100c00102010
0c100c000c100c00102010
0c100c000c100c00102010
090c0900090c09000c200c
0809060108090601092009
0909050309090503092009
0907010509070105093008
0704010607040106073007
0300030403000304040004
0305050103050501051005
0609080106090801092009
0508070205080702082008
0103030101030301031003
21a0c76c21a0c76cc710c1
3ea1a83f3ea1a83fa810ac
46094c5b46094c5b5b005b
ff9719b9ff9719b9ff30ee
ffda2dffffda2dffff3167
ffff1fffffff1fffff31a1
ffff18ffffff18ffff318b
ffd219aaffd219aaff310e
9262026092620260923089
5e4b10335e4b10335e305a
4a48201a4a48201a4a304c
1f09131d1f09131d1f301e
033f6343033f634363105b
095f976f095f976f971092
105d9875105d9875981095
0252764e0252764e761071
25545b2025545b205b1059
24484c1624484c164c104b
24032c3524032c35350035
763e1c62763e1c62763073
822946878229468787008d
54339ea154339ea1a100a8
2a98ffc62a98ffc6ff10f9
45b9ffff45b9ffffff1146
a67bffffa67bffffff016e
ff13ffffff13ffffff016d
ff3fadffff3fadffff0133
931d6fad931d6fadad00af
5a9996235a99962399209c
eeff9c3ceeff9c3cff210c
aa7c086caa7c086caa30a4
0286d08a0286d08ad010c0
8dffff958dffff95ff116a
9affff7b9affff7bff1161
025a8656025a865686107c
d1d0614ad1d0614ad130dc
ffffa646ffffa646ff212c
928338399283383992308e
065e7846065e7846781075
53efff7953efff79ff110b
51f3ff8f51f3ff8fff1119
236a8146236a814681107f
162e564a162e564a561057
6a32b4c86a32b4c8c800ce
ce2994f3ce2994f3f300f6
d1466bd4d1466bd4d400df
973a3d90973a3d9097309b
5a36023c5a36023c5a3050
100d020f100d020f103013
9c96423e9c96423e9c30a2
d3d3694bd3d3694bd320df
684a0c3c684a0c3c68305f
236e7b36236e7b367b107a
20819e5320819e539e1099
3e3186833e31868386108b
651c8da6651c8da6a600a8
3f42a39c3f42a39ca310a9
0d4c85620d4c856285107c
071b3523071b352335102c
4446241044462410462047
a8af602fa8af602faf20b5
b5a23f54b5a23f54b530b6
592621545926215459305c
61581f2e61581f2e613063
7fc4a5167fc4a516c420c5
3a00405a3a00405a5a005a
a1a34d47a1a34d47a320b1
36320e2436320e2436303d
cde98147cde98147e920f3
02425c3802425c385c1056
ffd40ae6ffd40ae6ff3138
ffff18ffffff18ffff319d
b5880780b5880780b530ba
d5aa1f82d5aa1f82d530d6
ffff40ffffff40ffff31ef
ffff40ffffff40ffff31e7
ffdf21b1ffdf21b1ff311c
754d0743754d0743753066
1d1201101d1201101d3018
0705010307050103073005
1110070411100704113010
80732e2f80732e2f80307c
ffff7292ffff7292ff314d
ffff76d4ffff76d4ff319e
976c0770976c077097309b
d8d45466d8d45466d830eb
ffff3fdcffff3fdcff3174
fdbe15a0fdbe15a0fd30f8
34371e0d34371e0d372038
822c4486822c448686008d
ff736cffff736cffff3119
ff9499ffff9499ffff317a
ff8bc1ffff8bc1ffff019d
ff6ac8ffff6ac8ffff0179
e53aa3ffe53aa3ffff0110
5906597859065978780078
1d0d11231d0d1123230025
293b9589293b9589951095
29aaeb8a29aaeb8aeb10da
255c7938255c793879106b
1b5451281b54512854205d
5a2b18555a2b18555a305f
c3ffa71ec3ffa71eff2101
0573956b0573956b95109d
e26f2ac5e26f2ac5e230e2
b15e2594b15e2594b130af
071a3f26071a3f263f102e
6c7c5a126c7c5a127c207d
8ab684068ab68406b620b6
4e7860124e786012782079
1e525c1c1e525c1c5c1056
3bffffb33bffffb3ff113e
6fb4ffff6fb4ffffff1182
ff4ad5ffff4ad5ffff017f
f34879f8f34879f8f80102
7cfff0437cfff043ff210d
ffffff1effffff1eff21b3
8bad6f138bad6f13ad20ae
76b7940776b79407b720b7
7fffff667fffff66ff2139
11eeffff11eeffffff115f
52c5ffff52c5ffffff1170
5b68e3d45b68e3d4e310ec
b26d086bb26d086bb23098
f4d54273f4d54273f430f2
83284f9a83284f9a9a009f
44c5e66f44c5e66fe610e2
549ea82c549ea82ca810a4
4942012e4942012e493050
937b1955937b1955933095
8c50126a8c50126a8c3084
6729236167292361673069
255d5b29255d5b295d2065
8791472f8791472f912098
4303496543034965650065
22819c5522819c559c109a
396e6d20396e6d206e2072
232a1f06232a1f062a202a
1106071011060710113011
0c000c100c000c10100010
0a010c0f0a010c0f0f000f
0900090c0900090c0c000c
0b0601080b0601080b300a
0f0f07050f0f07050f200f
10130c0310130c03132013
0e110c010e110c01112011
0c100c000c100c00102010
0c100c000c100c00102010
090c0900090c09000c200c
0608060006080600082008
0608060006080600082008
0506050005060500062006
0305050103050501051005
0002020200020202020002
0505030105050301052005
070b0901070b09010b200b
0508070205080702082008
0000000000000000000000
2c4fa88f2c4fa88fa810a3
247d9847247d984798108f
063958370639583758104f
7c34286c7c34286c7c3077
f2960aaef2960aaef230e5
ffff4dbfffff4dbfff3158
ffff9a9dffff9a9dff318f
ffff6e74ffff6e74ff3127
a6821460a6821460a630a1
875d015b875d015b873082
7f4f0b5b7f4f0b5b7f3078
46105e6a46105e6a6a006b
1873c2911873c291c210b9
297bdfb5297bdfb5df10da
4f3da9ab4f3da9abab00b5
4913657349136573730074
0f3259400f325940591051
145e783e145e783e781070
26397c6b26397c6b7c1079
840b74a7840b74a7a700a7
a50d8fd1a50d8fd1d100d1
7930b7d07930b7d0d000d5
1697e6a71697e6a7e610e1
37d8f97e37d8f97ef910fa
1b92b5681b92b568b510b3
3f0e2b4a3f0e2b4a4a004b
78955c1378955c13952096
3d8173273d817327812086
7a500e4a7a500e4a7a306c
f2e37057f2e37057f230f3
9c6002669c6002669c308c
17abe58917abe589e510db
84ffffa584ffffa5ff1173
6dffff936dffff93ff1140
273f896f273f896f89107f
e6b82a78e6b82a78e630db
ffff4ea7ffff4ea7ff3140
f08c26bef08c26bef030ec
395ec1a8395ec1a8c110c0
55f1ff7755f1ff77ff110c
68c3b23368c3b233c320c9
19041b2219041b22220022
1dacd97e1dacd97ed910d5
3981f5cd3981f5cdf510f2
cf1badffcf1badffff0100
ff6879ffff6879ffff311d
ff8f31d7ff8f31d7ff3102
cb9e236ecb9e236ecb30c0
363a200a363a200a3a203a
7a7436307a7436307a307d
cfda793ecfda793eda20e2
6b6931276b6931276b3070
456d5f0d456d5f0d6d206d
6ba387116ba38711a320a3
21565b2821565b285b105e
0a243c320a243c323c103d
001f3021001f302130102d
111b1f07111b1f071f101b
0704070207040702071004
3032180e3032180e322033
8683402f8683402f86308b
a08f3849a08f3849a030a0
603c0646603c064660305c
82803c2e82803c2e823088
c4ffcc01c4ffcc01ff210d
00456a4900456a496a1064
e2de6266e2de6266e230f4
48583c0c48583c0c582058
dee56c5fdee56c5fe520f7
cbe7833dcbe7833de720ee
69272f6769272f6769306e
ffff0fffffff0fffff3179
ffff1fffffff1fffff3196
81640b5881640b58813085
ffdb24adffdb24adff3117
ffff45ffffff45ffff320a
ffff35ffffff35ffff31c8
ffba169cffba169cff30f2
60410a3360410a33603052
140f0607140f0607143010
0a0600060a0600060a3008
49360d2249360d2249303f
e4b42e74e4b42e74e430d6
ffff46daffff46daff3179
ffff30d1ffff30d1ff3151
22230e1322230e13232027
ffbb1bdfffbb1bdfff3123
fffc3efffffc3effff31a2
ffc43dffffc43dffff3154
b5661b8ab5661b8ab530ab
020a0e0a020a0e0a0e100e
8f363d8a8f363d8a8f3094
f65774f3f65774f3f63102
ff6aa3ffff6aa3ffff0152
ff70c2ffff70c2ffff017c
ff6ac3ffff6ac3ffff0173
ff669bffff669bffff0139
fc804ad6fc804ad6fc30f9
f1a0019cf1a0019cf130df
893d1b73893d1b73893082
0e4d4a2b0e4d4a2b4d2058
284a5828284a5828581054
b3ffff4bb3ffff4bff2143
51b2a73c51b2a73cb220bb
6c9988096c998809992099
4bdbff7f4bdbff7fff10fd
761a96c2761a96c2c200c3
f2a31097f2a31097f230de
eee36e4feee36e4fee30f0
897d3535897d3535893087
329dac4d329dac4dac10ae
b7ffff8fb7ffff8fff21ad
28ffffde28ffffdeff1165
ff7856f2ff7856f2ff310e
ffff5f87ffff5f87ff3125
6734135267341352673061
ffff24ffffff24ffff31bd
ffb59fffffb59fffff31b2
a4b3ffffa4b3ffffff11b1
0fffffff0fffffffff11fe
22ffffff22ffffffff11ab
515ed5d2515ed5d2d510e6
4e5f42074e5f42075f205f
24bcfca624bcfca6fc10fa
1489e8b11489e8b1e810df
570d6971570d6971710071
b981136fb981136fb930aa
c3ab4963c3ab4963c330c5
142930131429301330102d
933f3593933f359393009f
c75347b7c75347b7c730c8
aa4e3698aa4e3698aa30aa
32023e5032023e50500050
3433221134332211343035
2311394723113947470049
174e6132174e613261105c
2b3f37052b3f37053f203f
211d0b11211d0b11213021
1409061114090611143013
0b01090d0b01090d0d000d
0900090c0900090c0c000c
0a03060b0a03060b0b000b
0d0a01080d0a01080d300c
1111090511110905112011
12150e0312150e03152015
0f130d010f130d01132013
0c110e010c110e01112011
0b100d020b100d02102010
070b0901070b09010b200b
0608060006080600082008
0609080106090801092009
0308090403080904091008
0006080600060806081008
0300030403000304040004
0608060006080600082008
080c0a02080c0a020c200c
0407060104070601072007
0103030101030301031003
1015180710151807181016
50573c1150573c11572058
47563f0a47563f0a562056
0d0c1d1e0d0c1d1e1e0020
8478343a8478343a843085
ffffbe34ffffbe34ff2136
ffffff2bffffff2bff2189
f7ff9340f7ff9340ff2113
a06e006ca06e006ca0309a
a7532b8fa7532b8fa730a5
af4c3b9caf4c3b9caf30ad
63299fa963299fa9a900ad
1e9dffc51e9dffc5ff10fb
3a86ffd63a86ffd6ff10fc
80139ec180139ec1c100c1
8b2953938b295393930098
43125f6a43125f6a6a006b
086b9259086b925992108b
06689a6806689a689a1093
4e25808b4e25808b8b008f
75036b9b75036b9b9b009b
5509436d5509436d6d006d
2b321b082b321b08322032
ce850e97ce850e97ce30c9
ff6376ffff6376ffff3115
c42effffc42effffff0137
69a7ffff69a7ffffff1159
697cffff697cffffff111e
e26448c6e26448c6e230dd
ffff6584ffff6584ff3123
907b3839907b3839903087
78b3860378b38603b320b3
ffffff00ffffff00ff215e
c3ffe71ac3ffe71aff2115
0b4161370b416137611055
b07c066cb07c066cb030a4
ffc501c5ffc501c5ff3116
ff7670ffff7670ffff3128
9f2addff9f2addffff010b
1084cc981084cc98cc10c9
364d3407364d34074d204d
155089741550897489108c
30d4ff8c30d4ff8cff10fe
0da5e1890da5e189e110d6
740e86a4740e86a4a400a4
da6346c7da6346c7da30de
ffd718b7ffd718b7ff311a
ffff6673ffff6673ff311b
81813d2b81813d2b812087
3e5644003e564400562056
aee5aa05aee5aa05e520e5
5b876d0d5b876d0d872087
5e663e185e663e18662068
95b4791295b47912b420b4
535f390f535f390f5f2060
27130d2127130d21273026
2e032a3d2e032a3d3d003d
41161f4441161f44440047
331c0728331c0728333030
0c0c04060c0c04060c200d
695f252f695f252f693069
9485344394853443943094
6850103c6850103c683064
9192472e9192472e922099
f9ffd91cf9ffd91cff213b
5ba095225ba09522a020a3
e0d75a67e0d75a67e030ee
cae3843dcae3843de320eb
8a7d2a4b8a7d2a4b8a3091
ffff8d85ffff8d85ff3152
7e9256207e925620922095
ca810a91ca810a91ca30c2
ffff26ffffff26ffff319f
ffff3de8ffff3de8ff3181
2b351f0d2b351f0d352036
ffff1af5ffff1af5ff3170
ffff2fffffff2fffff3223
ffff22ffffff22ffff31b3
f3a81190f3a81190f330dd
5338092c5338092c533047
0b0805020b0805020b3008
1f1301131f1301131f301a
7a550c437a550c437a306c
ffcd20a3ffcd20a3ff3105
ffff2df2ffff2df2ff317f
ffff3fb2ffff3fb2ff3137
0746613a0746613a61105a
ff8e7fffff8e7fffff3158
ffff7dffffff7dffff31ec
ffef60ffffef60ffff31b4
ff983eeaff983eeaff3117
8043186380431863803077
010b130f010b130f131012
691f396d691f396d6d0071
bf405dbebf405dbebf30c8
ff5b80ffff5b80ffff3114
ff779affff779affff3154
ff95a8ffff95a8ffff3188
ffa9acffffa9acffff31a9
ff77b6ffff77b6ffff017f
da3c88f2da3c88f2f200f9
ceb54451ceb54451ce30c6
fffffa05fffffa05ff2149
768c6c04768c6c048c208c
7afdf0497afdf049fd2107
79ffffb379ffffb3ff1182
8d27d3f98d27d3f9f900fc
fffc17d8fffc17d8ff314b
ffff618effff618eff313d
b17a0372b17a0372b130a6
33a3bb6333a3bb63bb10be
ffffff18ffffff18ff2186
f2ff8054f2ff8054ff2116
088dce8b088dce8bce10c5
8affff928affff92ff117e
4f7eedc84f7eedc8ed10ec
ffa876ffffa876ffff3175
ff81e5ffff81e5ffff01d5
ee71ffffee71ffffff01c3
25ffffff25ffffffff118d
20c4ff9820c4ff98ff10f8
2b2709252b2709252b3035
87ffff4e87ffff4eff2122
4bffffb44bffffb4ff114b
5351d3cb5351d3cbd310da
971c71aa971c71aaaa00ac
c36b2399c36b2399c330ba
fee44882fee44882fe3106
a2b15037a2b15037b120b9
0a070c170a070c17170018
655d212f655d212f653068
6a6c30266a6c30266c2072
343a1a14343a1a143a203d
020e0c08020e0c080e2010
0216201802162018201020
1728290c1728290c291029
2124170821241708242024
1f1805121f1805121f301e
170e0312170e0312173016
0e05060d0e05060d0e300d
0802040808020408080008
0805000508050005083007
0c0c06040c0c06040c200c
10130c0310130c03132013
1217100112171001172017
0f1511010f151101152015
0c1412040c141204142014
0810100608101006101011
03090b0503090b050b100a
0308090403080904091008
040a0a04040a0a040a100a
040b0c05040b0c050c100c
0106090601060906091008
0604000406040004063005
090c0900090c09000c200c
080c0a02080c0a020c200c
0304030003040300042004
0204040202040402041004
9b1477b89b1477b8b800b9
bc69168fbc69168fbc30b1
a68a2e50a68a2e50a6309f
403c1c14403c1c1440303f
5674560456745604742074
f1ffed00f1ffed00ff2140
ffffff11ffffff11ff2171
d6cf5e4fd6cf5e4fd630dd
983b3c93983b3c9398309e
b94a43acb94a43acb930bb
ba533aa1ba533aa1ba30b5
4e3ba69f4e3ba69fa610a9
07b9ffb107b9ffb1ff1100
2682eab82682eab8ea10e1
870881ae870881aeae00ae
ac3f56abac3f56abac30b6
7c0676a67c0676a6a600a6
294c9380294c9380931094
075d7747075d7747771075
032b331f032b331f331035
1119170111191701192019
12596c3912596c396c1069
3e4ea4943e4ea494a410a7
cd05b9ffcd05b9ffff0105
ff18f1ffff18f1ffff0164
f831fffff831ffffff0184
a770ffffa770ffffff0164
9936efff9936efffff0107
ff952dc7ff952dc7ff30f8
ffff8198ffff8198ff3165
d1e17d3dd1e17d3de120e9
746e2c38746e2c3874307b
ffffc16effffc16eff217a
ffffbc4bffffbc4bff214d
5b7657025b765702762076
5e2d184d5e2d184d5e3059
c9642da4c9642da4c930c0
e14575ebe14575ebeb00f4
b21496e6b21496e6e600e6
66213c7366213c73730077
1a5762371a576237621066
0c7fc89d0c7fc89dc810c9
19a3d78319a3d783d710d1
3289943932899439941094
032f3f23032f3f233f103a
604300416043004160305d
efde4f6aefde4f6aef30f6
ffff7983ffff7983ff3142
dbba3d6edbba3d6edb30d8
0f2d49370f2d4937491047
97e5b91397e5b913e520e5
6493760d6493760d932093
5669460b5669460b692069
91ba830891ba8308ba20ba
4c5432104c543210542055
170c2728170c2728280029
211845462118454646004a
5020225050202250500056
5c480e365c480e365c305a
2126170621261706262026
483b1027483b1027483046
8a80363c8a80363c8a308d
7265263372652633723071
92934a2b92934a2b932099
ffffd52fffffd52fff214a
b8fabc06b8fabc06fa20fa
a5953751a5953751a530a9
ffffb65dffffb65dff2150
06232e1b06232e1b2e102c
ffff7d8fffff7d8fff3149
ffff8275ffff8275ff3135
0f2d2f150f2d2f152f1031
ffd21bb0ffd21bb0ff3112
ffff51ffffff51ffff31c2
ffff54b7ffff54b7ff3157
36111c3736111c37370039
ffff19ffffff19ffff31b4
ffff29ffffff29ffff322d
ffff1cffffff1cffff319f
df980d86df980d86df30ca
493107274931072749303e
0204060402040604061005
341f0221341f022134302d
9a690a5b9a690a5b9a308a
ffe322b7ffe322b7ff3123
ffff57e7ffff57e7ff319d
ffff9180ffff9180ff215a
0863966d0863966d961093
ffa877ffffa877ffff3172
ffff6effffff6effff3201
ffff75ffffff75ffff31df
ffbb61ffffbb61ffff316e
f37b37c5f37b37c5f330e8
733f0f55733f0f55733069
090d0d05090d0d050d100d
4e1a244c4e1a244c4e3050
9b3b3d8f9b3b3d8f9b309a
ea5862dcea5862dcea30ec
ff768bffff768bffff3146
ff8aa9ffff8aa9ffff3183
ffad8effffad8effff3189
ffff00ffffff00ffff319b
ffff89c9ffff89c9ff31b0
d89d2279d89d2279d830c6
97fff13897fff138ff2117
ffffff29ffffff29ff219f
01547f5601547f567f1078
ffff6888ffff6888ff3137
ffff55a8ffff55a8ff3156
de546edcde546edcde30eb
4185fff34185fff3ff1115
58d5e46f58d5e46fe410f0
984c3694984c36949830a6
52aeffff52aeffffff1168
09ffffff09ffffffff117d
1d72ad781d72ad78ad10a5
7e44044a7e44044a7e3064
8548157285481572853086
2807384f2807384f4f004f
705d2639705d263970306d
c77d098fc77d098fc730bd
38214c5d38214c5d5d0062
d4ffbc15d4ffbc15ff211f
ffff9262ffff9262ff2137
8b49196f8b49196f8b3084
312967633129676367106b
0a5c7a500a5c7a507a1079
86dab42086dab420da20dc
a2cc821aa2cc821acc20cd
3a220c323a220c323a303c
22545a2622545a265a105c
4164530c4164530c642064
343e280a343e280a3e203e
231f0b11231f0b11233023
1d19090d1d19090d1d301c
1e1b0c0b1e1b0c0b1e301d
1e1a0a0e1e1a0a0e1e301d
1d1605101d1605101d301b
1810001018100010183016
110a030e110a030e113011
0c0702090c0702090c300b
0908030409080304093008
0b0d09010b0d09010d200d
0f140f000f140f00142014
1219140112191401192019
0f1917050f191705192019
0b1717090b171709171018
040f1209040f1209121011
00080c0800080c080c100b
00080c0800080c080c100b
02090c0702090c070c100b
040b0c05040b0c050c100c
0106070401060704071007
0707030307070303072007
0c0f0a010c0f0a010f200f
090b0701090b07010b200b
0301010303010103030003
0004060400040604061005
ff3aaaffff3aaaffff0125
ffaf21ddffaf21ddff3119
ffda3d86ffda3d86ff30ff
856d1d41856d1d4185307e
3770712437707124711075
dcffff1bdcffff1bff2140
f8ffe607f8ffe607ff213f
98812e4998812e49983094
68183e7668183e76760078
975e096c975e096c97308f
8a650a518a650a518a3081
0549734f0549734f73106b
53cadb5c53cadb5cdb10dd
1680ac641680ac64ac10a2
58005c7458005c74740074
8d20619e8d20619e9e00a1
8e0886c08e0886c0c000c0
6b03719b6b03719b9b009b
2601222f2601222f2f002f
1d1341431d134143430045
33459b8d33459b8d9b109c
2082daaa2082daaada10d6
2782ddac2782ddacdd10d7
5f3fb1b35f3fb1b3b300bd
86149cc486149cc4c400c5
761da2bf761da2bfbf00c1
4c2e98984c2e989898009e
53025f7253025f72720072
ca971077ca971077ca30c0
ffff829bffff829bff316f
ffff7598ffff7598ff3159
3405424f3405424f4f004f
f1fff902f1fff902ff214c
fffffa1bfffffa1bff216d
80af7c0380af7c03af20af
1311252513112525250028
57211f4f57211f4f573055
6b2039706b203970700074
7b3c29727b3c29727b3080
9b9939459b9939459b30a7
94d3980594d39805d320d3
50968e3250968e3296209e
38534c1338534c13532055
5b4c1f305b4c1f305b3059
634b173b634b173b63305f
01091b0f01091b0f1b1011
c8890287c8890287c830c0
ffff23e4ffff23e4ff315b
fffb24d9fffb24d9ff314b
7f2e33747f2e33747f307c
76b9981176b99811b920b9
7a89501f7a89501f89208c
326664243266642466206c
73ae8f1273ae8f12ae20ae
34422e0434422e04422042
0a2328150a232815281028
0529331f0529331f331033
3427081f3427081f343031
59663b1459663b14662067
354c3700354c37004c204c
2817041d2817041d283025
7d7835347d7835347d3082
7e7b3a2f7e7b3a2f7e3083
8c904e248c904e24902094
ffffcb2effffcb2eff213f
fbffdf1dfbffdf1dff2140
4b3005364b3005364b3048
ffffbc71ffffbc71ff2172
a9c77d27a9c77d27c720ca
d7cb5167d7cb5167d730e3
ffffa396ffffa396ff3186
c0c05c44c0c05c44c020cb
674005466740054667305e
ffff37d4ffff37d4ff3164
ffff4fffffff4fffff31d9
ffee35acffee35acff3125
7852045678520456783076
ffff1cffffff1cffff31db
ffff1affffff1affff322d
ffff09ffffff09ffff3193
de8f028dde8f028dde30c8
4e30022e4e30022e4e3042
0201020102010201021001
402b0425402b0425403038
b5861964b5861964b530a7
ffff51bdffff51bdff3161
ffff93e7ffff93e7ff31e5
ffff7e91ffff7e91ff315c
1010202410102024240027
ffc709d3ffc709d3ff3122
fff24cfffff24cffff319c
ffeb7cffffeb7cffff31c8
ffdb71ffffdb71ffff31a9
ffab4dffffab4dffff3142
cd692ba3cd692ba3cd30c1
5c2d12475c2d12475c3054
0806040208060402083006
39121b3839121b3839303a
7c2d32737c2d32737c307b
cb5745b5cb5745b5cb30c8
ffab35f3ffab35f3ff3129
ffff2fffffff2fffff31b1
ffff8effffff8effff3202
ffeb19c1ffeb19c1ff3130
4cc4e0664cc4e066e010dc
ffffff04ffffff04ff2172
706a1846706a184670307f
8fe3cb2d8fe3cb2de320e7
cdd66b3ccdd66b3cd620de
7f22bbd27f22bbd2d200d4
6e92ffff6e92ffffff115d
a303b9fda303b9fdfd00fd
a5cd7f15a5cd7f15cd20ce
52f3ffa152f3ffa1ff1123
0b5f87650b5f876587108a
1c488a7a1c488a7a8a108d
814df7ff814df7ffff0119
bf11cfffbf11cfffff0109
9c39deef9c39deefef00f5
c610d0ffc610d0ffff0114
ff9554ffff9554ffff3138
bf7a1192bf7a1192bf30be
887a343c887a343c883087
ffde0adeffde0adeff3139
ff5884ffff5884ffff011a
aa14caf4aa14caf4f400f4
6b3bc7d16b3bc7d1d100d9
0286cc8c0286cc8ccc10c1
4083862940838629861089
1a1504151a1504151a301d
1f3d3f171f3d3f173f1041
3849380138493801492049
3331191333311913333034
2a2108172a2108172a3028
251e0714251e0714253024
211c0910211c0910213020
1d19090d1d19090d1d301c
1916070c1916070c193019
1510030c1510030c153014
120d020b120d020b123011
0f0c03080f0c03080f300e
0c0c06040c0c06040c200c
0c100c000c100c00102010
0e1614040e161404162016
0f1c1b080f1c1b081c201d
0d1e1f0c0d1e1f0c1f1020
08181c0e08181c0e1c101b
000c120c000c120c121010
02060a0802060a080a100a
0107090501070905091008
0308090403080904091008
0508070205080702082008
0404020204040202042004
0307070303070703071007
0a0e0a000a0e0a000e200e
0909050309090503092009
0300030403000304040004
0004060400040604061005
ff5c87ffff5c87ffff011d
ffee06f0ffee06f0ff3152
ffff3dc5ffff3dc5ff315a
e7930fa1e7930fa1e730da
1e69bc911e69bc91bc10b3
83ffff8183ffff81ff1147
84ffff5984ffff59ff1115
164a5e2c164a5e2c5e1056
0a12241c0a12241c241021
3b7369213b736921732077
36655c1b36655c1b652068
4b57370b4b57370b572057
9ecc90089ecc9008cc20cc
67855f0967855f09852085
0d2933150d29331533102e
26235c5726235c575c105d
5a1278925a127892920093
903e3c90903e3c9090009c
847b2c3f847b2c3f84308a
388086383880863886108b
0b78bf8e0b78bf8ebf10b9
1578c99a1578c99ac910c3
0a619a6d0a619a6d9a1091
08314e3708314e374e1049
05111d1505111d151d101b
060b0e05060b0e050e100c
1113110111131101132013
07030f0b07030f0b0f100b
7960153e7960153e793072
ffff459effff459eff312c
ffff1cffffff1cffff3184
f23ea0fff23ea0ffff011c
1ef8ffd01ef8ffd0ff1143
98ffff6a98ffff6aff2152
5eae9e265eae9e26ae20b2
0c2528110c252811281028
16070a1516070a15163016
230c1122230c1122233024
533803385338033853304f
bda7335bbda7335bbd30be
ffe94a81ffe94a81ff310a
e0960298e0960298e030d5
9e285aa49e285aa4a400a8
a33745a1a33745a1a330aa
b68e2468b68e2468b630b0
57876f0f57876f0f872087
780e5890780e5890900090
ffde11d6ffde11d6ff3134
ffff67beffff67beff3179
bfa32b63bfa32b63bf30be
4d6349054d634905632063
81691b4b81691b4b813081
0352775203527752771073
448b8a2d448b8a2d8b2092
1829240718292407292029
1c2c260a1c2c260a2c202d
1821180118211801212021
1a3232121a323212321035
40695c1540695c1569206b
3352450a3352450a522052
0b020b0c0b020b0c0c000c
6367371f6367371f67206b
808c5024808c50248c2090
8694581a8694581a942096
f7ffbb26f7ffbb26ff2124
fffff02cfffff02cff2166
1b4247181b424718471046
ffff9976ffff9976ff214f
ffffb465ffffb465ff2158
3e3108293e3108293e303f
ffffa198ffffa198ff3183
ffff8281ffff8281ff3147
444926154449261549204b
c78d0f77c78d0f77c730b8
ffff2bffffff2bffff319a
ffff3affffff3affff31dd
f0c82c90f0c82c90f030f6
ba77108dba77108dba30b8
ffff06ffffff06ffff3202
ffff14ffffff14ffff323d
ffff1fffffff1fffff31a7
fc9218b4fc9218b4fc30e7
6a390a496a390a496a305c
0b0105090b0105090b3009
533f0d2b533f0d2b53304c
f8c5327ff8c5327ff830ea
ffff75e7ffff75e7ff31bf
ffff78ffffff78ffff31eb
ffb20ab8ffb20ab8ff3100
0848764608487646761064
90874a2990874a2990308d
f1931db3f1931db3f130e7
ffc65fffffc65fffff3173
ffdf7affffdf7affff31b4
ffc371ffffc371ffff318a
ff8d4ff9ff8d4ff9ff311e
b157278db157278db130a5
502c0838502c0838503047
0809080108090801092009
3b1f092d3b1f092d3b3036
a07e2454a07e2454a03097
ffffa66dffffa66dff3156
fffff97cfffff97cff21de
fffb3e9bfffb3e9bff3127
0885dea70885dea7de10d5
80dfca3f80dfca3fdf20e7
4a005c7c4a005c7c7c007c
01bbffd701bbffd7ff111c
2b4597872b459787971097
81c8a31a81c8a31ac820c9
35d1ff9335d1ff93ff10ff
be791497be791497be30c1
fffff939fffff939ff219a
d7ffd70fd7ffd70fff2127
094e612e094e612e61105a
35ffffcf35ffffcfff115e
8778ffff8778ffffff014e
fe4b8afffe4b8affff0117
7a0778997a077899990099
2e2560572e25605760105e
b7ac3956b7ac3956b730c0
d7f37947d7f37947f320fd
0d2d230b0d2d230b2d202e
af760578af760578af30a8
c05546b5c05546b5c030c7
8c028cba8c028cbaba00ba
671d93a9671d93a9a900ab
3235867f3235867f861089
0a2f563d0a2f563d56104d
1006080c1006080c10300d
2630240026302400302030
2f3725072f372507372037
292b170d292b170d2b202c
2423100d2423100d243025
21200f0c21200f0c213022
1f1f0f0b1f1f0f0b1f2020
1b1b0d091b1b0d091b201c
17160b0817160b08173017
1210060812100608123011
100e0408100e0408103010
100f0607100f0607103010
0f1009040f100904102010
0f1511010f151101152015
0f1b19070f1b19071b201b
0f20210c0f20210c211022
0e20220e0e20220e221022
07171b0d07171b0d1b101a
01090f0b01090f0b0f100e
0402080804020808080008
0003040300030403041004
0506030205060302062006
0805000508050005083007
0601040706010407070007
0104070601040706071007
0609080106090801092009
0707030307070303072007
0300030403000304040004
0004060400040604061005
d55b51c1d55b51c1d530d5
ffeb00e3ffeb00e3ff3146
ffff09ffffff09ffff318a
ff996dffff996dffff314e
975cffff975cffffff0134
02ffffff02ffffffff116b
04d0ffc604d0ffc6ff111f
5832a4a45832a4a4a400ab
66117e9b66117e9b9b009b
195fa381195fa381a310a0
0e4472520e44725272106a
745c123c745c123c74306d
c3b34553c3b34553c330c5
ae83146dae83146dae30aa
8463105384631053843081
6076520860765208762076
0545654305456543651060
824e1268824e1268823082
d3d15f53d3d15f53d330e0
b4e69e0eb4e69e0ee620e6
5ca79c315ca79c31a720ae
1f5a67361f5a6736671068
15211d0515211d05212021
28041e3228041e32320032
3b02334c3b02334c4c004c
410e2948410e2948480049
3e1f0e333e1f0e333e303b
2721091527210915273027
2e1b001b2e1b001b2e3026
c78c1174c78c1174c730b5
ffbd23efffbd23efff3130
ff3dbcffff3dbcffff0146
6291ffff6291ffffff1143
19cfffad19cfffadff110d
1f7591451f759145911087
011c2918011c2918291024
0e0110130e011013130013
14041a1e14041a1e1e001e
3f1a15363f1a15363f303b
a7720966a7720966a73098
ffb60ea8ffb60ea8ff30f7
ff8832d2ff8832d2ff30fa
bd2d79cfbd2d79cfcf00d3
be514cb3be514cb3be30c4
ffd73389ffd73389ff30fe
e6e76257e6e76257e720f6
4c3902314c3902314c304b
81ceb12081ceb120ce20d0
f4ffff12f4ffff12ff2160
91dba70991dba709db20db
34150c2734150c2734302c
6e3f0e596e3f0e596e306d
1b366d601b366d606d106e
195d753b195d753b75106e
0713291d0713291d291022
322a0a1a322a0a1a323031
290d1327290d1327293029
083c4e32083c4e324e104e
24585e2824585e285e1060
233e390e233e390e3e203f
0409080104090801092009
444f320b444f320b4f204f
7b8f591b7b8f591b8f2091
8a9b5e1b8a9b5e1b9b209d
e3ff9d2ae3ff9d2aff2103
ffffe540ffffe540ff216f
88b07e1088b07e10b020b0
e4da5e60e4da5e60e430ee
ffffcc8bffffcc8bff21a6
7484501e7484501e842087
ffff747dffff747dff312a
ffff9aa8ffff9aa8ff3192
d5bf495dd5bf495dd530d4
18030e1718030e17183017
ffb10e9fffb10e9fff30ed
ffff37ffffff37ffff31c0
ffff58ffffff58ffff31d7
b1b34f4bb1b34f4bb320c2
fe8b36d7fe8b36d7fe3100
ffff39ffffff39ffff3228
ffff4effffff4effff325a
ffff47ffffff47ffff31db
ffb027e6ffb027e6ff3121
8d4d0f638d4d0f638d307d
0c00080c0c00080c0c000c
80641a4080641a40803076
ffff659bffff659bff3144
ffffadd1ffffadd1ff31db
ffff4bb1ffff4bb1ff3148
6012828a6012828a8a008b
1d63cb9f1d63cb9fcb10bb
3b1f87913b1f8791910094
21271f0521271f05272027
de7346c9de7346c9de30e7
ffb884ffffb884ffff318d
ffd586ffffd586ffff31b7
ffbe61ffffbe61ffff3172
ff8834d0ff8834d0ff30f8
8f4c156a8f4c156a8f3082
2c0e12262c0e12262c3028
4465520744655207652065
eefff001eefff001ff213f
ffffff0cffffff0cff21b8
c5bc5d42c5bc5d42c530c7
1480a6701480a670a610aa
192e3522192e3522351039
21c0ef9421c0ef94ef10f2
23c4ffff23c4ffffff1144
ca328ce4ca328ce4e400e9
ffff58a5ffff58a5ff315a
ffed3499ffed3499ff311a
049ae6a2049ae6a2e610df
deffff84deffff84ff21c9
92fffe4592fffe45ff2119
85a5611585a56115a520a6
ffffff03ffffff03ff2177
66845e0466845e04842084
50a18e2350a18e23a120a4
1264987012649870981096
860d70b1860d70b1b100b1
1075be911075be91be10ba
75d9c93175d9c931d920de
4269520142695201692069
3825062138250621383031
6537115365371153653063
5109436551094365650065
3d08495a3d08495a5a005a
2906354029063540400040
1a05161f1a05161f1f001f
1a1c0e061a1c0e061c201c
212e2302212e23022e202e
2430240024302400302030
21291d0321291d03292029
1e2418041e241804242024
1b2015041b201504202020
1b1f13051b1f13051f201f
191c1106191c11061c201c
15170d0515170d05172017
0f1009040f100904102010
0e0d06050e0d06050e300d
1010080610100806102011
12140c0412140c04142014
131a1300131a13001a201a
15201b0415201b04202020
1524210815242108242024
11201f0a11201f0a202021
0914150809141508151015
0107090501070905091008
0300030403000304040004
0202000202020002020002
0301010303010103030003
0704010607040106073007
0501030505010305050005
0102050401020504051004
0205060302050603061005
0304030003040300042004
0101030301010303030003
0004060400040604061005
8b3e2d768b3e2d768b3085
ffa80cb4ffa80cb4ff30f6
ffde22ffffde22ffff315d
ff8390ffff8390ffff3163
c338ffffc338ffffff0144
31b8fff831b8fff8ff1134
1496f6ac1496f6acf610e4
4c28888a4c28888a8a008f
570a6782570a6782820082
2431726724317267721072
1c1a483e1c1a483e481043
684a043c684a043c68305f
ae7f106bae7f106bae30a6
c2770e91c2770e91c230bb
cf9e1d7ccf9e1d7ccf30c8
c1c96939c1c96939c920d0
587e6008587e60087e207e
4f40152a4f40152a4f304c
d4f4982ad4f4982af420f7
e2ffc215e2ffc215ff211d
92bb7e0992bb7e09bb20bb
403004244030042440303c
2d205d5e2d205d5e5e0063
4e1970854e197085850087
69104b7a69104b7a7a007b
612a1f54612a1f5461305d
513801345138013451304c
4234062642340626423040
1807162118071621210021
30382e0430382e04382038
734b0547734b0547733067
740b6699740b6699990099
3851bcab3851bcabbc10bd
0767ad770767ad77ad109d
013a5f3c013a5f3c5f1053
0e0f26210e0f2621261024
13061b1e13061b1e1e001e
100f2423100f2423241026
2608162826081628280028
624d1a2f624d1a2f62305a
9b9049389b9049389b309a
8e853e378e853e378e308f
4f330b374f330b374f304b
71421f5c71421f5c713071
ffc40ca8ffc40ca8ff3102
ffdd17f7ffdd17f7ff314b
ff3da8ffff3da8ffff0129
49a9ffff49a9ffffff113b
4dffffa94dffffa9ff1144
4db2b93e4db2b93eb910bc
0f11271d0f11271d271021
391a1136391a113639303b
1320453e1320453e451045
0c3f582f0c3f582f58104e
15183d3415183d343d1039
4a172a4f4a172a4f4f0052
4803425f4803425f5f005f
1a305e521a305e525e105f
053a5132053a513251104c
0c2228120c222812281026
0105070101050701071005
32351e0b32351e0b352036
78834c2178834c21832087
96a15c2796a15c27a120a5
d3df7d33d3df7d33df20e4
ffffcc4fffffcc4fff2161
e6ffa834e6ffa834ff2110
6d56133c6d56133c6d3068
ffffb69dffffb69dff31a5
ffff966dffff966dff213c
776f293d776f293d77307e
ffff9baeffff9baeff3198
ffff718fffff718fff3146
7569273175692731753073
5231023352310233523046
ffea2daeffea2daeff3123
ffff70ffffff70ffff31ec
ffff8dd9ffff8dd9ff31c7
66926a0066926a00922092
ffa246ffffa246ffff3134
ffff52ffffff52ffff322a
ffff5affffff5affff3265
ffff45ffffff45ffff3206
ffcf2cffffcf2cffff3150
ae5f167fae5f167fae309e
0a0c16140a0c1614161017
c4c25e44c4c25e44c430cd
ffffd87dffffd87dff21a9
ffffbd69ffffbd69ff216c
3a0228343a0228343a3034
35b6d55e35b6d55ed510cc
653dd7dd653dd7dddd00e5
e85292ffe85292ffff011a
a2543c9ca2543c9ca230b1
361618363616183636003a
ff9254faff9254faff3121
ffdb6dffffdb6dffff31a1
ffe160ffffe160ffff319d
ffb03fffffb03fffff3139
bc592e99bc592e99bc30b1
0e3e60460e3e604660105d
cefff618cefff618ff2132
ffffff0affffff0aff21aa
6fa399196fa39919a320a4
7e5f004f7e5f004f7e307b
3f4ea79e3f4ea79ea710b0
3bffffbf3bffffbfff1155
07a3d58b07a3d58bd510d6
94600a5a94600a5a943083
fffe359efffe359eff312b
ff9f67ffff9f67ffff3152
957dffff957dffffff0169
44ffffd144ffffd1ff1173
55bfcb3b55bfcb3bcb10c7
917b1543917b154391308c
ffff3ecfffff3ecfff3168
ff7480ffff7480ffff0143
6593ffff6593ffffff1136
4d8affdc4d8affdcff1103
980ba8d9980ba8d9d900d9
6928afc46928afc4c400c8
0373af710373af71af10a1
1b515b231b515b235b1058
11000b1011000b10113010
2c1b001f2c1b001f2c3029
240d1025240d1025250027
1b090f1b1b090f1b1b001c
1510010e1510010e153015
161c1202161c12021c201c
1827220718272207272027
1c2d28091c2d28092d202d
1c2c26061c2c26062c202c
1b271f031b271f03272027
19231b0119231b01232023
1820180018201800202020
171d1501171d15011d201d
161c1402161c14021c201c
1418100214181002182018
0d100b020d100b02102010
0b0d09010b0d09010d200d
0c100c000c100c00102010
1017120110171201172017
141d1803141d18031d201d
16231e0516231e05232023
1827220718272207272027
121f1c07121f1c071f201f
09100f0409100f04102010
0305050103050501051005
0000000000000000000000
0304030003040300042004
0103030101030301031003
0403000304030003043004
0402020404020204040004
0202040402020404040004
0003040300030403041004
0001020100010201021001
0102010001020100022002
0304030003040300042004
4922133a4922133a493043
965f0061965f0061963087
e594039ae594039ae530d5
de7528b5de7528b5de30d7
6d0467926d046792920092
146386491463864986107b
40645a0e40645a0e642064
1e2114091e211409212022
0f0b05070f0b05070f300d
1a1f1e031a1f1e031f201f
03111f1103111f111f1018
4125092f4125092f41303b
7c4b06597c4b06597c3074
a4740e6aa4740e6aa4309d
d7d3654dd7d3654dd730e0
daffa620daffa620ff2105
7a965e0e7a965e0e962096
22464e1e22464e1e4e104c
9efad62a9efad62afa20fd
beffca0cbeffca0cff210e
929748339297483397209f
52014a6b52014a6b6b006b
3547938735479387931098
5217708552177085850086
743c1c62743c1c62743072
6653143366531433663061
4a4214204a4214204a3049
412311354123113541303f
3b0747593b074759590059
351a5d66351a5d66660069
3200364832003648480048
3232141232321412322035
2e4c46142e4c46144c204e
1e3e441a1e3e441a441043
0b2129130b212913291026
040a1410040a1410141012
06060e0e06060e0e0e000f
040c0c06040c0c060c100d
0512190c0512190c191015
255e6d2e255e6d2e6d1068
38aacc6238aacc62cc10c4
0c96d48c0c96d48cd410cd
4c0b56754c0b5675750075
23281d0823281d08282028
a24a3290a24a3290a230a1
ff885fffff885fffff3130
ff33c3ffff33c3ffff0147
864efaff864efaffff0115
0381c17d0381c17dc110b3
405f5401405f54015f205f
2f270f1b2f270f1b2f302f
0708070407080704082008
041a2618041a2618261023
153d471f153d471f471044
02324a3202324a324a1046
37053b4d37053b4d4d004d
42033e5942033e59590059
261244482612444848004a
0c1832280c18322832102e
030c1710030c1710171014
0501070705010707070007
251f0b0f251f0b0f253022
6c703c226c703c22702075
9aa862289aa86228a820ac
bdc8712cbdc8712cc820cc
ffffb349ffffb349ff213f
ffffc24bffffc24bff214f
1a36340c1a36340c362037
ffff838affff838aff3151
ffffbea3ffffbea3ff21b2
545c3418545c34185c205f
ffff7e8cffff7e8cff3147
ffff97abffff97abff3194
e1c54763e1c54763e130dc
2a260c142a260c142a302a
8e6e1e448e6e1e448e3081
ffff70b6ffff70b6ff3177
ffffbceeffffbceeff3219
ffff9e99ffff9e99ff318d
133b371b133b371b3b2040
ffc105cfffc105cfff311b
ffff1affffff1affff31dd
ffff3fffffff3fffff3238
ffff52ffffff52ffff3213
ffe442ffffe442ffff3185
d66d2aa9d66d2aa9d630c9
25534b1925534b19532056
ffffba5dffffba5dff2163
ffffe078ffffe078ff21a7
5f5e3b185f5e3b185f3061
bded8d37bded8d37ed20f3
81dfc52381dfc523df20e1
9b06a5e09b06a5e0e000e0
ffa288ffffa288ffff3175
ff9773ffff9773ffff314b
772b4381772b4381810087
795507597955075979307b
ffbd41ffffbd41ffff3147
ffe753ffffe753ffff3196
ffbc4cffffbc4cffff3157
a0206cb2a0206cb2b200b4
7cf8f0487cf8f048f82102
ffffff20ffffff20ff21af
66f4ff6666f4ff66ff1108
a213c0f3a213c0f3f300f3
8c67ffff8c67ffffff0140
0a9adca60a9adca6dc10e2
2701354b2701354b4b004b
315ebfbc315ebfbcbf10d2
073f573f073f573f571059
60084e8a60084e8a8a008a
4d247da04d247da0a000a4
4e573a134e573a13572059
c47a009ec47a009ec430c7
4c280a484c280a484c3052
b15d2599b15d2599b130b3
ff4e98ffff4e98ffff0134
9b37f7ff9b37f7ffff0116
4e58d4b84e58d4b8d410cb
63147d9263147d92920093
6103678b6103678b8b008b
302066663020666666006a
0d1e3d2e0d1e3d2e3d1036
0d010b0d0d010b0d0d000d
12120a0612120a06122012
10120a0410120a04122012
0d120d000d120d00122012
0f1815040f181504182018
15231f0715231f07232023
192a2508192a25082a202a
1b2b25071b2b25072b202b
1b2923051b292305292029
1a251e031a251e03252025
18211a0118211a01212021
1820180018201800202020
151c1500151c15001c201c
151c1500151c15001c201c
1218120012181200182018
0c100c000c100c00102010
0a0f0c010a0f0c010f200f
0b110f030b110f03112011
0f1815040f181504182018
131f1b05131f1b051f201f
17241f0617241f06242024
1927210519272105272027
141d1803141d18031d201d
090d0b01090d0b010d200d
0304030003040300042004
0001020100010201021001
0204040202040402041004
0103030101030301031003
0201000102010001023001
0301010303010103030003
0101030301010303030003
0002040200020402041002
0101030301010303030003
0501030505010305050005
0703030707030307070007
2019080f2019080f20301d
3f4027103f402710402041
697e5b0c697e5b0c7e207e
5d8c79105d8c79108c208c
014261420142614261105d
7428347274283472743078
a0443a92a0443a92a030a1
8b1a65a28b1a65a2a200a4
8620549686205496960099
8147116381471163813079
473c171e473c171e473043
0d0515190d051519190019
4a3204324a3204324a3046
81884d2681884d2688208d
c2ffc402c2ffc402ff2104
c2ffe61ec2ffe61eff211d
577a5d08577a5d087a207a
346d6e2b346d6e2b6e1075
8ce5c6318ce5c631e520ea
a0b16423a0b16423b120b4
9b403b989b403b989b30a4
860a8cc2860a8cc2c200c2
561f7689561f768989008c
411617364116173641303a
4e6648024e664802662066
426c5a12426c5a126c206d
22342c0a22342c0a342034
0f030f150f030f15150015
0d1f352f0d1f352f351038
180f2c2f180f2c2f2f0031
3023001f3023001f30302e
48512a1348512a13512053
49552f1149552f11552056
37391b1337391b1339203c
251f0913251f0913253024
150c0310150c0310153014
0f000f120f000f12120012
15051d2115051d21210021
0c2f523d0c2f523d52104d
1a95c66f1a95c66fc610b9
2befffb72befffb7ff112d
27a5ffe127a5ffe1ff1117
b84a48b2b84a48b2b830c0
b3b6573cb3b6573cb620bf
0639503d0639503d501053
963b368d963b368d963098
9f3b459f9f3b459f9f00a9
5a1e32645a1e3264640068
010a0306010a03060a200b
542b0a49542b0a49543054
664f1439664f1439663061
2d321f062d321f06322032
09242d1a09242d1a2d102c
173f431f173f431f431046
173c3d18173c3d183d1040
03141f1603141f161f101d
1401141b1401141b1b001b
1201141b1201141b1b001b
0b010f110b010f11110011
0501070705010707070007
0300030403000304040004
1512070815120708153013
565d3615565d36155d205f
94ac6c1e94ac6c1eac20ae
aabd7221aabd7221bd20bf
f7ff953ef7ff953eff210f
ffffc15cffffc15cff2162
9bb0692a9bb0692ab020b4
c2b24854c2b24854c230c4
ffffc8a8ffffc8a8ff31c8
ffff8e62ffff8e62ff2128
9b933b4b9b933b4b9b30a5
ffffa8adffffa8adff31a7
ffff7287ffff7287ff313d
7e671e3b7e671e3b7e3076
1b1a11021b1a11021b301a
e6d45c58e6d45c58e630e5
ffffc4baffffc4baff31e1
ffffc2d2ffffc2d2ff31ff
ffca2094ffca2094ff30fa
0e4d76450e4d7645761067
b8c17621b8c17621c120c3
ffeb10cdffeb10cdff3137
ffff50ffffff50ffff31dc
ffff6dffffff6dffff321e
fffe57fffffe57ffff31c0
d65554c9d65554c9d630da
88c99c0988c99c09c920c9
ffffee67ffffee67ff21a5
cbfda925cbfda925fd20ff
c09c207cc09c207cc030c7
ffffa19dffffa19dff3189
92cd9a0392cd9a03cd20cd
bc2e7edabc2e7edada00de
ffa98fffffa98fffff318a
ffae9cffffae9cffff319c
ff7078ffff7078ffff011e
2704313c2704313c3c003c
c786139ac786139ac730cc
ffcc40ffffcc40ffff315c
ff7d7affff7d7affff3135
2393ffc32393ffc3ff10f4
d0ffff6ed0ffff6eff21a4
98ffff7698ffff76ff116d
2f8ff7cb2f8ff7cbf710f8
6933b9d76933b9d7d700dc
5e63262f5e63262f63206d
1fe7ffc31fe7ffc3ff112e
9355ffff9355ffffff013a
fe8846dcfe8846dcfe3102
a6750461a6750461a63097
2745816327458163811078
5a5ccccc5a5ccccccc00df
ff7554f9ff7554f9ff3113
ffe53697ffe53697ff3112
426c4e0e426c4e0e6c206c
68134a8168134a81810082
6e0a68946e0a6894940094
3e1a6a6e3e1a6a6e6e0071
3409404b3409404b4b004b
330a233a330a233a3a003a
2309192923091929290029
12080a1212080a12120013
0b0d07010b0d07010d200d
0a1210040a121004122012
0c1310030c131003132013
0d1411020d141102142014
121c1804121c18041c201c
17241f0617241f06242024
1b2821041b282104282028
1e2920011e292001292029
1e271c011e271c01272027
1c241a021c241a02242024
1a2118011a211801212021
1820180018201800202020
151d1701151d17011d201d
141c1602141c16021c201c
1017120110171201172017
0c100c000c100c00102010
0c110e010c110e01112011
0c1412040c141204142014
0e1816060e181606182018
131f1b05131f1b051f201f
18231c0318231c03232023
1b241b001b241b00242024
161b1203161b12031b201b
0c0c06040c0c06040c200c
0604000406040004063005
0202040402020404040004
0003040300030403041004
0001020100010201021001
0000000000000000000000
0000000000000000000000
0001020100010201021001
0004060400040604061005
0303070703030707070007
0601080906010809090009
0900090c0900090c0c000c
091c1f0e091c1f0e1f101f
21484b1a21484b1a4b104c
47999f3947999f399f10a3
3eb9d4653eb9d465d410d2
176db78b176db78bb710b0
83067ba883067ba8a800a8
b12877c6b12877c6c600ca
af0f99ddaf0f99dddd00dd
ca3e70d6ca3e70d6d600de
e18f0fa3e18f0fa3e130d8
a6862256a6862256a6309f
3933151539331515393037
2129190921291909292029
79a77f0179a77f01a720a7
c9ffff27c9ffff27ff2135
afffff46afffff46ff2130
145678441456784478106d
8e8936378e8936378e3093
cab44452cab44452ca30c5
ae3654aaae3654aaae30b2
b11ad1ffb11ad1ffff010b
da1bb2ffda1bb2ffff0116
c55d39adc55d39adc530c4
7c7a40207c7a40207c307e
4888883248888832881090
226a7e3e226a7e3e7e107a
0b2241320b22413241103c
3015162d3015162d303031
3f1d15373f1d15373f303e
3601324736013247470047
19264f4819264f484f1051
0d4253300d425330531051
2740370a2740370a402040
2f2d13152f2d13152f3031
2f1e03222f1e03222f302d
250f0f23250f0f23253026
18051e2318051e23230023
1118332c1118332c331032
084f6e43084f6e436e1067
47d2f16e47d2f16ef110ed
69ffffa669ffffa6ff115c
0ea0fcba0ea0fcbafc10f5
dea3108bdea3108bde30d6
ffff9e41ffff9e41ff2124
6882560a6882560a822082
1f1a0b101f1a0b101f301e
4156430441564304562056
30757e3330757e337e107f
0f5383690f538369831085
7337196373371963733071
8a8c482a8a8c482a8c2092
3e5f4e0d3e5f4e0d5f205f
09303d2609303d263d103d
0f2f371d0f2f371d371037
1d2921011d292101292029
1913031119130311193019
1008040e1008040e103010
0400040404000404040004
0407060104070601072007
0002020200020202020002
0201000102010001023001
0b0f0d010b0f0d010f200f
40503a0240503a02502050
84a5720d84a5720da520a5
9ab574199ab57419b520b6
ced67436ced67436d620dc
ffffad60ffffad60ff214e
f8ff924ef8ff924eff2115
3222021e3222021e32302d
ffffa496ffffa496ff3189
ffffc49cffffc49cff21b1
2b311f092b311f09312031
ffff9392ffff9392ff3168
ffff99a4ffff99a4ff318f
cdae3b5ccdae3b5ccd30c4
2b1a031e2b1a031e2b3027
76743c2076743c20763078
ffffa580ffffa580ff3170
ffffd0c8ffffd0c8ff31fc
ffff2bc9ffff2bc9ff3149
6e37c8c76e37c8c7c810ce
2d81ffd72d81ffd7ff10fa
2a318a892a318a898a1091
764b0651764b065176306e
ffd258ffffd258ffff3180
ffff74ffffff74ffff321c
ffeb90ffffeb90ffff31e0
bb14e5ffbb14e5ffff0118
88ffff8088ffff80ff115e
b4ffff54b4ffff54ff216f
900d6eab900d6eabab00ab
ffff7cf5ffff7cf5ff31d2
ffffa5b1ffffa5b1ff31b2
7195670571956705952095
a23158aba23158abab00b1
ff9374ffff9374ffff314e
ffbb89ffffbb89ffff3198
ffa380ffffa380ffff316b
a54057aea54057aeae00b9
443e1026443e1026443048
cd5d5dd3cd5d5dd3d300e6
764dfeff764dfeffff0110
62ffffb662ffffb6ff1169
b5ffff3fb5ffff3fff214e
7dc19b0b7dc19b0bc120c1
10131e1110131e111e1019
a9ffc10ba9ffc10bff2107
d8ffff4ad8ffff4aff217b
0d58956e0d58956e95108c
efd0317cefd0317cef30f2
d39f1385d39f1385d330cf
175b8b6f175b8b6f8b108f
258089402580894089108f
7f8b49217f8b49218b208e
f1ffcf18f1ffcf18ff213a
95cb8b0995cb8b09cb20cb
0520251605202516251026
2d140f2c2d140f2c2d3030
2108172621081726260026
160b0813160b0813163015
13150b0513150b05152015
0f1713030f171303172017
0a1514070a151407152016
0712130807121308131013
0811120708111207121012
0911110509111105111011
0c1412040c141204142014
131e1904131e19041e201e
18241e0418241e04242024
1a2620041a262004262026
1b271f031b271f03272027
1b251d011b251d01252025
1b241b001b241b00242024
19231b0119231b01232023
17211b0317211b03212021
131f1b05131f1b051f201f
111c1906111c19061c201c
0c1514050c151405152015
0911110509111105111011
0914150809141508151015
0917190b0917190b191019
09181b0c09181b0c1b101a
0e1c1c0a0e1c1c0a1c101d
131f1b05131f1b051f201f
181f1601181f16011f201f
16180e0616180e06182018
0f0c03080f0c03080f300e
0904030809040308093008
0401060704010607070007
0301050503010505050005
0301010303010103030003
0201000102010001023001
0001020100010201021001
0004060400040604061005
00070a0700070a070a1009
03050b0903050b090b100a
06040c0c06040c0c0c000c
09020b0e09020b0e0e000e
0f19332b0f19332b331031
1e555e291e555e295e105e
5eb6ac345eb6ac34b620bd
6dd4cb406dd4cb40d420dd
287e9246287e9246921090
33144f5433144f54540056
5a0258765a025876760076
6b0a7f9e6b0a7f9e9e009e
b8425ebab8425ebaba00c5
ffb60dc2ffb60dc2ff310a
ffc616a8ffc616a8ff3103
a772096aa772096aa7309b
1f0721271f072127270027
7ab086047ab08604b020b0
f5ffff0bf5ffff0bff2157
d3ffff30d3ffff30ff214b
076ba367076ba367a31094
c96a33a8c96a33a8c930c6
ff7a4fe6ff7a4fe6ff3104
c315d7ffc315d7ffff0113
ae48ffffae48ffffff0134
ff43aaffff43aaffff012e
ffdb0de9ffdb0de9ff313f
fffa5e78fffa5e78ff3115
a6c18211a6c18211c120c1
406e6c20406e6c206e2072
0a2342310a23423142103c
39072f4539072f45450045
4c0c385a4c0c385a5a005a
4503475f4503475f5f005f
2c13484f2c13484f4f0051
0c1d3a2f0c1d3a2f3a1037
0d1b1f0b0d1b1f0b1f101d
1e1706111e1706111e301c
2918052029180520293028
27110d2327110d23273026
15041b2015041b20200020
0021301f0021301f30102d
2c6568272c65682768106c
8df7df378df7df37f720fd
c8ffff3ec8ffff3eff2151
458a892e458a892e8a2091
adcd7b1dadcd7b1dcd20cf
fdffcb22fdffcb22ff2139
8c96502a8c96502a96209b
1218382e1218382e381033
2684a24e2684a24ea21099
26b5e68526b5e685e610e0
2a54a0902a54a090a010a6
9c7616589c7616589c3093
a7c2751ca7c2751cc220c4
5a7752055a775205772077
2933230329332303332033
1f1b0d0b1f1b0d0b1f301d
2211061b2211061b22301f
26110a2326110a23263026
2517011925170119253021
100a000a100a000a10300e
0206060202060602061006
0202020002020200021002
0101010101010101010001
0a1414060a141406141014
334a3b08334a3b084a204a
7291660772916607912091
91a96d1b91a96d1ba920ab
aeb1602faeb1602fb120b7
ffff9254ffff9254ff2122
ffffa860ffffa860ff2148
55653f1555653f15652067
fff56471fff56471ff310d
ffffcabaffffcabaff31e1
f4f57461f4f57461f52107
c0be5454c0be5454c030cf
ffffabb0ffffabb0ff31af
ffff6382ffff6382ff3124
674e1134674e113467305d
2d3221042d322104322032
f4f37c4df4f37c4df430fe
ffffd497ffffd497ff21c3
ffff6c9fffff6c9fff314f
4647a48f4647a48fa4109f
0cbfffcd0cbfffcdff1118
c202e0ffc202e0ffff0126
ff865bfcff865bfcff311d
3025002530250025303034
ff924bf0ff924bf0ff3118
ffd8b2ffffd8b2ffff31ed
ff4dffffff4dffffff01fe
a7c2ffffa7c2ffffff11d5
01ffffff01ffffffff11b3
9c3ae2f29c3ae2f2f200f8
ffff3affffff3affff31c5
ffff92ffffff92ffff323a
ffff52d1ffff52d1ff317b
806d243b806d243b80307b
561d2a57561d2a5757005b
f67548d5f67548d5f630f3
ffae68ffffae68ffff3163
ffb478ffffb478ffff317b
ff7e5cf2ff7e5cf2ff3110
624c0a3a624c0a3a62305f
1f78a3681f78a368a3109e
56ccee7656ccee76ee10eb
98c8a00098c8a000c820c8
c0b4505ac0b4505ac030c9
5e41043f5e41043f5e305a
c9f59d1dc9f59d1df520f6
ffffb179ffffb179ff217c
b5671d99b5671d99b530b8
2c879a4f2c879a4f9a109c
5c805e105c805e10802080
1b090b0d1b090b0d1b300f
7b2b3b857b2b3b8585008b
1b83ddb31b83ddb3dd10dd
6fffff706fffff70ff111e
6ebaa41e6ebaa41eba20bc
212f2103212f21032f202f
070e0f04070e0f040f100e
0b1513050b151305152015
0917190b0917190b191019
091b1f0f091b1f0f1f101e
07191d0f07191d0f1d101d
0614180c0614180c181017
0611140906111409141013
0610120806101208121011
0611140906111409141013
0815180b0815180b181017
0e1d1e0b0e1d1e0b1e101f
1323210913232109232024
1626220816262208262026
1725210717252107252025
16231e0516231e05232023
18241e0418241e04242024
1825200518252005252025
15231f0715231f07232023
12201e0812201e08202020
0f1c1b080f1c1b081c201d
0915170909151709171016
0614180c0614180c181017
06161a0e06161a0e1a101a
07171b0d07171b0d1b101a
0917190b0917190b191019
0c1818080c181808181019
1119150311191503192019
1519110315191103192019
15150b0715150b07152016
0f0c03080f0c03080f300e
0904030809040308093008
0601040706010407070007
0502010405020104053004
0303010103030101032003
0101010101010101010001
0004060400040604061005
00070a0700070a070a1009
00090e0900090e090e100c
03080f0c03080f0c0f100e
06060e0e06060e0e0e000f
09010b0d09010b0d0d000d
3205364532053645450045
174b5529174b5529551055
78ae880c78ae880cae20ae
a2c58017a2c58017c520c6
7c732c377c732c377c307f
4725113f4725113f473049
392f0f1f392f0f1f393038
1a4452241a44522452104c
5f075f7d5f075f7d7d007d
ff8b3fdbff8b3fdbff3103
ffd923ffffd923ffff3159
ffc710e3ffc710e3ff312d
9d5319779d5319779d3091
4c8472144c847214842085
fffff419fffff419ff215d
ffffff08ffffff08ff2178
59bbbf4159bbbf41bf10c5
8a136ea78a136ea7a700a8
e64382f7e64382f7f700ff
ae1dd8ffae1dd8ffff010a
8842e8f28842e8f2f200fa
e84b7ae9e84b7ae9e900f4
ffff15eeffff15eeff3166
ffff6ecbffff6ecbff3193
ffff7777ffff7777ff3131
939753279397532797209b
273b3309273b33093b203b
0f1127250f112725271028
2602223226022232320032
26071c2d26071c2d2d002d
1703151d1703151d1d001d
06020c0c06020c0c0c000c
0504030205040302053004
1008020c1008020c10300e
1b1101131b1101131b3019
1d1203161d1203161d301c
0f010d130f010d13130013
0d1f210d0d1f210d211021
49664d0449664d04662066
c0ea9618c0ea9618ea20eb
ffff9754ffff9754ff212f
b26c108ab26c108ab230af
2badd1772badd177d110d1
9efed6229efed622fe2100
7581472575814725812086
182652441826524452104d
3ab8d6663ab8d666d610d2
40d5f88340d5f883f810fa
301f5c63301f5c63630067
a8b96623a8b96623b920bc
a5c4751aa5c4751ac420c5
7660124676601246763076
6a2d28656a2d28656a306e
60163e6860163e6868006a
5308456653084566660066
591e295a591e295a5a005e
5534033a5534033a55304d
2b1e05182b1e05182b3026
0602020406020204063004
0202000202020002020002
0102010001020100022002
101b1805101b18051b201b
3244340432443404442044
64744a1064744a10742075
8e9a58288e9a58289a209f
a1a25332a1a25332a220a9
eae7724beae7724bea30f2
ffffa36bffffa36bff214e
c9d26d46c9d26d46d220dd
726222347262223472306e
ffffaeacffffaeacff31b1
ffffb3a3ffffb3a3ff31a5
0908030209080302093008
ffffa095ffffa095ff317b
ffff949affff949aff317c
ae94324cae94324cae30a6
09040f1009040f10100010
9ba159279ba15927a120a5
ffffc56bffffc56bff217c
ffffb472ffffb472ff2166
161b3229161b3229321031
a8fffc22a8fffc22ff2123
2088f2b62088f2b6f210e3
ff9891ffff9891ffff0178
ffee50ffffee50ffff319f
bb7f0f8fbb7f0f8fbb30bf
64016a8f64016a8f8f008f
ff0affffff0affffff016e
da5dffffda5dffffff01a3
59a9ffff59a9ffffff114e
7722abae7722abaeae00b1
ffff1cd0ffff1cd0ff314e
ffff59ffffff59ffff3229
ffff25ffffff25ffff3222
ffff04ffffff04ffff3175
b2710477b2710477b230a4
09040f1209040f12120012
a44f2a89a44f2a89a4309e
ff9248f2ff9248f2ff311a
ffbe5affffbe5affff3166
ffd93affffd93affff3164
ffe714c1ffe714c1ff312d
efc0436cefc0436cef30dc
a7884542a7884542a73097
abb1692babb1692bb120b6
5f7139195f713919712073
94a87e0894a87e08a820a8
ffff8459ffff8459ff3117
af5441acaf5441acaf30bf
5127a1a95127a1a9a900ad
2142896a2142896a89107c
224a8262224a826282107a
4f3c9fa44f3c9fa4a400ae
386adcc4386adcc4dc10de
17a3e38917a3e389e310d4
3077843330778433841081
141f1a01141f1a011f201f
010f170f010f170f171015
051921130519211321101f
041a2214041a2214221020
061b2213061b2213221021
05161d1005161d101d101b
0310150c0310150c151014
040f1209040f1209121011
0611140906111409141013
0614180c0614180c181017
06171c0f06171c0f1c101b
091c2110091c2110211020
0e2226100e222610261025
1124250e1124250e251026
1122210a1122210a222023
14211e0714211e07212021
1624200616242006242024
1827220718272207272027
1525230915252309252026
1121210b1121210b211022
0c1c1e0c0c1c1e0c1e101e
0716190c0716190c191019
0716190c0716190c191019
08161a0c08161a0c1a1019
0815180b0815180b181017
0914150809141508151015
0c1412040c141204142014
0f140f000f140f00142014
12140c0412140c04142014
1312070813120708133013
100c020a100c020a10300f
0b0601080b0601080b300a
0604000406040004063005
0406040004060400062006
0204040202040402041004
0103030101030301031003
02080a0602080a060a100a
00080c0800080c080c100b
010b0f09010b0f090f100e
000b100b000b100b10100f
04060e0c04060e0c0e100d
09010b0d09010b0d0d000d
55251b4b55251b4b553053
0923291509232915291028
7b7f41257b7f41257f2084
b7901f66b7901f66b730b0
b050389eb050389eb030b1
a32d5fb1a32d5fb1b100b6
b7681b90b7681b90b730b1
a4a14e3da4a14e3da430ac
246e803c246e803c80107d
a51e77c0a51e77c0c000c2
ffbb40ffffbb40ffff3151
ffff0cffffff0cffff3186
ffd11aabffd11aabff310e
0c2e543a0c2e543a54104a
f6ffec0af6ffec0aff2142
ffffff1affffff1aff2194
baffcc08baffcc08ff210a
06496c4d06496c4d6c106a
731353897313538989008a
630c7796630c7796960096
4427828144278281821086
8f3b377f8f3b377f8f308c
fff641a0fff641a0ff3125
ffff98b6ffff98b6ff31a8
ffff959bffff959bff3185
e8d65660e8d65660e830ea
6b632b296b632b296b306b
25291b0525291b05292029
04030a0b04030a0b0b000b
1411040b1411040b143014
0f0f07050f0f07050f200f
0608060006080600082008
0004060400040604061005
0702050807020508080008
120c000c120c000c123010
1813060d1813060d183017
0c0902070c0902070c300b
13170f0313170f03172017
50522a1650522a16522054
bead464bbead464bbe30bc
ffcb1ea5ffcb1ea5ff3105
df4d6be7df4d6be7e700f3
495dd7c9495dd7c9d710dd
238eb55e238eb55eb510aa
344b3c01344b3c014b204b
0b3b4d2d0b3b4d2d4d104a
70d2c43a70d2c43ad220d9
78c2a42478c2a424c220c5
0e282a160e282a162a102d
78c6a42a78c6a42ac620ca
6e783e1e6e783e1e78207b
711b4983711b4983830085
9d1b77bb9d1b77bbbb00bc
a61192cfa61192cfcf00cf
a30c91d2a30c91d2d200d2
ba454eb3ba454eb3ba30bf
aa6b0675aa6b0675aa309e
6243043b6243043b623059
220e0e1e220e0e1e223021
1001121710011217170017
0e010e130e010e13130013
091b1d0d091b1d0d1d101d
293a2d04293a2d043a203a
4e5532114e553211552056
8387472b8387472b87208d
a0a15235a0a15235a120a9
c9c05944c9c05944c930cb
ffff8f67ffff8f67ff2132
ffff8e61ffff8e61ff2129
202d2005202d20052d202d
ffff7981ffff7981ff313a
ffffcabeffffcabeff31e6
d6d15c5bd6d15c5bd630e3
d8e27252d8e27252e220f0
ffffb99bffffb99bff31a6
feea6266feea6266fe30ff
3b29051f3b29051f3b3033
5f653b135f653b13652066
ffff9f52ffff9f52ff2131
ffffd36cffffd36cff2189
545f3c15545f3c155f2061
ffffad51ffffad51ff2139
f3ffed15f3ffed15ff214b
75199fbd75199fbdbd00be
ffec66ffffec66ffff31b8
ffff45ffffff45ffff31f1
ffff04f4ffff04f4ff3163
9c9f4c299c9f4c299f20a4
17363d2e17363d2e3d1046
2306172423061724240024
4a156a8b4a156a8b8b008c
26768a5426768a548a1090
ffff627dffff627dff3123
ffff19ffffff19ffff31e4
ffff17ffffff17ffff3204
ffff1cffffff1cffff3185
de890c99de890c99de30cd
3020021c3020021c30302a
6031124b6031124b603059
e27b28b1e27b28b1e230d7
ffce38ffffce38ffff3158
ffff32ffffff32ffff31b0
ffff12ffffff12ffff3193
ffee3ea2ffee3ea2ff311f
d3ea931ad3ea931aea20eb
5152251251522512522053
4ebddc674ebddc67dc10d7
3ebae47e3ebae47ee410e0
2512031c2512031c253021
0c3c7a620c3c7a627a1072
4b238b974b238b9797009b
2d55a98b2d55a98ba910a2
186bb083186bb083b010a9
1b5ba1831b5ba183a1109f
055487600554876087107f
0b3649260b364926491042
0506050205060502062006
03161d1203161d121d101c
031b2517031b2517251023
0219241702192417241021
031821140318211421101f
0112191001121910191018
000d140d000d140d141012
020e140c020e140c141012
0413180d0413180d181017
06181e1006181e101e101c
051a2314051a2314231020
051d2717051d2717271025
07222b1807222b182b1029
0820281608202816281026
091e2512091e2512251022
0c2024100c202410241023
0f2427100f242710271027
12282a1012282a102a102b
1026281010262810281029
0d2225100d222510251025
091c2110091c2110211020
05151b0f05151b0f1b1019
06151a0d06151a0d1a1018
0716190c0716190c191019
0612140a0612140a141014
0710110607101106111011
0b110f030b110f03112011
0c100c000c100c00102010
0f1009040f100904102010
110e0508110e0508113010
100b000b100b000b10300f
0e0a000a0e0a000a0e300e
0b0801060b0801060b300a
0908030409080304093008
0603020506030205063005
00070a0700070a070a1009
010a0d08010a0d080d100c
00090e0900090e090e100c
020d120b020d120b121011
000c120c000c120c121010
0508110e0508110e111010
0a0512130a051213130013
8c61065b8c61065b8c3085
271f0b13271f0b13273024
5639023b5639023b563052
9c4e24829c4e24829c3097
a42b60b1a42b60b1b100b6
b23464bcb23464bcbc00c3
ea9b06a3ea9b06a3ea30e0
fffc6d68fffc6d68ff3110
b2e39a11b2e39a11e320e3
0151734f0151734f731071
d5880798d5880798d530cb
ffff78a8ffff78a8ff316e
ffff807fffff807fff314a
471b2747471b274747004b
c1ffe91bc1ffe91bff211c
ffffff0affffff0aff2186
ecffbc23ecffbc23ff2123
6e773c236e773c2377207c
160a0a14160a0a14163016
0e06020a0e06020a0e300b
1b1e17041b1e17041e201e
251f0711251f0711253023
c1c25f40c1c25f40c220cc
ffffac7bffffac7bff2177
ffff9ea2ffff9ea2ff3197
ffff5699ffff5699ff3131
c29d2e63c29d2e63c230b9
5d501f265d501f265d3058
10100a0210100a02102010
1413080914130809143015
15160d0615160d06162016
0a0d0a010a0d0a010d200d
0106070401060704071007
0402060604020606060006
0d08010a0d08010a0d300c
17170b0917170b09172018
0f130d010f130d01132013
110c010a110c010a11300f
4139171b4139171b41303f
876e253e876e253e87307e
b67b0c73b67b0c73b630a8
98393e9598393e9598309f
4916718049167180800081
0c3060460c306046601054
0519291505192915291020
37462d0437462d04462046
a3c07918a3c07918c020c1
a2882c4ea2882c4ea2309c
1a4e84741a4e847484108b
33838b4333838b438b1093
2304253423042534340034
4a3290984a3290989800a0
97059fcd97059fcdcd00cd
ae09bcf3ae09bcf3f300f3
cc1ba0fbcc1ba0fbfb00fc
fc8a2ac6fc8a2ac6fc30f1
e1b42b76e1b42b76e130d7
806a1a40806a1a4080307b
330f2135330f2135350037
2806344028063440400040
350a253e350a253e3e003e
1809222718092227270028
1328270c1328270c282029
363a220c363a220c3a203b
6e6f38256e6f38256f2075
9ca256329ca25632a220a9
afac5736afac5736af30b4
f7f87d50f7f87d50f82104
ffff9e65ffff9e65ff2143
97a1553397a15533a120a8
a4943a46a4943a46a430a3
ffffb9b2ffffb9b2ff31c6
ffffa49bffffa49bff3188
212b1d07212b1d072b202b
ffffb38effffb38eff218a
ffff8d86ffff8d86ff315a
7e6720397e6720397e3075
2a3524032a352403352035
d7db733fd7db733fdb20e3
ffffc873ffffc873ff2188
d2e98443d2e98443e920f2
c1c45d4cc1c45d4cc420d2
ffffe68bffffe68bff21c8
bffeb110bffeb110fe20fe
c3445dc6c3445dc6c600d1
ffff35ffffff35ffff31ce
ffff0bffffff0bffff322a
ffff14ffffff14ffff31bf
fc36a8fffc36a8ffff010d
9486ffff9486ffffff115c
ef5fffffef5fffffff01bb
ff0affffff0affffff01b2
af08c9ffaf08c9ffff0104
6e8e5e0e6e8e5e0e8e208e
ffff0efcffff0efcff3175
ffff11ffffff11ffff31d9
ffff0fffffff0fffff3187
ee9708a1ee9708a1ee30dc
4c2e04324c2e04324c3043
351d0525351d052535302f
b86a1284b86a1284b830a9
ffcf16efffcf16efff313c
ffff19ffffff19ffff31af
ffff83dcffff83dcff31c6
ffffa362ffffa362ff215a
52132a4752132a47523049
65ffff9265ffff92ff1141
0fa6ffc80fa6ffc8ff1103
d0970491d0970491d030d1
93be830893be8308be20be
0e49826b0e49826b821081
303f9487303f9487941094
0d5d956b0d5d956b95108d
0346694803466948691064
0024382600243826381034
050b0f05050b0f050f100c
030c1310030c1310131014
031a2316031a2316231022
041b2415041b2415241022
031821140318211421101f
02151e1302151e131e101c
010e1710010e1710171015
020c140e020c140e141012
000f160f000f160f161015
03151d1103151d111d101b
061c2414061c2414241022
041f2a19041f2a192a1027
02202e1e02202e1e2e102b
0221301f0221301f30102d
001d2c1d001d2c1d2c1029
001c2a1c001c2a1c2a1027
03202d1c03202d1c2d102a
06232e1b06232e1b2e102c
0a262e180a262e182e102c
0c242a140c242a142a1029
0c2126110c212611261025
091c2110091c2110211020
03141b1003141b101b1019
0313190f0313190f191018
0614180c0614180c181017
050e1108050e1108111010
060d0e05060d0e050e100d
090f0d03090f0d030f200f
090c0900090c09000c200c
0c0c06040c0c06040c200c
0d0a01080d0a01080d300c
0f09010b0f09010b0f300e
120c000c120c000c123010
100b000b100b000b10300f
0e08020a0e08020a0e300c
0900090c0900090c0c000c
0408100e0408100e101010
030a130e030a130e131011
030b130f030b130f131012
020e1610020e1610161015
030d1711030d1711171015
060c1814060c1814181017
0b0b1b190b0b1b191b101b
dd9e0d90dd9e0d90dd30d5
8b7729438b7729438b3088
031a251a031a251a251024
5517315d5517315d5d005f
6b1747796b17477979007b
8838367e8838367e883089
dfad1d81dfad1d81df30d7
ffff7284ffff7284ff313e
ffff777affff777aff3136
b094285cb094285cb030ae
1c525c2c1c525c2c5c105d
e9ffd90ce9ffd90cff2134
ffffc039ffffc039ff2144
5a360c485a360c485a305a
92efd02d92efd02def20f3
ffffe614ffffe614ff214c
fcf67060fcf67060fc3108
bd6b2197bd6b2197bd30b9
8a1172ab8a1172abab00ab
87195d9b87195d9b9b009d
843f1e6d843f1e6d84307d
3414102e3414102e343032
727a421e727a421e7a207d
ffff7379ffff7379ff312e
ffff69c8ffff69c8ff3185
ffff4ad5ffff4ad5ff3170
fff04794fff04794ff3119
9f903b3e9f903b3e9f309c
28250e0d28250e0d283027
0d1a1f0a0d1a1f0a1f101b
0825321d0825321d32102f
111129291111292929002c
1c0314211c031421210021
1204081012040810123010
0c0802060c0802060c300a
161a1004161a10041a201a
141b1401141b14011b201b
0601040706010407070007
2c2c180e2c2c180e2c202e
4f5535114f553511552056
5660401056604010602061
323c2a06323c2a063c203c
010909070109090709100b
1716110617161106173016
09151d0d09151d0d1d1018
4736072a4736072a473044
af963550af963550af30aa
9a5e026e9a5e026e9a3090
192e5552192e555255105e
1914090c1914090c193017
01678f6701678f678f1091
2a5dae912a5dae91ae10ac
65269ba865269ba8a800ac
73229fbc73229fbcbc00bf
ac4048a8ac4048a8ac30b3
f0d95069f0d95069f030f1
d6ee8830d6ee8830ee20f2
71773d1f71773d1f77207a
21082f3421082f34340034
29194f5329194f53530056
52192e5952192e5959005c
411c173c411c173c413042
0a0814120a081412141013
23210d0f23210d0f233024
5f5521295f5521295f305e
9f9f4f399f9f4f399f20a8
acae5a36acae5a36ae20b6
d4d16841d4d16841d430da
ffff9662ffff9662ff2134
ebef7755ebef7755ef20fd
140a020a140a020a14300e
ffff8f88ffff8f88ff315d
ffffceb1ffffceb1ff31d9
9c9e4c3c9c9e4c3c9e20a9
ffff806bffff806bff211f
ffffad9dffffad9dff319a
d4bc485ad4bc485ad430d0
0c0412100c041210121010
959851289598512898209d
ffffa669ffffa669ff2155
ffffab6effffab6eff2158
1e17060d1e17060d1e301a
ffffca96ffffca96ff21b2
ffffd18cffffd18cff21b5
5b8463065b846306842084
f89714b5f89714b5f830eb
ffff23ffffff23ffff31d9
ffff1dffffff1dffff31ff
ff5f94ffff5f94ffff3135
42deffff42deffffff1168
7cd2ffff7cd2ffffff11ae
ff12ffffff12ffffff01e2
ff9affffff9affffff01fd
ff73aeffff73aeffff0167
21255b5321255b535b105a
ffda22aaffda22aaff3114
ffff0dffffff0dffff31ab
ffff03ffffff03ffff3172
e6950499e6950499e630d5
553305395533053955304c
1c14060e1c14060e1c3018
9b751d539b751d539b308f
ffff7b8effff7b8eff314a
fffff09afffff09aff21f6
ffffbd83ffffbd83ff21a2
55014f6f55014f6f6f006f
a5ffff56a5ffff56ff2149
449fa039449fa039a010a8
b8d1722fb8d1722fd120d6
ddffbd1cddffbd1cff2121
56917c1b56917c1b912093
013f6147013f614761105e
01395b3f01395b3f5b1054
0624321c0624321c32102d
0608080006080800081008
0509110f0509110f111011
01141f1601141f161f101d
0219241702192417241021
0319231503192315231020
03171f1303171f131f101d
01131b1101131b111b1019
030d1711030d1711171015
040d1813040d1813181017
03111d1503111d151d101b
0018241800182418241021
031f2b1b031f2b1b2b1029
0423301d0423301d30102d
0323311f0323311f31102e
002030200020302030102d
031c2d20031c2d202d102a
031c2d20031c2d202d102a
001f2e1f001f2e1f2e102b
03202d1c03202d1c2d102a
08212a1708212a172a1028
0a2026120a202612261024
0c1f220f0c1f220f221022
0a1b1e0d0a1b1e0d1e101d
06151a0d06151a0d1a1018
0412180e0412180e181016
0311170d0311170d171015
000c120c000c120c121010
000b100b000b100b10100f
030b0d07030b0d070d100d
0408080204080802081008
0808040208080402082008
0906010609060106093008
0c0702090c0702090c300b
100b000b100b000b10300f
120c000c120c000c123010
0f07050d0f07050d0f300e
09030d0f09030d0f0f000f
0608121006081210121011
050b1511050b1511151014
040d1813040d1813181017
040e1a14040e1a141a1018
050e1914050e1914191018
050f1b15050f1b151b1019
06101e1806101e181e101c
ffc31f9bffc31f9bff30f9
e5ce496ce5ce496ce530e8
6a6d361f6a6d361f6d2071
04101a1804101a181a101c
2b10132a2b10132a2b302c
4c2e0a364c2e0a364c3046
af8b1b5faf8b1b5faf30a8
fff939a7fff939a7ff312b
ffff15edffff15edff3165
ffad3dffffad3dffff3139
960392cd960392cdcd00cd
59cac94c59cac94cca20d7
daf58e3bdaf58e3bf520fc
7a3a20727a3a20727a307f
4ca4a23e4ca4a23ea420af
cfe78731cfe78731e720ec
eda2059eeda2059eed30e2
da3b82ebda3b82ebeb00f2
ce0fb6ffce0fb6ffff0109
e54c6fe8e54c6fe8e800f4
db8f0193db8f0193db30cd
7266283072662830723070
3d24052c3d24052c3d3038
f0b82a84f0b82a84f030e2
ffff49c5ffff49c5ff3158
ffff73c3ffff73c3ff3188
ffff9581ffff9581ff3163
c9d0673cc9d0673cd020d8
3e280a2a3e280a2a3e303a
0a4070500a407050701066
2a4594832a459483941094
62086a8e62086a8e8e008e
6f2a29666f2a29666f306e
432409304324093043303c
1c13020f1c13020f1c3018
19190d0719190d07192019
1b1d0f091b1d0f091d201e
0a0700070a0700070a3009
1b281f021b281f02282028
3d5947053d594705592059
416e6316416e63166e2070
1a4d582b1a4d582b581058
1b09272f1b09272f2f002f
3330151633301516333034
1b3735131b37351337203a
3c1716373c1716373c303b
957d2d49957d2d49953090
7877442b7877442b78307e
012d432d012d432d43103f
2e3e7e7c2e3e7e7c7e108a
0c77b2830c77b283b210b0
0f588f640f588f648f1085
1b3567571b356757671065
221842482218424848004b
6d76411c6d76411c762079
beffc80bbeffc80bff2109
affec912affec912fe20fe
4e6950034e695003692069
0c292e170c292e172e102f
0030463000304630461043
4120133a4120133a413042
4d3e0b2e4d3e0b2e4d304d
211f0b0f211f0b0f213022
1105091311050913130013
503c0a2e503c0a2e50304b
9e9540419e9540419e30a2
bbba5b42bbba5b42bb30c5
c3ba5742c3ba5742c330c5
ffff7e5bffff7e5bff3110
ffff8b63ffff8b63ff2128
666c3824666c38246c2071
d0c45652d0c45652d030d4
ffffd1a8ffffd1a8ff31d5
ffffa376ffffa376ff215a
696a332c696a332c6a2072
ffffba95ffffba95ff219c
ffff7c74ffff7c74ff3130
4b370b254b370b254b3042
5b6137155b613715612063
fefb7c55fefb7c55fe3109
ffffb07fffffb07fff2177
89924b3689924b3692209b
ffff8e66ffff8e66ff212d
ffffe7b0ffffe7b0ff21f9
ffff8b68ffff8b68ff3134
18051c2318051c23230023
fff439acfff439acff312a
ffff6bf8ffff6bf8ff31c5
ffbf02c7ffbf02c7ff3113
3dc8dd5c3dc8dd5cdd10dc
9cffff599cffff59ff214d
536cf7dc536cf7dcf710f5
ff7dbaffff7dbaffff0187
ffe2a1ffffe2a1ffff31e9
ffbf7effffbf7effff3191
701b5085701b5085850087
ceb52c79ceb52c79ce30d9
ffff17ffffff17ffff3185
fffd0dedfffd0dedff315a
d7900588d7900588d730c6
4b290b354b290b354b3043
2b47450f2b47450f472048
ceffd002ceffd002ff2110
ffffff1fffffff1fff21cc
ffffb86cffffb86cff2179
6c174a8d6c174a8d8d008e
7fcea5207fcea520ce20d0
895c0b76895c0b76893095
21a9d98721a9d987d910d8
92ffe62f92ffe62fff2107
7eb180057eb18005b120b1
3c513a013c513a01512051
1925210719252107252025
0c0b08030c0b08030c300b
06050c0d06050c0d0d000d
020f1811020f1811181016
03171f1303171f131f101d
031821140318211421101f
031821140318211421101f
021620140216201420101d
01131f1501131f151f101c
06101e1806101e181e101c
0910211c0910211c211020
0914272009142720271025
061b2e23061b2e232e102c
0320332403203324331030
0023342300233423341031
012231200122312031102e
011f2d1d011f2d1d2d102a
001d2c1d001d2c1d2c1029
011c2b1e011c2b1e2b1029
001c2a1c001c2a1c2a1027
031c2718031c2718271024
061c2414061c2414241022
091c2110091c2110211020
0c1c1e0c0c1c1e0c1e101e
0c191a090c191a091a101a
0a1718090a171809181018
0613160b0613160b161015
0310150c0310150c151014
000c120c000c120c121010
01080d0a01080d0a0d100c
0005080500050805081007
0305050103050501051005
0505030105050301052005
0403000304030003043004
0805000508050005083007
0c0800080c0800080c300b
100a020c100a020c10300f
0f05070f0f05070f0f000f
09040f1009040f10100010
0608121006081210121011
030c1510030c1510151014
020f1811020f1811181016
030f1913030f1913191018
040e1a14040e1a141a1018
03101b1403101b141b1019
02121c1402121c141c101a
a0ba7022a0ba7022ba20bd
d5f38b35d5f38b35f320f8
929c4c2e929c4c2e9c20a2
3321072533210725333031
0f0b1f210f0b1f21210022
060f0e09060f0e090f2011
5d3f01395d3f01395d3054
e9930da3e9930da3e930db
ffbd3cffffbd3cffff314c
ffb264ffffb264ffff316f
ff7361ffff7361ffff3117
2f154f552f154f55550057
927a2854927a2854923094
954c1f86954c1f8695309a
012d4331012d4331431042
8c6b18538c6b18538c3087
c44e48b6c44e48b6c430c6
bb09a9efbb09a9efef00ef
c90fb3ffc90fb3ffff0103
ff8f3ce1ff8f3ce1ff310a
fff24790fff24790ff3119
b8bf6237b8bf6237bf20c6
0f25230f0f25230f252027
8c7d383b8c7d383b8c308a
fdff9b45fdff9b45ff2113
fffff92ffffff92fff217f
ffffff17ffffff17ff217d
b8d67a24b8d67a24d620d9
3f0e5f663f0e5f66660066
258efdc4258efdc4fd10f2
7069ffff7069ffffff1117
cd2293f2cd2293f2f200f4
d67b1a9fd67b1a9fd630c9
825d0a4b825d0a4b823077
3626022036260220363031
2317011723170117233020
271a011a271a011a273024
1c0e06181c0e06181c301b
0d1f210d0d1f210d211021
405c4804405c48045c205c
587e6206587e62067e207e
39594b0d39594b0d592059
0703030907030309090009
3354490e3354490e542055
235559272355592759105d
2c091a2f2c091a2f2f002f
7c8750217c87502187208a
7abe9c127abe9c12be20be
20859c5920859c599c10a0
174475681744756875107c
0a3746270a374627461043
383a2218383a22183a203e
4b3f1b1f4b3f1b1f4b3046
1e0708171e0708171e3018
5891761758917617912092
bdffcd0bbdffcd0bff2109
bcf6ba04bcf6ba04f620f6
5066520050665200662066
2b2f13112b2f13112f2031
3c3a181a3c3a181a3c303f
04161a1004161a101a101b
2f422f022f422f02422042
2935210729352107352035
09120f0409120f04122012
2e2408182e2408182e302b
847f3833847f3833843088
bdbe5d44bdbe5d44be20c9
beb85842beb85842be30c3
e5e06d4ce5e06d4ce530ec
ffff945effff945eff212d
bbc3653fbbc3653fc320cc
504418225044182250304c
ffffaf8fffffaf8fff318d
ffffd79cffffd79cff21c9
4f522b1a4f522b1a522056
ffffa078ffffa078ff2157
ffffa68dffffa68dff317f
9a8530439a8530439a3094
232d1f05232d1f052d202d
bbb45540bbb45540bb30bf
ffffa077ffffa077ff315b
ffff8d5effff8d5eff211d
7571352d7571352d753079
ffffdfa6ffffdfa6ff21df
ffffc096ffffc096ff31ad
898c472a898c472a8c2092
977a214e977a214e973090
ffff7faaffff7faaff3176
ffff729effff729eff3151
1b4041161b404116411043
ffffcc55ffffcc55ff2165
d4ffae21d4ffae21ff210b
4a1768794a17687979007b
ffa053ffffa053ffff313b
fff957fffff957ffff31b6
ffe34affffe34affff318a
8843308188433081883091
b79f276fb79f276fb730c1
ffff2de6ffff2de6ff3170
fff626c2fff626c2ff3139
a86c046ca86c046ca83098
0b3e67460b3e674667105d
97ffff4d97ffff4dff211d
ffffff28ffffff28ff2184
edf4854aedf4854af420fe
773d1779773d1779790087
1108191611081916191017
7721a3d37721a3d3d300d5
6556e7ec6556e7ecec00fb
0a8cca7a0a8cca7aca10b9
5590811655908116902091
4756370c4756370c562056
25220d1025220d10253025
0f0409100f040910100010
0609141106091411141013
0110191201101912191018
04171e1104171e111e101c
061920110619201120101e
051921130519211321101f
0118231601182316231020
0318271c0318271c271024
0a152a230a152a232a1028
0f142d280f142d282d102c
0f162f2a0f162f2a2f102f
0b1b33290b1b3329331031
0620362806203628361033
0420342604203426341031
031d2f21031d2f212f102b
001d2c1d001d2c1d2c1029
011f2d1d011f2d1d2d102a
011b291d011b291d291027
0218261a0218261a261023
0218221602182216221020
04171e1104171e111e101c
09181b0c09181b0c1b101a
0c191a090c191a091a101a
0c1818080c181808181019
0c1818080c181808181019
0914150809141508151015
0610120806101208121011
030b0d07030b0d070d100d
0004060400040604061005
0002040200020402041002
0204040202040402041004
0103030101030301031003
0201000102010001023001
0403000304030003043004
0804020608040206083007
0c05040b0c05040b0c300c
0d03090f0d03090f0f000f
09040f1009040f10100010
0608121006081210121011
030c1510030c1510151014
0010181000101810181016
0010181000101810181016
02101a1202101a121a1018
02111c1502111c151c101b
03111d1503111d151d101b
1681d49f1681d49fd410cc
56c1c04756c1c047c120cd
627b4a13627b4a137b207c
410e3150410e3150500051
4200405c4200405c5c005c
43230d3743230d37433041
0314170c0314170c171017
6b2729616b2729616b3068
d5613fbbd5613fbbd530d2
ffa734f1ffa734f1ff3125
ffdc04d6ffdc04d6ff3132
b8971a6bb8971a6bb830b9
0a0e14040a0e140414100e
5f7149195f714919712073
104b562f104b562f561058
6c0e4a806c0e4a80800080
992853a0992853a0a000a4
75097b9f75097b9f9f009f
810d6f9f810d6f9f9f009f
f6af04a3f6af04a3f630ef
ffff689affff689aff3151
fff65282fff65282ff3116
8746257087462570873084
027cbe7a027cbe7abe10ad
67ffff9867ffff98ff1145
acffff9eacffff9eff11a2
b2ffff69b2ffff69ff2168
6181590361815903812081
0581c7890581c789c710bc
09e9fff909e9fff9ff1155
7d6effff7d6effffff112e
fc734edffc734edffc30fa
ffdd417fffdd417fff30fe
9b943d3a9b943d3a9b309e
3f3005243f3005243f303c
2a0f162b2a0f162b2b002d
3616163436161634363038
35190f2f35190f2f353035
0d0a191a0d0a191a1a001b
384d3801384d38014d204d
6a7b4c156a7b4c157b207c
595a2d1e595a2d1e5a205e
120c2222120c2222220024
2e6768272e67682768106e
275757232757572357105d
1e1a0c0c1e1a0c0c1e301c
6c9974096c997409992099
99dea50899dea508de20de
779a650a779a650a9a209a
3a1120373a1120373a3039
491c6b7c491c6b7c7c007f
942f469b942f469b9b00a1
a9730d6ba9730d6ba9309d
3c38260e3c38260e3c3039
8167114d8167114d813080
fff35d81fff35d81ff3113
ffff7e71ffff7e71ff3123
9797532d9797532d97209d
16070e1b16070e1b1b001b
5333074153330741533052
2b0523372b052337370037
0d22230e0d22230e231024
2e290c192e290c192e3030
2f1a09282f1a09282f302f
0b0c1d1c0b0c1d1c1d101e
49593b0749593b07592059
9eaa5c309eaa5c30aa20b0
bbbe5f40bbbe5f40be20c8
d1cd6543d1cd6543d130d7
ffff8f53ffff8f53ff211b
ecf8844cecf8844cf82103
222e2006222e20062e202e
ffff7969ffff7969ff311d
ffffe4a7ffffe4a7ff21ea
f9ff8559f9ff8559ff2111
babf5e49babf5e49bf20cc
ffffbb97ffffbb97ff21a1
f5e56361f5e56361f530f8
1a0f020d1a0f020d1a3013
817d3d2b817d3d2b813084
ffff895effff895eff3123
ffffb568ffffb568ff215f
293d2f03293d2f033d203d
ffffb08affffb08aff2183
ffffe7acffffe7acff21f6
ffff7b5cffff7b5cff3111
160b0411160b0411163014
fffb6377fffb6377ff3115
ffff96a1ffff96a1ff3182
7d732b417d732b417d3084
f8ff845ef8ff845eff2114
ffffa78dffffa78dff217f
a7ad5735a7ad5735ad20b4
521d224d521d224d523052
ffa122cfffa122cfff3106
ffff24ffffff24ffff318d
fffd17fffffd17ffff317b
7d44216e7d44216e7d3081
c3bb4563c3bb4563c330d3
ffff42c4ffff42c4ff315a
ffa90fb5ffa90fb5ff30f7
4c3ca69c4c3ca69ca610a7
62ffff9b62ffff9bff1142
94ffff7a94ffff7aff114b
428c9e36428c9e369e1096
256d7b2d256d7b2d7b1075
1fbadd801fbadd80dd10e1
407ae4ce407ae4cee410ef
830c9bc4830c9bc4c400c4
431b777b431b777b7b007d
1854683218546832681061
2c453a072c453a07452045
1d1e0f0a1d1e0f0a1e201f
0d03090f0d03090f0f000f
050b1511050b1511151014
01111b1301111b131b1019
021620140216201420101d
041b2415041b2415241022
031d2919031d2919291026
011e2f20011e2f202f102b
0620362806203628361033
0f1b372f0f1b372f371036
1517373315173733371037
1615363316153633361037
1217342f1217342f341034
0a1e362a0a1e362a361033
071d3327071d3327331030
09192f2509192f252f102c
061b2e23061b2e232e102c
021e2e20021e2e202e102b
0318271c0318271c271024
031421180314211821101f
00141e1400141e141e101c
0211180f0211180f181016
0714170a0714170a171016
0c1818080c181808181019
0c1818080c181808181019
0c1818080c181808181019
0914150809141508151015
0610120806101208121011
02090c0702090c070c100b
0301050503010505050005
0202040402020404040004
0003040300030403041004
0001020100010201021001
0000000000000000000000
0201000102010001023001
0300030403000304040004
0601080906010809090009
0a000a0e0a000a0e0e000e
09040f1009040f10100010
0608121006081210121011
030c1510030c1510151014
00111a1100111a111a1018
01111b1301111b131b1019
02131e1502131e151e101c
03131f1703131f171f101d
06101e1806101e181e101c
9030daf89030daf8f800fc
2c4796852c479685961096
0c0e08080c0e08080e2010
2f1f5b652f1f5b65650069
6216407062164070700072
7856044c7856044c783072
514c1b24514c1b24513054
101f1a05101f1a051f201f
3f171b3b3f171b3b3f303f
b57d0179b57d0179b530ad
ffef2eabffef2eabff3125
ffde14bcffde14bcff3122
9e2868ae9e2868aeae00b2
1c83d69f1c83d69fd610ce
1d7ecb9c1d7ecb9ccb10c8
6b03678f6b03678f8f008f
7f4315657f4315657f3079
36170e2b36170e2b363030
1905111319051113193013
937f2147937f2147933091
ffff42a7ffff42a7ff3135
ffea09f2ffea09f2ff3150
ff39adffff39adffff0122
7d97ffff7d97ffffff115d
13ffffff13ffffffff11ac
38fffffa38fffffaff119a
4deaff824deaff82ff110b
0507110505071105111008
68eeee5c68eeee5cee10ff
6cffff8f6cffff8fff1140
25488f7e25488f7e8f1091
c3cb673bc3cb673bcb20d3
d7ffcb03d7ffcb03ff211d
73a47b0873a47b08a420a4
211d0511211d0511213021
1e0e383a1e0e383a3a003b
47093d5b47093d5b5b005b
622a225c622a225c623065
411e1138411e113841303f
17261f0417261f04262026
6560272a6560272a653068
6d4b014b6d4b014b6d306a
350f4d59350f4d5959005a
0c5872480c587248721071
102c2812102c28122c202f
17495b3117495b315b1057
41959d4741959d479d10a5
73a9850f73a9850fa920a9
7d5f0b4f7d5f0b4f7d307b
512d939b512d939b9b00a1
5a48c0c05a48c0c0c000cd
b9484db4b9484db4b930c1
e8d3506be8d3506be830ec
76ae8a0e76ae8a0eae20ae
6a104c806a104c80800080
ffe935adffe935adff3122
ffff9487ffff9487ff3167
d7e6793cd7e6793ce620ed
212c1902212c19022c202c
2e2d1a112e2d1a112e3030
1b2923031b292303292029
190f2d2f190f2d2f2f0031
4909395949093959590059
61183d6c61183d6c6c006e
510d3d61510d3d61610061
0c2644380c264438441043
5b7755055b775505772077
a6b46432a6b46432b420ba
c6c66240c6c66240c620d0
f5f67b50f5f67b50f62102
ffff8b5affff8b5aff211c
858b492d858b492d8b2092
998e3b3c998e3b3c99309a
ffffc6a2ffffc6a2ff31c2
ffffbf95ffffbf95ff21a2
060d0c01060d0c010d200d
ffffbd7dffffbd7dff217f
ffffa06fffffa06fff2155
5c56261e5c56261e5c305b
52532a1b52532a1b532057
dfdc6b4adfdc6b4adf30e8
ffffb071ffffb071ff2169
bacb6e41bacb6e41cb20d5
d8e0744ad8e0744ae020eb
fffffca2fffffca2ff2202
ffffb27bffffb27bff217d
595b2f1b595b2f1b5b205e
aa95364baa95364baa30a6
ffff879cffff879cff316d
ffff707dffff707dff3123
575e331e575e331e5e2062
ffffa495ffffa495ff3182
ffff767fffff767fff3136
5957271f5957271f59305c
5c2f0e455c2f0e455c3053
ffa509b1ffa509b1ff30f1
ffff07ffffff07ffff317f
fff404f2fff404f2ff3157
3f1423443f142344440046
e3be278ae3be278ae330ea
ffa446feffa446feff312e
a63fffffa63fffffff0125
04ffffff04ffffffff118e
03ffffff03ffffffff1173
6f67fff96f67fff9ff110d
5773f1e35773f1e3f110fe
0fc0f59c0fc0f59cf510f7
1270904a1270904a901086
2a082c362a082c36360036
320f2641320f2641410042
07223d2e07223d2e3d1039
152a2b0c152a2b0c2b102b
15160d0615160d06162016
09010b0d09010b0d0d000d
020f1a13020f1a131a1018
031421180314211821101f
0318271c0318271c271024
011e2f20011e2f202f102b
0223362502233625361032
05253b2b05253b2b3b1038
082742310827423142103e
1021423710214237421040
19183d3a19183d3a3d103e
1d1237381d12373838003a
1911333319113333330035
0f19352d0f19352d351033
0b1b33290b1b3329331031
0c172e270c172e272e102d
09172b2309172b232b1029
0319291d0319291d291026
0315231903152319231020
04101c1604101c161c101b
020f1811020f1811181016
000d140d000d140d141012
0511150b0511150b151014
0a1616080a161608161017
0d1715050d171505172017
0f1815040f181504182018
0c1514050c151405152015
0811120708111207121012
00080c0800080c080c100b
0600060806000608080008
0401060704010607070007
0301050503010505050005
0301010303010103030003
0201000102010001023001
0001020100010201021001
0003040300030403041004
0105070501050705071007
0304090803040908091008
04050c0b04050c0b0c100c
0309110d0309110d11100f
010d150f010d150f151013
0112191001121910191018
01141d1201141d121d101a
01151f1501151f151f101d
021420160214201620101d
04111e1704111e171e101c
901870b0901870b0b000b1
683a1a5a683a1a5a68306b
4168511041685110682069
0443644d0443644d641066
5c2d1c4f5c2d1c4f5c305a
846912498469124984307f
7b5601547b5601547b3078
693e0f54693e0f54693068
3d26032e3d26032e3d303b
3b2e07203b2e07203b3038
dfa31189dfa31189df30d4
ffb627ecffb627ecff312a
f134a3fff134a3ffff011a
7157ebed7157ebeded00fc
3b4ca3923b4ca392a310a4
532c0f3e532c0f3e53304c
597d5d01597d5d017d207d
0f5771410f57714171106c
4103496741034967670067
0a10242a0a10242a2a002c
ab770173ab770173ab30a5
ff8e62ffff8e62ffff3134
ff0fffffff0fffffff016d
a88effffa88effffff118a
36d1ffff36d1ffffff115b
2ec0ee7e2ec0ee7eee10e5
5a7764035a776403772077
04303a3004303a303a1043
a6fcc214a6fcc214fc20fc
dfffa526dfffa526ff210c
550e3f64550e3f64640064
54faff8a54faff8aff111d
73ffff7d73ffff7dff1133
267e9248267e9248921091
1719110517191105192019
064b6e45064b6e456e1065
4a1b76854a1b7685850087
983d3e95983d3e959830a1
92580e6c92580e6c92308b
31180b2831180b2831302e
342a081e342a081e343033
5c2526595c2526595c3060
4612607446126074740075
202454542024545454005b
1f2f27051f2f27052f202f
258cab60258cab60ab10a9
0d81b5790d81b579b510b0
0e49643d0e49643d64105f
1b0219261b021926260026
075d8f6b075d8f6b8f108d
22498e7722498e778e108b
97620b6a97620b6a973090
ffff825bffff825bff211f
e9ff913ce9ff913cff210e
312a031a312a031a313031
a4eec012a4eec012ee20ee
ffffff12ffffff12ff216e
b6f8aa06b6f8aa06f820f8
3c290c313c290c313c303f
113f7359113f735973106d
24498e7724498e778e108b
47318b8d47318b8d8d0095
6c0b78996c0b7899990099
861a5c98861a5c9898009a
812845868128458686008b
50103a5e50103a5e5e005f
0f323d200f323d203d103b
7c8f581d7c8f581d8f2091
babf643bbabf643bbf20c7
e2db684de2db684de230e8
ffff8162ffff8162ff311b
d0d2684cd0d2684cd220df
1c0f04111c0f04111c3016
ffff8d8bffff8d8bff315f
ffffd5b8ffffd5b8ff31eb
b7ae4950b7ae4950b730bf
f2ff9c49f2ff9c49ff2118
ffffce75ffffce75ff2192
aaa85436aaa85436aa30b0
2528150e2528150e28202a
b0a54841b0a54841b030b1
ffff847cffff847cff3144
ffff8380ffff8380ff313c
2338310c2338310c382039
fffff479fffff479ff21c3
ffffe489ffffe489ff21c9
bbbb5d3dbbbb5d3dbb20c4
40300a2240300a2240303a
ffff5f81ffff5f81ff311d
ffff8ca1ffff8ca1ff3175
675d1f37675d1f3767306c
ffff8963ffff8963ff2120
ffff9f8effff9f8eff3177
c5b5494fc5b5494fc530c5
1c1f10071c1f10071f201f
6742033e6742033e67305a
ffbb159fffbb159fff30f5
ffff29e9ffff29e9ff316e
ffda29aaffda29aaff3114
071a2f26071a2f262f102e
d33c81f2d33c81f2f200f9
b748ffffb748ffffff0149
2cfeffff2cfeffffff118f
23f5ffff23f5ffffff117a
8a59ffff8a59ffffff0122
7a0b7cb57a0b7cb5b500b5
1a1b0c111a1b0c111b201f
933f2995933f29959500a1
833e1b6c833e1b6c83307c
2514010e2514010e253018
01070f0d01070f0d0f100e
1014100210141002142014
1510030c1510030c153014
0808141208081412141013
0317251b0317251b251023
071a2f24071a2f242f102c
0a1e382c0a1e382c381035
0c223e320c223e323e103c
0b2643340b264334431040
0928453409284534451041
082b4835082b4835481044
0e2646380e264638461043
19183d3a19183d3a3d103e
1f0e35381f0e3538380039
1e0d32351e0d3235350036
1613323116133231321034
1016302a1016302a30102f
0c142a240c142a242a1029
0a11241f0a11241f241023
051321190513211921101f
02131e1502131e151e101c
040d1813040d1813181017
040a1410040a1410141012
020b120d020b120d121011
030e110a030e110a111011
0912130609121306131012
0e1512030e151203152015
1017120110171201172017
1017120110171201172017
0c1310030c131003132013
03090b0503090b050b100a
0401060704010607070007
0600060806000608080008
0601040706010407070007
0604000406040004063005
0303010103030101032003
0103030101030301031003
0204040202040402041004
0306070203060702071006
0308090403080904091008
00070a0700070a070a1009
010b0f09010b0f090f100e
030f130b030f130b131012
0511150b0511150b151014
08171a0b08171a0b1a1019
08181c0e08181c0e1c101b
03161f1203161f121f101c
01141f1601141f161f101d
6644044866440448663063
7c8542277c85422785208a
80a46c0a80a46c0aa420a4
3a4b34033a4b34034b204b
252e1b02252e1b022e202e
5349152753491527533052
6a3026626a3026626a306d
8e4032868e4032868e3094
975d0f73975d0f73973093
4133092941330929413041
57300b4257300b42573051
c5612fa7c5612fa7c530c1
bd3769cfbd3769cfcf00d6
710d5d91710d5d91910091
302f180d302f180d303030
1472966014729660961095
0e9dd6870e9dd687d610cf
1487d6971487d697d610ca
721390b1721390b1b100b2
a4572c97a4572c97a430ae
3942231439422314422044
690a799e690a799e9e009e
a625deffa625deffff0111
7d46e3f87d46e3f8f80101
292a6964292a696469106c
4d2311494d2311494d3050
a042349aa042349aa030a7
5407426b5407426b6b006b
7e9962137e99621399209a
f0b01696f0b01696f030e7
8c26c2e68c26c2e6e600e9
07efffe907efffe9ff114d
23dbffad23dbffadff1117
1d37715d1d37715d71106c
5463400f5463400f632064
43a0ad4643a0ad46ad10ae
2c54aa942c54aa94aa10aa
b64650b4b64650b4b630c1
dd8e0d9edd8e0d9edd30d4
905e0666905e066690308a
2d1e011e2d1e011e2d302a
0d0d1f210d0d1f21210023
190e2b34190e2b34340035
1e21120b1e21120b212022
388a8e3c388a8e3c8e1096
3bbed96e3bbed96ed910db
02699e6f02699e6f9e1098
34082c4234082c42420042
4051340540513405512051
44705e1844705e18702072
1d2f25051d2f25052f202f
4a6046064a604606602060
d3ee892ed3ee892eee20f2
fff04888fff04888ff3113
aa1a8cd2aa1a8cd2d200d3
07eaffe607eaffe6ff1148
69ffffa369ffffa3ff1158
5798851c5798851c98209a
2d1e59602d1e5960600064
2f60bba02f60bba0bb10ba
4454beae4454beaebe10c1
57319da357319da3a300aa
6a046e906a046e90900090
7b27417d7b27417d7d0082
7e3f226b7e3f226b7e307c
663b1051663b1051663064
23100d2223100d22233025
545a3418545a34185a205d
afb25b3cafb25b3cb220bb
d1c85d4ad1c85d4ad130d5
fdf6755cfdf6755cfd3106
faff8059faff8059ff210e
56633a1756633a17632065
dbc74f5ddbc74f5ddb30db
ffffceb5ffffceb5ff31e2
ffff968bffff968bff3165
5d78530e5d78530e782078
ffffda72ffffda72ff2198
fcff8650fcff8650ff210e
1310070213100702133010
817531338175313381307f
ffe85c6cffe85c6cff30ff
ffff8692ffff8692ff315c
7b6b1f497b6b1f497b3081
ffffba4cffffba4cff2145
fffffc91fffffc91ff21ec
ffff8d5dffff8d5dff2127
232c1f02232c1f022c202c
bea0345abea0345abe30b7
ffff84a0ffff84a0ff316e
fff4637afff4637aff3110
667a4e18667a4e187a207c
ffffb47cffffb47cff2177
ffff7666ffff7666ff3117
625620286256202862305e
0c0702050c0702050c3008
7b5911417b5911417b306e
ffd9309bffd9309bff310a
ffff5bc1ffff5bc1ff316c
ebf87758ebf87758f82107
10627e5810627e587e1083
3c4baea93c4baea9ae10b8
30d6ff9230d6ff92ff1103
58faff8258faff82ff1119
2235706f2235706f70107b
6cab8c0b6cab8c0bab20ab
0ea7f6bd0ea7f6bdf610fc
e23f7cfbe23f7cfbfb0102
ffbd0da5ffbd0da5ff30fa
765a0c3e765a0c3e76306d
1603101716031017170017
180a0816180a0816183018
1d0e07181d0e07181d301b
0a0d1c190a0d1c191c101c
012233200122332033102e
0527412f0527412f41103d
10284c3e10284c3e4c1049
17254f4517254f454f104e
18234c4318234c434c104b
13264b3e13264b3e4b1048
0c2b4c3b0c2b4c3b4c1049
0e2748390e274839481045
18183c3818183c383c103c
210d3539210d353939003a
220b3239220b323939003a
1e0c30341e0c3034340035
160e2c2c160e2c2c2c002e
110f2725110f2725271027
0f0c21200f0c2120211022
0a0d1e1b0a0d1e1b1e101d
050f1b15050f1b151b1019
050b1511050b1511151014
0608121006081210121011
0408100e0408100e101010
00090e0900090e090e100c
070f0f05070f0f050f100f
0c1412040c141204142014
0e1614040e161404162016
0f1713030f171303172017
0d1411020d141102142014
060c0c04060c0c040c100c
0303070703030707070007
0600060806000608080008
0703030707030307070007
0907010509070105093008
0605020306050203063005
0505030105050301052005
0305050103050501051005
0307070303070703071007
040b0c05040b0c050c100c
02090c0702090c070c100b
030c0f08030c0f080f100e
060f1007060f1007101010
0710110607101106111011
0e1918070e191807192019
0d1c1d0a0d1c1d0a1d101d
091c2110091c2110211020
0219241702192417241021
4f50251a4f50251a502054
85883f2c85883f2c88208e
ac9a3650ac9a3650ac30ad
7f4711657f4711657f307b
2f0e414e2f0e414e4e004f
0609161306091613161015
1a0f2e311a0f2e31310033
652433686524336868006e
af79017baf79017baf30ac
9f831f599f831f599f309e
3131131331311313312034
371e052c371e052c373035
5a420a3c5a420a3c5a3059
557a5d02557a5d027a207a
35b8d97035b8d970d910d7
0eb1ffcb0eb1ffcbff110d
3294ffda3294ffdaff1107
308cffc6308cffc6ff10f2
792cb9ca792cb9caca00ce
f68338d1f68338d1f630f6
ffd53195ffd53195ff3103
8dad71118dad7111ad20ad
0e62885e0e62885e881087
4410365c4410365c5c005d
4d7c5f0c4d7c5f0c7c207c
1c518c791c518c798c1091
a0483496a0483496a030a6
8d7013568d7013568d308d
270d0b21270d0b21273023
a2423a98a2423a98a230a5
6746cdd66746cdd6d600e1
00c0ffc400c0ffc4ff1112
088ed084088ed084d010c1
3b0c2d443b0c2d44440045
82a6720c82a6720ca620a6
8befd5318befd531ef20f3
1a8eb86c1a8eb86cb810b2
963748959637489596309e
f0a400a4f0a400a4f030e7
d797098dd797098dd730ce
8b6409568b6409568b3083
4735052747350527473041
1b092b291b092b292b1029
0861885708618857881082
2db3d9792db3d979d910d8
38b9d66b38b9d66bd610d5
0147674301476743671061
3f3d1b193f3d1b193f3041
577b5f09577b5f097b207b
4760470647604706602060
1b092d2f1b092d2f2f002f
0f628d5e0f628d5e8d1087
4e8f8e354e8f8e358f2098
8f731d4d8f731d4d8f308a
6c2eb0c86c2eb0c8c800cd
06c8ffda06c8ffdaff1127
2ca5ce712ca5ce71ce10c7
1f060b241f060b24240024
1565a1811565a181a110a3
2069b6912069b691b610b3
2b428b7a2b428b7a8b108a
3218565a3218565a5a005d
3c11243f3c11243f3f0041
4b35032f4b35032f4b3046
5549172955491729553053
544f1e25544f1e25543057
373c1d14373c1d143c203f
2b250d132b250d132b3029
9c9a483c9c9a483c9c30a5
cac1584dcac1584dca30cf
ede26756ede26756ed30f1
ffff875effff875eff211d
b1ba633ab1ba633aba20c2
5746132a5746132a573051
ffffa99bffffa99bff3195
ffffcaabffffcaabff31cb
4e3c0a2e4e3c0a2e4e304b
ffffc757ffffc757ff215d
ffffb85fffffb85fff215e
5755291957552919573058
50512a1b50512a1b512055
b8a94845b8a94845b830b6
ffff7d7bffff7d7bff3138
e7e1616be7e1616be730f9
839d6915839d69159d209e
ffffff7fffffff7fff21d8
ffffc36cffffc36cff217f
767f461d767f461d7f2082
5f4911315f4911315f3057
ffff6682ffff6682ff3128
ffff829cffff829cff3164
482e083a482e083a48304a
ffffab49ffffab49ff212c
ffffa167ffffa167ff214b
968d3e37968d3e37963097
1e19080d1e19080d1e301c
291d0713291d0713293022
a07f244fa07f244fa03095
ffff6d96ffff6d96ff3146
ffffaf93ffffaf93ff2192
ddf8952eddf8952ef820fc
3669763536697635761075
55bac74e55bac74ec710c9
85f1d93985f1d939f120f7
0804000a0804000a0a000a
b0ffff41b0ffff41ff213d
68ffff7968ffff79ff111f
9d640f749d640f749d3099
ffff8850ffff8850ff211d
8a8b40318a8b40318b2093
210e0b1c210e0b1c21301f
160a0612160a0612163014
160e0210160e0210163015
01101b1201101b121b1018
0e313c1d0e313c1d3c1038
083d5433083d543354104f
0c3760490c37604960105b
20285c5420285c545c105d
281c5252281c5252520056
2020504a2020504a501050
15274f4315274f434f104d
1423483d1423483d481046
1a173c391a173c393c103d
200e3438200e3438380039
2209303722093037370037
22062c3422062c34340034
1e082a301e082a30300030
1909272b1909272b2b002b
1707212517072125250025
12071c1f12071c1f1f001f
0c0818180c081818180019
0808141208081412141013
0607100f0607100f101010
06050e0d06050e0d0e100d
04050c0b04050c0b0c100c
030c0f08030c0f080f100e
0a1312050a131205132013
0d1613040d161304162016
0e1614040e161404162016
0c1514050c151405152015
060f1007060f1007101010
03050b0903050b090b100a
0700070a0700070a0a000a
0b0503090b0503090b300a
0c0800080c0800080c300b
0a0700070a0700070a3009
0907010509070105093008
0708050207080502082008
070a0902070a09020a200a
060d0e05060d0e050e100d
030b0d07030b0d070d100d
030b0d07030b0d070d100d
060d0e05060d0e050e100d
0911110509111105111011
0f1c1b080f1c1b081c201d
0f21230d0f21230d231023
0c2328130c232813281027
041f2a19041f2a192a1027
4640181c4640181c463045
7c58084a7c58084a7c3072
b16b0f85b16b0f85b130aa
a84e3298a84e3298a830aa
73263b7473263b7474007a
55310f4155310f41553051
4146251441462514462048
0d1025200d102520251023
8668125286681252863084
c0ab3c5dc0ab3c5dc030c2
8071283b8071283b80307f
18080c1418080c14183015
30524a0e30524a0e522053
6bcabf346bcabf34ca20d0
7affff757affff75ff1132
29dbffa729dbffa7ff1113
1f84e9b21f84e9b2e910dd
1f7fe1a91f7fe1a9e110d3
5342b7ae5342b7aeb710ba
ed793bc7ed793bc7ed30e8
ffff41c7ffff41c7ff3159
ffff7f84ffff7f84ff3149
a5b26922a5b26922b220b5
252a0d16252a0d162a202f
a0cb8215a0cb8215cb20cc
61835d0161835d01832083
41563b0641563b06562056
77b38b0b77b38b0bb320b3
0e5466380e546638661064
4c0c56704c0c5670700070
294b9585294b9585951098
1c89b2651c89b265b210aa
18556c3518556c356c1064
3431101734311017343036
99c88d0899c88d08c820c8
caffd406caffd406ff2118
71b8a11e71b8a11eb820ba
4111274541112745450047
bd9a2b66bd9a2b66bd30b8
d3bd4761d3bd4761d330d4
a09a443ca09a443ca030a5
524614245246142452304e
0830503808305038501049
2593b5632593b563b510b1
35b0d37035b0d370d310d0
3085984730859847981096
06161a0a06161a0a1a1018
3062622230626222621067
428b8c35428b8c358c1094
15393f2115393f213f1041
285b6023285b6023601061
1b8cb9701b8cb970b910b3
1a458a791a458a798a108b
29180f2629180f2629302c
3876723238767232762080
4f908b304f908b30902097
3828121c3828121c383030
0a53785d0a53785d78107c
09729d6609729d669d1098
054d6f47054d6f476f1068
001d2c1d001d2c1d2c1029
0107090701070907091009
05222d1c05222d1c2d102c
1238402012384020401040
2042401620424016422045
3248380432483804482048
39472f0939472f09472047
05070d0705070d070d1009
787130337871303378307b
c5bb5151c5bb5151c530cb
e7d85f58e7d85f58e730e9
ffff815fffff815fff3119
eaf27c50eaf27c50f220fe
2330210623302106302030
ffff766dffff766dff311e
ffffdfacffffdfacff21e9
ebe36363ebe36363eb30f7
c2ea9828c2ea9828ea20ed
ffffd960ffffd960ff2186
9f9f4f339f9f4f339f20a6
2330230423302304302030
7f7b3b297f7b3b297f3081
f1e1615ff1e1615ff130f4
ffff7f78ffff7f78ff312e
1602182416021824240024
ffffee53ffffee53ff218d
fffff46bfffff46bff21ba
bfc86d34bfc86d34c820ce
0e03080d0e03080d0e300d
ccb34259ccb34259cc30c7
ffff7d9bffff7d9bff315f
d5b93977d5b93977d530db
7ea87a0c7ea87a0ca820a8
ffffb45effffb45eff2153
ccc65c4accc65c4acc30d3
4237121d4237121d42303e
0104090601040906091007
474a310c474a310c4a204a
d9f29b2ad9f29b2af220f5
ffffff37ffffff37ff21a0
ffffff00ffffff00ff216e
44c1dc6b44c1dc6bdc10dc
15b0efa015b0efa0ef10ed
32a6bc6032a6bc60bc10bf
3f492f013f492f01492049
ecffec0aecffec0aff2146
d1eb8539d1eb8539eb20f1
1569815315698153811085
9fffd7229fffd722ff2102
6d90670a6d90670a902090
1e1f10091e1f10091f2020
0a0f0c030a0f0c030f200f
060a0802060a08020a200a
0c191a090c191a091a101a
1f45491b1f45491b49104a
1b596b351b596b356b1067
024a704e024a704e70106b
222a6058222a6058601061
3015505530155055550057
28194e4f28194e4f4f0052
1e204e481e204e484e104e
1b1d47411b1d4741471047
1e143c3c1e143c3c3c003f
210c3338210c3338380039
23072d3523072d35350035
2403283324032833330033
2103252f2103252f2f002f
1d0321291d032129290029
19011b2319011b23230023
1501171d1501171d1d001d
1001121710011217170017
0b030f110b030f11110011
06040c0c06040c0c0c000c
05040b0a05040b0a0b100a
04040a0a04040a0a0a000a
00080c0800080c080c100b
0911110509111105111011
0e1614040e161404162016
0d1715050d171505172017
0c1716070c171607172018
0610120806101208121011
02070c0902070c090c100b
0700070a0700070a0a000a
0c0702090c0702090c300b
0c0800080c0800080c300b
0c0902070c0902070c300b
0b0903050b0903050b300a
0a0b06030a0b06030b200b
0a0e0a000a0e0a000e200e
090f0d03090f0d030f200f
060d0e05060d0e050e100d
040a0c06040a0c060c100b
040c0e06040c0e060e100d
0913130709131307131014
101f1e09101f1e091f2020
1327270d1327270d271029
11282b1211282b122b102b
0a242c160a242c162c102a
2c20041a2c20041a2c3029
4e2118434e2118434e304a
7f3d216d7f3d216d7f307c
9b571d7f9b571d7f9b3099
8d51196f8d51196f8d3089
7e5304557e5304557e3076
7a68203e7a68203e7a3079
454927174549271749204c
403610224036102240303f
b1ae5146b1ae5146b130bb
9e9c4a3a9e9c4a3a9e30a6
3124051a3124051a31302c
38615a1338615a13612062
9af5d2279af5d227f520f8
c5ffff35c5ffff35ff2143
83e8d33483e8d334e820ed
3a8690383a869038901091
2f8297462f829746971093
0359895b0359895b89107f
9e5224809e5224809e3098
ffff5da4ffff5da4ff3149
ffffab98ffffab98ff3197
ffff8e51ffff8e51ff211a
050e150c050e150c151012
c6b23c5ec6b23c5ec630c9
c47e0c90c47e0c90c430bf
334a9f90334a9f909f10a1
2babcd6b2babcd6bcd10c9
0f6b894d0f6b894d891083
1929534919295349531053
0139573f0139573f571054
2d5553192d555319552058
2d34210c2d34210c342035
1a3330111a333011332035
91bc830891bc8308bc20bc
e7ffad29e7ffad29ff2114
bbce7732bbce7732ce20d3
2515091d2515091d253023
618f790d618f790d8f208f
8fd4ad148fd4ad14d420d4
6daf911b6daf911baf20b1
2135270721352707352035
2d6065262d606526651067
50b6c04e50b6c04ec010c6
3c9cac503c9cac50ac10af
193e411e193e411e411044
032b412d032b412d41103e
1b7d9f5d1b7d9f5d9f109b
1c7c96561c7c9656961096
1b050d1d1b050d1d1d001d
5fafa5315fafa531af20b5
3ec2de6e3ec2de6ede10df
3c26747c3c26747c7c0081
936f0d59936f0d5993308e
9f953b3b9f953b3b9f30a0
815e0f4c815e0f4c813078
4307456143074561610061
014f6f4b014f6f4b6f106c
2550511c2550511c511054
2726130e2726130e273028
1f05232d1f05232d2d002d
1c1d44411c1d4441441047
1828524818285248521052
0d2f53410d2f5341531050
012e452e012e452e451041
1531351515313515351035
2c3d30012c3d30013d203d
1425220514252205252025
4f3c0b2c4f3c0b2c4f304a
b9a63d58b9a63d58b930bb
eed85666eed85666ee30ee
ffff7665ffff7665ff3115
ffff875effff875eff211d
878e4b2e878e4b2e8e2095
968e4038968e4038963098
ffffd396ffffd396ff21c1
ffffac85ffffac85ff2177
3b5b4b053b5b4b055b205b
ffffd75cffffd75cff217b
e3e6754ce3e6754ce620f2
0e03100f0e03100f10100f
585b3219585b32195b205e
b0a14443b0a14443b030ae
ffff7e6fffff7e6fff3126
8b7f2d4b8b7f2d4b8b3093
e8ffbc26e8ffbc26ff211c
ffffff65ffffff65ff21cc
fcff9246fcff9246ff2113
32361e0c32361e0c362037
746324317463243174306e
ffff6879ffff6879ff311c
ffff6d85ffff6d85ff312a
0910231e0910231e231022
ffff9c54ffff9c54ff2126
fff77163fff77163ff310a
745d1839745d183974306d
1e0122271e012227270027
1153733f1153733f731068
70f1ff6570f1ff65ff1105
e2ffff69e2ffff69ff21a2
e2ffff4ce2ffff4cff2197
81fff54981fff549ff2110
4a9ea2484a9ea248a210ad
2b210b0f2b210b0f2b3024
1e8db2771e8db277b210b8
77dccb4877dccb48dc20e7
87751f5587751f55873090
2750a7982750a798a710ab
3caece5e3caece5ece10c5
3d76731e3d76731e762079
1328250c1328250c282029
040f1009040f1009101011
0000000000000000000000
1327270d1327270d271029
2c5b5c1f2c5b5c1f5c1060
2e747e362e747e367e107f
0e5976470e597647761071
1929574b1929574b571055
2a12464a2a12464a4a004c
261546492615464949004b
2119474521194745471049
1e1842401e184240421044
2110393c2110393c3c003e
2408303824083038380038
24042a3424042a34340034
2400243024002430300030
22031e2b22031e2b2b002b
1e0418241e041824240024
1a05121d1a05121d1d001d
15040f1815040f18180018
12040c1412040c14140014
0d020b100d020b10100010
0900090c0900090c0c000c
0502070805020708080008
0204080602040806081007
0106090601060906091008
070f0f05070f0f050f100f
0d1613040d161304162016
0f1917050f191705192019
0e1816060e181606182018
0710110607101106111011
02090c0702090c070c100b
0600060806000608080008
0c0800080c0800080c300b
0c0902070c0902070c300b
0c0b04050c0b04050c300c
0a0b06030a0b06030b200b
0b0d09010b0d09010d200d
0c100c000c100c00102010
0c110e010c110e01112011
09100f0409100f04102010
030b0d07030b0d070d100d
030c0f08030c0f080f100e
0915170909151709171016
1121210b1121210b211022
162c2c0e162c2c0e2c102e
142c2e12142c2e122e102f
0d262b140d262b142b102a
2d012d3b2d012d3b3b003b
1903151f1903151f1f001f
12160c0212160c02162016
4e43102b4e43102b4e304f
73580b4873580b48733071
815f0b4f815f0b4f81307b
907924499079244990308d
7a722c367a722c367a307e
09000d1009000d10100010
80965e1a80965e1a962098
9eaf622b9eaf622baf20b4
4434042844340428443041
3176833431768334831080
94ffee4394ffee43ff210b
bcffee25bcffee25ff2123
a1cc8b14a1cc8b14cc20cc
8791512987915129912096
849c6812849c68129c209d
4d75630f4d75630f752075
452805304528053045303e
ffff8155ffff8155ff210c
ffffdb6bffffdb6bff219d
ffffc155ffffc155ff2161
566f4e09566f4e096f206f
88550a6388550a63883082
c25642b6c25642b6c230c9
6a239cb76a239cb7b700ba
0a659e6f0a659e6f9e1096
164b5a27164b5a275a1054
162d300f162d300f30102f
1a2a2a0e1a2a2a0e2a102c
272c1f04272c1f042c202c
2b1d011f2b1d011f2b302a
05222f2005222f202f102e
718d6307718d63078d208d
dae57c41dae57c41e520ee
e0ca4a68e0ca4a68e030e3
6f233f736f233f73730078
1393c9791393c979c910be
47d6f57847d6f578f510f5
2d90a5542d90a554a510a6
110b0509110b050911300e
45a2b34c45a2b34cb310b2
41d0f78041d0f780f710f4
0579ad750579ad75ad10a8
3316113033161130333034
407d7c2b407d7c2b7d2084
2b91af612b91af61af10ae
0446644604466446641062
3b5f53113b5f53115f2060
71f1f55f71f1f55ff51103
46d5f47746d5f477f410f3
41125b6841125b68680069
ac8d2259ac8d2259ac30a6
b382096cb382096cb330a9
932f539d932f539d9d00a3
7c017eaf7c017eafaf00af
52095a7752095a77770077
1405101514051015150015
1f08313a1f08313a3a003a
3116515a3116515a5a005c
2d1e57582d1e575858005c
2021504b2021504b501051
151f433b151f433b431042
0c1830280c18302830102e
051b2515051b2515251022
1f322d081f322d08322032
1f36310a1f36310a362036
2809182728091827283028
9c7e20569c7e20569c3098
f2d64c72f2d64c72f230f2
ffff6b74ffff6b74ff311c
ffff846dffff846dff312f
d1d3694bd1d3694bd320df
1d17070b1d17070b1d3019
ffffa977ffffa977ff2169
ffffd695ffffd695ff21be
5548172c5548172c553054
ffffad55ffffad55ff213c
ffff9267ffff9267ff2134
503d0e27503d0e27503048
36422c0a36422c0a422042
796f2f2b796f2f2b793077
eee3645feee3645fee30f6
d5cd5963d5cd5963d530e3
6d9673026d967302962096
ffffff5affffff5aff21b3
ffffb555ffffb555ff214f
6a6a36206a6a36206a206e
2e270e132e270e132e302b
c8b84e50c8b84e50c830c8
ffff8279ffff8279ff3137
827d343f827d343f82308b
adb75f3fadb75f3fb720c1
ffff6682ffff6682ff3126
ba7b087dba7b087dba30af
5513758355137583830084
228bf2b5228bf2b5f210e4
22ffffe522ffffe5ff1162
73ffffae73ffffaeff116f
c4ffd003c4ffd003ff2119
fff25d86fff25d86ff3114
f3920fa6f3920fa6f330dd
6953dbcf6953dbcfdb10df
2fbcffff2fbcffffff1145
5b37b1c35b37b1c3c300ca
3e3e20083e3e20083e203e
035991710359917191108f
01649b6a01649b6a9b1091
0d4b61350d4b613561105b
071c2110071c2110211020
0606040206060402062006
020b120d020b120d121011
15353b1915353b193b103a
346f7229346f7229721076
3b868d383b868d388d1091
185f763f185f763f761071
12284e4012284e404e104b
23133f4123133f41410043
2214404222144042420044
21143f4021143f40400043
1e133a3b1e133a3b3b003d
200c3236200c3236360037
22052a3322052a33330033
2400243024002430300030
24051c2b24051c2b2b002b
2308172623081726260026
200a1222200a1222220023
1e0b0e1d1e0b0e1d1e301f
18080c1818080c18180019
1508091415080914153015
1106071011060710113011
0c04060c0c04060c0c000c
0702050807020508080008
0203060502030605061005
0106070401060704071007
080d0c03080d0c030d200d
0f1511010f151101152015
131b1501131b15011b201b
1118130211181302182018
0a100e020a100e02102010
060b0a03060b0a030b200b
0301050503010505050005
0a0700070a0700070a3009
0d0b03070d0b03070d300d
0e0d06050e0d06050e300d
0c0d08030c0d08030d200d
0c100c000c100c00102010
0b110f030b110f03112011
0a1312050a131205132013
0914150809141508151015
020e140c020e140c141012
010d150f010d150f151013
04171e1104171e111e101c
0c2328130c232813281027
132e3114132e3114311032
132f3315132f3315331033
0d262d160d262d162d102b
bd1e8fdebd1e8fdede00e0
a9266bbaa9266bbaba00bd
7a2144817a214481810085
26062c3626062c36360036
2d341d0e2d341d0e342035
6454163664541636643063
8e7720498e7720498e308b
997a1956997a1956993095
5220265452202654540059
2b6b75332b6b7533751076
6c956c016c956c01952095
3a191e393a191e393a303e
269fcc71269fcc71cc10c3
60fbff8360fbff83ff111b
68d0ce4868d0ce48d020dc
6f895d136f895d1389208a
9894443e9894443e9830a0
b1bf6b2fb1bf6b2fbf20c4
7a905c127a905c12902091
0d0f0b010d0f0b010f200f
b9da8d1ab9da8d1ada20db
ffffdb48ffffdb48ff2176
ffffc26affffc26aff2179
c6c8624ac6c8624ac820d5
061a1e12061a1e121e101f
5e291c5b5e291c5b5e3063
4618204c4618204c4c004f
0803020908030209090009
4e1e1e504e1e1e50500055
6d3c0f566d3c0f566d3068
583800385838003858304f
371f0325371f0325373030
29110b2329110b23293026
07101f1c07101f1c1f1020
4859400348594003592059
aaa8523aaaa8523aaa30b1
d0a32077d0a32077d030c9
85136ba385136ba3a300a4
1394edae1394edaeed10e4
1db9f5931db9f593f510ec
054d7b57054d7b577b1074
4c6444064c644406642064
7aeee44a7aeee44aee20f9
56e3fc7556e3fc75fc10ff
0f4f8b690f4f8b698b1083
6e60183a6e60183a6e3070
92c58c0392c58c03c520c5
65a18b1f65a18b1fa120a3
040c1610040c1610161014
65ab8f1f65ab8f1fab20ad
9effee3a9effee3aff2114
71c5b72f71c5b72fc520ca
15031f1f15031f1f1f001f
81813d2b81813d2b812087
8049125d8049125d803076
6d1c9bb06d1c9bb0b000b2
a307b7f1a307b7f1f100f1
d35755d1d35755d1d330e2
9d80274e9d80274e9d3095
2257663722576637661066
371f676f371f676f6f0073
4509516545095165650065
2f0c3f482f0c3f48480048
1b0c2d301b0c2d30300031
12071e1f12071e1f1f001f
040f1c15040f1c151c1019
152d2f11152d2f112f1030
203e3c12203e3c123e2040
08192a1f08192a1f2a1027
6e4f0a416e4f0a416e3066
dbc24568dbc24568db30dc
ffff677affff677aff311f
ffff8079ffff8079ff313b
ffff7a63ffff7a63ff3115
5052282050522820522058
e4e5724de4e5724de520f1
ffffdf93ffffdf93ff21c9
dfe67552dfe67552e620f4
b1be673eb1be673ebe20c7
ffff9e7cffff9e7cff215c
a28d3249a28d3249a2309e
0c2020080c202008201020
514a1f1e514a1f1e51304f
b8a4404eb8a4404eb830b5
f3ed6b69f3ed6b69f33103
0910252409102524251027
ffffe644ffffe644ff2172
ffffd55affffd55aff217c
9b9f532d9b9f532d9f20a5
0204020002040200042004
807632308076323080307f
ffff7866ffff7866ff3115
dde67754dde67754e620f4
3722092c3722092c373037
ffcd0eb9ffcd0eb9ff3114
ff6c79ffff6c79ffff311d
bf3bffffbf3bffffff013e
7cc0ffff7cc0ffffff1194
40f4ffff40f4ffffff119d
1788ddae1788ddaedd10dc
5942173a5942173a593057
ffbd12bdffbd12bdff310b
ffa616beffa616beff30fc
298bf5b9298bf5b9f510e7
0aceffc80aceffc8ff111f
a2523698a2523698a230ac
bfe38325bfe38325e320e5
428b8a39428b8a398b2096
053b6149053b614961105d
07182d2207182d222d1029
0401060904010609090009
12051a1f12051a1f1f001f
100f2423100f2423241026
113f4b25113f4b254b1049
3c8084303c808430841088
40929c3e40929c3e9c109e
16617c4516617c457c1077
172751451727514551104f
2413404324134043430045
23133f4123133f41410043
22103a3e22103a3e3e0040
210d3539210d353939003a
21082d3421082d34340034
2302253023022530300030
24041e2c24041e2c2c002c
250a1728250a1728280029
240d1023240d1023243025
220e0c1e220e0c1e223021
1f0f091b1f0f091b1f301e
1b0c09181b0c09181b301a
180c0614180c0614183017
130b030f130b030f133012
0e08020a0e08020a0e300c
0905010709050107093008
0301050503010505050005
0206080402060804081007
060c0c04060c0c040c100c
0c1412040c141204142014
121b1603121b16031b201b
1017120110171201172017
0c100c000c100c00102010
090c0900090c09000c200c
0103030101030301031003
0605020306050203063005
0c0c06040c0c06040c200c
0d100b020d100b02102010
0b100d020b100d02102010
0a1414060a141406141014
0815180b0815180b181017
05151b0f05151b0f1b1019
04171e1104171e111e101c
02121c1402121c141c101a
06101e1806101e181e101c
0118251a0118251a251023
07232d1907232d192d102b
112d3317112d3317331032
1330351613303516351034
0c272e170c272e172e102d
ff3ea8ffff3ea8ffff0128
f85d6ceff85d6ceff83100
cc6b2ea7cc6b2ea7cc30c6
7848105a7848105a783073
15070d1515070d15150016
3c320e203c320e203c303b
7c5b0a4b7c5b0a4b7c3075
9d5f11759d5f11759d3096
8122519081225190900093
2e3b887f2e3b887f88108c
0e4c623a0e4c623a62105f
0d394b290d394b294b1046
4adbfe7f4adbfe7ffe10fd
44e3ff9144e3ff91ff110d
186b8a4f186b8a4f8a1085
2f331d112f331d11332035
96852e4b96852e4b963098
dcd9684fdcd9684fdc30e6
aba64f3caba64f3cab30b0
2003182720031827270027
82a9760382a97603a920a9
ffff9754ffff9754ff212d
ffff7da4ffff7da4ff316c
ffff49abffff49abff3138
ac7d0e67ac7d0e67ac30a1
220f3a33220f3a333a1035
07618b5307618b538b107f
365bbca5365bbca5bc10bc
9f02a1dc9f02a1dcdc00dc
e25764dbe25764dbe230eb
cf5c47bacf5c47bacf30cf
983c388c983c388c983098
672b1d57672b1d57673061
2b09192b2b09192b2b002b
2036340e2036340e362037
696c3b1a696c3b1a6c206f
8c5b06618c5b06618c3085
661282a2661282a2a200a2
1b80d9a81b80d9a8d910d3
0783bd790783bd79bd10b2
2512454425124544451046
8a974c278a974c2797209b
e0ffa028e0ffa028ff210c
cfe17d39cfe17d39e120e8
60440e3a60440e3a603059
31685d1e31685d1e68206c
99d2970499d29704d220d2
89a3671789a36717a320a4
0e1026220e102622261025
77bda12177bda121bd20bf
b7f1ab05b7f1ab05f120f1
9e9f4a3d9e9f4a3d9f20aa
3c07324f3c07324f4f004f
1f5d6d331f5d6d336d106a
0a1014080a101408141011
2776833827768338831082
323f9289323f9289921096
db99019fdb99019fdb30dc
ffff914dffff914dff211d
74bea42874bea428be20c2
252e6b66252e6b666b106f
56143a6256143a62620064
4112274441122744440046
26071c2b26071c2b2b002b
1a03161f1a03161f1f001f
0c0e221e0c0e221e221021
0a2d3a210a2d3a213a1037
163d441f163d441f441044
0425321d0425321d32102f
4429042d4429042d44303c
b29b3653b29b3653b230af
fff45d78fff45d78ff310f
ffff718affff718aff3141
ffff7983ffff7983ff313d
b7ab494fb7ab494fb730bc
6367371b6367371b67206a
ffffc582ffffc582ff2197
ffffb579ffffb579ff2173
1e24160a1e24160a242025
ffff9975ffff9975ff214c
eedd5a67eedd5a67ee30f3
2f1809202f1809202f3028
2c2c16102c2c16102c202e
7e6d28357e6d28357e3079
e7e87356e7e87356e820f7
625e2632625e263262306a
e9ffb52ce9ffb52cff2117
ffffea57ffffea57ff2192
cad37239cad37239d320da
2a2610102a2610102a3029
4642201646422016463045
d0cf6847d0cf6847d030da
ffffae4bffffae4bff2130
4793952b4793952b951099
cf397de7cf397de7e700ed
ff2de7ffff2de7ffff016d
f264fffff264ffffff01ad
a4d0ffffa4d0ffffff11df
9d96ffff9d96ffffff1194
da4094f2da4094f2f200fa
9955317b9955317b993095
3fa7b9513fa7b951b910b9
4bafaf454bafaf45af10bc
a29b4639a29b4639a230a5
c3ca6b3cc3ca6b3cca20d2
2d7979372d797937791084
adffe320adffe320ff2119
6aaa8c166aaa8c16aa20ab
132727111327271127102a
0816180a0816180a181018
08223a2e08223a2e3a1039
260d3841260d3841410042
28052e3b28052e3b3b003b
093a4b2a093a4b2a4b1047
4a8a82244a8a82248a208e
55a09b2e55a09b2ea020a6
23687b3c23687b3c7b1078
142750431427504350104d
25103d4225103d42420043
230f393d230f393d3d003e
210d3539210d353939003a
2209303722093037370037
2403283324032833330033
2403202d2403202d2d002d
24071a2924071a29290029
270d1327270d1327270029
28130c2328130c23283027
2413081d2413081d243022
201204182012041820301e
1b1101131b1101131b3019
1710010e1710010e173015
130f030b130f030b133012
0f0b01090f0b01090f300e
0a0700070a0700070a3009
0501030505010305050005
0107090501070905091008
050d0f07050d0f070f100e
0913130709131307131014
0f1713030f171303172017
10140e0210140e02142014
0f1009040f100904102010
0c0d08030c0d08030d200d
0505030105050301052005
0304030003040300042004
090d0b01090d0b010d200d
0c1412040c141204142014
0914150809141508151015
0917190b0917190b191019
081a1e0e081a1e0e1e101d
05181f1205181f121f101e
031821140318211421101f
001622160016221622101f
0415241b0415241b241022
0418281e0418281e281026
03212f1d03212f1d2f102b
0c2b341b0c2b341b341032
102e3418102e3418341033
0d272d150d272d152d102c
a55d1d83a55d1d83a530a0
b38e1966b38e1966b330ae
a99e394aa99e394aa930ae
7c7a32327c7a32327c3083
363718153637181537203a
1306091213060912133012
532f0b3f532f0b3f53304e
7935276b7935276b793077
7312578a7312578a8a008b
4f1571854f157185850086
3d0739513d073951510051
7095660570956605952095
a4ffea34a4ffea34ff2112
6fc6bb386fc6bb38c620cd
0f110f030f110f03112011
1f2759511f275951591059
b35e2998b35e2998b330b2
ffe225b2ffe225b2ff311f
ffc019a2ffc019a2ff30fb
792e2d72792e2d7279307a
2a55501d2a55501d552059
c5b14357c5b14357c530c5
ffff3dbbffff3dbbff313f
ffff44d4ffff44d4ff316c
ffc914a9ffc914a9ff3106
6709778b6709778b8b008b
06aaffae06aaffaeff10f3
37a3ffed37a3ffedff111f
bb1de9ffbb1de9ffff011a
ff59a7ffff59a7ffff013f
ff778effff778effff314c
ff805fffff805fffff3123
dd7d1da5dd7d1da5dd30cf
6c3b104d6c3b104d6c3061
0422362404223624361031
2d423b0e2d423b0e422043
290d0f23290d0f23293025
123f705d123f705d701070
036293660362936693108d
0947633b0947633b63105c
1d0d0b151d0d0b151d3018
8284402682844026842089
f0d3486ff0d3486ff030ee
ffbe09b8ffbe09b8ff3108
d06140bdd06140bdd030d4
3e2474783e24747878007d
599f9523599f95239f20a2
768d5c13768d5c138d208e
092545330925453345103f
5fb9bf455fb9bf45bf10c5
70af9c2570af9c25af20b2
5e561e2e5e561e2e5e3061
4605466746054667670067
1e356e5d1e356e5d6e106b
3e0836483e083648480048
a29c384aa29c384aa230ac
7e77283d7e77283d7e3085
5999871b5999871b99209b
ecffff11ecffff11ff215b
9effda299effda29ff2106
013f5d41013f5d415d105a
4d2519454d2519454d304e
49290f3b49290f3b493047
3315152f3315152f333033
24061c2a24061c2a2a002a
14122e2c14122e2c2e102f
002c402c002c402c40103e
0c3340230c33402340103d
06232e1906232e192e102b
26110c1f26110c1f263023
836b1d41836b1d4183307d
edc93d77edc93d77ed30e9
ffff4ea5ffff4ea5ff313b
ffff65b0ffff65b0ff3161
fff95a85fff95a85ff311a
281b001f281b001f283029
ffff8e61ffff8e61ff212d
ffffc997ffffc997ff21b2
89843b3a89843b3a893090
dce87852dce87852e820f6
ffff7b77ffff7b77ff312d
7960173e7960173e793072
0110170a0110170a171012
484928114849281149204a
bacd782fbacd782fcd20d2
8ea768258ea76825a720ab
a0b57025a0b57025b520b8
ffffea59ffffea59ff2192
f7ff8d47f7ff8d47ff210c
4e461a204e461a204e304c
1724230817242308242024
8baa7b0a8baa7b0aaa20aa
f7fffd05f7fffd05ff214d
a1ffff4aa1ffff4aff213a
5059bebf5059bebfbf00d2
bf0b9befbf0b9befef00ef
616af9e0616af9e0f910f7
02deffe602deffe6ff113f
6270ffff6270ffffff111c
ff7b93ffff7b93ffff3143
ff6ca9ffff6ca9ffff0160
8b85ffff8b85ffffff115b
647ffffb647ffffbff1119
ff8e4de4ff8e4de4ff310c
ffb338ffffb338ffff313c
773dcfe5773dcfe5e500ec
3acdf4753acdf475f410ec
5293861d5293861d932095
15160b0615160b06162016
123a4420123a4420441042
03415f3f03415f3f5f105a
2c10444e2c10444e4e004f
3d131f3f3d131f3f3f0041
001f2c1d001f2c1d2c102a
5e8262005e826200822082
83ac7d0683ac7d06ac20ac
5479620954796209792079
11323d1e11323d1e3d103a
11122f2c11122f2c2f102f
1a0c2e301a0c2e30300031
1b0c2d301b0c2d30300031
1e07282f1e07282f2f002f
2202202c2202202c2c002c
24071a2924071a29290029
2409162724091627270028
27100f2427100f24273027
2a1806202a1806202a3028
2719011b2719011b273024
211701152117011521301f
1c1604101c1604101c301b
1814060c1814060c183017
1411060914110609143013
0f0d05070f0d05070f300e
0b0903050b0903050b300a
0402020404020204040004
0308090403080904091008
070e0d04070e0d040e200e
0b110f030b110f03112011
0e120e000e120e00122012
0f110b030f110b03112011
0f1009040f100904102010
0d0e07040d0e07040e200e
0707030307070303072007
0103030101030301031003
0a100e020a100e02102010
0e1918070e191807192019
09181b0c09181b0c1b101a
08181c0e08181c0e1c101b
0a1c200e0a1c200e20101f
091b1f0f091b1f0f1f101e
061920110619201120101e
041a2214041a2214221020
011a2518011a2518251023
0119271b0119271b271024
031f2b1b031f2b1b2b1029
0c2830180c28301830102e
112b3115112b311531102f
0e252a130e252a132a1029
0a669e720a669e729e1098
228ca85c228ca85ca810a7
448e882e448e882e8e2095
5171510351715103712071
434927174349271749204c
1b2115051b211505212021
1b06111e1b06111e1e001e
3c141c3c3c141c3c3c003f
3c05324b3c05324b4b004b
3401384934013849490049
50340a3c50340a3c50304f
b1bb5d35b1bb5d35bb20c2
fdff9f3ffdff9f3fff211e
c1b14b4fc1b14b4fc130c1
3623626336236263630069
1b72bf8e1b72bf8ebf10b6
b21f86d1b21f86d1d100d3
ffcc31ffffcc31ffff3150
ffdc28ffffdc28ffff3162
ff7f3fd9ff7f3fd9ff30fb
662036686620366868006c
383e2c0c383e2c0c3e203f
d5c85d56d5c85d56d530d9
ffff9b69ffff9b69ff2148
f8eb6063f8eb6063f830ff
4117676d4117676d6d006f
3ce1ff8f3ce1ff8fff110a
15d1ffb515d1ffb5ff1114
7544ddde7544dddede00e8
f130abfff130abffff0118
ff7a88ffff7a88ffff314d
ffd030ffffd030ffff3159
ffec26b6ffec26b6ff312a
a7831d57a7831d57a7309d
140f2a25140f2a252a1027
15353d1b15353d1b3d103b
20220e1020220e10222025
4465500b4465500b652065
2f4c43122f4c43124c204e
1914070c1914070c193017
0521392d0521392d391037
2e585e262e585e265e105f
717a4d16717a4d167a207b
a7831d61a7831d61a730a3
b1780580b1780580b130af
61292d6161292d61610069
29606d2a29606d2a6d1068
52725e0652725e06722072
1f413d111f413d11412043
77d1c33377d1c333d120d7
3e899a453e899a459a1099
0d0725230d072523251023
090d0305090d03050d200d
0f0c01080f0c01080f300e
0704031007040310100010
6c57083f6c57083f6c306b
b55d3babb55d3babb530c2
3177e9c53177e9c5e910e6
7effff887effff88ff1152
81f8e94081f8e940f82100
16434c2116434c214c104a
3422022434220224343031
422c022e422c022e42303f
3819143338191433383038
2c0622342c062234340034
1811303118113031310033
0322352603223526351032
0a252e170a252e172e102b
0c1e220e0c1e220e221021
1100111411001114140014
553a0334553a033455304d
bb881170bb881170bb30b0
ffde22b2ffde22b2ff311c
ffff48d5ffff48d5ff3175
ffff62bdffff62bdff316f
b99a2d62b99a2d62b930b6
8b9453268b945326942098
ffffc38bffffc38bff219d
ffff8968ffff8968ff2128
5c6234245c623424622068
ffff7f7cffff7f7cff3137
c7a73165c7a73165c730c3
37101d3237101d32373034
1739411d1739411d41103f
7db395117db39511b320b3
84cdac1384cdac13cd20cd
7e65203f7e65203f7e3077
ffffd369ffffd369ff2189
ffff9761ffff9761ff213a
7e5f0e477e5f0e477e3076
19285b4a19285b4a5b1054
3cb6de6c3cb6de6cde10d3
a5ffff8da5ffff8dff1181
9bffff929bffff92ff1188
03719b6f03719b6f9b109e
4a3e14244a3e14244a3047
4a5338174a533817532056
c9ffd301c9ffd301ff2113
40b6ca5c40b6ca5cca10cb
be3a5abebe3a5abebe00c6
f2654ae1f2654ae1f230f6
55278b9955278b9999009d
09447b4609447b467b1061
84422e6e84422e6e843080
ea7642d6ea7642d6ea30f4
aa139ae3aa139ae3e300e3
2656b08c2656b08cb010a4
19596d3319596d336d1066
0601040506010405063005
30544c1230544c12542055
265b6027265b6027601063
1712333417123334340037
3f2e032a3f2e032a3f303e
0c0900090c0900090c300c
6166371e6166371e66206a
a5ad5d33a5ad5d33ad20b4
8a9150298a915029912096
434d310b434d310b4d204d
0d2023100d202310231023
0a10221e0a10221e221022
100d2423100d2423241025
1606202416062024240024
1e0418241e041824240024
2109132321091323230024
210c0f20210c0f20213022
2413081d2413081d243022
281c021a281c021a283026
271f0715271f0715273025
211c0910211c0910213020
1d1a0b0c1d1a0b0c1d301c
18180c0818180c08182019
12130a0512130a05132013
0d0e07040d0e07040e200e
0a0a04040a0a04040a200a
0502010405020104053004
0308090403080904091008
080d0c03080d0c030d200d
0a0f0c010a0f0c010f200f
0c0f0a010c0f0a010f200f
0d0f09030d0f09030f200f
0f1009040f100904102010
0e0d06050e0d06050e300d
0a0802060a0802060a300a
0301050503010505050005
0a1312050a131205132013
101e1c08101e1c081e201f
0c1c1e0c0c1c1e0c1e101e
08191e0f08191e0f1e101d
091c2110091c2110211020
091c2110091c2110211020
071a1f10071a1f101f101e
091b1f0f091b1f0f1f101e
0a1c200e0a1c200e20101f
091b1f0f091b1f0f1f101e
0b1e23100b1e2310231022
1126291011262910291029
132b2d11132b2d112d102e
0e252a130e252a132a1029
6950dfde6950dfdedf10eb
3c54b8a63c54b8a6b810ba
0b3f674d0b3f674d671063
2d341f0e2d341f0e342035
5b440b3c5b440b3c5b305a
57430f3157430f31573053
221b0611221b061122301f
0402000404020004040004
0801080b0801080b0b000b
0c010c0f0c010c0f0f000f
3b2e07203b2e07203b3038
ae99324fae99324fae30ac
ffef498fffef498fff3116
fead08abfead08abfe30f3
5f16758e5f16758e8e008f
0a89b86d0a89b86db810af
4f2989894f29898989008f
ff8445deff8445deff3102
ffd736ffffd736ffff3168
ffce35ffffce35ffff3158
fd8d33c9fd8d33c9fd30f5
6e0d62856e0d6285850085
34add26934add269d210ca
a0ffff57a0ffff57ff2139
79d4bf3079d4bf30d420d9
2e3a2a002e3a2a003a203a
a8ffd620a8ffd620ff2101
88f1e23988f1e239f120f7
0e7cae680e7cae68ae10a1
720e86a8720e86a8a800a8
ea6e46d0ea6e46d0ea30eb
ffff31c6ffff31c6ff314a
ffff8791ffff8791ff3165
d3cf6349d3cf6349d330db
1d1001101d1001101d3016
2835240528352405352035
1c2d26051c2d26052d202d
53765b0653765b06762076
2f3e2f022f3e2f023e203e
03131f1503131f151f101c
06415e3b06415e3b5e1057
0252845c0252845c84107b
0a477e5f0a477e5f7e1076
0c4a683e0c4a683e681060
3c6b64173c6b64176b206d
2b4c450e2b4c450e4c204d
433c191e433c191e433043
6b71431f6b71431f712075
2439260124392601392039
b1e29518b1e29518e220e3
78996e0978996e09992099
1202242412022424240024
3a0a565e3a0a565e5e005e
54248a9854248a9898009c
8a323a928a323a9292009a
414d350f414d350f4d204e
5a1f8aa55a1f8aa5a500a7
6060f0f06060f0f0f00102
1acdffad1acdffadff110c
4caeba424caeba42ba10ba
1d37350b1d37350b372038
1714070a1714070a173016
2b20051a2b20051a2b3029
2b150b252b150b252b302a
2209142522091425250026
0f06171a0f06171a1a001a
0612160a0612160a161014
151b1501151b15011b201b
181d1403181d14031d201d
0610120606101206121011
260f0e21260f0e21263024
75450b5375450b5375306b
e59b0397e59b0397e530d8
ffff32d4ffff32d4ff315d
ffff62e2ffff62e2ff31a3
ffff47a9ffff47a9ff3138
21052b3521052b35350035
ffffbb43ffffbb43ff213e
ffffd65cffffd65cff2179
2139310b2139310b39203a
fff1617bfff1617bff310e
ffdc3f8affdc3f8aff3103
75332b6575332b65753071
1743816117438161811075
33b5e17933b5e179e110d9
3dd3fb7f3dd3fb7ffb10f6
953c3582953c358295308f
ffff9899ffff9899ff3182
ffff64adffff64adff3163
d26048bad26048bad230d1
6d4cdfda6d4cdfdadf10e6
1ee2ffff1ee2ffffff115b
40ffffff40ffffffff11a8
5effff985effff98ff1143
0130552c0130552c551041
4b6027144b602714602062
2356673023566730671062
b3ffff3cb3ffff3cff2139
79ddb72979ddb729dd20e0
26292e0126292e012e1029
3daed35c3daed35cd310c4
5f54d7d85f54d7d8d800e7
ea4972fbea4972fbfb0105
a4571e85a4571e85a4309e
0f050b1d0f050b1d1d001d
6528316c6528316c6c0073
3c0850603c085060600060
0d1f3f310d1f3f313f1039
1e1a080c1e1a080c1e301c
4660480246604802602060
4869540748695407692069
08181c0e08181c0e1c101b
373b1f11373b1f113b203d
1f2615081f261508262026
41482f0c41482f0c482048
90a5681d90a5681da520a7
8da6691a8da6691aa620a8
5369470753694707692069
1c312c0b1c312c0b312032
0218221602182216221020
090f1f1b090f1f1b1f101e
1106191c1106191c1c001c
1804121c1804121c1c001c
1c0b0c1b1c0b0c1b1c301d
1e1006181e1006181e301c
201602142016021420301d
241f0a11241f0a11243023
25220d1025220d10253025
22200e0e22200e0e223022
1e1f10091e1f10091f2020
181b1005181b10051b201b
12140c0412140c04142014
0e0e08040e0e08040e200e
0b0a05040b0a05040b300a
0403000304030003043004
0408080204080802081008
080c0a02080c0a020c200c
090c0900090c09000c200c
0c0d08030c0d08030d200d
0e0d06050e0d06050e300d
100f0607100f0607103010
0f0c03080f0c03080f300e
0c0702090c0702090c300b
0701090b0701090b0b000b
0613160b0613160b161015
101f1e09101f1e091f2020
1020200a1020200a201021
0b1d210f0b1d210f211020
081c2212081c2212221021
071b2111071b211121101f
08181c0e08181c0e1c101b
0a181a0a0a181a0a1a101a
0f1b19070f1b19071b201b
101c1a06101c1a061c201c
12201e0812201e08202020
1527250b1527250b272028
182c2a0c182c2a0c2c202d
1327270d1327270d271029
522990995229909999009e
3d0a4f603d0a4f60600060
2124110c2124110c242025
221a464a221a464a4a004e
7e3928757e3928757e3082
9967016799670167993091
613c0542613c0542613059
290c1528290c1528293029
1804121c1804121c1c001c
1308071213080712133013
120d0207120d020712300e
714e0544714e0544713067
eba70f97eba70f97eb30e1
ffb707b9ffb707b9ff3104
873f2377873f2377873086
2950450a2950450a502050
4a5b38194a5b38195b205e
38131c3538131c35383038
e38f15abe38f15abe330de
ffd819f6ffd819f6ff3147
ffb944ffffb944ffff3144
e222b4ffe222b4ffff0110
4d9dffff4d9dffffff1130
1cf9ffd31cf9ffd3ff1146
0791d1830791d183d110c3
815d054d815d054d813078
f5ff9740f5ff9740ff2111
edffb12dedffb12dff2116
88bf960988bf9609bf20bf
034a6b48034a6b486b1067
955911719559117195308f
ffff757effff757eff3134
ffffcc6dffffcc6dff218a
faffa43bfaffa43bff211b
3144370631443706442044
3f240d363f240d363f3040
11284d4211284d424d104d
296e7934296e7934791079
0a3342250a33422542103f
302e1216302e1216303032
476c590a476c590a6c206c
2f7a893c2f7a893c891087
0f4e87680f4e8768871082
302e7a74302e7a747a107c
0e58986c0e58986c98108b
105da073105da073a01093
81254d8b81254d8b8b008f
c786018cc786018cc730c1
4209345342093453530053
83b3830583b38305b320b3
99b0672c99b0672cb020b5
2e4d42092e4d42094d204d
0b598b690b598b698b1089
42429a9c42429a9c9c00a9
b1811371b1811371b130ab
adfabb08adfabb08fa20fa
15a1cb8315a1cb83cb10cf
3d4caba63d4caba6ab10b6
035e9566035e956695108a
375e5b12375e5b125e205f
2d2811162d2811162d302d
0b0513150b051315150015
0711130707111307131012
0d100b020d100b02102010
0b0f0b010b0f0b010f200f
01090d0901090d090d100c
1306091413060914140014
2418001824180018243021
28210a1528210a15283027
1f20110a1f20110a202021
0311150b0311150b151014
3112132c3112132c31302f
8c5a005c8c5a005c8c3080
ffdd3399ffdd3399ff310c
ffff63d0ffff63d0ff3190
ffff4adcffff4adcff3184
c56f27a3c56f27a3c530c5
6bccc93c6bccc93ccc20d4
ffffff04ffffff04ff2180
64b9a82764b9a827b920bd
d7a31d85d7a31d85d730d2
ffef2fb1ffef2fb1ff3129
b94753afb94753afb930bc
4960d5bc4960d5bcd510d3
08bcffc808bcffc8ff1112
03acf5a203acf5a2f510ec
8f2e4f868f2e4f868f308d
ffff37c4ffff37c4ff3159
ffff28ffffff28ffff318c
ff3defffff3defffff0181
e96affffe96affffff01ab
83d0ffff83d0ffffff11b1
1ac3ffe31ac3ffe3ff112b
3e6d62093e6d62096d206d
4425044744250447470050
1317473d1317473d471041
2084e4c62084e4c6e410ed
39e2ff9639e2ff96ff110f
5a78520e5a78520e782078
1b72b9921b72b992b910b9
15ffffe315ffffe3ff1163
5ba0ffff5ba0ffffff1140
ff835effff835effff3124
fff230a6fff230a6ff3125
7b7121377b7121377b307d
1009000f1009000f103011
220f0e23220f0e23230026
13050f1713050f17170017
262b1807262b18072b202b
4b5e41064b5e41065e205e
5769450d5769450d692069
2020100c2020100c202022
262f1c05262f1c052f202f
2c1e06222c1e06222c302d
0c425c380c425c385c1056
4a9b9e394a9b9e399e10a5
59a69b2c59a69b2ca620ab
39706b2039706b20702074
14383e1c14383e1c3e103e
011c291c011c291c291027
090f1f1b090f1f1b1f101e
0f0517190f051719190019
15050d1715050d17170017
1a0d06151a0d06151a3018
1c1300131c1300131c301a
1f1a07101f1a07101f301e
23200d0e23200d0e233022
2422100e2422100e243024
2424120c2424120c242025
2123130921231309232024
1b1d11071b1d11071d201d
14150c0514150c05152015
0d0e07040d0e07040e200e
0a0a04040a0a04040a200a
0604000406040004063005
0307070303070703071007
070b0901070b09010b200b
0809060108090601092009
0a0b06030a0b06030b200b
0c0c06040c0c06040c200c
0e0d06050e0d06050e300d
0d0b03070d0b03070d300d
0b0503090b0503090b300a
06030a0b06030a0b0b000b
0512170c0512170c171015
0e1e200c0e1e200c201020
1022220c1022220c221024
0e21220d0e21220d221023
0b1c1f0e0b1c1f0e1f101f
09191d0d09191d0d1d101c
0815180b0815180b181017
0914150809141508151015
0f1917050f191705192019
121d1a05121d1a051d201d
15231f0715231f07232023
1828240818282408282028
1b2b25071b2b25072b202b
19261f0419261f04262026
0009120d0009120d12100f
112e2f12112e2f122f1031
1f7389451f738945891086
1a5da4811a5da481a4109f
992b5ba7992b5ba7a700ac
dc8812a2dc8812a2dc30d3
aa670e7baa670e7baa30a0
5c281c4e5c281c4e5c3057
3412163034121630343033
2714092027140920273025
1514070c1514070c153017
2106132021061320213020
8e5f065d8e5f065d8e3084
e4c54475e4c54475e430e5
a6b86a30a6b86a30b820be
1d2451501d245150511057
b1671995b1671995b130b5
8d670b5d8d670b5d8d308a
270e1328270e132828002a
e38a19ace38a19ace330dc
ff935affff935affff3130
f817d4fff817d4ffff0139
8171ffff8171ffffff1136
2398ffc62398ffc6ff10f9
1f4285661f428566851079
836919418369194183307b
f6ff8e49f6ff8e49ff210d
ffffba40ffffba40ff213c
ccfcaa16ccfcaa16fc20fc
497867164978671678207a
5843103158431031583053
ffffa53dffffa53dff211d
ffffff39ffffff39ff2197
ffffde1fffffde1fff214a
517e670e517e670e7e207e
2c002a3c2c002a3c3c003c
1d22514e1d22514e511055
12556e3d12556e3d6e1068
02263a2602263a263a1035
403f2017403f2017403043
6c9676046c967604962096
5eafa6315eafa631af20b5
0f6989550f698955891087
2a265e5c2a265e5c5e1063
07537f5707537f577f1078
0a739e610a739e619e1096
6409547b6409547b7b007b
d0890a93d0890a93d030c8
91433d8f91433d8f91309d
0b6699600b66996099108c
52a3a02d52a3a02da320a9
408b8229408b82298b2090
3a8982373a898237892093
0a201c120a201c12202024
76ded44276ded442de20e7
9dffff819dffff81ff116c
2cc6f0862cc6f086f010ef
2d215b5d2d215b5d5d0062
0e0a201e0e0a201e20101f
2e2810182e2810182e302e
3920092e3920092e393038
25061d2c25061d2c2c002c
1606202416062024240024
0e0b1e1d0e0b1e1d1e101f
0712211a0712211a21101f
0812221c0812221c221021
1800182018001820200020
2b1709232b1709232b3029
3527052135270521353033
342e1018342e1018343033
2326150a2326150a262027
020a0a06020a0a060a100b
3c361a163c361a163c303a
a9a55335a9a55335a930ad
ffff7676ffff7676ff312e
ffff59bbffff59bbff3164
ffa81cccffa81cccff3108
1c76d8a41c76d8a4d810ca
b3ffff6fb3ffff6fff2172
64f9ff6564f9ff65ff110c
b14e3b9cb14e3b9cb130ae
ffce13e6ffce13e6ff3134
f93f9dfff93f9dffff0118
825effff825effffff011a
336fc3af336fc3afc310cf
0e3f461b0e3f461b461044
0907070f0907070f0f0010
b4711685b4711685b430ae
ff7c8fffff7c8fffff315e
ff0cffffff0cffffff01ae
fb63fffffb63ffffff01c2
b461ffffb461ffffff0170
8c2862a28c2862a2a200a6
204738232047382347204f
6e6a2a426e6a2a426e307c
69d7bd3f69d7bd3fd720e0
1492b2841492b284b210c4
1c2012001c201200202020
682a9ac0682a9ac0c000c4
527ef4ea527ef4eaf41109
40ebff7f40ebff7fff110b
508e7c14508e7c148e208f
6d9c6f066d9c6f069c209c
daffc411daffc411ff2121
8aa4621e8aa4621ea420a6
1d1703111d1703111d301c
060d0e03060d0e030e100d
0c1310030c131003132013
2030280620302806302030
40543e0040543e00542054
505c3810505c38105c205d
2b2811162b2811162b302d
0d05090b0d05090b0d300c
26164a4c26164a4c4c004f
1a59a0811a59a081a0109c
058ccb88058ccb88cb10c3
1789b5691789b569b510ac
105d7a45105d7a457a1073
0030462e0030462e461042
08172a2108172a212a1028
0b0c1d1a0b0c1d1a1d101c
0f0313170f031317170017
15070b1515070b15150016
190e0514190e0514193018
1e1502131e1502131e301c
231d0911231d0911233021
24210e0f24210e0f243024
2424120c2424120c242025
2427160924271609272028
2125170721251707252025
1b1f13051b1f13051f201f
13160d0413160d04162016
0e0d06050e0d06050e300d
0c0902070c0902070c300b
0904030809040308093008
0104070601040706071007
0407060104070601072007
0707030307070303072007
0b0a05040b0a05040b300a
0c0c06040c0c06040c200c
0c0c06040c0c06040c200c
0b0a05040b0a05040b300a
0603020506030205063005
01060b0801060b080b100a
0613160b0613160b161015
0d1d1d0b0d1d1d0b1d101f
12201e0812201e08202020
15201b0415201b04202020
131c1702131c17021c201c
1118130211181302182018
0d130f010d130f01132013
0e120e000e120e00122012
1219140112191401192019
151f1903151f19031f201f
18241e0418241e04242024
1b2821041b282104282028
1d2921031d292103292029
1a221a001a221a00222022
4b063d5a4b063d5a5a005a
104472541044725472106c
2aa3c8672aa3c867c810c0
0196e1940196e194e110d2
990b8dc7990b8dc7c700c7
ff992fdbff992fdbff310b
ff9f10b9ff9f10b9ff30f3
a4601076a4601076a43098
5632083c5632083c56304e
3223041d3223041d32302d
2728130e2728130e28202a
1522190215221902222022
3b371d153b371d153b303a
acd79813acd79813d720d7
b8ffee20b8ffee20ff211f
148eb670148eb670b610b4
b8651c97b8651c97b830b5
e4cf4e69e4cf4e69e430e8
5678560056785600782078
6b1841746b184174740076
d24862d2d24862d2d200de
c00daaf9c00daaf9f900f9
7a2abcd47a2abcd4d400d8
3a2c827c3a2c827c821083
2603222b2603222b2b002b
5c7052045c705204702070
bcfdc405bcfdc405fd20fd
eefff405eefff405ff2145
c8ffc402c8ffc402ff2110
6983530f6983530f832083
1d3e431a1d3e431a431043
b9ffe11cb9ffe11cff2113
ffffff0fffffff0fff218f
fcfff606fcfff606ff2152
799d6d0b799d6d0b9d209d
13221f0813221f08222022
0b242d1a0b242d1a2d102c
203f4217203f4217421043
0b1311050b131105132013
315e631e315e631e631062
5accde585accde58de10de
3ed8ff8a3ed8ff8aff1100
1d63a9891d63a989a910a9
4503355345033553530053
1330290c1330290c302031
686b2e29686b2e296b2072
2c052a3d2c052a3d3d003d
35635d2135635d21632068
3226042632260426323035
0352855e0352855e85107c
2080a25a2080a25aa2109c
397873283978732878207e
615c2326615c2326613063
3b3c938a3b3c938a931096
3cffffd63cffffd6ff1168
5cffffd25cffffd2ff1188
0093dc910093dc91dc10ce
4c1a284c4c1a284c4c0050
342e0e18342e0e18343033
0d06030c0d06030c0d300d
28160a2228160a22283028
25061f2e25061f2e2e002e
2302273223022732320032
1f05272f1f05272f2f002f
140f2a29140f2a292a102b
0e132a250e132a252a1029
1a0420261a042026260026
2e14102a2e14102a2e302e
402b002b402b002b40303c
46370c2746370c27463043
3d320d203d320d203d303b
2314051a2314051a233020
102e3418102e3418341033
5c846c0e5c846c0e842084
b4cc841cb4cc841ccc20cd
fbf1715ffbf1715ffb3103
e39e0596e39e0596e330d9
385dcaaf385dcaafca10c6
75ffff9b75ffff9bff1156
59eeff6a59eeff6aff1104
63025d7463025d74740074
ee714ad3ee714ad3ee30ef
ea20bcffea20bcffff0125
a918c9ffa918c9ffff0105
79490f6179490f61793079
0759755b0759755b75107f
7f431f7f7f431f7f7f008f
3a5b36033a5b36035b205b
6811347768113477770078
6d046b8c6d046b8c8c008c
1f68cb981f68cb98cb10b8
5626b2b65626b2b6b600b9
f7a823bcf7a823bcf730fc
ee9226b6ee9226b6ee30e9
1e92e8b21e92e8b2e810e6
54ffff8b54ffff8bff112b
142e2414142e24142e2032
0db5f7a10db5f7a1f710f2
6187ffff6187ffffff1132
8c028eca8c028ecaca00ca
25322f0025322f00322032
9b41359b9b41359b9b00a8
1e72caa41e72caa4ca10c7
6adfe64f6adfe64fe610ec
6290740662907406902090
23220d1023220d10233025
050a1510050a1510151012
051b2515051b2515251022
12333c1d12333c1d3c103a
2448481a2448481a48104c
2f473d092f473d09472047
1f322d041f322d04322032
07384b2a07384b2a4b1046
0c5d946d0c5d946d94108f
1a75c69b1a75c69bc610c2
1973c5971973c597c510bd
0f5d9b710f5d9b719b1092
0a3d66490a3d664966105f
0c1f3c2f0c1f3c2f3c1038
0f0e25220f0e2522251024
0f081b1c0f081b1c1c001d
1200121812001218180018
1709091517090915173016
1a0e04141a0e04141a3018
1f1703131f1703131f301d
241f0a11241f0a11243023
2524110e2524110e253026
2628160a2628160a282029
24291a0724291a07292029
21281b0421281b04282028
1a2016021a201602202020
12150e0312150e03152015
0c0c06040c0c06040c200c
0908030409080304093008
0604000406040004063005
0101030301010303030003
0202020002020200021002
0605020306050203063005
0a0a04040a0a04040a200a
0c0c06040c0c06040c200c
0c0d08030c0d08030d200d
090b0701090b07010b200b
0200020202000202020002
030b0d07030b0d070d100d
0814160a0814160a161016
0e1a1a080e1a1a081a101b
121b1603121b16031b201b
161b1203161b12031b201b
191b0f07191b0f071b201b
18180c0818180c08182019
14130a0714130a07143014
12130a0512130a05132013
161a1004161a10041a201a
1b2117031b211703212021
1d251b011d251b01252025
1e281e001e281e00282028
1e281e001e281e00282028
1820180018201800202020
6f26336c6f26336c6f3072
0f385f460f385f465f1059
59bcbf4059bcbf40bf10c6
4dd1ed674dd1ed67ed10e9
5934abae5934abaeae00b5
ff8c41e6ff8c41e6ff310d
ffd902dbffd902dbff3134
f4b31a91f4b31a91f430e6
846a1e40846a1e4084307b
3a3b200f3a3b200f3b203c
2432280424322804322032
1b281f041b281f04282028
2438340a2438340a382038
9af2d2249af2d224f220f4
ccffff44ccffff44ff215c
48b8c45648b8c456c410cb
8e7626488e7626488e308a
e4ffba1de4ffba1dff2118
85d0ab1a85d0ab1ad020d1
153c6752153c6752671065
6c0e52826c0e5282820082
760e6294760e6294940094
660f567f660f567f7f007f
5220285252202852520058
43401d1a43401d1a433045
5a9890245a98902498209c
91ffff5591ffff55ff211c
aaffff51aaffff51ff2139
97d9a50b97d9a50bd920d9
7251025172510251723072
2650a08a2650a08aa0109f
5affff875affff87ff1120
c9ffff4fc9ffff4fff2165
d3ffe507d3ffe507ff2127
8a9f661d8a9f661d9f20a1
3c3c1e143c3c1e143c203f
252f2101252f21012f202f
26372c0526372c05372037
05060f0a05060f0a0f100b
4399a13b4399a13ba110a3
6cffff846cffff84ff1131
33f0ffb233f0ffb2ff112a
49359b9d49359b9d9d00a5
7a5b0a4d7a5b0a4d7a3077
092c3920092c3920391036
8128498a8128498a8a008f
880996c7880996c7c700c7
65259db365259db3b300b6
6e3d16596e3d16596e306b
65845f0465845f04842084
3b5d4f173b5d4f175d205f
3e220e303e220e303e303a
6e08789c6e08789c9c009c
498fffef498fffefff1116
23fffffc23fffffcff1184
34ffffbf34ffffbfff1143
1e4d96731e4d967396108a
67410d4b67410d4b673063
614a093c614a093c61305f
2e170a272e170a272e302d
0907050309070503093007
0c0d22210c0d2221221023
21062b3421062b34340034
28012a3728012a37370037
1f092d331f092d33330033
170f2d2d170f2d2d2d002f
1c06242a1c06242a2a002a
2d11132b2d11132b2d302e
422b022d422b022d42303e
4d3b0b2d4d3b0b2d4d304a
4a380a2a4a380a2a4a3046
2e1a06242e1a06242e302c
09272f1909272f192f102e
4e715a094e715a09712071
839963138399631399209a
b8a8404cb8a8404cb830b8
b8602e9cb8602e9cb830b7
4767dbcb4767dbcbdb10e3
37dfff9737dfff97ff110d
4e95861d4e95861d952097
222c1818222c18182c2032
2006222e2006222e2e002e
5006567a5006567a7a007a
733633727336337273307e
bbd6613abbd6613ad620dd
89af651389af6513af20b0
4371590f4371590f712071
6f9c5b046f9c5b049c209c
16306e5616306e566e1062
60147ca260147ca2a200a3
ddb53779ddb53779dd30d9
568c801c568c801c8c208e
d75f4bc5d75f4bc5d730da
ff7581ffff7581ffff3146
895effff895effffff012d
0391e3990391e399e310d2
496a4100496a41006a206a
98ffff5e98ffff5eff213e
1c84a8641c84a864a810a5
71853f2371853f23852089
1c737c3f1c737c3f7c1083
620a7094620a7094940094
413fa7a3413fa7a3a710ae
1583b3691583b369b310a7
285e6424285e6424641064
11170f0311170f03172017
02111e1502111e151e101b
03293b2503293b253b1037
073d5535073d5535551050
07405b3a07405b3a5b1056
033751330337513351104b
05405b3605405b365b1053
116f9355116f935593108b
0f91c57d0f91c57dc510bf
0a7bbe890a7bbe89be10b8
185292721852927292108c
1335654f1335654f65105f
0d2243340d22433443103e
0f122b260f122b262b102a
12081e2012081e20200020
1204181c1204181c1c001c
15040f1815040f18180018
180c0614180c0614183017
180f0211180f0211183016
1e1806101e1806101e301c
2422100e2422100e243024
2629180926291809292029
242c1e04242c1e042c202c
212c2100212c21002c202c
1e2a20021e2a20022a202a
161f1801161f18011f201f
0f140f000f140f00142014
090c0900090c09000c200c
0608060006080600082008
0304030003040300042004
0000000000000000000000
0000000000000000000000
0304030003040300042004
0809060108090601092009
0a0c08020a0c08020c200c
0c0e08020c0e08020e200e
0a0a04040a0a04040a200a
0302050603020506060006
050d0d05050d0d050d100d
0c1412040c141204142014
0f1713030f171303172017
1116110011161100162016
14160e0414160e04162016
18180c0818180c08182019
19180b0a19180b0a19301a
16160a0816160a08162017
14140a0614140a06142014
18190e0718190e07192019
1f2213081f221308222022
2227180722271807272027
23291b0523291b05292029
21291d0321291d03292029
1a2118011a211801212021
61561d2e61561d2e613061
0e1716030e171603172017
9bc58b0f9bc58b0fc520c5
baffd60ebaffd60eff210c
248bac59248bac59ac10a5
bd5b37a9bd5b37a9bd30bf
fffc2ec2fffc2ec2ff313e
ffff5a92ffff5a92ff312f
bbb45342bbb45342bb30bf
4e6146034e614603612061
1c3e421c1c3e421c421044
021e2c1e021e2c1e2c102a
424f320b424f320b4f204f
bfffd10dbfffd10dff210d
fbffff1bfbffff1bff216a
78b3981778b39817b320b4
6e9166056e916605912091
dffff50fdffff50fff213b
9ef3cc1f9ef3cc1ff320f4
245f682d245f682d681069
230c333a230c333a3a003b
3b0d29433b0d2943430044
4c211e474c211e474c304e
5e3f04435e3f04435e305b
707740257077402577207c
92e4c42092e4c420e420e6
a5ffff66a5ffff66ff214a
7cffff657cffff65ff1112
4960450249604502602060
4b1d79894b1d798989008c
4b6cebda4b6cebdaeb10f3
07c7ffc107c7ffc1ff1115
74fdff6174fdff61ff110e
a2e3b405a2e3b405e320e3
889d641d889d641d9d209f
4c57380d4c57380d572057
293d3309293d33093d203d
1d2e25081d2e25082e202e
0f2931150f29311531102e
6cd2ca406cd2ca40d220db
a8ffff5da8ffff5dff214e
6df2f95e6df2f95ef91103
2c114e512c114e51510052
999b413d999b413d9b20a6
6788590e6788590e882088
0b33513f0b33513f511051
39246f7839246f7878007d
5c1246705c124670700071
98943c3c98943c3c98309f
93b16b1593b16b15b120b2
453101274531012745303e
26468a7426468a748a1087
4d64ddcc4d64ddccdd10e3
31aafff031aafff0ff1126
22f2ffc822f2ffc8ff1139
28afe27928afe279e210d4
1c1e4c401c1e4c404c1046
5d4307375d4307375d3056
684b0843684b0843683064
4f3501394f3501394f304d
34361c1034361c10362038
0f2f371d0f2f371d371037
1b1033361b103336360038
2d002d3c2d002d3c3c003c
28032c3928032c39390039
20072a3120072a31310031
1d0321291d032129290029
29110f2529110f25293028
3b2b07233b2b07233b3037
473d1521473d1521473045
433b151f433b151f433042
2c240a182c240a182c302b
0b1413060b141306142014
525a3414525a34145a205c
7f722b367f722b367f307e
9e561c769e561c769e3092
a00b8acda00b8acdcd00cd
6156dbe26156dbe2e200f1
18569c7c18569c7c9c1096
1d130b151d130b151d301c
622e2060622e206062306a
794b195f794b195f793079
4f1831544f183154540057
002e3832002e3832381043
a49a2c4aa49a2c4aa430aa
f4794ae3f4794ae3f43101
7756f3ff7756f3ffff010f
4531918f4531918f911097
7ba165057ba16505a120a1
06273a3306273a333a1040
d0ffae18d0ffae18ff210d
99ffd32699ffd326ff210a
4e073a5f4e073a5f5f005f
9d6e1d609d6e1d609d3092
14080a1414080a14140015
4b2a0f344b2a0f344b3042
4384611c4384611c842086
f7ff9545f7ff9545ff211b
ac6b0281ac6b0281ac30a7
198eab62198eab62ab10ac
43a3a93943a3a939a910ac
08456e4f08456e4f6e1068
2632746e2632746e741078
0e4174590e41745974106e
01293f2701293f273f1038
0203020102030201032003
0625321d0625321d32102f
073d5535073d5535551050
034b6d47034b6d476d1067
0b406b500b406b506b1066
1833665318336653661061
0a51845d0a51845d84107b
1792c1721792c172c110b9
1ca0d07c1ca0d07cd010ca
0364976803649768971090
112e5744112e5744571052
0b1c372a0b1c372a371032
0715271f0715271f271025
0b0c1d1a0b0c1d1a1d101c
0d0515170d051517170017
0f0111150f011115150015
13060b1413060b14140014
190f0313190f0313193018
1a1202101a1202101a3018
1d1a0b0c1d1a0b0c1d301c
2227180722271807272027
242f2201242f22012f202f
2130270421302704302030
1e2e26061e2e26062e202e
1b2821041b282104282028
151d1701151d17011d201d
0f140f000f140f00142014
090d0b01090d0b010d200d
0508070205080702082008
0103030101030301031003
0000000000000000000000
0001020100010201021001
0205060302050603061005
0308090403080904091008
060b0a03060b0a030b200b
090c0900090c09000c200c
0806020408060204083007
0202060602020606060006
050a0b04050a0b040b100a
0d130f010d130f01132013
11150f0111150f01152015
10130c0310130c03132013
12130a0512130a05132013
15150b0715150b07152016
18180c0818180c08182019
18180c0818180c08182019
1514090815140908153015
18180c0818180c08182019
2021120920211209212022
2528170a2528170a282029
272c1b08272c1b082c202c
242b1c05242b1c052b202b
1c2318031c231803232023
367472283674722874207a
28042a3628042a36360036
c1c26142c1c26142c220cc
ffffbf38ffffbf38ff213b
a6dda007a6dda007dd20dd
3f1323433f132343430045
fff35b7bfff35b7bff3110
ffff997affff997aff315a
f2ff8c44f2ff8c44ff2108
7492660674926606922092
274f4f1d274f4f1d4f1054
09182f2609182f262f102c
605b2427605b2427603063
eeffa82eeeffa82eff2115
ffffe836ffffe836ff216e
acba722aacba722aba20be
5a8766075a876607872087
f9ffd719f9ffd719ff2139
d5fea920d5fea920fe2100
64714a1164714a11712072
141a1602141a16021a201a
0f030b110f030b11110011
2a1708212a1708212a3028
513f0d2f513f0d2f51304e
8e9d5a278e9d5a279d20a1
dbffe505dbffe505ff212f
e6ffff3be6ffff3bff216f
76d9d64776d9d647d920e4
101b0c09101b0c091b201c
289ab864289ab864b810b7
1288e0ac1288e0ace010db
0c7bca950c7bca95ca10c1
4094a4404094a440a410a1
82a3740d82a3740da320a3
91984f3091984f3098209f
7272362a7272362a722079
4c4d28154c4d28154d204f
2918051a2918051a293023
115a7744115a7744771070
6aeffa676aeffa67fa1104
a4ffff54a4ffff54ff2139
80d5bc2380d5bc23d520d7
061322150613221522101c
928d3c39928d3c39923098
b59c2962b59c2962b530b8
936a0364936a0364933091
6a4908416a4908416a3061
0a1418160a14181618101d
7d9c5d147d9c5d149c209d
a8a04244a8a04244a830ad
59044b7059044b70700070
0f7ebb880f7ebb88bb10b9
0989c98d0989c98dc910c4
179acf7e179acf7ecf10c6
49b3cb5749b3cb57cb10c7
38727a2a38727a2a7a1079
0706110e0706110e11100f
3439240934392409392039
3d4227103d422710422043
3f4e350a3f4e350a4e204e
3b6153113b615311612062
174a532a174a532a531055
1618383416183834381039
28012a3728012a37370037
2901293729012937370037
2602243226022432320032
2306192823061928280028
2817041d2817041d283025
3331171333311713333034
3a41280b3a41280b412041
333e2b06333e2b063e203e
222e2200222e22002e202e
0b010b0d0b010b0d0d000d
4a3b0e274a3b0e274a3046
714a014c714a014c71306a
6d1347776d134777770078
542782955427829595009a
3f175f733f175f73730075
322c0418322c0418323032
0c30281c0c30281c302037
3c2e16143c2e16143c3032
4c441c1c4c441c1c4c3049
300d1c39300d1c3939003a
1d210d171d210d17212028
4e195c6f4e195c6f6f0071
bf1091f2bf1091f2f200f2
a50cb7f2a50cb7f2f200f2
ae3e6aacae3e6aacae30b6
ffb217b6ffb217b6ff30fe
b7159befb7159befef00ef
1af3ffcd1af3ffcdff113d
60e2de5060e2de50e220ef
0b1d41330b1d413341103a
0fc5ffaf0fc5ffafff1107
8061ffff8061ffffff0123
f24d76fff24d76ffff010c
5416325c5416325c5c005e
ac8e2e62ac8e2e62ac30ac
c47318a3c47318a3c430c7
1f306d5c1f306d5c6d1067
558a7b0e558a7b0e8a208a
4a725e0c4a725e0c722072
153e4726153e4726471048
021e3224021e322432102e
06020c0c06020c0c0c000c
0c1e200e0c1e200e201021
113e4b26113e4b264b1048
11546d3e11546d3e6d1068
07577b4f07577b4f7b1075
0e4372550e43725572106c
1a39705b1a39705b70106b
0563996905639969991090
229fca73229fca73ca10c4
208fb465208fb465b410af
033e6142033e614261105a
0e112a230e112a232a1026
03111d1503111d151d101b
00111a1100111a111a1018
0409120f0409120f121011
08040e0e08040e0e0e000e
0a000a0e0a000a0e0e000e
1006060e1006060e10300f
1610020e1610020e163015
1917090b1917090b193019
1b1f13051b1f13051f201f
212c2100212c21002c202c
24352c0524352c05352035
20342e0a20342e0a342034
1a2d2a0b1a2d2a0b2d202e
1524210815242108242024
101b1805101b18051b201b
0c1310030c131003132013
080d0a01080d0a010d200d
0608060006080600082008
0202020002020200021002
0000000000000000000000
0103030101030301031003
0307070303070703071007
03090b0503090b050b100a
04090a0504090a050a100a
0408080204080802081008
0304030003040300042004
0103030101030301031003
0508070205080702082008
0c110e010c110e01112011
0f140f000f140f00142014
0e110c010e110c01112011
0f110b030f110b03112011
12130a0512130a05132013
16170c0716170c07172018
18170a0918170a09183018
1614080a1614080a163016
1a180a0a1a180a0a1a301a
1f20110a1f20110a202021
2629180926291809292029
282f1e07282f1e072f202f
262c1c06262c1c062c202c
1f2417061f241706242024
2a74843c2a74843c841082
210d3537210d3537370038
b8b14e45b8b14e45b830bd
ffffa75bffffa75bff2147
ffff8b56ffff8b56ff211b
423b1621423b1621423043
a9bd6f2ba9bd6f2bbd20c1
ffffc154ffffc154ff215c
ffffb942ffffb942ff2140
a3be771aa3be771abe20bf
485d4203485d42035d205d
101e1e08101e1e081e101f
4e481a204e481a204e304e
ecf37c4becf37c4bf320fe
ffffbe6affffbe6aff2171
e6ea7c4ee6ea7c4eea20f6
313c230a313c230a3c203c
ffff875fffff875fff211f
ffff7476ffff7476ff3122
b1973553b1973553b130ac
47370f2347370f23473041
0f0d05050f0d05050f300d
0f08010a0f08010a0f300c
3735191537351915373039
91aa6b1a91aa6b1aaa20ab
ffffe817ffffe817ff2151
ffffff0fffffff0fff2187
a3d7a301a3d7a301d720d7
374d2f09374d2f094d204d
9ee7b0099ee7b009e720e7
5eaaa2305eaaa230aa20b0
175473421754734273106a
2053662f2053662f66105f
506e5606506e56066e206e
777c3f28777c3f287c2082
887a2a42887a2a4288308a
745b1241745b124174306f
39052d4139052d41410041
207f944f207f944f941095
77ebe34d77ebe34deb20f7
a0f8d826a0f8d826f820fa
87ab7f0987ab7f09ab20ab
26210a1726210a17263028
4d55370b4d55370b552055
88640c5288640c52883081
ac612291ac612291ac30ae
bd7e0188bd7e0188bd30b9
51431b2751431b2751304d
74411a6174411a61743074
db5f4dcddb5f4dcddb30e1
a901a3e7a901a3e7e700e7
444aa4a0444aa4a0a410b0
0e4a50280e4a5028501054
717133317171333171207b
aea04a46aea04a46ae30ae
7c6b2e337c6b2e337c3076
1f0217221f021722220022
1237401f1237401f40103f
173e4720173e4720471045
285c6024285c6024601062
3774732a3774732a74207b
1c4d56271c4d5627561056
0717291f0717291f291026
14041a1e14041a1e1e001e
19011b2319011b23230023
2008142420081424240024
2213061b2213061b223021
2424120c2424120c242025
2c3c2e022c3c2e023c203c
2d473d0b2d473d0b472047
25413b0f25413b0f412042
1932311019323110322034
06101e1606101e161e101b
361a0e2c361a0e2c363033
55261b4c55261b4c553054
4004445c4004445c5c005c
211a4748211a474848004c
3032141430321414322035
406c5c1a406c5c1a6c206f
0f1311090f131109132015
1e5b6a391e5b6a396a106b
1839786318397863781072
4c065c6e4c065c6e6e006e
20528e7620528e768e108f
11648b6c11648b6c8b1093
3918032c3918032c393032
1a546a3c1a546a3c6a1067
04354c4d04354c4d4d005d
48201e4448201e4448304b
711691c8711691c8c800c9
115e9d80115e9d809d109e
573e113c573e113c573056
376ebfae376ebfaebf10cd
1fffffc31fffffc3ff1145
327fe4bd327fe4bde410e3
dea60a94dea60a94de30de
aac15c35aac15c35c120c8
3617062f3617062f363034
9a862c529a862c529a309d
3d28092e3d28092e3d303c
4a6956034a695603692069
6889620568896205892089
3549370335493703492049
0b100d020b100d02102010
0713150907131509151015
13343b1a13343b1a3b103a
1d55632f1d55632f631061
1c687e421c687e427e107b
0e5e7e4c0e5e7e4c7e1078
08446e4e08446e4e6e1067
0d4371530d43715371106a
0f71995d0f71995d991092
3097b0593097b059b010af
246d803d246d803d80107c
001e301e001e301e30102a
09030f0f09030f0f0f000f
020d120b020d120b121011
040f1209040f1209121011
00080c0800080c080c100b
0304090803040908091008
0600060806000608080008
0a0700070a0700070a3009
11120b0411120b04122012
151c1500151c15001c201c
18241e0418241e04242024
1e302a081e302a08302030
2239320b2239320b39203a
1f36310c1f36310c362037
182b280b182b280b2b202c
12201e0812201e08202020
0f1815040f181504182018
0c110e010c110e01112011
0a0b08010a0b08010b200b
0708050207080502082008
0303010103030101032003
0001020100010201021001
0205060302050603061005
0308090403080904091008
040b0c05040b0c050c100c
02090c0702090c070c100b
0105090701050907091008
0203060502030605061005
0604000406040004063005
0909050309090503092009
0e100a020e100a02102010
10130c0310130c03132013
0f1009040f100904102010
0f1009040f100904102010
1111090511110905112011
1514090815140908153015
1815080b1815080b183017
1814060c1814060c183017
1b18090c1b18090c1b301a
2121110b2121110b212022
272a170a272a170a2a202b
2b301d0a2b301d0a302031
292d1b09292d1b092d202d
2124150821241508242024
5b6f4f095b6f4f096f206f
1117150111171501172017
848c4c22848c4c228c2090
ffff8c58ffff8c58ff2121
ffff767cffff767cff3130
a5831d61a5831d61a530a3
40685a1040685a10682069
ffffbf39ffffbf39ff213a
ffffc94cffffc94cff215e
d2dd7a39d2dd7a39dd20e4
6c662e286c662e286c306d
342b0c1d342b0c1d343033
1b1e13021b1e13021e201e
b7b75b3db7b75b3db720c0
ffffa870ffffa870ff215e
ffff9863ffff9863ff2139
2d3825082d382508382038
d5c14965d5c14965d530d9
ffff6692ffff6692ff3138
f0d34c6ff0d34c6ff030ee
7668263276682632763073
231f0b0d231f0b0d233021
0101030301010303030003
232c1f02232c1f022c202c
849c6214849c62149c209d
ffffb63effffb63eff213e
ffffc470ffffc470ff2186
ffec5a7affec5a7aff3109
1b254d471b254d474d1050
9ae2b0089ae2b008e220e2
94cc9a0294cc9a02cc20cc
376e7128376e7128711075
044d744f044d744f74106e
02476c4b02476c4b6c1067
20494e1f20494e1f4e104f
535c3118535c31185c205f
68510a4168510a41683067
39072d4939072d49490049
3264581e3264581e642068
a6b25a34a6b25a34b220b9
e9c43b7ae9c43b7ae930e6
e09c108ee09c108ee030d2
8733357d8733357d873087
28235c5b28235c5b5c1061
05101f1c05101f1c1f1020
3f2803323f2803323f3040
aaae5644aaae5644ae20ba
83c79f0f83c79f0fc720c7
3b4599913b4599919910a0
c4199af1c4199af1f100f2
cc2498f8cc2498f8f800fa
9442348e9442348e94309c
27565b2627565b265b105e
9a2568b99a2568b9b900bc
ffb812d8ffb812d8ff311b
f2a60e98f2a60e98f230e1
5c261a4a5c261a4a5c3053
06303e2206303e223e103a
1b42491e1b42491e491048
3061622330616223621067
3e6e661c3e6e661c6e2071
263f380b263f380b3f203f
0d110d010d110d01112011
0709070107090701092009
0207080502070805081008
0d0b03070d0b03070d300d
171e1502171e15021e201e
1f3129071f312907312031
2846401028464010462047
294c4916294c49164c204f
2040401620404016401043
1630321216303212321033
031a2314031a2314231020
1b0019221b001922220022
320b2037320b2037370038
2b0433422b043342420042
2a042a382a042a38380038
5e551a2b5e551a2b5e305f
7877382b7877382b78307e
1f0d272f1f0d272f2f0030
32868a3832868a388a1091
0356815603568156811079
47196b7b47196b7b7b007d
213c7970213c797079107f
0412181204121812181019
0ea2e08a0ea2e08ae010d4
3bc6ffff3bc6ffffff115b
e413d0ffe413d0ffff0137
ffa716b9ffa716b9ff30f9
793c2350793c2350793064
3a4fa68f3a4fa68fa610a3
883ed2fc883ed2fcfc0103
7135abcd7135abcdcd00d3
569b8015569b80159b209c
8d570d778d570d778d3093
20a9cc7920a9cc79cc10cf
6dddcd396dddcd39dd20e4
0c16281e0c16281e281025
7e7f3a2f7e7f3a2f7f2087
5c43003f5c43003f5c305b
15556b3b15556b3b6b1067
41837f2941837f29832089
2043401520434015432046
0104050401040504051005
1122230c1122230c231024
1f484d1e1f484d1e4d104e
2a6b76332a6b7633761076
2775894327758943891086
125f7c47125f7c477c1076
0243664502436645661060
02496a4502496a456a1064
2473864324738643861085
3c7f82313c7f8231821088
294b4913294b49134b204d
0a1010020a101002101010
0102030201020302031002
060c0c04060c0c040c100c
080e0e04080e0e040e100e
0308090403080904091008
0003040300030403041004
0201000102010001023001
0609080106090801092009
0d1613040d161304162016
12201e0812201e08202020
1529290d1529290d29102b
1a3434121a343412341037
1d3837121d38371238203a
1c33300d1c33300d332034
1827220718272207272027
131c1702131c17021c201c
11150f0111150f01152015
0d0f09030d0f09030f200f
0a0a04040a0a04040a200a
0908030409080304093008
0604000406040004063005
0202040402020404040004
0106070401060704071007
0308090403080904091008
060c0c04060c0c040c100c
040c0e06040c0e060e100d
02050a0902050a090a100a
0600060806000608080008
0805000508050005083007
0a0b06030a0b06030b200b
0e0f08030e0f08030f200f
1010080610100806102011
1210060812100608123011
1210060812100608123011
1210060812100608123011
1411060914110609143013
1614080a1614080a163016
1714070a1714070a173016
19180b0a19180b0a19301a
2122110a2122110a222023
2729170b2729170b29202a
2d301b0c2d301b0c302031
2b2e190c2b2e190c2e202f
2424120c2424120c242025
966e0a5e966e0a5e963090
5c2824585c2824585c3060
1e5866341e586634661066
a6ca8614a6ca8614ca20ca
f4f77a59f4f77a59f72106
c9b8475ec9b8475ec930ce
0b0615180b061518180018
e3f28544e3f28544f220fb
ffffaf73ffffaf73ff2169
ffff7863ffff7863ff3111
8f7b2f3d8f7b2f3d8f3089
47390f2547390f25473043
0e0806100e080610100011
7176431c7176431c762079
ffff915affff915aff2129
ffff997bffff997bff215b
ada13d51ada13d51ad30b4
4f5d3d0f4f5d3d0f5d205e
faff8258faff8258ff2110
ffff7b5dffff7b5dff2113
9d9945399d9945399d30a3
3b3313193b3313193b3038
0c04040a0c04040a0c300a
1a2116011a211601212021
73753b2173753b21752079
ffec5e6affec5e6aff3102
ffff54c6ffff54c6ff316e
fff504f5fff504f5ff315a
b52c77ceb52c77cece00d2
189dd277189dd277d210c5
63d3d34363d3d343d310dd
369eb050369eb050b010b1
08649a7008649a709a1096
312e7572312e757275107a
2b0e3f4a2b0e3f4a4a004b
10140a0210140a02142014
501a2e58501a2e5858005b
6112497c6112497c7c007d
2403283b2403283b3b003b
60390e4d60390e4d60305f
ea8b1cb9ea8b1cb9ea30e7
ffae13ccffae13ccff310c
c0573ea7c0573ea7c030bc
60045c7e60045c7e7e007e
6037124f6037124f603060
2319011523190115233020
8fc393058fc39305c320c3
c2ffee1cc2ffee1cff2127
36a2b45636a2b456b410b7
51156d8151156d81810082
92472c8592472c85923096
bfcb6743bfcb6743cb20d5
8efffe498efffe49ff2116
664ddcdf664ddcdfdf00eb
ffc93cffffc93cffff3160
ffff19ecffff19ecff3163
c27d047fc27d047fc230b2
1e1338331e133833381036
1c474c1f1c474c1f4c104d
325e581c325e581c5e2062
3a58480a3a58480a582058
2a2a14102a2a14102a202c
1e0c0c1e1e0c0c1e1e0020
2110091c2110091c213020
1a0d06151a0d06151a3018
050c1712050c1712171015
0c242a140c242a142a1029
18373a1718373a173a103b
254a4918254a49184a204d
284d4a17284d4a174d2050
1e3c3c141e3c3c143c103f
152d2f11152d2f112f1030
0a1f24110a1f2411241023
070e1b16070e1b161b101a
14051a1f14051a1f1f001f
1807222718072227270027
2a0820302a082030300030
6b4507496b4507496b3064
9763076d9763076d973093
4d014f6f4d014f6f6f006f
1e7288441e728844881084
2a6562212a65622165206a
092629180926291829102c
0e0902030e0902030e3009
0a55663f0a55663f661069
66ffff7d66ffff7dff112f
48ffffac48ffffacff1146
b03864beb03864bebe00c6
ffff4ea5ffff4ea5ff3145
a74c378ca74c378ca7309f
05b2f5a005b2f5a0f510ef
3b50afa83b50afa8af10ba
75670f4d75670f4d753080
2f29535b2f29535b5b0063
a61c74cea61c74cece00cf
3d52bfb03d52bfb0bf10c2
3089a4453089a445a41099
0217220d0217220d22101a
5e531c295e531c295e305c
61262b6261262b62620069
1e4b90791e4b907990108e
0262906002629060901089
0e2442340e24423442103f
1b1201101b1201101b3018
21352f0921352f09352035
2f5d5d1f2f5d5d1f5d1062
397e8332397e8332831087
307c883c307c883c881089
185a6e3a185a6e3a6e106b
083e5432083e543254104f
1547552b1547552b551053
3767631f3767631f67206b
4462500844625008622062
3135210d3135210d352036
1912031019120310193018
0d0901070d0901070d300b
0b0d09010b0d09010d200d
0a0f0c010a0f0c010f200f
0508070205080702082008
0000000000000000000000
0004060400040604061005
030c0f08030c0f080f100e
0b191b0b0b191b0b1b101b
1024260e1024260e261026
152f3113152f3113311032
18373a1718373a173a103b
1735391717353917391039
142d3013142d3013301030
0f20210c0f20210c211022
0d1613040d161304162016
0e120c020e120c02122012
0e0d06050e0d06050e300d
0c0902070c0902070c300b
0c0800080c0800080c300b
0904030809040308093008
0400040604000406060006
0104050201040502051004
0608060006080600082008
090c0900090c09000c200c
0a0f0c010a0f0c010f200f
0307070303070703071007
0403000304030003043004
0607040106070401072007
090b0701090b07010b200b
0c0c06040c0c06040c200c
0f0d05070f0d05070f300e
120f0409120f0409123011
1310050a1310050a133012
1411060914110609143013
1210060812100608123011
1514090815140908153015
15150b0715150b07152016
17180d0617180d06182018
1e2012081e201208202020
2527150b2527150b272028
2d2f190d2d2f190d2f2030
2d2e190e2d2e190e2e2030
2625120d2625120d263027
8f4a2b7c8f4a2b7c8f3090
921f6caf921f6cafaf00b1
5c2596a95c2596a9a900ad
0a68905c0a68905c90108a
83b2830683b28306b220b2
b5cc7732b5cc7732cc20d2
41563d0841563d08562056
ad953155ad953155ad30ab
ffff8598ffff8598ff3164
ffff7d8dffff7d8dff314e
c2ab4053c2ab4053c230be
5a49142b5a49142b5a3054
2817082128170821283028
2f453b0d2f453b0d452046
c3d17531c3d17531d120d6
ffff7c7effff7c7eff313c
ffd73495ffd73495ff3105
460a3858460a3858580058
8fbc830c8fbc830cbc20bc
f3fc7d54f3fc7d54fc2109
cdb53f63cdb53f63cd30ce
75530b4775530b4775306d
2f1905212f1905212f3029
070c0902070c09020c200c
514315255143152551304c
c0911e69c0911e69c030b3
ffd913c3ffd913c3ff3123
ffdc1effffdc1effff3157
ff677cffff677cffff3120
664adad6664adad6da10e2
10b1f69510b1f695f610e7
25aad37225aad372d310cc
036b9965036b9965991093
2c174e532c174e53530056
3d2b012b3d2b012b3d303c
1b4241181b424118422046
27326b6427326b646b106f
70105a8e70105a8e8e008e
8f5d11718f5d11718f3092
41410f1f41410f1f412048
5b5833225b5833225b305e
b2c16c2fb2c16c2fc120c6
6e6a242e6e6a242e6e3073
2f0c293c2f0c293c3c003d
6d5b153f6d5b153f6d306e
524c2022524c2022523053
86b8880286b88802b820b8
fbffed0cfbffed0cff2148
95c8970295c89702c820c8
122d3215122d3215321031
514f2321514f2321513055
d5ffc510d5ffc510ff2116
feffff38feffff38ff2199
19cdffab19cdffabff110a
ffac3fffffac3fffff3139
ffff3cffffff3cffff31b3
ffde0cc6ffde0cc6ff3129
791a5384791a5384840086
1d37695b1d37695b69106a
09404f3009404f304f1050
2431220324312203312031
2a120e282a120e282a302b
2e0a1e342e0a1e34340034
3617143136171431363036
2e13122b2e13122b2e302f
160b2627160b2627270028
00273a2700273a273a1037
0c3848280c384828481044
1a4750251a475025501050
1f474b1d1f474b1d4b104c
193739151937391539103a
132a2b10132a2b102b102c
0d1f210d0d1f210d211021
0413180d0413180d181017
030c1510030c1510151014
060d1a15060d1a151a1018
15051b1f15051b1f1f001f
461d183b461d183b463041
7837266b7837266b783078
690e5988690e5988880088
223c8270223c827082107f
05425f3a05425f3a5f1057
030f1109030f1109111011
031c2318031c2318231024
3f6853143f685314682069
defe922edefe922efe2102
ffff5d87ffff5d87ff3124
502a8e9e502a8e9e9e00a3
72ffff6772ffff67ff111c
0349693b0349693b69105d
bcaf444fbcaf444fbc30c0
7e3d1a6d7e3d1a6d7e307c
25a3b76125a3b761b710bd
19859b5119859b519b109b
3e04445a3e04445a5a005a
2b0c49522b0c4952520052
103d542b103d542b54104a
041422140414221422101c
3b1c0b2c3b1c0b2c3b3034
3c0a465a3c0a465a5a005a
1b4887701b488770871085
183a725e183a725e72106e
2e0726372e072637370037
322f1413322f1413323032
334b3d07334b3d074b204b
40726a1c40726a1c722075
498b872b498b872b8b2091
3b7b7d2d3b7b7d2d7d1082
214f5523214f5523551056
1634381616343816381038
273f370b273f370b3f203f
43553d0343553d03552055
484d2e13484d2e134d204f
362f1219362f1219363035
221a0414221a0414223020
1612040c1612040c163015
1110070611100706113011
0f0f07050f0f07050f200f
0a0802060a0802060a300a
0402060604020606060006
00080c0800080c080c100b
0310150c0310150c151014
091c2110091c2110211020
0f292f150f292f152f102e
14343a1a14343a1a3a103a
15373d1b15373d1b3d103d
1332371813323718371037
0f272b130f272b132b102b
09181b0c09181b0c1b101a
080e0e04080e0e040e100e
0c0d08030c0d08030d200d
0d0b03070d0b03070d300d
0c0702090c0702090c300b
0d07030b0d07030b0d300d
0c05040b0c05040b0c300c
0904030809040308093008
0300030403000304040004
0407060104070601072007
090c0900090c09000c200c
0c0f0a010c0f0a010f200f
0708050207080502082008
0103030101030301031003
0608060006080600082008
0809060108090601092009
0909050309090503092009
0c0b04050c0b04050c300c
0f0c03080f0c03080f300e
1310050a1310050a133012
1513070915130709153015
1211080712110807123012
14150c0514150c05152015
13170f0313170f03172017
1418100214181002182018
181d1403181d14031d201d
2025180520251805252025
272c1b08272c1b082c202c
292e1b0a292e1b0a2e202f
2427160924271609272028
2714474a2714474a4a004c
691487a8691487a8a800a9
860284ba860284baba00ba
5603547556035475750075
324f4409324f44094f204f
b3b95f41b3b95f41b920c4
98a0563498a05634a020a8
3a2a04243a2a04243a3037
ffff767bffff767bff312d
ffff998dffff998dff3172
f7e15569f7e15569f730f8
7c5206527c5206527c3073
4d0d3d5d4d0d3d5d5d005d
23255b5b23255b5b5b0062
4575691d4575691d752078
cbc6594ecbc6594ecb30d4
ffce2a9cffce2a9cff3102
a8641688a8641688a830a8
1f4241181f424118422046
c8ae3668c8ae3668c830ca
fcb40ea8fcb40ea8fc30f6
d0860692d0860692d030c6
7a4c04527a4c04527a306f
2817041b2817041b283023
1d190b0b1d190b0b1d301b
654c1136654c113665305d
be881272be881272be30b1
ffaa02b0ffaa02b0ff30f4
ee7344d1ee7344d1ee30ee
81109dc281109dc2c200c2
1178c7901178c790c710bb
2287a6572287a657a610a0
1d535d291d535d295d105c
09020f0e09020f0e0f100e
3449300334493003492049
4a6c4c024a6c4c026c206c
3857400538574005572057
0e04060c0e04060c0e300c
6973391f6973391f732077
6e5e103e6e5e103e6e3070
03578d6103578d618d1082
43bdd56943bdd569d510d8
04394a3304394a334a104c
0929392509293925391037
805a0658805a065880307d
8f8137418f8137418f3090
607f5609607f56097f207f
ffffc241ffffc241ff2145
d8e07a40d8e07a40e020e8
504418245044182450304c
28423a0c28423a0c422043
daffd405daffd405ff2123
ffffff02ffffff02ff21d4
bbffff2cbbffff2cff2133
a6680a78a6680a78a6309e
ffff7db4ffff7db4ff3189
ffff26cbffff26cbff314a
bb4457bcbb4457bcbc00c7
6404588064045880800080
26071a2926071a29290029
1301111d1301111d1d001d
2d02273a2d02273a3a003a
360c243c360c243c3c003d
3f1a193a3f1a193a3f303f
3b151d3b3b151d3b3b003e
2509333b2509333b3b003b
0e2748390e274839481045
003650360036503650104c
0c3e502e0c3e502e50104d
133b4521133b4521451043
1330351613303516351034
1126291011262910291029
0c1c1e0c0c1c1e0c1e101e
0713150907131509151015
0410140a0410140a141012
0313190f0313190f191018
050f1b15050f1b151b1019
1b021b221b021b22220022
3909273f3909273f3f003f
4400445e4400445e5e005e
321b5e63321b5e63630066
26164c4c26164c4c4c004f
2f121b302f121b30300033
3a2702253a2702253a3035
653d0541653d0541653059
e68f0899e68f0899e630d1
ffa742ffffa742ffff313a
d108ddffd108ddffff012e
2ca6ffe02ca6ffe0ff1116
5438a6985438a698a610a1
db7a1fa8db7a1fa8db30cf
b44944b3b44944b3b430c1
0a568e660a568e668e1085
3f6b670f3f6b670f6b206c
1220240812202408241020
120e2c2e120e2c2e2e0030
11264d4011264d404d104a
2215424122154241421044
3602364836023648480048
2423545124235451541058
09436b4f09436b4f6b1067
191d453f191d453f451045
3b2901273b2901273b3038
424b2e0d424b2e0d4b204c
415f4d09415f4d095f205f
4f8171174f817117812083
57907f1c57907f1c902092
4572651645726516722074
2a4036082a403608402040
22291c0522291c05292029
3437200d3437200d372038
464828144648281448204a
4645221946452219463049
3733151737331517373037
26200a1226200a12263024
1c17060f1c17060f1c301b
1813040d1813040d183017
140d000d140d000d143012
1008040e1008040e103010
09020d0e09020d0e0e000e
030c1510030c1510151014
00141e1400141e141e101c
06212c1906212c192c1029
0c2f3a1f0c2f3a1f3a1038
0f3641220f36412241103f
0f333d1f0f333d1f3d103b
0f2b31170f2b3117311030
0d1f210d0d1f210d211021
09100f0409100f04102010
0708050207080502082008
0b0801060b0801060b300a
0d08010a0d08010a0d300c
0e06040c0e06040c0e300d
0e05060d0e05060d0e300d
0e06060e0e06060e0e000f
0f07050d0f07050d0f300e
0a03060b0a03060b0b000b
0304090803040908091008
040a0a04040a0a040a100a
090c0900090c09000c200c
0707030307070303072007
0101030301010303030003
0407060104070601072007
0608060006080600082008
0608060006080600082008
0809060108090601092009
0909050309090503092009
0f0f07050f0f07050f200f
13140b0613140b06142014
12140c0412140c04142014
1217100112171001172017
1218120012181200182018
1218120012181200182018
151c1500151c15001c201c
1b2319011b231901232023
21291d0321291d03292029
262e2004262e20042e202e
21281b0421281b04282028
777b3729777b37297b2081
284a4016284a40164a204d
291e031e291e031e29302a
325b5011325b50115b205c
3c13525f3c13525f5f0060
e08e0aa2e08e0aa2e030d7
ffd121a9ffd121a9ff310c
783d2269783d2269783079
88c7a00d88c7a00dc720c7
ffffca39ffffca39ff214f
f1e55765f1e55765f130fa
943352979433529797009f
8516a9ce8516a9cece00cf
95069bd495069bd4d400d4
5d0763855d076385850085
3143310131433101432043
ba8f1875ba8f1875ba30b8
d59b0b91d59b0b91d530d4
5e4604425e4604425e3060
5433064154330641543052
db94019cdb94019cdb30d7
fbb813a0fbb813a0fb30f3
ba901a6aba901a6aba30b2
5942093259420932593052
0f020d120f020d12120012
2225180522251805252025
5c5324255c5324255c305a
967d2a49967d2a49963090
956809609568096095308d
4d0c3d5e4d0c3d5e5e005e
064462400644624062105d
324b3e09324b3e094b204b
3f2705313f2705313f303e
3004344830043448480048
0434462e0434462e461045
4052380640523806522052
5a4106395a4106395a3056
3803405538034055550055
0f4d69410f4d6941691064
1d2621021d262102262026
3478783434787834781082
579a8b2a579a8b2a9a209f
00222c1e00222c1e2c102d
04729c6a04729c6a9c109b
a24f288ba24f288ba2309f
dbc4496adbc4496adb30de
0a1616080a161608161017
ffff9853ffff9853ff2121
fffc7562fffc7562ff310e
7e6112457e6112457e3077
032a3b28032a3b283b103a
c1faaf08c1faaf08fa20fa
ffffff52ffffff52ff21bd
ffff9285ffff9285ff3162
35216b7135216b71710075
b8ffda19b8ffda19ff2112
d1d6694cd1d6694cd620e3
915f056f915f056f913092
6c5a163a6c5a163a6c306b
3154451231544512542055
12213e3912213e393e1041
2f022b3c2f022b3c3c003c
35101d3635101d36360038
3b1817363b1817363b303b
3910213c3910213c3c003e
2909374129093741410041
15254d4115254d414d104a
0831523d0831523d52104e
0130493201304932491045
072c3b22072c3b223b1037
0d272d150d272d152d102c
0e22240e0e22240e241024
0b191b0b0b191b0b1b101b
0612160a0612160a161014
0613160b0613160b161015
0716190c0716190c191019
0413180d0413180d181017
02101a1202101a121a1018
0a11221d0a11221d221021
13132d2b13132d2b2d102f
1516373415163734371038
2307313723073137370037
4017203f4017203f403043
501e244e501e244e503053
5d19335f5d19335f5f0062
943c2e7e943c2e7e94308b
c75c33aac75c33aac730c1
901c66ae901c66aeae00b0
233d856f233d856f85107e
171c4132171c4132411039
6255222b6255222b62305f
63642d2a63642d2a64206c
0203120902031209121009
46503a0e46503a0e502051
2e493a072e493a07492049
0231422d0231422d421042
112d5545112d5545551052
281d5653281d5653561057
3b0e53603b0e5360600061
2e2160612e216061610066
17305d4e17305d4e5d105b
2403263124032631310031
43411f1743411f17433044
4a6044044a604404602060
4b6e590a4b6e590a6e206e
59856d0f59856d0f852085
6188690661886906882088
5263420b5263420b632063
3932131a3932131a393038
3324052033240520333030
4036121e4036121e40303d
48441e1c48441e1c483049
4845201b4845201b48304a
3c3818183c3818183c303c
2a240c142a240c142a3029
201804122018041220301e
1c1300131c1300131c301a
180d0413180d0413183017
1408081214080812143013
0c0412140c041214140014
06101e1806101e181e101c
0319291d0319291d291026
0328392403283924391035
0833442908334429441041
0933432709334327431040
092b371f092b371f371035
091f2513091f2513251024
0a1414060a141406141014
090a0702090a07020a200a
0805000508050005083007
0904030809040308093008
0c05040b0c05040b0c300c
0d06050c0d06050c0d300d
0c03080d0c03080d0d000d
0f05070f0f05070f0f000f
1208061012080610123011
0f05070f0f05070f0f000f
09010b0d09010b0d0d000d
02060c0a02060c0a0c100b
0107090501070905091008
0304030003040300042004
0101030301010303030003
0206080402060804081007
0308090403080904091008
0308090403080904091008
0308090403080904091008
0308090403080904091008
080c0a02080c0a020c200c
0e130e010e130e01132013
1217100112171001172017
1218120012181200182018
1218120012181200182018
1219140112191401192019
141c1602141c16021c201c
1820180018201800202020
1f281d021f281d02282028
242f2201242f22012f202f
1e281e001e281e00282028
e9a50399e9a50399e930e1
b85b349db85b349db830b5
5a2d9aa35a2d9aa3a300a9
2382ddaa2382ddaadd10d6
5a4bc2bb5a4bc2bbc210c9
ef5f61dfef5f61dfef30f2
ffd426ffffd426ffff314f
ff7b67ffff7b67ffff311e
3f6de5c73f6de5c7e510e2
70edea5570edea55ed20fb
8a822a408a822a408a3090
742ec0d2742ec0d2d200d6
a744ffffa744ffffff0131
f52fa9fff52fa9ffff0120
e27c28b4e27c28b4e230da
574c1728574c1728573055
5f3213505f3213505f305e
d8980494d8980494d830d4
d59e0b8ed59e0b8ed530d4
603f0a47603f0a4760305e
47593d0b47593d0b592059
b4c46a36b4c46a36c420cb
afb95d37afb95d37b920c1
635e232a635e232a633066
23100d2023100d20233023
02111c1502111c151c101b
26372e0526372e05372037
546a4e06546a4e066a206a
51664b0451664b04662066
0f1a19060f1a19061a201a
2e1f021b2e1f021b2e3029
420c2e48420c2e48480048
540e6a82540e6a82820082
6f026d9a6f026d9a9a009a
5a0454765a045476760076
19163b3619163b363b103a
0f1513010f151301152015
0813241f0813241f241024
0d3347290d334729471041
1901252719012527270027
81711d3d81711d3d813080
9e5a187a9e5a187a9e3097
3b5ab7aa3b5ab7aab710c0
217fd3a3217fd3a3d310ce
aa51308daa51308daa30a2
fff05280fff05280ff3110
6e54064c6e54064c6e3071
9bcd950b9bcd950bcd20cd
e8ff923ee8ff923eff2109
8773214387732143873085
171439381714393839103b
86ae820686ae8206ae20ae
ffff9771ffff9771ff3154
ffff09f9ffff09f9ff3167
d806d6ffd806d6ffff012c
3396ffe23396ffe2ff110f
0173ad690173ad69ad109b
2165732f2165732f73106f
4094943a4094943a94109e
1f7385471f738547851087
1820463e1820463e461045
2d0b1d312d0b1d31310032
2f13132b2f13132b2f302f
3013142d3013142d303030
2d0821342d082134340034
220d363b220d363b3b003c
1323473d1323473d471046
0b2a49380b2a4938491046
08223c2e08223c2e3c1039
031d2f21031d2f212f102b
061d2615061d2615261023
0c1d200d0c1d200d20101f
0a181a0a0a181a0a1a101a
0613160b0613160b161015
0613160b0613160b161015
0914150809141508151015
0a1414060a141406141014
0a1718090a171809181018
091b1f0f091b1f0f1f101e
061c2414061c2414241022
011b2719011b2719271024
100f2623100f2623261026
2c0524352c052435350035
400d2c49400d2c4949004a
480f3253480f3253530054
5c2624545c2624545c305c
734211587342115873306e
6236165462361654623063
2a0724352a072435350035
1005080d1005080d10300d
384c3a04384c3a044c204c
4e6444064e644406642064
1a07121d1a07121d1d001d
1c5660301c566030601062
1b5963311b596331631065
0d3d49270d3d4927491048
0b3643240b364324431040
032e4730032e4730471042
1c204c461c204c464c104c
251c5152251c5152520056
2213404322134043430045
301e0422301e042230302d
46563a0646563a06562056
4b6a53064b6a53066a206a
50735a0750735a07732073
5f7d5b015f7d5b017d207d
6674481466744814742075
5b501d2a5b501d2a5b305a
472b0535472b0535473044
442a0430442a043044303f
4a3d12254a3d12254a3047
4c461e1e4c461e1e4c304c
49461f1c49461f1c49304b
403a161c403a161c403040
3127091b3127091b31302f
2619001926190019263023
201302172013021720301d
1b0f05151b0f05151b3019
15060d1615060d16160016
0d091b1b0d091b1b1b001c
0915292109152921291027
0620362806203628361033
002e442e002e442e441041
0333492f0333492f491045
022c402a022c402a40103c
001e2c1e001e2c1e2c102a
0111190f0111190f191016
050a0b04050a0b040b100a
0506030205060302062006
0603020506030205063005
0602020606020206060006
0804020608040206083007
0904030809040308093008
0901070b0901070b0b000b
0c04060c0c04060c0c000c
0f08030c0f08030c0f300e
0d06050c0d06050c0d300d
0900090c0900090c0c000c
06030a0b06030a0b0b000b
0401060704010607070007
0201000102010001023001
0004060400040604061005
00070a0700070a070a1009
00080c0800080c080c100b
00080c0800080c080c100b
00070a0700070a070a1009
0107090501070905091008
050a0b04050a0b040b100a
0b110f030b110f03112011
1017120110171201172017
1219140112191401192019
1119150311191503192019
101a1604101a16041a201a
121b1603121b16031b201b
151d1701151d17011d201d
1e281e001e281e00282028
2430240024302400302030
1e271c011e271c01272027
e5881bace5881bace530db
d54b65d5d54b65d5d500e1
8428beda8428bedada00dd
3a71e0bd3a71e0bde010dc
414eb39e414eb39eb310b0
aa3160abaa3160abab00b1
ff9a42eeff9a42eeff311b
ff738dffff738dffff0145
bc20f0ffbc20f0ffff0129
4254c2b44254c2b4c210c6
2131230321312303312031
0baff3a50baff3a5f310f0
635ae3e4635ae3e4e400f5
e57d2bb9e57d2bb9e530df
f8f46c5cf8f46c5cf83104
89b9810389b98103b920b9
1f2149451f21494549104c
b1681384b1681384b130a8
fca904affca904affc30f3
d8792cb1d8792cb1d830d6
501c808c501c808c8c008e
369fb655369fb655b610b4
62a6901e62a6901ea620a8
4451300f4451300f512052
250d1529250d152929002b
1b07272d1b07272d2d002d
0328392403283924391035
356a6920356a69206a206e
36767c2e36767c2e7c107e
122c5646122c5646561052
4a03465f4a03465f5f005f
4628808246288082820088
5341b1af5341b1afb110ba
940986c3940986c3c300c3
a94247a2a94247a2a930ae
6c2732676c2732676c306e
390f233b390f233b3b003c
372a0920372a0920373034
3544330235443302442044
0f1b392d0f1b392d391034
7d2d39777d2d39777d307f
9f1679c29f1679c2c200c3
584ec8ca584ec8caca00d8
37459f8b37459f8b9f109b
9053186590531865903082
ffd6358affd6358aff30fe
d38417a8d38417a8d330d5
016fa571016fa571a5109e
84cea81284cea812ce20ce
676021306760213067306b
271d5b57271d5b575b105b
2275985922759859981093
8aaa7c008aaa7c00aa20aa
c876189cc876189cc830c3
af08c3ffaf08c3ffff0104
8a33e4f98a33e4f9f900fe
741eacba741eacbaba00bc
2c57ae912c57ae91ae10a9
1490be741490be74be10b8
0a5c7e4c0a5c7e4c7e1077
180f302d180f302d30102f
26110e2326110e23263026
29140b2229140b22293027
260e1024260e1024263026
20011e2920011e29290029
1513312f1513312f311032
0b213d310b213d313d103b
0721392b0721392b391036
08182c2208182c222c1029
0512211a0512211a21101f
01151f1301151f131f101c
08181c0e08181c0e1c101b
0816180a0816180a181018
0912110609121106122012
0a1110030a111003112011
0d120f020d120f02122012
0d1513030d151303152015
111c1906111c19061c201c
1020200a1020200a201021
0e20220e0e20220e221022
0a2026120a202612261024
011a2518011a2518251023
120c2222120c2222220024
2101212d2101212d2d002d
300b2035300b2035350036
461f1a3f461f1a3f463046
623318516233185162305f
71381f6271381f62713070
61262b6061262b60613067
5223204b5223204b523052
6a4800426a4800426a3061
7845125b7845125b783072
4e0f60794e0f6079790079
1d4b87711d4b8771871087
0b3b61470b3b614761105c
0627341d0627341d341030
1f3027041f302704302030
2a3a2a022a3a2a023a203a
20352e0920352e09352035
0920271609202716271026
0e030c130e030c13130013
2c3926032c392603392039
43634f0943634f09632063
4869540948695409692069
516a4d02516a4d026a206a
606b4015606b40156b206d
665d262b665d262b663066
5d40053c5d40053c5d3057
502e0a3e502e0a3e50304d
503702335037023350304b
5246162852461628523050
514a1d22514a1d22513051
4d4419224d4419224d304c
4639102546391025463043
3b2a05243b2a05243b3037
2d1c03202d1c03202d302a
2516051c2516051c253023
200f0a1b200f0a1b20301e
1800182018001820200020
120f2827120f2827281029
0e1c382e0e1c382e381035
0a2846360a284636461043
072f4d39072f4d394d1049
052e4934052e4934491045
0621362906213629361034
090e1f1a090e1f1a1f101d
06050e0d06050e0d0e100d
0203060502030605061005
0202020002020200021002
0301010303010103030003
0402020404020204040004
0603020506030205063005
0601040706010407070007
0600060806000608080008
0904030809040308093008
0c0800080c0800080c300b
0b0503090b0503090b300a
0701050907010509090009
0500050605000506060006
0403000304030003043004
0406040004060400062006
0308090403080904091008
020a0e08020a0e080e100c
01080d0a01080d0a0d100c
02060a0802060a080a100a
0005080500050805081007
0206080402060804081007
040a0a04040a0a040a100a
09100f0409100f04102010
0e1614040e161404162016
101a1604101a16041a201a
101a1604101a16041a201a
1118130211181302182018
1319130113191301192019
171d1501171d15011d201d
1e281e001e281e00282028
242f2201242f22012f202f
1e251a031e251a03252025
8e52106a8e52106a8e3086
8f33418f8f33418f8f0097
5914778e5914778e8e008f
1b4381691b43816981107c
0c365e420c365e425e1055
4007344740073447470047
9a4036889a4036889a3096
ca3a70d8ca3a70d8d800df
b20da4edb20da4eded00ed
9e3360ad9e3360adad00b4
c4c55049c4c55049c520d2
c2fba60bc2fba60bfb20fb
4347251143472511472049
60bcb03860bcb038bc20c4
9fffff4d9fffff4dff2130
67d6cd4467d6cd44d620e0
01425b3a01425b3a5b1057
673b0949673b094967305d
b887146db887146db830ad
c1731993c1731993c130ba
730079a2730079a2a200a2
1265ac831265ac83ac10a5
1c63783d1c63783d781074
1d1f110b1d1f110b1f2020
2209303922093039390039
3105394931053949490049
1e1942411e194241421045
2466723224667232721071
3d8b91353d8b9135911094
044a7450044a745074106c
411a6972411a6972720074
344da691344da691a610a4
3661c4a93661c4a9c410c2
8d136fab8d136fabab00ac
c077108dc077108dc030b8
8c5c045e8c5c045e8c3083
4c2e06364c2e06364c3046
4544211845442118453048
46654e0546654e05652065
174d5729174d5729571057
331a5158331a515858005b
4e0d5a774e0d5a77770077
2f1d5d612f1d5d61610065
1f0733311f073331331031
553c0130553c013055304c
bc830a75bc830a75bc30af
d9742dbad9742dbad930db
640f7ea1640f7ea1a100a1
1f6273341f62733473106e
3d1d15393d1d15393d303f
2952a58a2952a58aa510a0
2f70d9b82f70d9b8d910d7
3e3698983e3698989800a1
34200c2a34200c2a343034
0a4a68460a4a6846681065
411f797f411f797f7f0082
66026e8e66026e8e8e008e
3040908430409084901092
0664925e0664925e921089
01334f3101334f314f1046
1302171a1302171a1a001a
1e1006181e1006181e301c
2213061b2213061b223021
1e0b0e1d1e0b0e1d1e301f
1503191f1503191f1f001f
0815261f0815261f261025
011e2b1c011e2b1c2b1029
0219241702192417241021
00121c1200121c121c1019
010e1710010e1710171015
0211180f0211180f181016
0614180c0614180c181017
0811120708111207121012
090d0b01090d0b010d200d
0d0f09030d0f09030f200f
10140e0210140e02142014
1119150311191503192019
121f1c07121f1c071f201f
1323210913232109232024
1224240c1224240c241025
0f23250f0f23250f251026
0a1f24110a1f2411241023
00131c1300131c131c101a
0b0715150b071515150016
17050f1917050f19190019
29110d2329110d23293026
3f1c13363f1c13363f303c
56281a4c56281a4c563055
612d1f57612d1f57613061
65311f5765311f57653063
7539216175392161753070
761f447d761f447d7d0080
5515738b5515738b8b008c
38216c6f38216c6f6f0073
2709373d2709373d3d003d
0b0513130b051313130013
1c1d10091c1d10091d201e
3b3819183b3819183b303c
42401c1a42401c1a423045
2d270d152d270d152d302c
070b1713070b1713171015
23423f1423423f14422044
3d61530f3d61530f612062
455f4903455f49035f205f
4d58370e4d58370e582059
5a5424245a5424245a305b
614a0f38614a0f3861305c
5b3b013f5b3b013f5b3056
543800385438003854304f
5443102d5443102d543050
564b1a27564b1a27563054
554a1928554a1928553054
51400f2c51400f2c51304d
4c38082e4c38082e4c3048
432e012c432e012c43303f
3620062836200628363033
2f180b262f180b262f302c
270c1528270c1528280029
1d07272d1d07272d2d002d
1616383416163834381038
1224483c1224483c481045
0f2e53420f2e5342531050
102b5041102b504150104d
0f2241360f22413641103f
0f1129250f112925291028
1101131711011317170017
0d04070e0d04070e0e000e
0803040708030407083007
0301010303010103030003
0201000102010001023001
0201000102010001023001
0300030403000304040004
0401060704010607070007
0601040706010407070007
0804020608040206083007
0a0700070a0700070a3009
0905010709050107093008
0603020506030205063005
0403000304030003043004
0505030105050301052005
0609080106090801092009
060c0c04060c0c040c100c
040e1008040e1008101010
01080d0a01080d0a0d100c
0402080804020808080008
0204080602040806081007
00070a0700070a070a1009
020a0e08020a0e080e100c
0610120806101208121011
0a1514070a151407152016
0f1815040f181504182018
1219140112191401192019
1116110011161100162016
1218120012181200182018
161e1600161e16001e201e
1e281e001e281e00282028
232d2101232d21012d202d
1c2318031c231803232023
4229022d4229022d42303c
491f1b45491f1b4549304b
3102374831023748480048
101a3a32101a3a323a1038
031e2b18031e2b182b1026
061522170615221722101f
2a052a372a052a37370037
4d063f604d063f60600060
6618447466184474740076
a1661376a1661376a1309b
ffe1358bffe1358bff3108
ffe312c5ffe312c5ff312c
d320a1fed320a1fefe0100
31bcfffe31bcfffeff113c
2bf8ffba2bf8ffbaff1136
2da0bf5e2da0bf5ebf10b9
082d3a1d082d3a1d3a1035
2a2c1a082a2c1a082c202c
5e643a165e643a16642066
664c0e3a664c0e3a66305f
3a09485b3a09485b5b005b
1137675511376755671065
05192f2305192f232f102b
021b2419021b2419241024
14274e4314274e434e104d
3709455537094555550055
34043a4c34043a4c4c004c
164f5e2f164f5e2f5e105b
5491821b5491821b912093
306b6e27306b6e276e1071
083b6047083b604760105c
03638f5f03638f5f8f1089
036795630367956395108e
5b2327575b2327575b305d
a39a4142a39a4142a330a7
7e8140297e814029812087
424c2e0e424c2e0e4c204d
3e5d4c0b3e5d4c0b5d205d
46776a1946776a19772079
32635e1d32635e1d632067
0f32371c0f32371c371039
05070f0f05070f0f0f0010
000a0a08000a0a080a100c
030a0f10030a0f10100012
180f000d180f000d183013
5d300f485d300f485d3056
9553137795531377953091
723e1864723e1864723075
1710071217100712173018
0e2e483e0e2e483e48104d
0e7ea0640e7ea064a010a0
07749d6607749d669d109a
3c033c513c033c51510051
7478302e7478302e782080
658b5d05658b5d058b208b
123a3c1e123a3c1e3c1041
1f021b2a1f021b2a2a002a
09252d1909252d192d102c
3140350031403500402040
2222180822221808222022
0503030105030301053003
0d0a01080d0a01080d300c
160f000f160f000f163015
1508091415080914153015
0d0413160d041316160016
01111b1301111b131b1019
09181b0c09181b0c1b101a
0a1414060a141406141014
09100f0409100f04102010
070f0f05070f0f050f100f
0810100608101006101011
09100f0409100f04102010
090d0b01090d0b010d200d
080a0800080a08000a200a
0b0d09010b0d09010d200d
1117110111171101172017
151e1702151e17021e201e
15211d0515211d05212021
17241f0617241f06242024
1727230717272307272027
1625220916252209252026
1020200a1020200a201021
0814160a0814160a161016
02070c0902070c090c100b
0802040808020408080008
0e08020a0e08020a0e300c
160b0411160b0411163014
2817041d2817041d283025
3b26032a3b26032a3b3038
4a2c08364a2c08364a3045
512419465124194651304e
4608385646083856560056
360c4856360c4856560056
34062e4234062e42420042
321e0826321e0826323030
1a18080c1a18080c1a301a
0d0901090d0901090d300c
342e1018342e1018343033
4740192047401920473047
392b0721392b0721393036
0f0c21200f0c2120211022
1a3f441d1a3f441d441045
32554e1332554e13552057
394f3d03394f3d034f204f
3f4427103f442710442045
4a3f16234a3f16234a3048
523d0a31523d0a3152304e
543e0834543e0834543050
54420e2e54420e2e543050
554a1928554a1928553054
564c1c26564c1c26563054
5345152953451529533050
4f3c0b2e4f3c0b2e4f304b
4e3806304e3806304e3049
4830003048300030483043
3d220b303d220b303d303a
3617143136171431363036
2d0821342d082134340034
210d3539210d353939003a
1a1f48411a1f4841481048
162b5649162b5649561054
152e594a152e594a591057
18234c4318234c434c104b
1a1236361a123636360038
1d011f271d011f27270027
1b090d1b1b090d1b1b001c
170c0512170c0512173015
0f08030c0f08030c0f300e
0904030809040308093008
0604000406040004063005
0201000102010001023001
0103030101030301031003
0003040300030403041004
0403000304030003043004
0504010205040102053004
0605020306050203063005
0707030307070303072007
0504010205040102053004
0404020204040202042004
0608060006080600082008
060c0c04060c0c040c100c
060f1007060f1007101010
0610120806101208121011
00080c0800080c080c100b
0601080906010809090009
04040a0a04040a0a0a000a
02080e0a02080e0a0e100c
000b100b000b100b10100f
030f130b030f130b131012
0812140808121408141013
0c1412040c141204142014
1018140210181402182018
0f1713030f171303172017
0f1713030f171303172017
151d1701151d17011d201d
1e271c011e271c01272027
222b1e03222b1e032b202b
1d2115051d211505212021
180f0211180f0211183016
250b1527250b1527270028
2600283626002836360036
22062e3622062e36360036
160f2e2d160f2e2d2e102f
091c3126091c312631102f
081c2e24081c2e242e102d
140c2224140c2224240025
2d130f272d130f272d302b
704f0641704f0641703066
de98068cde98068cde30ce
ff8a4cf4ff8a4cf4ff3118
e101ddffe101ddffff0133
6b80ffff6b80ffffff1132
1b8befb11b8befb1ef10e1
02466e4602466e466e1062
0203080302030803081004
152f3115152f3115311033
304d440f304d440f4d204e
2527170925271709272028
021c2a20021c2a202a102a
011d2b1f011d2b1f2b102a
151b1103151b11031b201b
1c484e221c484e224e104f
024260400242604060105b
2f1149512f114951510052
43112b4d43112b4d4d004e
04263c2c04263c2c3c103a
577f6505577f65057f207f
60805e0460805e04802080
3754430a3754430a542054
42634e0b42634e0b632063
46573a0946573a09572057
112f3319112f3319331035
659f8315659f83159f20a0
5c8c720c5c8c720c8c208c
3b6359133b635913632064
3a6f6c233a6f6c236f2074
3d7775273d77752777207d
305a561a305a561a5a205d
1825200518252005252025
020b100d020b100d101011
02161e1402161e141e101d
0903050b0903050b0b000b
0718190c0718190c19101a
2005122320051223230023
55491b2955491b29553053
5f7045145f704514702071
3153430f3153430f532054
213e3112213e31123e2040
5e591c295e591c295e3061
8c48267c8c48267c8c308f
681484a4681484a4a400a5
1572b98c1572b98cb910b4
1c819a531c819a539a1099
092825140928251428202c
04294e3504294e354e1043
5009647d5009647d7d007d
993b3f97993b3f979930a2
8b431f738b431f738b3085
4b230f394b230f394b3042
1507071115070711153012
0506030205060302062006
0a04040a0a04040a0a000a
06030a0b06030a0b0b000b
030b0d07030b0d070d100d
0c110e010c110e01112011
0f110b030f110b03112011
0f1009040f100904102010
0f1009040f100904102010
0f1009040f100904102010
0e0e08040e0e08040e200e
0c0c06040c0c06040c200c
0a0b06030a0b06030b200b
0b0d09010b0d09010d200d
1218120012181200182018
18211a0118211a01212021
18241e0418241e04242024
1725210717252107252025
1828240818282408282028
1626220816262208262026
121e1a06121e1a061e201e
0b120f020b120f02122012
0505030105050301052005
0003040300030403041004
0206080402060804081007
0205060302050603061005
0b0d09010b0d09010d200d
1c1a0c0a1c1a0c0a1c301b
281f0617281f0617283026
2a150a232a150a232a3028
1f021b281f021b28280028
19021d2419021d24240024
2619021b2619021b263024
3132191031321910322034
222a1c04222a1c042a202a
02060a0802060a080a100a
29220b1429220b14293027
413a151e413a151e413041
3a2b06233a2b06233a3037
120a2022120a2022220023
15383f1c15383f1c3f103e
294843122948431248204a
2c3e32042c3e32043e203e
2f321d0c2f321d0c322033
3730111a3730111a373036
423610224236102242303f
4b4015244b4015244b3049
4f4619244f4619244f304e
544b1c25544b1c25543053
554a1928554a1928553054
51400f2c51400f2c51304d
4e39082f4e39082f4e3049
4e3704314e3704314e3049
492f0333492f0333493045
41210f3541210f3541303e
39141b3839141b3839303b
30032c3d30032c3d3d003d
2415444524154445450048
1c28584e1c28584e581057
1b2e5f521b2e5f525f105e
1c27564d1c27564d561056
2017424120174241421044
2403283324032833330033
260c1426260c1426260027
2212081c2212081c223021
1e1302151e1302151e301c
150d010f150d010f153013
0e08020a0e08020a0e300c
0a0700070a0700070a3009
0604000406040004063005
0504010205040102053004
0403000304030003043004
0003040300030403041004
0103030101030301031003
0304030003040300042004
0608060006080600082008
0305050103050501051005
0205060302050603061005
040b0c05040b0c050c100c
060f1007060f1007101010
0610120806101208121011
060f1007060f1007101010
01090d0701090d070d100b
04040a0a04040a0a0a000a
06040c0c06040c0c0c000c
03080f0c03080f0c0f100e
000c120c000c120c121010
020e140c020e140c141012
030f130b030f130b131012
0611140906111409141013
0c1818080c181808181019
0c1818080c181808181019
0b1617080b161708171017
0f1b19070f1b19071b201b
18231c0318231c03232023
1f271b031f271b03272027
1c1f12071c1f12071f201f
07050d0d07050d0d0d000d
11081b1e11081b1e1e001f
1a0a282c1a0a282c2c002d
23052b3523052b35350035
22082e3622082e36360036
13132f2d13132f2d2f1030
0812221c0812221c221021
05050d0b05050d0b0d100c
100f0605100f060510300f
332609183326091833302c
703d0e51703d0e51703065
9b2f4f9f9b2f4f9f9f00a5
87109fcc87109fcccc00cc
5639b0b35639b0b3b300bb
32236c6932236c696c106e
1d08151e1d08151e1e001f
0d1f1f0f0d1f1f0f1f1022
1131371b1131371b371037
203b3811203b38113b203d
0c0e0a020c0e0a020e200e
1325230d1325230d252027
050c0d06050c0d060d100d
2039340d2039340d39203a
316667243166672467106c
17586d3a17586d3a6d1069
221b4a49221b4a494a104d
4c201c484c201c484c304e
24081a2c24081a2c2c002c
415d4b03415d4b035d205d
6e8558116e855811852086
545a3214545a32145a205c
5749152957491529573053
6235145162351451623060
232e6762232e676267106c
2b8195472b819547951093
4080802640808026801085
3b7371233b737123732078
3a7b7e2f3a7b7e2f7e1083
316f752f316f752f751078
1d454b1f1d454b1f4b104b
0412180c0412180c181015
11130b0311130b03132013
12130a0512130a05132013
020f120b020f120b121012
1126250e1126250e262028
0700070a0700070a0a000a
3d513b013d513b01512051
5d8465065d846506842084
455b3f01455b3f015b205b
300d1c2d300d1c2d30302e
610b6b87610b6b87870087
a601a0e1a601a0e1e100e1
af0fc3fdaf0fc3fdfd00fd
7337c9d57337c9d5d500db
3a3690883a369088901092
3c2b00293c2b00293c303b
3393a94b3393a94ba910a5
4364e1c84364e1c8e110df
e635a0ffe635a0ffff0114
ff8b49f1ff8b49f1ff3116
c9741592c9741592c930ba
5b36033a5b36033a5b304f
150c010c150c010c153010
0101010101010101010001
0000000000000000000000
0806020408060204083007
0f0c03080f0c03080f300e
130f030b130f030b133012
1511050b1511050b153014
1411060914110609143013
1210060812100608123011
100f0607100f0607103010
0e0d06050e0d06050e300d
0c0c06040c0c06040c200c
0d0f09030d0f09030f200f
1419120114191201192019
19231b0119231b01232023
1b2821041b282104282028
1828240818282408282028
1728250a1728250a282029
1524210815242108242024
1118130211181302182018
0d0c05060d0c05060d300d
0a03060b0a03060b0b000b
06040c0c06040c0c0c000c
05070f0d05070f0d0f100e
0706111007061110111011
050a1512050a1512151014
0211180f0211180f181016
0a1314070a131407141014
0a0c08020a0c08020c200c
0502030605020306060006
0604000406040004063005
181f1601181f16011f201f
29392b0129392b01392039
2232280422322804322032
040e1008040e1008101010
1d18070e1d18070e1d301b
362f1019362f1019363035
3627042336270423363034
16041c2216041c22220022
102e3418102e3418341033
243b340b243b340b3b203c
2531250125312501312031
2527170925271709272028
2926111029261110293029
3532151635321516353036
423f1c19423f1c19423043
48441e1c48441e1c483049
4e471c214e471c214e304e
514415285144152851304e
4f3c0b2e4f3c0b2e4f304b
4e3806304e3806304e3049
4d3503314d3503314d3048
482d0433482d0433483044
3f1f11353f1f11353f303d
360e223a360e223a3a003b
2e073a452e073a45450045
2520555225205552551058
212e655a212e655a651065
222b6259222b6259621062
271b4f4f271b4f4f4f0053
2a0836402a083640400040
2d0b1d312d0b1d31310032
2d170b252d170b252d302b
2919031d2919031d293026
2418001824180018243021
1c1300131c1300131c301a
140d000d140d000d143012
0e0900090e0900090e300c
0a0700070a0700070a3009
0804020608040206083007
0601040706010407070007
0401060704010607070007
0301050503010505050005
0003040300030403041004
0407060104070601072007
0407060104070601072007
0308090403080904091008
050d0f07050d0f070f100e
060f1007060f1007101010
070f0f05070f0f050f100f
080e0e04080e0e040e100e
040c0e06040c0e060e100d
01080d0a01080d0a0d100c
06040c0c06040c0c0c000c
03080f0c03080f0c0f100e
000c120c000c120c121010
010e130c010e130c131012
020e140c020e140c141012
0310150c0310150c151014
0917190b0917190b191019
0a181a0a0a181a0a1a101a
0917190b0917190b191019
0b191b0b0b191b0b1b101b
111d1b07111d1b071d201d
18211a0118211a01212021
181d1403181d14031d201d
000f140d000f140d141013
0110150e0110150e151015
0010160e0010160e161015
050b1511050b1511151014
0906131409061314140014
05060f0e05060f0e0f100f
0102050201020502051002
0203040502030405050005
060a0802060a08020a200a
1209040d1209040d12300f
25021f2c25021f2c2c002c
370b4353370b4353530053
3a185c683a185c6868006a
3907455739074557570057
3824042838240428383035
283c3008283c30083c203c
0d313b210d313b213b103b
0829341f0829341f341033
1326250c1326250c262027
0201020502010205050005
15211b0515211b05212021
03050b0903050b090b100a
264f521d264f521d521054
387e8634387e8634861088
1a6880461a68804680107d
221f4e4b221f4e4b4e1051
532b1345532b1345533051
442e0030442e0030443042
1e36320c1e36320c362037
667e560e667e560e7e207e
53562f1653562f16562058
3e24062a3e24062a3e3037
440c3050440c3050500050
27255f5f27255f5f5f0065
0d5779470d577947791070
30707a2e30707a2e7a1079
3d7f812d3d7f812d811086
3b8185333b81853385108a
29636b2d29636b2d6b106c
0f313b1d0f313b1d3b1038
0805100f0805100f10100f
1714070a1714070a173016
140d000d140d000d143012
0311170f0311170f171016
1221200912212009212022
0607040106070401072007
3f533b013f533b01532053
6777471367774713772078
563a023a563a023a563052
2f30736c2f30736c731076
3752a5963752a596a510aa
65218ba365218ba3a300a6
7207669172076691910091
4f0459704f045970700070
3b07394d3b07394d4d004d
6d702f2a6d702f2a702077
a6fac40ea6fac40efa20fa
4ce3ff774ce3ff77ff1100
9f09b7ed9f09b7eded00ed
ffbf3effffbf3effff3150
ffe10ad3ffe10ad3ff3134
bb8a156abb8a156abb30ae
412d0523412d0523413039
0c03060b0c03060b0c300b
0502070805020708080008
0903050909030509090009
0f08030c0f08030c0f300e
150d010f150d010f153013
1913030f1913030f193018
1813040d1813040d183017
1511050b1511050b153014
1411060914110609143013
100f0607100f0607103010
0e0d06050e0d06050e300d
0f1009040f100904102010
161a1004161a10041a201a
1e251a031e251a03252025
212c2100212c21002c202c
1e2b22031e2b22032b202b
1b271f031b271f03272027
181f1601181f16011f201f
1211080712110807123012
0e05060d0e05060d0e300d
0d010f130d010f13130013
0d0515170d051517170017
0c091a190c091a191a101a
0e0a1c1c0e0a1c1c1c001d
0f0b1f1f0f0b1f1f1f0020
0d0e23200d0e2320231022
0d0c1f1e0d0c1f1e1f1020
0f06191a0f06191a1a001a
1001121710011217170017
0d0513150d051315150015
091d2111091d2111211021
2037320b2037320b372038
21332b0721332b07332033
0711130707111307131012
150e010e150e010e153013
2d20031c2d20031c2d302a
3521032735210327353033
1f0517251f051725250025
061f2817061f2817281026
1c2d28071c2d28072d202d
21291d0321291d03292029
1f2213081f221308222022
2121110b2121110b212022
2e2e180e2e2e180e2e2030
3a3a1c143a3a1c143a203d
433f1b1b433f1b1b433044
4a4118214a4118214a3048
4b3d11274b3d11274b3048
4b390b2b4b390b2b4b3047
4b38092c4b38092c4b3047
4833042d4833042d483044
432907314329073143303f
3d1919393d1919393d303e
3603324536033245450045
2f164f542f164f54540056
282a6660282a6660661068
272f6d63272f6d636d106d
2b235f5d2b235f5d5f1063
330b434f330b434f4f004f
3509273d3509273d3d003d
3518112e3518112e353033
331f0525331f0525333030
2e1f001f2e1f001f2e302b
291d0319291d0319293026
211803142118031421301f
1912011019120110193018
120c000c120c000c123010
0e0900090e0900090e300c
0904030809040308093008
0601040706010407070007
0501030505010305050005
0300030403000304040004
0101030301010303030003
0305050103050501051005
0609080106090801092009
060c0c04060c0c040c100c
060f1007060f1007101010
050d0f07050d0f070f100e
060d0e05060d0e050e100d
070f0f05070f0f050f100f
060f1007060f1007101010
010a0d08010a0d080d100c
0304090803040908091008
00090e0900090e090e100c
020c100a020c100a10100f
030d1109030d110911100f
040e1008040e1008101010
0610120806101208121011
0b1617080b161708171017
0c1818080c181808181019
0c1818080c181808181019
0c1716070c171607172018
0f1917050f191705192019
141d1803141d18031d201d
131a1300131a13001a201a
0909030309090303092009
1208081212080812120013
1f0c0d1e1f0c0d1e1f3020
2311091f2311091f233023
1b0c07161b0c07161b3019
0e03060d0e03060d0e300d
0501050705010507070007
0001020100010201021001
09020d0e09020d0e0e000e
0f0d23210f0d2321231023
141c3c36141c3c363c103c
1a2148431a21484348104a
2112393e2112393e3e0040
311f0123311f012331302e
3c5644063c564406562056
285c6028285c6028601064
02344a3202344a324a1048
0a172c250a172c252c102b
000e160e000e160e161013
0806000208060002083006
1611020d1611020d163015
07182b2207182b222b1029
21687b3a21687b3a7b1077
339bb759339bb759b710b2
0670a26c0670a26ca2109b
3d1153613d115361610062
66390e4b66390e4b66305e
5d480d385d480d385d305b
080d1c19080d1c191c101c
536a490a536a490a6a206a
50522a1a50522a1a522056
260c1022260c1022263024
19112f3119112f31310033
111f4139111f4139411040
0a3d54310a3d543154104e
2f676b272f676b276b106e
478681264786812686208b
45817d2745817d27812086
295659202956592059105b
0b2127130b212713271026
0a0502070a0502070a3008
11130b0311130b03132013
0a0700070a0700070a3009
0512170c0512170c171015
0c1a1c0c0c1a1c0c1c101c
100a020a100a020a10300e
44431e1744431e17443046
6a4d083f6a4d083f6a3063
5c0750755c075075750075
3451a8973451a897a810ab
2c4f9e8b2c4f9e8b9e109f
4501455b4501455b5b005b
4128052c4128052c41303b
1e1402141e1402141e301c
1d1401121d1401121d301a
7172352671723526722078
f8ff9e40f8ff9e40ff211d
ffffd829ffffd829ff2149
317d8739317d8739871089
e6a80c9ce6a80c9ce630e5
ffff61aaffff61aaff3158
fbe25170fbe25170fb30fc
6b5817346b5817346b3066
1c0c0a181c0c0a181c301a
0c010e110c010e11110011
0e020a100e020a10100010
1106071011060710113011
150d010f150d010f153013
1a14040e1a14040e1a3018
1913030f1913030f193018
1913030f1913030f193018
1813040d1813040d183017
1511050b1511050b153014
1210060812100608123011
1110070611100706113011
18190e0718190e07192019
2226160822261608262026
282e1c08282e1c082e202e
272c1b08272c1b082c202c
2325150923251509252026
1d19090d1d19090d1d301c
160b0613160b0613163015
1200121812001218180018
11071b1d11071b1d1d001d
1309212313092123230024
150b2527150b2527270028
150c2728150c2728280029
150d2929150d292929002b
150e292a150e292a2a002c
1809262918092629290029
1b0421281b042128280028
1e001e281e001e28280028
1a021e261a021e26260026
0714251e0714251e251024
142e3012142e3012301031
1c2f2a091c2f2a092f202f
0814160808141608161015
0e010c110e010c11110011
24110a1f24110a1f243023
321b0a29321b0a29323031
270e1328270e132828002a
0a0c1c1a0a0c1c1a1c101c
0f1e1d080f1e1d081e201f
1c2216041c221604222022
1e1e100a1e1e100a1e201f
2121110b2121110b212022
292b170b292b170b2b202c
3231181132311811323033
3d38171a3d38171a3d303d
453b1321453b1321453043
46380e2646380e26463043
48370a2948370a29483044
4937092b4937092b493045
4730012e4730012e473042
412011364120113641303e
3c0c2a443c0c2a44440045
360c4854360c4854540054
2e2362612e236261621067
2a2f70672a2f7067701071
2b2a69642b2a696469106c
3215505732155057570059
39072f4539072f45450045
3a1a14343a1a14343a303a
3823042738230427383034
3324032033240320333030
3024061c3024061c30302d
2b2309172b2309172b3029
231c0712231c0712233021
1b15050f1b15050f1b3019
1510030c1510030c153014
0f0b01090f0b01090f300e
0905010709050107093008
0603020506030205063005
0403000304030003043004
0201000102010001023001
0001020100010201021001
0205060302050603061005
040b0c05040b0c050c100c
060f1007060f1007101010
0610120806101208121011
030c0f08030c0f080f100e
030c0f08030c0f080f100e
0610120806101208121011
060f1007060f1007101010
03090b0503090b050b100a
0005080500050805081007
030a0b06030a0b060b100b
040b0c05040b0c050c100c
060c0c04060c0c040c100c
080e0e04080e0e040e100e
09100f0409100f04102010
0d1613040d161304162016
0f1815040f181504182018
0f1815040f181504182018
0e1614040e161404162016
0f1815040f181504182018
121c1804121c18041c201c
1016120210161202162016
0808141208081412141013
1509212515092125250026
28061e3028061e30300030
341a0c2c341a0c2c343033
2a1d021b2a1d021b2a3027
1111090511110905112011
0209100d0209100d10100f
0b0a19180b0a191819101a
0f1025220f102522251025
0d1f392f0d1f392f391038
0c2a4a3a0c2a4a3a4a1047
121f4039121f4039401040
1f0811221f081122220022
32483a0632483a06482048
3c7a782a3c7a782a7a2081
246a783a246a783a781078
072a4534072a4534451042
18021c2218021c22220022
1001121510011215150015
12051e1d12051e1d1e101d
210a3138210a3138380038
1c29584f1c29584f581059
157da35d157da35da3109b
34bae07234bae072e010da
0774b5820774b582b510ae
5e0f48715e0f4871710071
7b5003507b5003507b3071
6e55103f6e55103f6e3069
2f190b2b2f190b2b2f3031
2f412f012f412f01412041
4c461a264c461a264c304f
29091b2d29091b2d2d002d
0d1931290d193129311030
081c3026081c302630102f
0d313b1f0d313b1f3b1039
375f5715375f57155f2061
5987710f5987710f872087
56816c0f56816c0f812081
314e450e314e450e4e204f
0b1515070b151507151016
09100f0409100f04102010
0813160b0813160b161015
0602020606020206060006
101a1806101a18061a201a
0a1b200f0a1b200f20101e
1503131915031319190019
42240c3242240c3242303d
5a1c2c5a5a1c2c5a5a005e
461f6e7b461f6e7b7b007e
214f957d214f957d951093
2825625d2825625d621064
4830063248300632483045
41431f1541431f15432046
1d1c0d0a1d1c0d0a1d301d
140c000c140c000c143010
5a4c1a265a4c1a265a3054
f5e45d64f5e45d64f530f8
ffff86a0ffff86a0ff3177
ffdd3695ffdd3695ff310a
0b5373430b53734373106a
daffd40adaffd40aff2126
d9ffa525d9ffa525ff2109
6c743c206c743c20742078
211503172115031721301f
0f000f140f000f14140014
10030c1310030c13130013
1207081112070811123012
160e0210160e0210163015
1b1403101b1403101b3019
1a1202101a1202101a3018
1b1301111b1301111b3019
1c1402121c1402121c301a
1b1403101b1403101b3019
1814060c1814060c183017
1411060914110609143013
18170a0918170a09183018
2423100d2423100d243025
2e2b12132e2b12132e302f
312a0d18312a0d18313030
2e23061b2e23061b2e302c
2615061d2615061d263023
1d0613201d061320200020
18031c2318031c23230023
140b2425140b2425250026
140e2828140e282828002a
160d2a2b160d2a2b2b002c
180d2c2d180d2c2d2d002e
180e2c2e180e2c2e2e0030
180c2a2c180c2a2c2c002d
1a0724291a072429290029
1b031f271b031f27270027
1d011f271d011f27270027
1d011f291d011f29290029
140a2426140a2426260027
05212d1b05212d1b2d102a
11282b1011282b102b102b
07181d0e07181d0e1d101b
080b1815080b1815181017
1b0415201b041520200020
2e14102a2e14102a2e302e
2f150f2b2f150f2b2f302f
1c07121f1c07121f1f001f
000c120c000c120c121010
1418100414181004182018
1c1c0e0a1c1c0e0a1c201d
2123130921231309232024
2628160a2628160a282029
2a29140f2a29140f2a302b
3530131635301316353034
3d34111e3d34111e3d303c
42340c2442340c2442303f
4534092845340928453041
4833042d4833042d483044
462a0834462a0834463042
3e14203e3e14203e3e0041
36043c4c36043c4c4c004c
301b585b301b585b5b005e
2b2b6b652b2b6b656b106d
2a2e6e662a2e6e666e106f
2e1f5c5d2e1f5c5d5d0062
37023b4c37023b4c4c004c
3e181a3a3e181a3a3e303e
3f28032c3f28032c3f303b
3b2b05233b2b05233b3037
3428081e3428081e343032
32290c1932290c19323030
2d280f142d280f142d302c
241f0a11241f0a11243023
1c17060f1c17060f1c301b
1814060c1814060c183017
110d0309110d030911300f
0a0700070a0700070a3009
0805000508050005083007
0604000406040004063005
0402020404020204040004
0202040402020404040004
0107090501070905091008
050d0f07050d0f070f100e
0610120806101208121011
0610120806101208121011
030d1109030d110911100f
020d120b020d120b121011
030f130b030f130b131012
030c0f08030c0f080f100e
01080b0601080b060b100a
00070a0700070a070a1009
02090c0702090c070c100b
03090b0503090b050b100a
060b0a03060b0a030b200b
080e0c02080e0c020e200e
0b100d020b100d02102010
0f1613020f161302162016
1119150311191503192019
0f1815040f181504182018
0d1715050d171505172017
0e1816060e181606182018
101b1805101b18051b201b
0c1310030c131003132013
08181a0c08181a0c1a101a
00151e1500151e151e101d
15060b1615060b16160016
2625100f2625100f263027
2430220224302202302030
10272a1110272a112a102a
08182c2408182c242c102b
160d282b160d282b2b002c
1110252411102524251027
04222c1a04222c1a2c102a
112d3115112d3115311031
0613160d0613160d161017
162c2a0c162c2a0c2c202d
306e722e306e722e721077
3888903e3888903e901095
21616d3321616d336d106d
0518291e0518291e291026
150c0510150c0510153014
0d0517150d051715171015
0b2b4f390b2b4f394f1047
27357b6f27357b6f7b107b
4035908f4035908f901098
0e7ac08a0e7ac08ac010b8
31c2eb7a31c2eb7aeb10e5
016fa16d016fa16da1109b
6533195565331955653063
7b681f3a7b681f3a7b3077
6654163466541634663062
4433062f4433062f443045
0206080602060806081008
3b2605303b2605303b303d
3b0d29453b0d2945450046
2210383c2210383c3c003e
1413302d1413302d301030
0527372105273721371033
2f5653182f565318562059
55836f1155836f11832084
56816a0d56816a0d812081
30493c0930493c09492049
0709050107090501092009
0b1e23100b1e2310231022
0216221a0216221a221022
1a1100131a1100131a3019
212b2101212b21012b202b
0e272e150e272e152e102c
140e2828140e282828002a
3507273d3507273d3d003d
3b042f4a3b042f4a4a004a
1b1f45411b1f4541451048
0c3746270c374627461043
0706151007061510151011
3740230c3740230c402041
4346231643462316462049
2a1e021c2a1e021c2a3029
1c0a0c1a1c0a0c1a1c301b
3f2b05233f2b05233f3037
b6932a57b6932a57b630aa
ffff3bb8ffff3bb8ff3141
ffe617ffffe617ffff315c
b301bdfdb301bdfdfd00fd
21d5ffa721d5ffa7ff110e
69dbd74569dbd745db20e5
4268540842685408682068
1814040e1814040e183018
0d010f130d010f13130013
12040c1412040c14140014
1509071315090713153015
190e0312190e0312193016
1c1300131c1300131c301a
1c1104151c1104151c301b
1e1104171e1104171e301c
211501172115011721301f
211803142118031421301f
1e1806101e1806101e301c
1813040d1813040d183017
1a14040e1a14040e1a3018
241d0813241d0813243022
2f24071a2f24071a2f302c
3424022234240222343031
3620062836200628363033
2e14102a2e14102a2e302e
23041d2a23041d2a2a002a
1c05242b1c05242b2b002b
180b282b180b282b2b002c
140f2a29140f2a292a102b
140e2828140e282828002a
140e2828140e282828002a
130d2727130d2727270029
1508212415082124240024
15051d2115051d21210021
16021a2016021a20200020
17031b2117031b21210021
18041e2418041e24240024
1707232717072327270027
09162b2409162b242b102a
021f2c1b021f2c1b2c1029
021a2416021a2416241022
051321190513211921101f
14071e2114071e21210021
280d1429280d142929002b
321a0c2a321a0c2a323031
2916092229160922293028
1307091313070913130014
050c0d04050c0d040d100c
161b1203161b12031b201b
1e2316051e231605232023
2124150821241508242024
2424120c2424120c242025
2c2810122c2810122c302b
342b0c1b342b0c1b343032
3d2e07243d2e07243d303a
432f032b432f032b43303f
472c0532472c0532473042
4521133b4521133b453043
3b082f463b082f46460046
30134c5330134c53530055
2a26625e2a26625e621065
272e6b62272e6b626b106c
2826605c2826605c601063
2f0e434c2f0e434c4c004d
3810203a3810203a3a003c
3d25072d3d25072d3d303a
403108254031082540303d
3c300c203c300c203c3039
362c0c1c362c0c1c363034
342e1018342e1018343033
302b1015302b101530302f
27220d1227220d12273026
1f1a090e1f1a090e1f301d
1916070c1916070c193019
130f030b130f030b133012
0e0900090e0900090e300c
0a0700070a0700070a3009
0805000508050005083007
0502010405020104053004
0102050401020504051004
03090b0503090b050b100a
060f1007060f1007101010
0611140906111409141013
0511150b0511150b151014
010f150d010f150d151013
000f160f000f160f161015
010d150f010d150f151013
0309110d0309110d11100f
03080f0c03080f0c0f100e
03070d0b03070d0b0d100d
02070c0902070c090c100b
00080c0800080c080c100b
02080a0602080a060a100a
070c0b02070c0b020c200c
0c110e010c110e01112011
0f1815040f181504182018
0f1b19070f1b19071b201b
0c191a090c191a091a101a
0b191b0b0b191b0b1b101b
0917190b0917190b191019
0c1818080c181808181019
09100f0409100f04102010
1a1b0c091a1b0c091b201c
1a1402101a1402101a3019
090a1716090a1716171018
0d282d160d282d162d102d
1936351219363512362038
1735351317353513351038
07252f1b07252f1b2f102d
0d0c21200d0c2120211022
0e0112170e011217170017
0b1311030b131103132013
26240e1026240e10263027
1b011b231b011b23230023
0c4a623a0c4a623a62105e
2a7e8e462a7e8e468e1090
3179813731798137811084
2245461722454617461048
0507070105070701071007
060e0e06060e0e060e100f
0b1d210b0b1d210b21101f
1f677b3b1f677b3b7b1076
0873b47f0873b47fb410ab
4845b2ad4845b2adb210ba
335cbda4335cbda4bd10bc
1e9dc8711e9dc871c810c1
0d4e63380d4e6338631060
4b56370c4b56370c562056
53765d0a53765d0a762076
3246360432463604462046
2d3b29072d3b29073b203b
1531310f1531310f311033
2709333f2709333f3f003f
490d3559490d3559590059
3e07324b3e07324b4b004b
26052e3526052e35350035
0828483408284834481041
155873401558734073106c
2d7a89402d7a8940891089
3273762d3273762d76107b
1b3b3b151b3b3b153b103e
0608060006080600082008
152a270e152a270e2a202c
0412140c0412140c141015
18241e0418241e04242024
1d3e3d161d3e3d163e2041
0c333c210c333c213c103c
0b182b240b182b242b102b
1901172119011721210021
170c0514170c0514173017
0905010509050105093007
2d1d011f2d1d011f2d302a
1c0218261c021826260026
142c2e12142c2e122e102f
2d321d0c2d321d0c322033
281b001d281b001d283027
2111071b2111071b21301f
2b2007162b2007162b3026
67531b2d67531b2d67305e
d59c1b78d59c1b78d530c4
ffa029dcffa029dcff3110
d422a6ffd422a6ffff010a
476aebd0476aebd0eb10e9
0e7bae670e7bae67ae10a0
183b4217183b421742103f
0e09000b0e09000b0e300e
0c0310130c031013130013
12030e1512030e15150015
170a0916170a0916173018
1b0f05151b0f05151b3019
1d1103151d1103151d301b
1d0e07181d0e07181d301b
1f0f091b1f0f091b1f301e
2517031b2517031b253023
271c0318271c0318273024
241c0614241c0614243022
1d1503111d1503111d301b
1a1100111a1100111a3018
211803142118031421301f
291c011a291c011a293026
2e1c04222e1c04222e302c
331c0928331c0928333030
2e13122b2e13122b2e302f
24041e2c24041e2c2c002c
1d06252c1d06252c2c002c
1909272b1909272b2b002b
150c2728150c2728280029
120c2424120c2424240025
0f0c21200f0c2120211022
0e0b1e1d0e0b1e1d1e101f
1005181b1005181b1b001b
1103151911031519190019
1103151911031519190019
1005181b1005181b1b001b
11081d1e11081d1e1e001f
120a2022120a2022220023
0d0f23210d0f2321231024
0315231903152319231020
041820120418201220101e
041820120418201220101e
06101e1806101e181e101c
1c07121f1c07121f1f001f
2e1b06232e1b06232e302c
2f1f01212f1f01212f302d
2216021822160218223020
0900090c0900090c0c000c
0e1612020e161202162016
1b2015041b201504202020
1e2012081e201208202020
21200f0c21200f0c213022
26210c1126210c11263025
2c2106192c2106192c3029
3625022336250223363032
3f28032c3f28032c3f303b
42240c3442240c3442303f
3f161f3e3f161f3e3f3041
34043a4a34043a4a4a004a
291d5353291d5353530057
212a5f56212a5f565f105f
1e295a511e295a515a105a
2118454421184544451048
2904253429042534340034
331e0726331e0726333030
382c0a1e382c0a1e383035
3c33101d3c33101d3c303a
3b33111d3b33111d3b303a
3830101a3830101a383036
3630121836301218363035
332d1117332d1117333032
2b270f132b270f132b302b
211e0b0e211e0b0e213021
1a16080c1a16080c1a3019
1510030c1510030c153014
100b000b100b000b10300f
0e0a02080e0a02080e300c
0907010509070105093008
0402020404020204040004
0203060502030605061005
030a0b06030a0b060b100b
0710110607101106111011
0914150809141508151015
0614180c0614180c181017
0211180f0211180f181016
0010181000101810181016
030b130f030b130f131012
05070f0d05070f0d0f100e
03080f0c03080f0c0f100e
04060e0c04060e0c0e100d
04060e0c04060e0c0e100d
03070d0b03070d0b0d100d
03050b0903050b090b100a
020a0e08020a0e080e100c
0713150907131509151015
0c1b1c0b0c1b1c0b1c101d
0c1d200d0c1d200d20101f
091b1f0f091b1f0f1f101e
071a1f10071a1f101f101e
05151b0f05151b0f1b1019
0614180c0614180c181017
030d1109030d110911100f
1f1105171f1105171f301c
2209142522091425250026
170c292c170c292c2c002d
041f3225041f3225321030
102a2e14102a2e142e102e
2131270321312703312031
21291b0521291b05292029
0d0f09030d0f09030f200f
0406020204060202062006
0603020106030201063003
1a0f04131a0f04131a3018
1018342e1018342e341033
14596e3f14596e3f6e106d
2e7078342e70783478107b
33564f1233564f12562057
2829180d2829180d29202b
1201121912011219190019
0a0612140a061214140014
2a3d32032a3d32033d203d
55a1992d55a1992da120a7
3aacc25c3aacc25cc210c3
1958997a1958997a991096
2735776f2735776f77107b
1b5361311b536131611060
1f0d0d211f0d0d21210023
1a799a591a799a599a1096
0d79a7690d79a769a710a0
2030685c2030685c681067
132f5745132f5745571053
054d693f054d693f691063
1b305f521b305f525f105f
4e0d3a5f4e0d3a5f5f005f
56271c4d56271c4d563056
3209243532092435350035
023b5a3b023b5a3b5a1053
126c9056126c905690108a
10709a6010709a609a1093
0954774a0954774a77106f
0720372807203728371033
201700132017001320301d
2d2609162d2609162d302b
1f01212b1f01212b2b002b
07314d3b07314d3b4d104c
043a4c32043a4c324c104c
092529150925291529102a
0d0a010a0d0a010a0d300e
100d2423100d2423241025
1219343112193431341037
2308293223082932320032
3312153033121530333033
270c152a270c152a2a002b
050e1b16050e1b161b101a
1519130315191303192019
1c1606101c1606101c301b
1d1b0b0d1d1b0b0d1d301d
1f281f001f281f00282028
2c3a30062c3a30063a203a
524e2a16524e2a16523051
7a4c02547a4c02547a3071
701d4681701d4681810084
381c6a70381c6a70700073
0a264a360a264a364a1042
070f1305070f130513100f
0a020c100a020c10100010
0c0412140c041214140014
11010f1511010f15150015
18080c1818080c18180019
1f0f091b1f0f091b1f301e
2110091c2110091c213020
1e0d0a1b1e0d0a1b1e301d
1f0e091a1f0e091a1f301d
2518011a2518011a253023
2a2006182a2006182a3028
271f0715271f0715273025
1f1703131f1703131f301d
1a1100111a1100111a3018
1d1401121d1401121d301a
211501172115011721301f
2615061d2615061d263023
2b160b242b160b242b302a
2b0f152b2b0f152b2b002d
25051d2d25051d2d2d002d
1d04232a1d04232a2a002a
1807222718072227270027
1508212415082124240024
12081e2012081e20200020
0f07191b0f07191b1b001b
0b0817160b081716171017
0c0412140c041214140014
0d010f130d010f13130013
0b0411120b041112120012
0908151409081514151015
090b1917090b1917191019
090b1917090b1917191019
0709151307091513151015
000c120c000c120c121010
0a1414060a141406141014
101c1a06101c1a061c201c
0917190b0917190b191019
0e03080f0e03080f0f000f
201a0810201a081020301e
25220d1025220d10253025
201d0a0f201d0a0f203020
0e09020b0e09020b0e300e
080d0c03080d0c030d200d
171a0f06171a0f061a201a
1e1d0e0b1e1d0e0b1e301f
201d0c0d201d0c0d20301f
211b0711211b071121301f
2419021724190217243021
2c1d001d2c1d001d2c3029
331f0525331f0525333030
371a1130371a1130373036
3509273d3509273d3d003d
2b0f41492b0f414949004a
2220524e2220524e521054
1b2551491b255149511051
181b403b181b403b401040
1a09282b1a09282b2b002b
240f0e21240f0e21243024
3125051d3125051d31302f
372e0d1c372e0d1c373035
3b32111c3b32111c3b3039
3c34121c3c34121c3c303b
3a33121b3a33121b3a3039
3832141838321418383037
3330151433301514333034
2d2b13112d2b13112d302e
24200c1024200c10243023
1c1604101c1604101c301b
1810001018100010183016
150e010e150e010e153013
120e020a120e020a123011
0c0800080c0800080c300b
0802040808020408080008
0303070703030707070007
03090b0503090b050b100a
0911110509111105111011
0c1818080c181808181019
09181b0c09181b0c1b101a
0313190f0313190f191018
000f160f000f160f161015
0309110d0309110d11100f
04050c0b04050c0b0c100c
02070c0902070c090c100b
02070c0902070c090c100b
03070d0b03070d0b0d100d
04050c0b04050c0b0c100c
05050d0b05050d0b0d100c
010c130e010c130e131012
03151d1103151d111d101b
081c2212081c2212221021
081e2412081e2412241022
081c2212081c2212221021
061920110619201120101e
03141b1003141b101b1019
0211180f0211180f181016
020b120d020b120d121011
0d06030a0d06030a0d300b
0c0412140c041214140014
090d1d1b090d1d1b1d101d
021320170213201720101d
0c191c0b0c191c0b1c101b
1d2115051d211505212021
2720071627200716273026
22100c2022100c20223023
1501151d1501151d1d001d
1201101512011015150015
1203121712031217170017
0628301e0628301e301032
2d524b162d524b16522054
41533d0341533d03532053
40391a1b40391a1b40303f
321f0023321f002332302e
1901171f1901171f1f001f
1303111913031119190019
4856340e4856340e562057
8ec18e018ec18e01c120c1
8ac294088ac29408c220c2
41583f0041583f00582058
210d0f1d210d0f1d21301f
47033f5747033f57570057
4939999b4939999b9b00a5
238df1bd238df1bdf110eb
386dd8b5386dd8b5d810d3
64198a9f64198a9f9f00a0
5317778753177787870088
20488a7020488a708a1085
213d7965213d7965791075
54103c6254103c62620063
704210567042105670306c
4616264646162646460049
034c6b44034c6b446b1065
247f964d247f964d961094
1469884f1469884f881083
0636584006365840581053
1b0525291b052529290029
2d180b222d180b222d3029
330d2137330d2137370038
2a174a512a174a51510054
1c234a491c234a494a1050
090d1917090d191719101a
15051b2315051b23230023
2b0e3b462b0e3b46460047
2c1a4e522c1a4e52520056
2916494e2916494e4e0051
31052b3d31052b3d3d003d
34190e2b34190e2b343031
2818041e2818041e283026
1109050f1109050f113011
0508070005080700082008
13140b0613140b06142014
1c251c011c251c01252025
203c3a10203c3a103c203e
17434f2717434f274f104d
0630462e0630462e461042
0117251901172519251021
0708050407080504082008
0701090d0701090d0d000d
0103010101030101032003
05070d0d05070d0d0d000e
0907131309071313130014
0c0514150c051415150015
1001121710011217170017
1704111a1704111a1a001a
1f0c0d1e1f0c0d1e1f3020
24100c2024100c20243023
220f0c1f220f0c1f223022
2110091c2110091c213020
2619001926190019263023
2b2309172b2309172b3029
2921091529210915293027
211905132119051321301f
1b1403101b1403101b3019
1912030e1912030e193016
1810001018100010183016
1b0f05151b0f05151b3019
200e0a1c200e0a1c20301f
210a1122210a1122220023
1f0617241f061724240024
19011b2319011b23230023
15041b2015041b20200020
1204181c1204181c1c001c
0f0415180f041518180018
0d0211140d021114140014
09040f1009040f10100010
08030c0d08030c0d0d000d
0900090c0900090c0c000c
06040c0c06040c0c0c000c
020b120d020b120d121011
010d150f010d150f151013
040a1410040a1410141012
07050f0f07050f0f0f000f
04050c0b04050c0b0c100c
070f0f05070f0f050f100f
141c1400141c14001c201c
1419100314191003192019
0202040402020404040004
101a1604101a16041a201a
1720190217201902202020
161c1402161c14021c201c
0c0d08030c0d08030d200d
0505030105050301052005
14130a0714130a07143014
1c1b0c0b1c1b0c0b1c301d
1e1b0a0d1e1b0a0d1e301d
1d1605101d1605101d301b
1e1400141e1400141e301c
2416041a2416041a243022
2a140c242a140c242a3029
2f0e19302f0e1930300032
2a032e3b2a032e3b3b003b
2116414221164142420045
1b1d45411b1d4541451047
16183a3616183a363a103b
150b2727150b2727270028
1602141c1602141c1c001c
201304172013041720301d
2d2409182d2409182d302b
362c0c1c362c0c1c363034
3b320f1e3b320f1e3b303a
3e35121d3e35121d3e303c
3c35141b3c35141b3c303b
3a3616183a3616183a303b
3633161536331615363037
302c1214302c1214303030
2720091427200914273025
201602142016021420301d
1b1201121b1201121b3019
1812020e1812020e183016
1510030c1510030c153014
0f09010b0f09010b0f300e
0903050909030509090009
0402080804020808080008
00080c0800080c080c100b
0712130807121308131013
0d1b1b090d1b1b091b101c
0c1a1a0a0c1a1a0a1a101b
0713150907131509151015
050e1108050e1108111010
00090e0900090e090e100c
04050c0b04050c0b0c100c
04060e0c04060e0c0e100d
03070d0b03070d0b0d100d
02070c0902070c090c100b
03050b0903050b090b100a
03070d0b03070d0b0d100d
010f150d010f150d151013
06171c0f06171c0f1c101b
091c2110091c2110211020
0b1d210f0b1d210f211020
0a1b1e0d0a1b1e0d1e101d
09181b0c09181b0c1b101a
0614180c0614180c181017
030f130b030f130b131012
00090e0900090e090e100c
0502090a0502090a0a000a
0e0d04070e0d04070e300e
0e110c010e110c01112011
0a0f0e030a0f0e030f200f
0b100d020b100d02102010
1312090613120906133012
1c0f04151c0f04151c3019
2007162520071625250025
24061c2c24061c2c2c002c
2409162724091627270028
1401101914011019190019
131c1502131c15021c201c
3f39171b3f39171b3f303f
523b0833523b083352304d
503502375035023750304c
3f2b03273f2b03273f303a
1905131b1905131b1b001b
1704212417042124240024
6653123966531239663064
c8bf544dc8bf544dc830cd
d2b74061d2b74061d230cf
8e422a7a8e422a7a8e308a
621a869a621a869a9a009c
6a35b4bf6a35b4bfbf00c6
5c60e6da5c60e6dae610ee
3c85ffd73c85ffd7ff10fc
5053cebd5053cebdce10ce
780886a8780886a8a800a8
7004789c7004789c9c009c
4130898841308988891090
3131796f3131796f791079
5911416559114165650066
8345216d8345216d833081
691a4576691a4576760078
1e46846e1e46846e841082
157493541574935493108f
1757673517576735671065
021d2819021d2819281026
0f0a01080f0a01080f300c
1309070f1309070f133011
111229281112292829102b
0f1a31300f1a3130311036
100d040b100d040b103011
0033483300334833481048
2725575927255759590060
380c4454380c4454540054
2310393c2310393c3c003e
180b2a2b180b2a2b2b002c
27120f2427120f24273028
302200203022002030302e
2c22061a2c22061a2c302a
1e19080f1e19080f1e301d
0503010305030103053004
1015100110151001152015
1f312b071f312b07312031
2b55551b2b55551b551059
1d5d6f371d5d6f376f106c
11325d4c11325d4c5d105a
3703334937033349490049
3412183234121832343035
1a03141d1a03141d1d001d
080a1614080a1614161016
050c1712050c1712171015
0709151307091513151015
0b0715150b071515150016
0f0313170f031317170017
1401121914011219190019
1b080f1c1b080f1c1c001d
220f0c1f220f0c1f223022
24110a1f24110a1f243023
2414061c2414061c243022
271b0119271b0119273024
2d2409182d2409182d302b
2b2309172b2309172b3029
241c0614241c0614243022
1e1806101e1806101e301c
1813040d1813040d183017
140d000d140d000d143012
140a0410140a0410143012
1508091415080914153015
16070c1716070c17170018
17060d1817060d18180018
1201101712011017170017
0f0111150f011115150015
0d010f130d010f13130013
0c010e110c010e11110011
0c010a0f0c010a0f0f000f
0900090c0900090c0c000c
0601080906010809090009
0600060806000608080008
0303070703030707070007
040b0c05040b0c050c100c
070f0f05070f0f050f100f
030b0d07030b0d070d100d
0304090803040908091008
0400040604000406060006
0607040106070401072007
1813040d1813040d183017
201402182014021820301f
1300131a1300131a1a001a
01161f1401161f141f101d
0a1a1c0c0a1a1c0c1c101c
0d1817060d181706182018
070f0f05070f0f050f100f
0601040706010407070007
1211080712110807123012
191a0f06191a0f061a201a
18180c0818180c08182019
1612040c1612040c163015
180f0211180f0211183016
1d0e07181d0e07181d301b
200a1020200a1020200021
21031d2921031d29290029
1c0b2c311c0b2c31310032
1516353215163532351036
10142e2a10142e2a2e102e
0f0a1f1e0f0a1f1e1f101f
0f0111150f011115150015
1207081112070811123012
1b1301111b1301111b3019
2720091427200914273025
30280c1830280c1830302e
39300f1c39300f1c393037
3e37141d3e37141d3e303e
3e38161a3e38161a3e303d
3c391a173c391a173c303d
3835181538351815383039
302c1214302c1214303030
2720091427200914273025
1f1703131f1703131f301d
1c1604101c1604101c301b
1a15060d1a15060d1a3018
1510030c1510030c153014
100a020c100a020c10300f
0c05040b0c05040b0c300c
0702090a0702090a0a000a
01090f0b01090f0b0f100e
0511150b0511150b151014
0d1b1b090d1b1b091b101c
0e1918070e191807192019
0911110509111105111011
070f0f05070f0f050f100f
030c0f08030c0f080f100e
03080f0c03080f0c0f100e
06060e0e06060e0e0e000f
06050e0d06050e0d0e100d
04060e0c04060e0c0e100d
05060d0c05060d0c0d100d
03080f0c03080f0c0f100e
0311170d0311170d171015
08181c0e08181c0e1c101b
0a1c200e0a1c200e20101f
0b1c1f0e0b1c1f0e1f101f
09181b0c09181b0c1b101a
0a1718090a171809181018
0914150809141508151015
050d0f07050d0f070f100e
0107090501070905091008
07040d0e07040d0e0e000e
1811020f1811020f183016
19180b0a19180b0a19301a
1112090411120904122012
0c0b04050c0b04050c300c
0f09010b0f09010b0f300e
1004081010040810100010
0f0311150f031115150015
1604101a1604101a1a001a
1e1106191e1106191e301e
1614060c1614060c163017
0a00080c0a00080c0c000c
331d0727331d0727333030
4b2e05384b2e05384b3048
5745113157451131573054
46421c1a46421c1a463046
1100131411001314140014
09223d2e09223d2e3d1039
67390f5167390f51673063
d2b13c65d2b13c65d230cb
d3a82d6ed3a82d6ed330c8
7e2a3e7c7e2a3e7c7e3082
433795914337959195109b
3f4cafa03f4cafa0af10b1
2c63c09f2c63c09fc010bb
176fbf8f176fbf8fbf10b5
303d8e7d303d8e7d8e108b
57045f7857045f78780078
5b02597a5b02597a7a007a
4017646f4017646f6f0071
2f1b59592f1b595959005d
490c3752490c3752520052
702e2a66702e2a6670306f
68114e7d68114e7d7d007e
332e7976332e797679107e
0249704d0249704d70106a
0f2e35180f2e3518351033
0c010a110c010a11110011
0c0c1c1e0c0c1c1e1e0020
1610020e1610020e163015
1a241a041a241a04242024
0b010b0b0b010b0b0b000b
0a475e390a475e395e105b
015d875f015d875f871084
2d1e575c2d1e575c5c0060
3b1817363b1817363b303b
1509091115090911153013
0106090401060904091007
120f0409120f0409123011
25200b1225200b12253024
2c2810142c2810142c302c
2526130c2526130c262027
0b0b05030b0b05030b200b
1018140210181402182018
26403a0c26403a0c402041
3a706e223a706e22702075
2d7a893e2d7a893e891088
0e3d68510e3d6851681065
48142a4e48142a4e4e0050
4c2e08384c2e08384c3048
28130c2128130c21283026
0c0514150c051415150015
050b1511050b1511151014
050a1310050a1310131012
0608121006081210121011
0905111109051111110011
0d010f130d010f13130013
14040e1614040e16160016
1c0c0a1a1c0c0a1a1c301c
2213061b2213061b223021
2418001824180018243021
261d0615261d0615263023
2a240c142a240c142a3029
2a240c142a240c142a3029
25200b1225200b12253024
201c0a0e201c0a0e20301f
1814060c1814060c183017
120c000c120c000c123010
0f07050d0f07050d0f300e
0f05070f0f05070f0f000f
1106071011060710113011
1006081010060810100011
0d03090f0d03090f0f000f
0b01090d0b01090d0d000d
0901070b0901070b0b000b
0801060908010609090009
0703030707030307070007
0603020506030205063005
0301010303010103030003
0201000102010001023001
0202020002020200021002
0809060108090601092009
0d0f09030d0f09030f200f
0c0b04050c0b04050c300c
0703030707030307070007
0503090905030909090009
0a030e0f0a030e0f0f000f
1805101b1805101b1b001b
250b1527250b1527270028
21031d2b21031d2b2b002b
120a2022120a2022220023
04101c1404101c141c1019
06151a0d06151a0d1a1018
0310150c0310150c151014
0902050a0902050a0a000a
14150c0514150c05152015
151a1102151a11021a201a
12140c0412140c04142014
110e0508110e0508113010
1109030d1109030d11300f
1307091313070913130014
1503111915031119190019
14051a1f14051a1f1f001f
0f0d21210f0d2121210023
0910211c0910211c211020
070a1714070a1714171016
09020d0e09020d0e0e000e
0a03060b0a03060b0b000b
0e08020a0e08020a0e300c
1510030c1510030c153014
211c0910211c0910213020
2a250e132a250e132a3029
322d1215322d1215323031
3a381a163a381a163a303c
3c3c1e143c3c1e143c203f
393b1f11393b1f113b203d
34361c1034361c10362038
2d2d170f2d2d170f2d202f
23210f0d23210f0d233023
1b18090c1b18090c1b301a
1b18090c1b18090c1b301a
1917090b1917090b193019
1410040a1410040a143012
0f09010b0f09010b0f300e
0d07030b0d07030b0d300d
0601080906010809090009
010b0f09010b0f090f100e
0510130a0510130a131012
0c1818080c181808181019
0d1715050d171505172017
09100f0409100f04102010
09100f0409100f04102010
070f0f05070f0f050f100f
030b0d07030b0d070d100d
01060b0801060b080b100a
03050b0903050b090b100a
03070d0b03070d0b0d100d
04060e0c04060e0c0e100d
03080f0c03080f0c0f100e
0412160c0412160c161015
09181b0c09181b0c1b101a
0c1c1e0c0c1c1e0c1e101e
0c1c1e0c0c1c1e0c1e101e
0815180b0815180b181017
0915170909151709171016
0914150809141508151015
030b0d07030b0d070d100d
0004060400040604061005
